sequence,timestamp_ms,record_type,event_id,event_type,station_id,unit_id,queue_length_after,previous_state,new_state,cycle_time_ms,dark_zone_id,checkpoint_id,sensor_type,sensor_value,sensor_unit,check_type,check_result
1,0,STATION,EV000001,PROCESSING_STARTED,S01,U000001,0,IDLE,PROCESSING,36659,,,,,,,
2,0,SENSOR,,SENSOR_READING,S01,,,,,,,,VIBRATION,0.80727,g,,
3,0,SENSOR,,SENSOR_READING,S01,,,,,,,,TEMPERATURE,42.6569,C,,
4,0,SENSOR,,SENSOR_READING,S01,,,,,,,,CURRENT,12.7989,A,,
5,0,SENSOR,,SENSOR_READING,S01,,,,,,,,TORQUE,51.1425,Nm,,
6,0,SENSOR,,SENSOR_READING,S02,,,,,,,,VIBRATION,0.190858,g,,
7,0,SENSOR,,SENSOR_READING,S02,,,,,,,,TEMPERATURE,39.9433,C,,
8,0,SENSOR,,SENSOR_READING,S02,,,,,,,,CURRENT,2.00614,A,,
9,0,SENSOR,,SENSOR_READING,S02,,,,,,,,TORQUE,13.0391,Nm,,
10,0,SENSOR,,SENSOR_READING,S06,,,,,,,,VIBRATION,0.144886,g,,
11,0,SENSOR,,SENSOR_READING,S06,,,,,,,,TEMPERATURE,39.8485,C,,
12,0,SENSOR,,SENSOR_READING,S06,,,,,,,,CURRENT,2.18609,A,,
13,0,SENSOR,,SENSOR_READING,S06,,,,,,,,TORQUE,13.2374,Nm,,
14,0,SENSOR,,SENSOR_READING,S16,,,,,,,,VIBRATION,0.145481,g,,
15,0,SENSOR,,SENSOR_READING,S16,,,,,,,,TEMPERATURE,40.1215,C,,
16,0,SENSOR,,SENSOR_READING,S16,,,,,,,,CURRENT,2.0545,A,,
17,0,SENSOR,,SENSOR_READING,S16,,,,,,,,TORQUE,14.058,Nm,,
18,0,SENSOR,,SENSOR_READING,S32,,,,,,,,VIBRATION,0.183072,g,,
19,0,SENSOR,,SENSOR_READING,S32,,,,,,,,TEMPERATURE,39.3227,C,,
20,0,SENSOR,,SENSOR_READING,S15,,,,,,,,VIBRATION,0.183912,g,,
21,0,SENSOR,,SENSOR_READING,S15,,,,,,,,TEMPERATURE,39.6744,C,,
22,0,SENSOR,,SENSOR_READING,S15,,,,,,,,CURRENT,2.24643,A,,
23,0,SENSOR,,SENSOR_READING,S15,,,,,,,,TORQUE,12.4309,Nm,,
24,0,SENSOR,,SENSOR_READING,S05,,,,,,,,VIBRATION,0.286167,g,,
25,0,SENSOR,,SENSOR_READING,S05,,,,,,,,TEMPERATURE,40.1466,C,,
26,0,SENSOR,,SENSOR_READING,S05,,,,,,,,CURRENT,2.47189,A,,
27,0,SENSOR,,SENSOR_READING,S05,,,,,,,,TORQUE,13.4504,Nm,,
28,0,SENSOR,,SENSOR_READING,S14,,,,,,,,VIBRATION,0.180377,g,,
29,0,SENSOR,,SENSOR_READING,S14,,,,,,,,TEMPERATURE,39.8212,C,,
30,0,SENSOR,,SENSOR_READING,S31,,,,,,,,VIBRATION,0.188227,g,,
31,0,SENSOR,,SENSOR_READING,S31,,,,,,,,TEMPERATURE,39.7338,C,,
32,0,SENSOR,,SENSOR_READING,S29,,,,,,,,VIBRATION,0.233541,g,,
33,0,SENSOR,,SENSOR_READING,S29,,,,,,,,TEMPERATURE,39.5677,C,,
34,0,SENSOR,,SENSOR_READING,S29,,,,,,,,CURRENT,2.29656,A,,
35,0,SENSOR,,SENSOR_READING,S29,,,,,,,,TORQUE,12.0904,Nm,,
36,0,SENSOR,,SENSOR_READING,S12,,,,,,,,VIBRATION,0.165158,g,,
37,0,SENSOR,,SENSOR_READING,S12,,,,,,,,TEMPERATURE,39.6388,C,,
38,0,SENSOR,,SENSOR_READING,S12,,,,,,,,CURRENT,2.12608,A,,
39,0,SENSOR,,SENSOR_READING,S12,,,,,,,,TORQUE,13.0963,Nm,,
40,0,SENSOR,,SENSOR_READING,S28,,,,,,,,VIBRATION,0.192831,g,,
41,0,SENSOR,,SENSOR_READING,S28,,,,,,,,TEMPERATURE,40.0177,C,,
42,0,SENSOR,,SENSOR_READING,S28,,,,,,,,CURRENT,2.27882,A,,
43,0,SENSOR,,SENSOR_READING,S28,,,,,,,,TORQUE,12.9846,Nm,,
44,0,SENSOR,,SENSOR_READING,S27,,,,,,,,VIBRATION,0.17523,g,,
45,0,SENSOR,,SENSOR_READING,S27,,,,,,,,TEMPERATURE,40.1572,C,,
46,0,SENSOR,,SENSOR_READING,S03,,,,,,,,VIBRATION,0.168995,g,,
47,0,SENSOR,,SENSOR_READING,S03,,,,,,,,TEMPERATURE,39.8476,C,,
48,0,SENSOR,,SENSOR_READING,S03,,,,,,,,CURRENT,2.30402,A,,
49,0,SENSOR,,SENSOR_READING,S03,,,,,,,,TORQUE,11.9128,Nm,,
50,0,SENSOR,,SENSOR_READING,S04,,,,,,,,VIBRATION,0.189705,g,,
51,0,SENSOR,,SENSOR_READING,S04,,,,,,,,TEMPERATURE,39.9022,C,,
52,0,SENSOR,,SENSOR_READING,S11,,,,,,,,VIBRATION,0.20755,g,,
53,0,SENSOR,,SENSOR_READING,S11,,,,,,,,TEMPERATURE,40.0779,C,,
54,0,SENSOR,,SENSOR_READING,S11,,,,,,,,CURRENT,2.21143,A,,
55,0,SENSOR,,SENSOR_READING,S11,,,,,,,,TORQUE,12.7352,Nm,,
56,0,SENSOR,,SENSOR_READING,S26,,,,,,,,VIBRATION,0.164218,g,,
57,0,SENSOR,,SENSOR_READING,S26,,,,,,,,TEMPERATURE,39.6819,C,,
58,0,SENSOR,,SENSOR_READING,S26,,,,,,,,CURRENT,2.25449,A,,
59,0,SENSOR,,SENSOR_READING,S26,,,,,,,,TORQUE,12.6315,Nm,,
60,0,SENSOR,,SENSOR_READING,S25,,,,,,,,VIBRATION,0.210859,g,,
61,0,SENSOR,,SENSOR_READING,S25,,,,,,,,TEMPERATURE,40.0427,C,,
62,0,SENSOR,,SENSOR_READING,S25,,,,,,,,CURRENT,2.17669,A,,
63,0,SENSOR,,SENSOR_READING,S25,,,,,,,,TORQUE,12.8229,Nm,,
64,0,SENSOR,,SENSOR_READING,S10,,,,,,,,VIBRATION,0.165868,g,,
65,0,SENSOR,,SENSOR_READING,S10,,,,,,,,TEMPERATURE,39.9457,C,,
66,0,SENSOR,,SENSOR_READING,S23,,,,,,,,VIBRATION,0.237605,g,,
67,0,SENSOR,,SENSOR_READING,S23,,,,,,,,TEMPERATURE,39.9312,C,,
68,0,SENSOR,,SENSOR_READING,S23,,,,,,,,CURRENT,2.14004,A,,
69,0,SENSOR,,SENSOR_READING,S23,,,,,,,,TORQUE,12.6056,Nm,,
70,0,SENSOR,,SENSOR_READING,S22,,,,,,,,VIBRATION,0.171533,g,,
71,0,SENSOR,,SENSOR_READING,S22,,,,,,,,TEMPERATURE,39.8271,C,,
72,0,SENSOR,,SENSOR_READING,S22,,,,,,,,CURRENT,2.22426,A,,
73,0,SENSOR,,SENSOR_READING,S22,,,,,,,,TORQUE,12.4577,Nm,,
74,0,SENSOR,,SENSOR_READING,S07,,,,,,,,VIBRATION,0.141681,g,,
75,0,SENSOR,,SENSOR_READING,S07,,,,,,,,TEMPERATURE,39.7362,C,,
76,0,SENSOR,,SENSOR_READING,S07,,,,,,,,CURRENT,2.03245,A,,
77,0,SENSOR,,SENSOR_READING,S07,,,,,,,,TORQUE,12.6026,Nm,,
78,0,SENSOR,,SENSOR_READING,S09,,,,,,,,VIBRATION,0.156378,g,,
79,0,SENSOR,,SENSOR_READING,S09,,,,,,,,TEMPERATURE,39.7334,C,,
80,0,SENSOR,,SENSOR_READING,S21,,,,,,,,VIBRATION,0.191928,g,,
81,0,SENSOR,,SENSOR_READING,S21,,,,,,,,TEMPERATURE,39.843,C,,
82,0,SENSOR,,SENSOR_READING,S20,,,,,,,,VIBRATION,0.201331,g,,
83,0,SENSOR,,SENSOR_READING,S20,,,,,,,,TEMPERATURE,39.9403,C,,
84,0,SENSOR,,SENSOR_READING,S20,,,,,,,,CURRENT,2.35809,A,,
85,0,SENSOR,,SENSOR_READING,S20,,,,,,,,TORQUE,12.6117,Nm,,
86,0,SENSOR,,SENSOR_READING,S17,,,,,,,,VIBRATION,0.175884,g,,
87,0,SENSOR,,SENSOR_READING,S17,,,,,,,,TEMPERATURE,39.9419,C,,
88,0,SENSOR,,SENSOR_READING,S17,,,,,,,,CURRENT,2.04476,A,,
89,0,SENSOR,,SENSOR_READING,S17,,,,,,,,TORQUE,12.7039,Nm,,
90,0,SENSOR,,SENSOR_READING,S19,,,,,,,,VIBRATION,0.161735,g,,
91,0,SENSOR,,SENSOR_READING,S19,,,,,,,,TEMPERATURE,40.0046,C,,
92,0,SENSOR,,SENSOR_READING,S19,,,,,,,,CURRENT,2.31358,A,,
93,0,SENSOR,,SENSOR_READING,S19,,,,,,,,TORQUE,12.26,Nm,,
94,8827,SENSOR,,SENSOR_READING,S11,,,,,,,,VIBRATION,0.253227,g,,
95,8827,SENSOR,,SENSOR_READING,S11,,,,,,,,TEMPERATURE,39.9596,C,,
96,8827,SENSOR,,SENSOR_READING,S11,,,,,,,,CURRENT,2.139,A,,
97,8827,SENSOR,,SENSOR_READING,S11,,,,,,,,TORQUE,3.95123,Nm,,
98,9086,SENSOR,,SENSOR_READING,S19,,,,,,,,VIBRATION,0.168665,g,,
99,9086,SENSOR,,SENSOR_READING,S19,,,,,,,,TEMPERATURE,39.6903,C,,
100,9086,SENSOR,,SENSOR_READING,S19,,,,,,,,CURRENT,2.28993,A,,
101,9086,SENSOR,,SENSOR_READING,S19,,,,,,,,TORQUE,3.89331,Nm,,
102,9097,SENSOR,,SENSOR_READING,S28,,,,,,,,VIBRATION,0.157847,g,,
103,9097,SENSOR,,SENSOR_READING,S28,,,,,,,,TEMPERATURE,39.8241,C,,
104,9097,SENSOR,,SENSOR_READING,S28,,,,,,,,CURRENT,2.40215,A,,
105,9097,SENSOR,,SENSOR_READING,S28,,,,,,,,TORQUE,3.748,Nm,,
106,9111,SENSOR,,SENSOR_READING,S03,,,,,,,,VIBRATION,0.129159,g,,
107,9111,SENSOR,,SENSOR_READING,S03,,,,,,,,TEMPERATURE,39.7204,C,,
108,9111,SENSOR,,SENSOR_READING,S03,,,,,,,,CURRENT,2.13283,A,,
109,9111,SENSOR,,SENSOR_READING,S03,,,,,,,,TORQUE,2.41025,Nm,,
110,9127,SENSOR,,SENSOR_READING,S12,,,,,,,,VIBRATION,0.152553,g,,
111,9127,SENSOR,,SENSOR_READING,S12,,,,,,,,TEMPERATURE,39.6152,C,,
112,9127,SENSOR,,SENSOR_READING,S12,,,,,,,,CURRENT,2.15428,A,,
113,9127,SENSOR,,SENSOR_READING,S12,,,,,,,,TORQUE,4.14264,Nm,,
114,9307,SENSOR,,SENSOR_READING,S22,,,,,,,,VIBRATION,0.196676,g,,
115,9307,SENSOR,,SENSOR_READING,S22,,,,,,,,TEMPERATURE,39.8059,C,,
116,9307,SENSOR,,SENSOR_READING,S22,,,,,,,,CURRENT,2.12796,A,,
117,9307,SENSOR,,SENSOR_READING,S22,,,,,,,,TORQUE,3.034,Nm,,
118,9336,SENSOR,,SENSOR_READING,S17,,,,,,,,VIBRATION,0.175738,g,,
119,9336,SENSOR,,SENSOR_READING,S17,,,,,,,,TEMPERATURE,39.8958,C,,
120,9336,SENSOR,,SENSOR_READING,S17,,,,,,,,CURRENT,2.21766,A,,
121,9336,SENSOR,,SENSOR_READING,S17,,,,,,,,TORQUE,3.68335,Nm,,
122,9422,SENSOR,,SENSOR_READING,S23,,,,,,,,VIBRATION,0.188341,g,,
123,9422,SENSOR,,SENSOR_READING,S23,,,,,,,,TEMPERATURE,39.61,C,,
124,9422,SENSOR,,SENSOR_READING,S23,,,,,,,,CURRENT,2.08288,A,,
125,9422,SENSOR,,SENSOR_READING,S23,,,,,,,,TORQUE,3.81589,Nm,,
126,9514,SENSOR,,SENSOR_READING,S02,,,,,,,,VIBRATION,0.169795,g,,
127,9514,SENSOR,,SENSOR_READING,S02,,,,,,,,TEMPERATURE,39.6295,C,,
128,9514,SENSOR,,SENSOR_READING,S02,,,,,,,,CURRENT,2.17301,A,,
129,9514,SENSOR,,SENSOR_READING,S02,,,,,,,,TORQUE,3.85188,Nm,,
130,9563,SENSOR,,SENSOR_READING,S05,,,,,,,,VIBRATION,0.284149,g,,
131,9563,SENSOR,,SENSOR_READING,S05,,,,,,,,TEMPERATURE,39.9263,C,,
132,9563,SENSOR,,SENSOR_READING,S05,,,,,,,,CURRENT,2.51294,A,,
133,9563,SENSOR,,SENSOR_READING,S05,,,,,,,,TORQUE,4.13607,Nm,,
134,9568,SENSOR,,SENSOR_READING,S07,,,,,,,,VIBRATION,0.212372,g,,
135,9568,SENSOR,,SENSOR_READING,S07,,,,,,,,TEMPERATURE,39.7804,C,,
136,9568,SENSOR,,SENSOR_READING,S07,,,,,,,,CURRENT,2.07728,A,,
137,9568,SENSOR,,SENSOR_READING,S07,,,,,,,,TORQUE,3.486,Nm,,
138,9676,SENSOR,,SENSOR_READING,S26,,,,,,,,VIBRATION,0.234346,g,,
139,9676,SENSOR,,SENSOR_READING,S26,,,,,,,,TEMPERATURE,39.7903,C,,
140,9676,SENSOR,,SENSOR_READING,S26,,,,,,,,CURRENT,2.3214,A,,
141,9676,SENSOR,,SENSOR_READING,S26,,,,,,,,TORQUE,3.98503,Nm,,
142,9987,SENSOR,,SENSOR_READING,S25,,,,,,,,VIBRATION,0.233453,g,,
143,9987,SENSOR,,SENSOR_READING,S25,,,,,,,,TEMPERATURE,39.9043,C,,
144,9987,SENSOR,,SENSOR_READING,S25,,,,,,,,CURRENT,2.26387,A,,
145,9987,SENSOR,,SENSOR_READING,S25,,,,,,,,TORQUE,3.92537,Nm,,
146,10263,SENSOR,,SENSOR_READING,S29,,,,,,,,VIBRATION,0.171527,g,,
147,10263,SENSOR,,SENSOR_READING,S29,,,,,,,,TEMPERATURE,39.5496,C,,
148,10263,SENSOR,,SENSOR_READING,S29,,,,,,,,CURRENT,2.20449,A,,
149,10263,SENSOR,,SENSOR_READING,S29,,,,,,,,TORQUE,3.41433,Nm,,
150,10567,SENSOR,,SENSOR_READING,S01,,,,,,,,VIBRATION,0.936155,g,,
151,10567,SENSOR,,SENSOR_READING,S01,,,,,,,,TEMPERATURE,44.8538,C,,
152,10567,SENSOR,,SENSOR_READING,S01,,,,,,,,CURRENT,14.1492,A,,
153,10567,SENSOR,,SENSOR_READING,S01,,,,,,,,TORQUE,53.3997,Nm,,
154,10598,SENSOR,,SENSOR_READING,S15,,,,,,,,VIBRATION,0.177332,g,,
155,10598,SENSOR,,SENSOR_READING,S15,,,,,,,,TEMPERATURE,39.6761,C,,
156,10598,SENSOR,,SENSOR_READING,S15,,,,,,,,CURRENT,2.32163,A,,
157,10598,SENSOR,,SENSOR_READING,S15,,,,,,,,TORQUE,3.26066,Nm,,
158,10599,SENSOR,,SENSOR_READING,S20,,,,,,,,VIBRATION,0.173513,g,,
159,10599,SENSOR,,SENSOR_READING,S20,,,,,,,,TEMPERATURE,40.042,C,,
160,10599,SENSOR,,SENSOR_READING,S20,,,,,,,,CURRENT,2.2135,A,,
161,10599,SENSOR,,SENSOR_READING,S20,,,,,,,,TORQUE,3.71873,Nm,,
162,10769,SENSOR,,SENSOR_READING,S06,,,,,,,,VIBRATION,0.151091,g,,
163,10769,SENSOR,,SENSOR_READING,S06,,,,,,,,TEMPERATURE,39.6819,C,,
164,10769,SENSOR,,SENSOR_READING,S06,,,,,,,,CURRENT,1.99871,A,,
165,10769,SENSOR,,SENSOR_READING,S06,,,,,,,,TORQUE,3.61819,Nm,,
166,11002,SENSOR,,SENSOR_READING,S16,,,,,,,,VIBRATION,0.162529,g,,
167,11002,SENSOR,,SENSOR_READING,S16,,,,,,,,TEMPERATURE,40.3764,C,,
168,11002,SENSOR,,SENSOR_READING,S16,,,,,,,,CURRENT,2.07391,A,,
169,11002,SENSOR,,SENSOR_READING,S16,,,,,,,,TORQUE,4.84163,Nm,,
170,17753,SENSOR,,SENSOR_READING,S11,,,,,,,,VIBRATION,0.206965,g,,
171,17753,SENSOR,,SENSOR_READING,S11,,,,,,,,TEMPERATURE,39.7326,C,,
172,17753,SENSOR,,SENSOR_READING,S11,,,,,,,,CURRENT,2.36802,A,,
173,17753,SENSOR,,SENSOR_READING,S11,,,,,,,,TORQUE,1.05534,Nm,,
174,18238,SENSOR,,SENSOR_READING,S19,,,,,,,,VIBRATION,0.140975,g,,
175,18238,SENSOR,,SENSOR_READING,S19,,,,,,,,TEMPERATURE,39.6943,C,,
176,18238,SENSOR,,SENSOR_READING,S19,,,,,,,,CURRENT,2.35907,A,,
177,18238,SENSOR,,SENSOR_READING,S19,,,,,,,,TORQUE,1.24623,Nm,,
178,18430,SENSOR,,SENSOR_READING,S17,,,,,,,,VIBRATION,0.181275,g,,
179,18430,SENSOR,,SENSOR_READING,S17,,,,,,,,TEMPERATURE,39.6373,C,,
180,18430,SENSOR,,SENSOR_READING,S17,,,,,,,,CURRENT,2.10641,A,,
181,18430,SENSOR,,SENSOR_READING,S17,,,,,,,,TORQUE,1.14573,Nm,,
182,18441,SENSOR,,SENSOR_READING,S28,,,,,,,,VIBRATION,0.220098,g,,
183,18441,SENSOR,,SENSOR_READING,S28,,,,,,,,TEMPERATURE,39.603,C,,
184,18441,SENSOR,,SENSOR_READING,S28,,,,,,,,CURRENT,2.26128,A,,
185,18441,SENSOR,,SENSOR_READING,S28,,,,,,,,TORQUE,1.55411,Nm,,
186,18791,SENSOR,,SENSOR_READING,S22,,,,,,,,VIBRATION,0.144913,g,,
187,18791,SENSOR,,SENSOR_READING,S22,,,,,,,,TEMPERATURE,39.5717,C,,
188,18791,SENSOR,,SENSOR_READING,S22,,,,,,,,CURRENT,2.17628,A,,
189,18791,SENSOR,,SENSOR_READING,S22,,,,,,,,TORQUE,0.899624,Nm,,
190,18794,SENSOR,,SENSOR_READING,S23,,,,,,,,VIBRATION,0.223342,g,,
191,18794,SENSOR,,SENSOR_READING,S23,,,,,,,,TEMPERATURE,39.3869,C,,
192,18794,SENSOR,,SENSOR_READING,S23,,,,,,,,CURRENT,2.36693,A,,
193,18794,SENSOR,,SENSOR_READING,S23,,,,,,,,TORQUE,1.30837,Nm,,
194,18904,SENSOR,,SENSOR_READING,S26,,,,,,,,VIBRATION,0.159653,g,,
195,18904,SENSOR,,SENSOR_READING,S26,,,,,,,,TEMPERATURE,39.7353,C,,
196,18904,SENSOR,,SENSOR_READING,S26,,,,,,,,CURRENT,2.2543,A,,
197,18904,SENSOR,,SENSOR_READING,S26,,,,,,,,TORQUE,1.02123,Nm,,
198,19278,SENSOR,,SENSOR_READING,S03,,,,,,,,VIBRATION,0.180024,g,,
199,19278,SENSOR,,SENSOR_READING,S03,,,,,,,,TEMPERATURE,39.8473,C,,
200,19278,SENSOR,,SENSOR_READING,S03,,,,,,,,CURRENT,2.1403,A,,
201,19278,SENSOR,,SENSOR_READING,S03,,,,,,,,TORQUE,0.409612,Nm,,
202,19302,SENSOR,,SENSOR_READING,S12,,,,,,,,VIBRATION,0.126915,g,,
203,19302,SENSOR,,SENSOR_READING,S12,,,,,,,,TEMPERATURE,39.7678,C,,
204,19302,SENSOR,,SENSOR_READING,S12,,,,,,,,CURRENT,2.35131,A,,
205,19302,SENSOR,,SENSOR_READING,S12,,,,,,,,TORQUE,1.06623,Nm,,
206,19311,SENSOR,,SENSOR_READING,S02,,,,,,,,VIBRATION,0.227256,g,,
207,19311,SENSOR,,SENSOR_READING,S02,,,,,,,,TEMPERATURE,39.6891,C,,
208,19311,SENSOR,,SENSOR_READING,S02,,,,,,,,CURRENT,2.32128,A,,
209,19311,SENSOR,,SENSOR_READING,S02,,,,,,,,TORQUE,0.410641,Nm,,
210,19470,SENSOR,,SENSOR_READING,S25,,,,,,,,VIBRATION,0.204592,g,,
211,19470,SENSOR,,SENSOR_READING,S25,,,,,,,,TEMPERATURE,39.5724,C,,
212,19470,SENSOR,,SENSOR_READING,S25,,,,,,,,CURRENT,2.43328,A,,
213,19470,SENSOR,,SENSOR_READING,S25,,,,,,,,TORQUE,1.24024,Nm,,
214,19612,SENSOR,,SENSOR_READING,S01,,,,,,,,VIBRATION,1.11835,g,,
215,19612,SENSOR,,SENSOR_READING,S01,,,,,,,,TEMPERATURE,46.7583,C,,
216,19612,SENSOR,,SENSOR_READING,S01,,,,,,,,CURRENT,14.3947,A,,
217,19612,SENSOR,,SENSOR_READING,S01,,,,,,,,TORQUE,55.1382,Nm,,
218,19637,SENSOR,,SENSOR_READING,S05,,,,,,,,VIBRATION,0.256077,g,,
219,19637,SENSOR,,SENSOR_READING,S05,,,,,,,,TEMPERATURE,39.8197,C,,
220,19637,SENSOR,,SENSOR_READING,S05,,,,,,,,CURRENT,2.29993,A,,
221,19637,SENSOR,,SENSOR_READING,S05,,,,,,,,TORQUE,1.08053,Nm,,
222,19941,SENSOR,,SENSOR_READING,S06,,,,,,,,VIBRATION,0.149028,g,,
223,19941,SENSOR,,SENSOR_READING,S06,,,,,,,,TEMPERATURE,39.5676,C,,
224,19941,SENSOR,,SENSOR_READING,S06,,,,,,,,CURRENT,2.37545,A,,
225,19941,SENSOR,,SENSOR_READING,S06,,,,,,,,TORQUE,0.669171,Nm,,
226,20309,SENSOR,,SENSOR_READING,S15,,,,,,,,VIBRATION,0.214253,g,,
227,20309,SENSOR,,SENSOR_READING,S15,,,,,,,,TEMPERATURE,39.6465,C,,
228,20309,SENSOR,,SENSOR_READING,S15,,,,,,,,CURRENT,2.20438,A,,
229,20309,SENSOR,,SENSOR_READING,S15,,,,,,,,TORQUE,0.217481,Nm,,
230,20442,SENSOR,,SENSOR_READING,S07,,,,,,,,VIBRATION,0.213864,g,,
231,20442,SENSOR,,SENSOR_READING,S07,,,,,,,,TEMPERATURE,39.6644,C,,
232,20442,SENSOR,,SENSOR_READING,S07,,,,,,,,CURRENT,2.23098,A,,
233,20442,SENSOR,,SENSOR_READING,S07,,,,,,,,TORQUE,1.26646,Nm,,
234,21095,SENSOR,,SENSOR_READING,S29,,,,,,,,VIBRATION,0.233824,g,,
235,21095,SENSOR,,SENSOR_READING,S29,,,,,,,,TEMPERATURE,39.5324,C,,
236,21095,SENSOR,,SENSOR_READING,S29,,,,,,,,CURRENT,2.15087,A,,
237,21095,SENSOR,,SENSOR_READING,S29,,,,,,,,TORQUE,0.925634,Nm,,
238,21776,SENSOR,,SENSOR_READING,S20,,,,,,,,VIBRATION,0.15566,g,,
239,21776,SENSOR,,SENSOR_READING,S20,,,,,,,,TEMPERATURE,40.1205,C,,
240,21776,SENSOR,,SENSOR_READING,S20,,,,,,,,CURRENT,2.04367,A,,
241,21776,SENSOR,,SENSOR_READING,S20,,,,,,,,TORQUE,1.15679,Nm,,
242,22196,SENSOR,,SENSOR_READING,S16,,,,,,,,VIBRATION,0.204817,g,,
243,22196,SENSOR,,SENSOR_READING,S16,,,,,,,,TEMPERATURE,40.2988,C,,
244,22196,SENSOR,,SENSOR_READING,S16,,,,,,,,CURRENT,2.11564,A,,
245,22196,SENSOR,,SENSOR_READING,S16,,,,,,,,TORQUE,1.61102,Nm,,
246,26736,SENSOR,,SENSOR_READING,S21,,,,,,,,VIBRATION,0.242142,g,,
247,26736,SENSOR,,SENSOR_READING,S21,,,,,,,,TEMPERATURE,39.9098,C,,
248,27383,SENSOR,,SENSOR_READING,S10,,,,,,,,VIBRATION,0.210188,g,,
249,27383,SENSOR,,SENSOR_READING,S10,,,,,,,,TEMPERATURE,39.8364,C,,
250,27884,SENSOR,,SENSOR_READING,S26,,,,,,,,VIBRATION,0.16358,g,,
251,27884,SENSOR,,SENSOR_READING,S26,,,,,,,,TEMPERATURE,39.5101,C,,
252,27884,SENSOR,,SENSOR_READING,S26,,,,,,,,CURRENT,2.0982,A,,
253,27884,SENSOR,,SENSOR_READING,S26,,,,,,,,TORQUE,0,Nm,,
254,28100,SENSOR,,SENSOR_READING,S23,,,,,,,,VIBRATION,0.24621,g,,
255,28100,SENSOR,,SENSOR_READING,S23,,,,,,,,TEMPERATURE,39.3975,C,,
256,28100,SENSOR,,SENSOR_READING,S23,,,,,,,,CURRENT,2.23221,A,,
257,28100,SENSOR,,SENSOR_READING,S23,,,,,,,,TORQUE,0,Nm,,
258,28379,SENSOR,,SENSOR_READING,S31,,,,,,,,VIBRATION,0.143029,g,,
259,28379,SENSOR,,SENSOR_READING,S31,,,,,,,,TEMPERATURE,39.5607,C,,
260,28642,SENSOR,,SENSOR_READING,S11,,,,,,,,VIBRATION,0.231137,g,,
261,28642,SENSOR,,SENSOR_READING,S11,,,,,,,,TEMPERATURE,39.8977,C,,
262,28642,SENSOR,,SENSOR_READING,S11,,,,,,,,CURRENT,2.40355,A,,
263,28642,SENSOR,,SENSOR_READING,S11,,,,,,,,TORQUE,0,Nm,,
264,28696,SENSOR,,SENSOR_READING,S32,,,,,,,,VIBRATION,0.184166,g,,
265,28696,SENSOR,,SENSOR_READING,S32,,,,,,,,TEMPERATURE,39.2585,C,,
266,28824,SENSOR,,SENSOR_READING,S25,,,,,,,,VIBRATION,0.1514,g,,
267,28824,SENSOR,,SENSOR_READING,S25,,,,,,,,TEMPERATURE,39.5511,C,,
268,28824,SENSOR,,SENSOR_READING,S25,,,,,,,,CURRENT,2.2156,A,,
269,28824,SENSOR,,SENSOR_READING,S25,,,,,,,,TORQUE,0,Nm,,
270,28853,SENSOR,,SENSOR_READING,S05,,,,,,,,VIBRATION,0.197546,g,,
271,28853,SENSOR,,SENSOR_READING,S05,,,,,,,,TEMPERATURE,39.8169,C,,
272,28853,SENSOR,,SENSOR_READING,S05,,,,,,,,CURRENT,2.18111,A,,
273,28853,SENSOR,,SENSOR_READING,S05,,,,,,,,TORQUE,1.07802,Nm,,
274,28890,SENSOR,,SENSOR_READING,S22,,,,,,,,VIBRATION,0.238411,g,,
275,28890,SENSOR,,SENSOR_READING,S22,,,,,,,,TEMPERATURE,39.348,C,,
276,28890,SENSOR,,SENSOR_READING,S22,,,,,,,,CURRENT,1.8642,A,,
277,28890,SENSOR,,SENSOR_READING,S22,,,,,,,,TORQUE,0.555944,Nm,,
278,28905,SENSOR,,SENSOR_READING,S28,,,,,,,,VIBRATION,0.231809,g,,
279,28905,SENSOR,,SENSOR_READING,S28,,,,,,,,TEMPERATURE,39.5995,C,,
280,28905,SENSOR,,SENSOR_READING,S28,,,,,,,,CURRENT,2.31197,A,,
281,28905,SENSOR,,SENSOR_READING,S28,,,,,,,,TORQUE,1.00364,Nm,,
282,29015,SENSOR,,SENSOR_READING,S09,,,,,,,,VIBRATION,0.169047,g,,
283,29015,SENSOR,,SENSOR_READING,S09,,,,,,,,TEMPERATURE,39.809,C,,
284,29108,SENSOR,,SENSOR_READING,S17,,,,,,,,VIBRATION,0.193385,g,,
285,29108,SENSOR,,SENSOR_READING,S17,,,,,,,,TEMPERATURE,39.5812,C,,
286,29108,SENSOR,,SENSOR_READING,S17,,,,,,,,CURRENT,2.15233,A,,
287,29108,SENSOR,,SENSOR_READING,S17,,,,,,,,TORQUE,0.567224,Nm,,
288,29248,SENSOR,,SENSOR_READING,S19,,,,,,,,VIBRATION,0.127469,g,,
289,29248,SENSOR,,SENSOR_READING,S19,,,,,,,,TEMPERATURE,39.7198,C,,
290,29248,SENSOR,,SENSOR_READING,S19,,,,,,,,CURRENT,2.20196,A,,
291,29248,SENSOR,,SENSOR_READING,S19,,,,,,,,TORQUE,0.66058,Nm,,
292,29284,SENSOR,,SENSOR_READING,S14,,,,,,,,VIBRATION,0.206963,g,,
293,29284,SENSOR,,SENSOR_READING,S14,,,,,,,,TEMPERATURE,39.839,C,,
294,29778,SENSOR,,SENSOR_READING,S04,,,,,,,,VIBRATION,0.159976,g,,
295,29778,SENSOR,,SENSOR_READING,S04,,,,,,,,TEMPERATURE,39.7963,C,,
296,29824,SENSOR,,SENSOR_READING,S01,,,,,,,,VIBRATION,1.09915,g,,
297,29824,SENSOR,,SENSOR_READING,S01,,,,,,,,TEMPERATURE,48.6155,C,,
298,29824,SENSOR,,SENSOR_READING,S01,,,,,,,,CURRENT,14.4677,A,,
299,29824,SENSOR,,SENSOR_READING,S01,,,,,,,,TORQUE,54.9651,Nm,,
300,29844,SENSOR,,SENSOR_READING,S12,,,,,,,,VIBRATION,0.139854,g,,
301,29844,SENSOR,,SENSOR_READING,S12,,,,,,,,TEMPERATURE,39.2412,C,,
302,29844,SENSOR,,SENSOR_READING,S12,,,,,,,,CURRENT,2.23826,A,,
303,29844,SENSOR,,SENSOR_READING,S12,,,,,,,,TORQUE,0.304397,Nm,,
304,30312,SENSOR,,SENSOR_READING,S03,,,,,,,,VIBRATION,0.182545,g,,
305,30312,SENSOR,,SENSOR_READING,S03,,,,,,,,TEMPERATURE,39.6143,C,,
306,30312,SENSOR,,SENSOR_READING,S03,,,,,,,,CURRENT,2.37871,A,,
307,30312,SENSOR,,SENSOR_READING,S03,,,,,,,,TORQUE,0,Nm,,
308,30416,SENSOR,,SENSOR_READING,S06,,,,,,,,VIBRATION,0.120091,g,,
309,30416,SENSOR,,SENSOR_READING,S06,,,,,,,,TEMPERATURE,39.5046,C,,
310,30416,SENSOR,,SENSOR_READING,S06,,,,,,,,CURRENT,2.29096,A,,
311,30416,SENSOR,,SENSOR_READING,S06,,,,,,,,TORQUE,0,Nm,,
312,30441,SENSOR,,SENSOR_READING,S02,,,,,,,,VIBRATION,0.22379,g,,
313,30441,SENSOR,,SENSOR_READING,S02,,,,,,,,TEMPERATURE,40.1094,C,,
314,30441,SENSOR,,SENSOR_READING,S02,,,,,,,,CURRENT,2.24138,A,,
315,30441,SENSOR,,SENSOR_READING,S02,,,,,,,,TORQUE,0.458334,Nm,,
316,30603,SENSOR,,SENSOR_READING,S15,,,,,,,,VIBRATION,0.159673,g,,
317,30603,SENSOR,,SENSOR_READING,S15,,,,,,,,TEMPERATURE,39.6448,C,,
318,30603,SENSOR,,SENSOR_READING,S15,,,,,,,,CURRENT,2.20312,A,,
319,30603,SENSOR,,SENSOR_READING,S15,,,,,,,,TORQUE,0,Nm,,
320,30646,SENSOR,,SENSOR_READING,S29,,,,,,,,VIBRATION,0.185262,g,,
321,30646,SENSOR,,SENSOR_READING,S29,,,,,,,,TEMPERATURE,39.2259,C,,
322,30646,SENSOR,,SENSOR_READING,S29,,,,,,,,CURRENT,2.26979,A,,
323,30646,SENSOR,,SENSOR_READING,S29,,,,,,,,TORQUE,1.36034,Nm,,
324,30661,SENSOR,,SENSOR_READING,S07,,,,,,,,VIBRATION,0.189909,g,,
325,30661,SENSOR,,SENSOR_READING,S07,,,,,,,,TEMPERATURE,39.5647,C,,
326,30661,SENSOR,,SENSOR_READING,S07,,,,,,,,CURRENT,2.41274,A,,
327,30661,SENSOR,,SENSOR_READING,S07,,,,,,,,TORQUE,0.423838,Nm,,
328,30874,SENSOR,,SENSOR_READING,S27,,,,,,,,VIBRATION,0.190819,g,,
329,30874,SENSOR,,SENSOR_READING,S27,,,,,,,,TEMPERATURE,40.0199,C,,
330,32377,SENSOR,,SENSOR_READING,S16,,,,,,,,VIBRATION,0.129903,g,,
331,32377,SENSOR,,SENSOR_READING,S16,,,,,,,,TEMPERATURE,39.9227,C,,
332,32377,SENSOR,,SENSOR_READING,S16,,,,,,,,CURRENT,2.32307,A,,
333,32377,SENSOR,,SENSOR_READING,S16,,,,,,,,TORQUE,0,Nm,,
334,32890,SENSOR,,SENSOR_READING,S20,,,,,,,,VIBRATION,0.214478,g,,
335,32890,SENSOR,,SENSOR_READING,S20,,,,,,,,TEMPERATURE,39.7691,C,,
336,32890,SENSOR,,SENSOR_READING,S20,,,,,,,,CURRENT,2.24859,A,,
337,32890,SENSOR,,SENSOR_READING,S20,,,,,,,,TORQUE,0,Nm,,
338,36659,STATION,EV000002,PROCESSING_COMPLETED,S01,U000001,0,PROCESSING,,36659,,,,,,,
339,36659,STATION,EV000003,UNIT_ARRIVED,S02,U000001,1,,,,,,,,,,
340,36659,STATION,EV000004,PROCESSING_STARTED,S02,U000001,0,IDLE,PROCESSING,44081,,,,,,,
341,36659,STATION,EV000005,PROCESSING_STARTED,S01,U000002,0,IDLE,PROCESSING,37769,,,,,,,
342,38474,SENSOR,,SENSOR_READING,S23,,,,,,,,VIBRATION,0.12939,g,,
343,38474,SENSOR,,SENSOR_READING,S23,,,,,,,,TEMPERATURE,39.3403,C,,
344,38474,SENSOR,,SENSOR_READING,S23,,,,,,,,CURRENT,2.2476,A,,
345,38474,SENSOR,,SENSOR_READING,S23,,,,,,,,TORQUE,0,Nm,,
346,38514,SENSOR,,SENSOR_READING,S17,,,,,,,,VIBRATION,0.135545,g,,
347,38514,SENSOR,,SENSOR_READING,S17,,,,,,,,TEMPERATURE,39.5002,C,,
348,38514,SENSOR,,SENSOR_READING,S17,,,,,,,,CURRENT,2.40878,A,,
349,38514,SENSOR,,SENSOR_READING,S17,,,,,,,,TORQUE,0.699029,Nm,,
350,38776,SENSOR,,SENSOR_READING,S22,,,,,,,,VIBRATION,0.125729,g,,
351,38776,SENSOR,,SENSOR_READING,S22,,,,,,,,TEMPERATURE,39.1854,C,,
352,38776,SENSOR,,SENSOR_READING,S22,,,,,,,,CURRENT,2.19778,A,,
353,38776,SENSOR,,SENSOR_READING,S22,,,,,,,,TORQUE,0,Nm,,
354,38893,SENSOR,,SENSOR_READING,S28,,,,,,,,VIBRATION,0.172359,g,,
355,38893,SENSOR,,SENSOR_READING,S28,,,,,,,,TEMPERATURE,39.5709,C,,
356,38893,SENSOR,,SENSOR_READING,S28,,,,,,,,CURRENT,2.12801,A,,
357,38893,SENSOR,,SENSOR_READING,S28,,,,,,,,TORQUE,0,Nm,,
358,38918,SENSOR,,SENSOR_READING,S05,,,,,,,,VIBRATION,0.259699,g,,
359,38918,SENSOR,,SENSOR_READING,S05,,,,,,,,TEMPERATURE,39.737,C,,
360,38918,SENSOR,,SENSOR_READING,S05,,,,,,,,CURRENT,2.01123,A,,
361,38918,SENSOR,,SENSOR_READING,S05,,,,,,,,TORQUE,1.15949,Nm,,
362,38939,SENSOR,,SENSOR_READING,S26,,,,,,,,VIBRATION,0.131915,g,,
363,38939,SENSOR,,SENSOR_READING,S26,,,,,,,,TEMPERATURE,39.3498,C,,
364,38939,SENSOR,,SENSOR_READING,S26,,,,,,,,CURRENT,2.08844,A,,
365,38939,SENSOR,,SENSOR_READING,S26,,,,,,,,TORQUE,0.00698852,Nm,,
366,39186,SENSOR,,SENSOR_READING,S11,,,,,,,,VIBRATION,0.270879,g,,
367,39186,SENSOR,,SENSOR_READING,S11,,,,,,,,TEMPERATURE,39.8626,C,,
368,39186,SENSOR,,SENSOR_READING,S11,,,,,,,,CURRENT,2.41313,A,,
369,39186,SENSOR,,SENSOR_READING,S11,,,,,,,,TORQUE,0.293589,Nm,,
370,39625,SENSOR,,SENSOR_READING,S29,,,,,,,,VIBRATION,0.144685,g,,
371,39625,SENSOR,,SENSOR_READING,S29,,,,,,,,TEMPERATURE,39.0295,C,,
372,39625,SENSOR,,SENSOR_READING,S29,,,,,,,,CURRENT,2.25713,A,,
373,39625,SENSOR,,SENSOR_READING,S29,,,,,,,,TORQUE,0.357235,Nm,,
374,39688,SENSOR,,SENSOR_READING,S25,,,,,,,,VIBRATION,0.143394,g,,
375,39688,SENSOR,,SENSOR_READING,S25,,,,,,,,TEMPERATURE,39.6865,C,,
376,39688,SENSOR,,SENSOR_READING,S25,,,,,,,,CURRENT,2.24357,A,,
377,39688,SENSOR,,SENSOR_READING,S25,,,,,,,,TORQUE,0.150772,Nm,,
378,39701,SENSOR,,SENSOR_READING,S19,,,,,,,,VIBRATION,0.126123,g,,
379,39701,SENSOR,,SENSOR_READING,S19,,,,,,,,TEMPERATURE,39.8182,C,,
380,39701,SENSOR,,SENSOR_READING,S19,,,,,,,,CURRENT,2.16227,A,,
381,39701,SENSOR,,SENSOR_READING,S19,,,,,,,,TORQUE,0.942234,Nm,,
382,39938,SENSOR,,SENSOR_READING,S02,,,,,,,,VIBRATION,0.839086,g,,
383,39938,SENSOR,,SENSOR_READING,S02,,,,,,,,TEMPERATURE,42.8595,C,,
384,39938,SENSOR,,SENSOR_READING,S02,,,,,,,,CURRENT,12.6774,A,,
385,39938,SENSOR,,SENSOR_READING,S02,,,,,,,,TORQUE,38.022,Nm,,
386,40047,SENSOR,,SENSOR_READING,S12,,,,,,,,VIBRATION,0.148312,g,,
387,40047,SENSOR,,SENSOR_READING,S12,,,,,,,,TEMPERATURE,39.3937,C,,
388,40047,SENSOR,,SENSOR_READING,S12,,,,,,,,CURRENT,2.2124,A,,
389,40047,SENSOR,,SENSOR_READING,S12,,,,,,,,TORQUE,0.40866,Nm,,
390,40651,SENSOR,,SENSOR_READING,S01,,,,,,,,VIBRATION,1.19287,g,,
391,40651,SENSOR,,SENSOR_READING,S01,,,,,,,,TEMPERATURE,50.3131,C,,
392,40651,SENSOR,,SENSOR_READING,S01,,,,,,,,CURRENT,14.3291,A,,
393,40651,SENSOR,,SENSOR_READING,S01,,,,,,,,TORQUE,54.4468,Nm,,
394,40660,SENSOR,,SENSOR_READING,S03,,,,,,,,VIBRATION,0.210431,g,,
395,40660,SENSOR,,SENSOR_READING,S03,,,,,,,,TEMPERATURE,39.612,C,,
396,40660,SENSOR,,SENSOR_READING,S03,,,,,,,,CURRENT,2.25579,A,,
397,40660,SENSOR,,SENSOR_READING,S03,,,,,,,,TORQUE,0.330204,Nm,,
398,40819,SENSOR,,SENSOR_READING,S06,,,,,,,,VIBRATION,0.1433,g,,
399,40819,SENSOR,,SENSOR_READING,S06,,,,,,,,TEMPERATURE,39.6706,C,,
400,40819,SENSOR,,SENSOR_READING,S06,,,,,,,,CURRENT,1.94629,A,,
401,40819,SENSOR,,SENSOR_READING,S06,,,,,,,,TORQUE,0,Nm,,
402,41258,SENSOR,,SENSOR_READING,S15,,,,,,,,VIBRATION,0.137043,g,,
403,41258,SENSOR,,SENSOR_READING,S15,,,,,,,,TEMPERATURE,39.3645,C,,
404,41258,SENSOR,,SENSOR_READING,S15,,,,,,,,CURRENT,2.14328,A,,
405,41258,SENSOR,,SENSOR_READING,S15,,,,,,,,TORQUE,0,Nm,,
406,41386,SENSOR,,SENSOR_READING,S16,,,,,,,,VIBRATION,0.10583,g,,
407,41386,SENSOR,,SENSOR_READING,S16,,,,,,,,TEMPERATURE,39.9718,C,,
408,41386,SENSOR,,SENSOR_READING,S16,,,,,,,,CURRENT,2.16093,A,,
409,41386,SENSOR,,SENSOR_READING,S16,,,,,,,,TORQUE,0,Nm,,
410,41672,SENSOR,,SENSOR_READING,S07,,,,,,,,VIBRATION,0.192238,g,,
411,41672,SENSOR,,SENSOR_READING,S07,,,,,,,,TEMPERATURE,39.5688,C,,
412,41672,SENSOR,,SENSOR_READING,S07,,,,,,,,CURRENT,1.95404,A,,
413,41672,SENSOR,,SENSOR_READING,S07,,,,,,,,TORQUE,0,Nm,,
414,41920,SENSOR,,SENSOR_READING,S20,,,,,,,,VIBRATION,0.165812,g,,
415,41920,SENSOR,,SENSOR_READING,S20,,,,,,,,TEMPERATURE,39.6382,C,,
416,41920,SENSOR,,SENSOR_READING,S20,,,,,,,,CURRENT,1.9373,A,,
417,41920,SENSOR,,SENSOR_READING,S20,,,,,,,,TORQUE,0,Nm,,
418,48312,SENSOR,,SENSOR_READING,S28,,,,,,,,VIBRATION,0.153362,g,,
419,48312,SENSOR,,SENSOR_READING,S28,,,,,,,,TEMPERATURE,39.4431,C,,
420,48312,SENSOR,,SENSOR_READING,S28,,,,,,,,CURRENT,2.22206,A,,
421,48312,SENSOR,,SENSOR_READING,S28,,,,,,,,TORQUE,0,Nm,,
422,48367,SENSOR,,SENSOR_READING,S17,,,,,,,,VIBRATION,0.156806,g,,
423,48367,SENSOR,,SENSOR_READING,S17,,,,,,,,TEMPERATURE,39.2801,C,,
424,48367,SENSOR,,SENSOR_READING,S17,,,,,,,,CURRENT,2.15309,A,,
425,48367,SENSOR,,SENSOR_READING,S17,,,,,,,,TORQUE,0.144743,Nm,,
426,48388,SENSOR,,SENSOR_READING,S26,,,,,,,,VIBRATION,0.162164,g,,
427,48388,SENSOR,,SENSOR_READING,S26,,,,,,,,TEMPERATURE,39.2234,C,,
428,48388,SENSOR,,SENSOR_READING,S26,,,,,,,,CURRENT,2.18334,A,,
429,48388,SENSOR,,SENSOR_READING,S26,,,,,,,,TORQUE,0,Nm,,
430,48813,SENSOR,,SENSOR_READING,S23,,,,,,,,VIBRATION,0.173184,g,,
431,48813,SENSOR,,SENSOR_READING,S23,,,,,,,,TEMPERATURE,39.1939,C,,
432,48813,SENSOR,,SENSOR_READING,S23,,,,,,,,CURRENT,2.19889,A,,
433,48813,SENSOR,,SENSOR_READING,S23,,,,,,,,TORQUE,0,Nm,,
434,49004,SENSOR,,SENSOR_READING,S25,,,,,,,,VIBRATION,0.181067,g,,
435,49004,SENSOR,,SENSOR_READING,S25,,,,,,,,TEMPERATURE,39.1797,C,,
436,49004,SENSOR,,SENSOR_READING,S25,,,,,,,,CURRENT,2.32661,A,,
437,49004,SENSOR,,SENSOR_READING,S25,,,,,,,,TORQUE,0,Nm,,
438,49458,SENSOR,,SENSOR_READING,S19,,,,,,,,VIBRATION,0.158491,g,,
439,49458,SENSOR,,SENSOR_READING,S19,,,,,,,,TEMPERATURE,39.5206,C,,
440,49458,SENSOR,,SENSOR_READING,S19,,,,,,,,CURRENT,2.06998,A,,
441,49458,SENSOR,,SENSOR_READING,S19,,,,,,,,TORQUE,0.393008,Nm,,
442,49778,SENSOR,,SENSOR_READING,S29,,,,,,,,VIBRATION,0.163663,g,,
443,49778,SENSOR,,SENSOR_READING,S29,,,,,,,,TEMPERATURE,39.089,C,,
444,49778,SENSOR,,SENSOR_READING,S29,,,,,,,,CURRENT,2.30259,A,,
445,49778,SENSOR,,SENSOR_READING,S29,,,,,,,,TORQUE,0,Nm,,
446,49831,SENSOR,,SENSOR_READING,S11,,,,,,,,VIBRATION,0.236391,g,,
447,49831,SENSOR,,SENSOR_READING,S11,,,,,,,,TEMPERATURE,40.0018,C,,
448,49831,SENSOR,,SENSOR_READING,S11,,,,,,,,CURRENT,2.16224,A,,
449,49831,SENSOR,,SENSOR_READING,S11,,,,,,,,TORQUE,0,Nm,,
450,49840,SENSOR,,SENSOR_READING,S05,,,,,,,,VIBRATION,0.298852,g,,
451,49840,SENSOR,,SENSOR_READING,S05,,,,,,,,TEMPERATURE,39.7352,C,,
452,49840,SENSOR,,SENSOR_READING,S05,,,,,,,,CURRENT,2.42726,A,,
453,49840,SENSOR,,SENSOR_READING,S05,,,,,,,,TORQUE,1.09969,Nm,,
454,49949,SENSOR,,SENSOR_READING,S22,,,,,,,,VIBRATION,0.199092,g,,
455,49949,SENSOR,,SENSOR_READING,S22,,,,,,,,TEMPERATURE,39.0551,C,,
456,49949,SENSOR,,SENSOR_READING,S22,,,,,,,,CURRENT,2.15589,A,,
457,49949,SENSOR,,SENSOR_READING,S22,,,,,,,,TORQUE,0.356766,Nm,,
458,50111,SENSOR,,SENSOR_READING,S02,,,,,,,,VIBRATION,0.997504,g,,
459,50111,SENSOR,,SENSOR_READING,S02,,,,,,,,TEMPERATURE,45.21,C,,
460,50111,SENSOR,,SENSOR_READING,S02,,,,,,,,CURRENT,14.2831,A,,
461,50111,SENSOR,,SENSOR_READING,S02,,,,,,,,TORQUE,49.9682,Nm,,
462,50218,SENSOR,,SENSOR_READING,S01,,,,,,,,VIBRATION,1.13854,g,,
463,50218,SENSOR,,SENSOR_READING,S01,,,,,,,,TEMPERATURE,51.4598,C,,
464,50218,SENSOR,,SENSOR_READING,S01,,,,,,,,CURRENT,14.3423,A,,
465,50218,SENSOR,,SENSOR_READING,S01,,,,,,,,TORQUE,55.0259,Nm,,
466,50661,SENSOR,,SENSOR_READING,S06,,,,,,,,VIBRATION,0.131548,g,,
467,50661,SENSOR,,SENSOR_READING,S06,,,,,,,,TEMPERATURE,39.6656,C,,
468,50661,SENSOR,,SENSOR_READING,S06,,,,,,,,CURRENT,2.05792,A,,
469,50661,SENSOR,,SENSOR_READING,S06,,,,,,,,TORQUE,0.155712,Nm,,
470,50984,SENSOR,,SENSOR_READING,S12,,,,,,,,VIBRATION,0.135951,g,,
471,50984,SENSOR,,SENSOR_READING,S12,,,,,,,,TEMPERATURE,39.323,C,,
472,50984,SENSOR,,SENSOR_READING,S12,,,,,,,,CURRENT,2.17551,A,,
473,50984,SENSOR,,SENSOR_READING,S12,,,,,,,,TORQUE,0,Nm,,
474,51271,SENSOR,,SENSOR_READING,S03,,,,,,,,VIBRATION,0.226431,g,,
475,51271,SENSOR,,SENSOR_READING,S03,,,,,,,,TEMPERATURE,39.4986,C,,
476,51271,SENSOR,,SENSOR_READING,S03,,,,,,,,CURRENT,2.30676,A,,
477,51271,SENSOR,,SENSOR_READING,S03,,,,,,,,TORQUE,0.248296,Nm,,
478,51323,SENSOR,,SENSOR_READING,S07,,,,,,,,VIBRATION,0.172441,g,,
479,51323,SENSOR,,SENSOR_READING,S07,,,,,,,,TEMPERATURE,39.5731,C,,
480,51323,SENSOR,,SENSOR_READING,S07,,,,,,,,CURRENT,2.14753,A,,
481,51323,SENSOR,,SENSOR_READING,S07,,,,,,,,TORQUE,0,Nm,,
482,51331,SENSOR,,SENSOR_READING,S15,,,,,,,,VIBRATION,0.151006,g,,
483,51331,SENSOR,,SENSOR_READING,S15,,,,,,,,TEMPERATURE,39.2284,C,,
484,51331,SENSOR,,SENSOR_READING,S15,,,,,,,,CURRENT,2.23237,A,,
485,51331,SENSOR,,SENSOR_READING,S15,,,,,,,,TORQUE,0.599396,Nm,,
486,51509,SENSOR,,SENSOR_READING,S20,,,,,,,,VIBRATION,0.179298,g,,
487,51509,SENSOR,,SENSOR_READING,S20,,,,,,,,TEMPERATURE,39.4841,C,,
488,51509,SENSOR,,SENSOR_READING,S20,,,,,,,,CURRENT,2.32501,A,,
489,51509,SENSOR,,SENSOR_READING,S20,,,,,,,,TORQUE,0,Nm,,
490,51691,SENSOR,,SENSOR_READING,S16,,,,,,,,VIBRATION,0.147706,g,,
491,51691,SENSOR,,SENSOR_READING,S16,,,,,,,,TEMPERATURE,39.8022,C,,
492,51691,SENSOR,,SENSOR_READING,S16,,,,,,,,CURRENT,2.21862,A,,
493,51691,SENSOR,,SENSOR_READING,S16,,,,,,,,TORQUE,0.136005,Nm,,
494,53637,SENSOR,,SENSOR_READING,S21,,,,,,,,VIBRATION,0.204708,g,,
495,53637,SENSOR,,SENSOR_READING,S21,,,,,,,,TEMPERATURE,39.8529,C,,
496,55351,SENSOR,,SENSOR_READING,S10,,,,,,,,VIBRATION,0.176474,g,,
497,55351,SENSOR,,SENSOR_READING,S10,,,,,,,,TEMPERATURE,39.9387,C,,
498,57685,SENSOR,,SENSOR_READING,S17,,,,,,,,VIBRATION,0.151944,g,,
499,57685,SENSOR,,SENSOR_READING,S17,,,,,,,,TEMPERATURE,39.195,C,,
500,57685,SENSOR,,SENSOR_READING,S17,,,,,,,,CURRENT,2.03766,A,,
501,57685,SENSOR,,SENSOR_READING,S17,,,,,,,,TORQUE,0.356499,Nm,,
502,58275,SENSOR,,SENSOR_READING,S26,,,,,,,,VIBRATION,0.199745,g,,
503,58275,SENSOR,,SENSOR_READING,S26,,,,,,,,TEMPERATURE,39.1606,C,,
504,58275,SENSOR,,SENSOR_READING,S26,,,,,,,,CURRENT,2.41163,A,,
505,58275,SENSOR,,SENSOR_READING,S26,,,,,,,,TORQUE,0.202611,Nm,,
506,58372,SENSOR,,SENSOR_READING,S25,,,,,,,,VIBRATION,0.171001,g,,
507,58372,SENSOR,,SENSOR_READING,S25,,,,,,,,TEMPERATURE,39.2159,C,,
508,58372,SENSOR,,SENSOR_READING,S25,,,,,,,,CURRENT,2.35557,A,,
509,58372,SENSOR,,SENSOR_READING,S25,,,,,,,,TORQUE,0,Nm,,
510,58721,SENSOR,,SENSOR_READING,S04,,,,,,,,VIBRATION,0.148787,g,,
511,58721,SENSOR,,SENSOR_READING,S04,,,,,,,,TEMPERATURE,39.6622,C,,
512,59238,SENSOR,,SENSOR_READING,S05,,,,,,,,VIBRATION,0.310938,g,,
513,59238,SENSOR,,SENSOR_READING,S05,,,,,,,,TEMPERATURE,39.8951,C,,
514,59238,SENSOR,,SENSOR_READING,S05,,,,,,,,CURRENT,2.32934,A,,
515,59238,SENSOR,,SENSOR_READING,S05,,,,,,,,TORQUE,0.398158,Nm,,
516,59330,SENSOR,,SENSOR_READING,S02,,,,,,,,VIBRATION,1.10212,g,,
517,59330,SENSOR,,SENSOR_READING,S02,,,,,,,,TEMPERATURE,47.1521,C,,
518,59330,SENSOR,,SENSOR_READING,S02,,,,,,,,CURRENT,14.3411,A,,
519,59330,SENSOR,,SENSOR_READING,S02,,,,,,,,TORQUE,54.0336,Nm,,
520,59352,SENSOR,,SENSOR_READING,S28,,,,,,,,VIBRATION,0.165219,g,,
521,59352,SENSOR,,SENSOR_READING,S28,,,,,,,,TEMPERATURE,39.1445,C,,
522,59352,SENSOR,,SENSOR_READING,S28,,,,,,,,CURRENT,2.06771,A,,
523,59352,SENSOR,,SENSOR_READING,S28,,,,,,,,TORQUE,0,Nm,,
524,59380,SENSOR,,SENSOR_READING,S31,,,,,,,,VIBRATION,0.186282,g,,
525,59380,SENSOR,,SENSOR_READING,S31,,,,,,,,TEMPERATURE,39.5952,C,,
526,59521,SENSOR,,SENSOR_READING,S19,,,,,,,,VIBRATION,0.121035,g,,
527,59521,SENSOR,,SENSOR_READING,S19,,,,,,,,TEMPERATURE,39.39,C,,
528,59521,SENSOR,,SENSOR_READING,S19,,,,,,,,CURRENT,2.1981,A,,
529,59521,SENSOR,,SENSOR_READING,S19,,,,,,,,TORQUE,0,Nm,,
530,59660,SENSOR,,SENSOR_READING,S23,,,,,,,,VIBRATION,0.162178,g,,
531,59660,SENSOR,,SENSOR_READING,S23,,,,,,,,TEMPERATURE,39.0236,C,,
532,59660,SENSOR,,SENSOR_READING,S23,,,,,,,,CURRENT,2.27337,A,,
533,59660,SENSOR,,SENSOR_READING,S23,,,,,,,,TORQUE,1.20737,Nm,,
534,59694,SENSOR,,SENSOR_READING,S29,,,,,,,,VIBRATION,0.160493,g,,
535,59694,SENSOR,,SENSOR_READING,S29,,,,,,,,TEMPERATURE,39.2193,C,,
536,59694,SENSOR,,SENSOR_READING,S29,,,,,,,,CURRENT,2.10135,A,,
537,59694,SENSOR,,SENSOR_READING,S29,,,,,,,,TORQUE,0,Nm,,
538,59933,SENSOR,,SENSOR_READING,S22,,,,,,,,VIBRATION,0.25839,g,,
539,59933,SENSOR,,SENSOR_READING,S22,,,,,,,,TEMPERATURE,39.0009,C,,
540,59933,SENSOR,,SENSOR_READING,S22,,,,,,,,CURRENT,2.39482,A,,
541,59933,SENSOR,,SENSOR_READING,S22,,,,,,,,TORQUE,0.323648,Nm,,
542,59995,SENSOR,,SENSOR_READING,S32,,,,,,,,VIBRATION,0.194823,g,,
543,59995,SENSOR,,SENSOR_READING,S32,,,,,,,,TEMPERATURE,39.2022,C,,
544,60086,SENSOR,,SENSOR_READING,S11,,,,,,,,VIBRATION,0.25053,g,,
545,60086,SENSOR,,SENSOR_READING,S11,,,,,,,,TEMPERATURE,39.7427,C,,
546,60086,SENSOR,,SENSOR_READING,S11,,,,,,,,CURRENT,2.25348,A,,
547,60086,SENSOR,,SENSOR_READING,S11,,,,,,,,TORQUE,0.197389,Nm,,
548,60131,SENSOR,,SENSOR_READING,S01,,,,,,,,VIBRATION,1.17923,g,,
549,60131,SENSOR,,SENSOR_READING,S01,,,,,,,,TEMPERATURE,52.4386,C,,
550,60131,SENSOR,,SENSOR_READING,S01,,,,,,,,CURRENT,14.4158,A,,
551,60131,SENSOR,,SENSOR_READING,S01,,,,,,,,TORQUE,55.3486,Nm,,
552,60491,SENSOR,,SENSOR_READING,S16,,,,,,,,VIBRATION,0.13317,g,,
553,60491,SENSOR,,SENSOR_READING,S16,,,,,,,,TEMPERATURE,39.9319,C,,
554,60491,SENSOR,,SENSOR_READING,S16,,,,,,,,CURRENT,2.1991,A,,
555,60491,SENSOR,,SENSOR_READING,S16,,,,,,,,TORQUE,0,Nm,,
556,60689,SENSOR,,SENSOR_READING,S07,,,,,,,,VIBRATION,0.153757,g,,
557,60689,SENSOR,,SENSOR_READING,S07,,,,,,,,TEMPERATURE,39.2774,C,,
558,60689,SENSOR,,SENSOR_READING,S07,,,,,,,,CURRENT,2.01825,A,,
559,60689,SENSOR,,SENSOR_READING,S07,,,,,,,,TORQUE,0.469481,Nm,,
560,60959,SENSOR,,SENSOR_READING,S12,,,,,,,,VIBRATION,0.156141,g,,
561,60959,SENSOR,,SENSOR_READING,S12,,,,,,,,TEMPERATURE,39.3839,C,,
562,60959,SENSOR,,SENSOR_READING,S12,,,,,,,,CURRENT,2.18083,A,,
563,60959,SENSOR,,SENSOR_READING,S12,,,,,,,,TORQUE,0,Nm,,
564,61225,SENSOR,,SENSOR_READING,S15,,,,,,,,VIBRATION,0.179885,g,,
565,61225,SENSOR,,SENSOR_READING,S15,,,,,,,,TEMPERATURE,39.2583,C,,
566,61225,SENSOR,,SENSOR_READING,S15,,,,,,,,CURRENT,2.16115,A,,
567,61225,SENSOR,,SENSOR_READING,S15,,,,,,,,TORQUE,0.248504,Nm,,
568,61468,SENSOR,,SENSOR_READING,S27,,,,,,,,VIBRATION,0.249998,g,,
569,61468,SENSOR,,SENSOR_READING,S27,,,,,,,,TEMPERATURE,39.796,C,,
570,61472,SENSOR,,SENSOR_READING,S03,,,,,,,,VIBRATION,0.167578,g,,
571,61472,SENSOR,,SENSOR_READING,S03,,,,,,,,TEMPERATURE,39.2664,C,,
572,61472,SENSOR,,SENSOR_READING,S03,,,,,,,,CURRENT,2.22149,A,,
573,61472,SENSOR,,SENSOR_READING,S03,,,,,,,,TORQUE,0,Nm,,
574,61517,SENSOR,,SENSOR_READING,S20,,,,,,,,VIBRATION,0.184267,g,,
575,61517,SENSOR,,SENSOR_READING,S20,,,,,,,,TEMPERATURE,39.3102,C,,
576,61517,SENSOR,,SENSOR_READING,S20,,,,,,,,CURRENT,2.19006,A,,
577,61517,SENSOR,,SENSOR_READING,S20,,,,,,,,TORQUE,0.0416819,Nm,,
578,61566,SENSOR,,SENSOR_READING,S06,,,,,,,,VIBRATION,0.237593,g,,
579,61566,SENSOR,,SENSOR_READING,S06,,,,,,,,TEMPERATURE,39.4577,C,,
580,61566,SENSOR,,SENSOR_READING,S06,,,,,,,,CURRENT,2.10624,A,,
581,61566,SENSOR,,SENSOR_READING,S06,,,,,,,,TORQUE,0.152322,Nm,,
582,61899,SENSOR,,SENSOR_READING,S14,,,,,,,,VIBRATION,0.140068,g,,
583,61899,SENSOR,,SENSOR_READING,S14,,,,,,,,TEMPERATURE,39.8341,C,,
584,62037,SENSOR,,SENSOR_READING,S09,,,,,,,,VIBRATION,0.252225,g,,
585,62037,SENSOR,,SENSOR_READING,S09,,,,,,,,TEMPERATURE,39.841,C,,
586,67412,SENSOR,,SENSOR_READING,S25,,,,,,,,VIBRATION,0.15082,g,,
587,67412,SENSOR,,SENSOR_READING,S25,,,,,,,,TEMPERATURE,39.2343,C,,
588,67412,SENSOR,,SENSOR_READING,S25,,,,,,,,CURRENT,2.26108,A,,
589,67412,SENSOR,,SENSOR_READING,S25,,,,,,,,TORQUE,0.468743,Nm,,
590,67460,SENSOR,,SENSOR_READING,S17,,,,,,,,VIBRATION,0.211627,g,,
591,67460,SENSOR,,SENSOR_READING,S17,,,,,,,,TEMPERATURE,39.1863,C,,
592,67460,SENSOR,,SENSOR_READING,S17,,,,,,,,CURRENT,2.29571,A,,
593,67460,SENSOR,,SENSOR_READING,S17,,,,,,,,TORQUE,0.534013,Nm,,
594,68053,SENSOR,,SENSOR_READING,S05,,,,,,,,VIBRATION,0.384542,g,,
595,68053,SENSOR,,SENSOR_READING,S05,,,,,,,,TEMPERATURE,39.9525,C,,
596,68053,SENSOR,,SENSOR_READING,S05,,,,,,,,CURRENT,2.47157,A,,
597,68053,SENSOR,,SENSOR_READING,S05,,,,,,,,TORQUE,0.7758,Nm,,
598,68324,SENSOR,,SENSOR_READING,S02,,,,,,,,VIBRATION,1.07429,g,,
599,68324,SENSOR,,SENSOR_READING,S02,,,,,,,,TEMPERATURE,48.7168,C,,
600,68324,SENSOR,,SENSOR_READING,S02,,,,,,,,CURRENT,14.3617,A,,
601,68324,SENSOR,,SENSOR_READING,S02,,,,,,,,TORQUE,55.2904,Nm,,
602,69107,SENSOR,,SENSOR_READING,S26,,,,,,,,VIBRATION,0.20228,g,,
603,69107,SENSOR,,SENSOR_READING,S26,,,,,,,,TEMPERATURE,39.3479,C,,
604,69107,SENSOR,,SENSOR_READING,S26,,,,,,,,CURRENT,2.21813,A,,
605,69107,SENSOR,,SENSOR_READING,S26,,,,,,,,TORQUE,0,Nm,,
606,69129,SENSOR,,SENSOR_READING,S22,,,,,,,,VIBRATION,0.122318,g,,
607,69129,SENSOR,,SENSOR_READING,S22,,,,,,,,TEMPERATURE,38.8668,C,,
608,69129,SENSOR,,SENSOR_READING,S22,,,,,,,,CURRENT,2.20081,A,,
609,69129,SENSOR,,SENSOR_READING,S22,,,,,,,,TORQUE,0,Nm,,
610,69625,SENSOR,,SENSOR_READING,S29,,,,,,,,VIBRATION,0.132367,g,,
611,69625,SENSOR,,SENSOR_READING,S29,,,,,,,,TEMPERATURE,39.2084,C,,
612,69625,SENSOR,,SENSOR_READING,S29,,,,,,,,CURRENT,2.37223,A,,
613,69625,SENSOR,,SENSOR_READING,S29,,,,,,,,TORQUE,0,Nm,,
614,69720,SENSOR,,SENSOR_READING,S28,,,,,,,,VIBRATION,0.222842,g,,
615,69720,SENSOR,,SENSOR_READING,S28,,,,,,,,TEMPERATURE,39.1688,C,,
616,69720,SENSOR,,SENSOR_READING,S28,,,,,,,,CURRENT,2.07572,A,,
617,69720,SENSOR,,SENSOR_READING,S28,,,,,,,,TORQUE,0,Nm,,
618,70197,SENSOR,,SENSOR_READING,S15,,,,,,,,VIBRATION,0.179294,g,,
619,70197,SENSOR,,SENSOR_READING,S15,,,,,,,,TEMPERATURE,39.1855,C,,
620,70197,SENSOR,,SENSOR_READING,S15,,,,,,,,CURRENT,2.21562,A,,
621,70197,SENSOR,,SENSOR_READING,S15,,,,,,,,TORQUE,0,Nm,,
622,70372,SENSOR,,SENSOR_READING,S01,,,,,,,,VIBRATION,1.11463,g,,
623,70372,SENSOR,,SENSOR_READING,S01,,,,,,,,TEMPERATURE,53.4448,C,,
624,70372,SENSOR,,SENSOR_READING,S01,,,,,,,,CURRENT,14.4337,A,,
625,70372,SENSOR,,SENSOR_READING,S01,,,,,,,,TORQUE,55.3784,Nm,,
626,70441,SENSOR,,SENSOR_READING,S11,,,,,,,,VIBRATION,0.304779,g,,
627,70441,SENSOR,,SENSOR_READING,S11,,,,,,,,TEMPERATURE,39.6621,C,,
628,70441,SENSOR,,SENSOR_READING,S11,,,,,,,,CURRENT,2.29491,A,,
629,70441,SENSOR,,SENSOR_READING,S11,,,,,,,,TORQUE,0.442153,Nm,,
630,70499,SENSOR,,SENSOR_READING,S19,,,,,,,,VIBRATION,0.1923,g,,
631,70499,SENSOR,,SENSOR_READING,S19,,,,,,,,TEMPERATURE,39.2363,C,,
632,70499,SENSOR,,SENSOR_READING,S19,,,,,,,,CURRENT,2.20429,A,,
633,70499,SENSOR,,SENSOR_READING,S19,,,,,,,,TORQUE,0.189765,Nm,,
634,70566,SENSOR,,SENSOR_READING,S23,,,,,,,,VIBRATION,0.145228,g,,
635,70566,SENSOR,,SENSOR_READING,S23,,,,,,,,TEMPERATURE,39.1748,C,,
636,70566,SENSOR,,SENSOR_READING,S23,,,,,,,,CURRENT,2.18305,A,,
637,70566,SENSOR,,SENSOR_READING,S23,,,,,,,,TORQUE,0.476216,Nm,,
638,71040,SENSOR,,SENSOR_READING,S12,,,,,,,,VIBRATION,0.175797,g,,
639,71040,SENSOR,,SENSOR_READING,S12,,,,,,,,TEMPERATURE,39.2536,C,,
640,71040,SENSOR,,SENSOR_READING,S12,,,,,,,,CURRENT,2.15003,A,,
641,71040,SENSOR,,SENSOR_READING,S12,,,,,,,,TORQUE,0,Nm,,
642,71110,SENSOR,,SENSOR_READING,S07,,,,,,,,VIBRATION,0.178763,g,,
643,71110,SENSOR,,SENSOR_READING,S07,,,,,,,,TEMPERATURE,39.3188,C,,
644,71110,SENSOR,,SENSOR_READING,S07,,,,,,,,CURRENT,2.42251,A,,
645,71110,SENSOR,,SENSOR_READING,S07,,,,,,,,TORQUE,0.602864,Nm,,
646,71339,SENSOR,,SENSOR_READING,S06,,,,,,,,VIBRATION,0.180476,g,,
647,71339,SENSOR,,SENSOR_READING,S06,,,,,,,,TEMPERATURE,39.4393,C,,
648,71339,SENSOR,,SENSOR_READING,S06,,,,,,,,CURRENT,2.14812,A,,
649,71339,SENSOR,,SENSOR_READING,S06,,,,,,,,TORQUE,0,Nm,,
650,71528,SENSOR,,SENSOR_READING,S16,,,,,,,,VIBRATION,0.139053,g,,
651,71528,SENSOR,,SENSOR_READING,S16,,,,,,,,TEMPERATURE,39.8215,C,,
652,71528,SENSOR,,SENSOR_READING,S16,,,,,,,,CURRENT,2.26479,A,,
653,71528,SENSOR,,SENSOR_READING,S16,,,,,,,,TORQUE,0,Nm,,
654,72020,SENSOR,,SENSOR_READING,S03,,,,,,,,VIBRATION,0.169236,g,,
655,72020,SENSOR,,SENSOR_READING,S03,,,,,,,,TEMPERATURE,39.328,C,,
656,72020,SENSOR,,SENSOR_READING,S03,,,,,,,,CURRENT,2.21208,A,,
657,72020,SENSOR,,SENSOR_READING,S03,,,,,,,,TORQUE,0,Nm,,
658,72063,SENSOR,,SENSOR_READING,S20,,,,,,,,VIBRATION,0.171578,g,,
659,72063,SENSOR,,SENSOR_READING,S20,,,,,,,,TEMPERATURE,39.3585,C,,
660,72063,SENSOR,,SENSOR_READING,S20,,,,,,,,CURRENT,2.08015,A,,
661,72063,SENSOR,,SENSOR_READING,S20,,,,,,,,TORQUE,0.00810708,Nm,,
662,74428,STATION,EV000006,PROCESSING_COMPLETED,S01,U000002,0,PROCESSING,,37769,,,,,,,
663,74428,STATION,EV000007,UNIT_ARRIVED,S02,U000002,1,,,,,,,,,,
664,74428,STATION,EV000008,PROCESSING_STARTED,S01,U000003,0,IDLE,PROCESSING,36655,,,,,,,
665,76396,SENSOR,,SENSOR_READING,S25,,,,,,,,VIBRATION,0.213093,g,,
666,76396,SENSOR,,SENSOR_READING,S25,,,,,,,,TEMPERATURE,39.1449,C,,
667,76396,SENSOR,,SENSOR_READING,S25,,,,,,,,CURRENT,2.29835,A,,
668,76396,SENSOR,,SENSOR_READING,S25,,,,,,,,TORQUE,0.928515,Nm,,
669,77223,SENSOR,,SENSOR_READING,S17,,,,,,,,VIBRATION,0.165993,g,,
670,77223,SENSOR,,SENSOR_READING,S17,,,,,,,,TEMPERATURE,39.2486,C,,
671,77223,SENSOR,,SENSOR_READING,S17,,,,,,,,CURRENT,1.91703,A,,
672,77223,SENSOR,,SENSOR_READING,S17,,,,,,,,TORQUE,0.544778,Nm,,
673,78647,SENSOR,,SENSOR_READING,S05,,,,,,,,VIBRATION,0.384099,g,,
674,78647,SENSOR,,SENSOR_READING,S05,,,,,,,,TEMPERATURE,39.666,C,,
675,78647,SENSOR,,SENSOR_READING,S05,,,,,,,,CURRENT,2.40768,A,,
676,78647,SENSOR,,SENSOR_READING,S05,,,,,,,,TORQUE,0.315144,Nm,,
677,78653,SENSOR,,SENSOR_READING,S28,,,,,,,,VIBRATION,0.198613,g,,
678,78653,SENSOR,,SENSOR_READING,S28,,,,,,,,TEMPERATURE,39.1611,C,,
679,78653,SENSOR,,SENSOR_READING,S28,,,,,,,,CURRENT,2.20695,A,,
680,78653,SENSOR,,SENSOR_READING,S28,,,,,,,,TORQUE,0,Nm,,
681,79045,SENSOR,,SENSOR_READING,S22,,,,,,,,VIBRATION,0.175308,g,,
682,79045,SENSOR,,SENSOR_READING,S22,,,,,,,,TEMPERATURE,39.0066,C,,
683,79045,SENSOR,,SENSOR_READING,S22,,,,,,,,CURRENT,2.30614,A,,
684,79045,SENSOR,,SENSOR_READING,S22,,,,,,,,TORQUE,0,Nm,,
685,79088,SENSOR,,SENSOR_READING,S02,,,,,,,,VIBRATION,1.11063,g,,
686,79088,SENSOR,,SENSOR_READING,S02,,,,,,,,TEMPERATURE,50.2354,C,,
687,79088,SENSOR,,SENSOR_READING,S02,,,,,,,,CURRENT,14.5112,A,,
688,79088,SENSOR,,SENSOR_READING,S02,,,,,,,,TORQUE,54.8724,Nm,,
689,79307,SENSOR,,SENSOR_READING,S11,,,,,,,,VIBRATION,0.232689,g,,
690,79307,SENSOR,,SENSOR_READING,S11,,,,,,,,TEMPERATURE,39.6205,C,,
691,79307,SENSOR,,SENSOR_READING,S11,,,,,,,,CURRENT,2.2633,A,,
692,79307,SENSOR,,SENSOR_READING,S11,,,,,,,,TORQUE,0,Nm,,
693,79320,SENSOR,,SENSOR_READING,S26,,,,,,,,VIBRATION,0.192498,g,,
694,79320,SENSOR,,SENSOR_READING,S26,,,,,,,,TEMPERATURE,39.3776,C,,
695,79320,SENSOR,,SENSOR_READING,S26,,,,,,,,CURRENT,2.0421,A,,
696,79320,SENSOR,,SENSOR_READING,S26,,,,,,,,TORQUE,0,Nm,,
697,80171,SENSOR,,SENSOR_READING,S15,,,,,,,,VIBRATION,0.184911,g,,
698,80171,SENSOR,,SENSOR_READING,S15,,,,,,,,TEMPERATURE,39.2798,C,,
699,80171,SENSOR,,SENSOR_READING,S15,,,,,,,,CURRENT,2.27087,A,,
700,80171,SENSOR,,SENSOR_READING,S15,,,,,,,,TORQUE,0,Nm,,
701,80275,SENSOR,,SENSOR_READING,S06,,,,,,,,VIBRATION,0.106523,g,,
702,80275,SENSOR,,SENSOR_READING,S06,,,,,,,,TEMPERATURE,39.185,C,,
703,80275,SENSOR,,SENSOR_READING,S06,,,,,,,,CURRENT,2.15679,A,,
704,80275,SENSOR,,SENSOR_READING,S06,,,,,,,,TORQUE,0.0368781,Nm,,
705,80477,SENSOR,,SENSOR_READING,S19,,,,,,,,VIBRATION,0.192154,g,,
706,80477,SENSOR,,SENSOR_READING,S19,,,,,,,,TEMPERATURE,39.3367,C,,
707,80477,SENSOR,,SENSOR_READING,S19,,,,,,,,CURRENT,2.20858,A,,
708,80477,SENSOR,,SENSOR_READING,S19,,,,,,,,TORQUE,0.177582,Nm,,
709,80515,SENSOR,,SENSOR_READING,S29,,,,,,,,VIBRATION,0.186213,g,,
710,80515,SENSOR,,SENSOR_READING,S29,,,,,,,,TEMPERATURE,39.4051,C,,
711,80515,SENSOR,,SENSOR_READING,S29,,,,,,,,CURRENT,2.3054,A,,
712,80515,SENSOR,,SENSOR_READING,S29,,,,,,,,TORQUE,0,Nm,,
713,80740,STATION,EV000009,PROCESSING_COMPLETED,S02,U000001,1,PROCESSING,,44081,,,,,,,
714,80740,STATION,EV000010,UNIT_ARRIVED,S03,U000001,1,,,,,,,,,,
715,80740,STATION,EV000011,PROCESSING_STARTED,S03,U000001,0,IDLE,PROCESSING,43062,,,,,,,
716,80740,STATION,EV000012,PROCESSING_STARTED,S02,U000002,0,IDLE,PROCESSING,33829,,,,,,,
717,80914,SENSOR,,SENSOR_READING,S23,,,,,,,,VIBRATION,0.113193,g,,
718,80914,SENSOR,,SENSOR_READING,S23,,,,,,,,TEMPERATURE,39.2247,C,,
719,80914,SENSOR,,SENSOR_READING,S23,,,,,,,,CURRENT,2.03241,A,,
720,80914,SENSOR,,SENSOR_READING,S23,,,,,,,,TORQUE,0.293607,Nm,,
721,80982,SENSOR,,SENSOR_READING,S07,,,,,,,,VIBRATION,0.134284,g,,
722,80982,SENSOR,,SENSOR_READING,S07,,,,,,,,TEMPERATURE,38.9444,C,,
723,80982,SENSOR,,SENSOR_READING,S07,,,,,,,,CURRENT,2.19638,A,,
724,80982,SENSOR,,SENSOR_READING,S07,,,,,,,,TORQUE,0,Nm,,
725,81014,SENSOR,,SENSOR_READING,S12,,,,,,,,VIBRATION,0.152982,g,,
726,81014,SENSOR,,SENSOR_READING,S12,,,,,,,,TEMPERATURE,39.0973,C,,
727,81014,SENSOR,,SENSOR_READING,S12,,,,,,,,CURRENT,2.2588,A,,
728,81014,SENSOR,,SENSOR_READING,S12,,,,,,,,TORQUE,0,Nm,,
729,81199,SENSOR,,SENSOR_READING,S21,,,,,,,,VIBRATION,0.215784,g,,
730,81199,SENSOR,,SENSOR_READING,S21,,,,,,,,TEMPERATURE,39.7373,C,,
731,81250,SENSOR,,SENSOR_READING,S16,,,,,,,,VIBRATION,0.158464,g,,
732,81250,SENSOR,,SENSOR_READING,S16,,,,,,,,TEMPERATURE,40.0437,C,,
733,81250,SENSOR,,SENSOR_READING,S16,,,,,,,,CURRENT,2.33538,A,,
734,81250,SENSOR,,SENSOR_READING,S16,,,,,,,,TORQUE,1.15263,Nm,,
735,81291,SENSOR,,SENSOR_READING,S01,,,,,,,,VIBRATION,1.12914,g,,
736,81291,SENSOR,,SENSOR_READING,S01,,,,,,,,TEMPERATURE,54.1242,C,,
737,81291,SENSOR,,SENSOR_READING,S01,,,,,,,,CURRENT,14.4195,A,,
738,81291,SENSOR,,SENSOR_READING,S01,,,,,,,,TORQUE,54.809,Nm,,
739,81294,SENSOR,,SENSOR_READING,S20,,,,,,,,VIBRATION,0.194805,g,,
740,81294,SENSOR,,SENSOR_READING,S20,,,,,,,,TEMPERATURE,39.3122,C,,
741,81294,SENSOR,,SENSOR_READING,S20,,,,,,,,CURRENT,2.20448,A,,
742,81294,SENSOR,,SENSOR_READING,S20,,,,,,,,TORQUE,0,Nm,,
743,82137,SENSOR,,SENSOR_READING,S03,,,,,,,,VIBRATION,0.746052,g,,
744,82137,SENSOR,,SENSOR_READING,S03,,,,,,,,TEMPERATURE,41.964,C,,
745,82137,SENSOR,,SENSOR_READING,S03,,,,,,,,CURRENT,12.6493,A,,
746,82137,SENSOR,,SENSOR_READING,S03,,,,,,,,TORQUE,38.1186,Nm,,
747,86498,SENSOR,,SENSOR_READING,S32,,,,,,,,VIBRATION,0.157449,g,,
748,86498,SENSOR,,SENSOR_READING,S32,,,,,,,,TEMPERATURE,39.1339,C,,
749,86995,SENSOR,,SENSOR_READING,S25,,,,,,,,VIBRATION,0.210407,g,,
750,86995,SENSOR,,SENSOR_READING,S25,,,,,,,,TEMPERATURE,39.1064,C,,
751,86995,SENSOR,,SENSOR_READING,S25,,,,,,,,CURRENT,2.31627,A,,
752,86995,SENSOR,,SENSOR_READING,S25,,,,,,,,TORQUE,0.261723,Nm,,
753,87674,SENSOR,,SENSOR_READING,S10,,,,,,,,VIBRATION,0.156613,g,,
754,87674,SENSOR,,SENSOR_READING,S10,,,,,,,,TEMPERATURE,39.7069,C,,
755,88208,SENSOR,,SENSOR_READING,S17,,,,,,,,VIBRATION,0.190921,g,,
756,88208,SENSOR,,SENSOR_READING,S17,,,,,,,,TEMPERATURE,39.2191,C,,
757,88208,SENSOR,,SENSOR_READING,S17,,,,,,,,CURRENT,1.98429,A,,
758,88208,SENSOR,,SENSOR_READING,S17,,,,,,,,TORQUE,0.0994931,Nm,,
759,88313,SENSOR,,SENSOR_READING,S11,,,,,,,,VIBRATION,0.204097,g,,
760,88313,SENSOR,,SENSOR_READING,S11,,,,,,,,TEMPERATURE,39.8882,C,,
761,88313,SENSOR,,SENSOR_READING,S11,,,,,,,,CURRENT,2.18741,A,,
762,88313,SENSOR,,SENSOR_READING,S11,,,,,,,,TORQUE,0.848427,Nm,,
763,88443,SENSOR,,SENSOR_READING,S14,,,,,,,,VIBRATION,0.192908,g,,
764,88443,SENSOR,,SENSOR_READING,S14,,,,,,,,TEMPERATURE,40.0759,C,,
765,88722,SENSOR,,SENSOR_READING,S31,,,,,,,,VIBRATION,0.19905,g,,
766,88722,SENSOR,,SENSOR_READING,S31,,,,,,,,TEMPERATURE,39.3677,C,,
767,89069,SENSOR,,SENSOR_READING,S22,,,,,,,,VIBRATION,0.130394,g,,
768,89069,SENSOR,,SENSOR_READING,S22,,,,,,,,TEMPERATURE,38.9404,C,,
769,89069,SENSOR,,SENSOR_READING,S22,,,,,,,,CURRENT,2.14517,A,,
770,89069,SENSOR,,SENSOR_READING,S22,,,,,,,,TORQUE,0,Nm,,
771,89219,SENSOR,,SENSOR_READING,S09,,,,,,,,VIBRATION,0.190182,g,,
772,89219,SENSOR,,SENSOR_READING,S09,,,,,,,,TEMPERATURE,39.7056,C,,
773,89265,SENSOR,,SENSOR_READING,S04,,,,,,,,VIBRATION,0.157947,g,,
774,89265,SENSOR,,SENSOR_READING,S04,,,,,,,,TEMPERATURE,39.4541,C,,
775,89559,SENSOR,,SENSOR_READING,S02,,,,,,,,VIBRATION,1.18431,g,,
776,89559,SENSOR,,SENSOR_READING,S02,,,,,,,,TEMPERATURE,51.4193,C,,
777,89559,SENSOR,,SENSOR_READING,S02,,,,,,,,CURRENT,14.6595,A,,
778,89559,SENSOR,,SENSOR_READING,S02,,,,,,,,TORQUE,54.9344,Nm,,
779,89667,SENSOR,,SENSOR_READING,S28,,,,,,,,VIBRATION,0.21017,g,,
780,89667,SENSOR,,SENSOR_READING,S28,,,,,,,,TEMPERATURE,39.1351,C,,
781,89667,SENSOR,,SENSOR_READING,S28,,,,,,,,CURRENT,2.22004,A,,
782,89667,SENSOR,,SENSOR_READING,S28,,,,,,,,TORQUE,0.317204,Nm,,
783,89791,SENSOR,,SENSOR_READING,S26,,,,,,,,VIBRATION,0.198309,g,,
784,89791,SENSOR,,SENSOR_READING,S26,,,,,,,,TEMPERATURE,39.1745,C,,
785,89791,SENSOR,,SENSOR_READING,S26,,,,,,,,CURRENT,2.27149,A,,
786,89791,SENSOR,,SENSOR_READING,S26,,,,,,,,TORQUE,0.610036,Nm,,
787,89843,SENSOR,,SENSOR_READING,S05,,,,,,,,VIBRATION,0.31962,g,,
788,89843,SENSOR,,SENSOR_READING,S05,,,,,,,,TEMPERATURE,39.5979,C,,
789,89843,SENSOR,,SENSOR_READING,S05,,,,,,,,CURRENT,2.15605,A,,
790,89843,SENSOR,,SENSOR_READING,S05,,,,,,,,TORQUE,0.306964,Nm,,
791,89856,SENSOR,,SENSOR_READING,S15,,,,,,,,VIBRATION,0.173229,g,,
792,89856,SENSOR,,SENSOR_READING,S15,,,,,,,,TEMPERATURE,39.38,C,,
793,89856,SENSOR,,SENSOR_READING,S15,,,,,,,,CURRENT,2.27389,A,,
794,89856,SENSOR,,SENSOR_READING,S15,,,,,,,,TORQUE,0.614906,Nm,,
795,89946,SENSOR,,SENSOR_READING,S06,,,,,,,,VIBRATION,0.108142,g,,
796,89946,SENSOR,,SENSOR_READING,S06,,,,,,,,TEMPERATURE,39.2352,C,,
797,89946,SENSOR,,SENSOR_READING,S06,,,,,,,,CURRENT,2.29559,A,,
798,89946,SENSOR,,SENSOR_READING,S06,,,,,,,,TORQUE,0.67182,Nm,,
799,89975,SENSOR,,SENSOR_READING,S19,,,,,,,,VIBRATION,0.157847,g,,
800,89975,SENSOR,,SENSOR_READING,S19,,,,,,,,TEMPERATURE,39.2976,C,,
801,89975,SENSOR,,SENSOR_READING,S19,,,,,,,,CURRENT,2.14861,A,,
802,89975,SENSOR,,SENSOR_READING,S19,,,,,,,,TORQUE,0.268547,Nm,,
803,90297,SENSOR,,SENSOR_READING,S29,,,,,,,,VIBRATION,0.157632,g,,
804,90297,SENSOR,,SENSOR_READING,S29,,,,,,,,TEMPERATURE,39.2324,C,,
805,90297,SENSOR,,SENSOR_READING,S29,,,,,,,,CURRENT,2.25227,A,,
806,90297,SENSOR,,SENSOR_READING,S29,,,,,,,,TORQUE,0.448402,Nm,,
807,90868,SENSOR,,SENSOR_READING,S23,,,,,,,,VIBRATION,0.197082,g,,
808,90868,SENSOR,,SENSOR_READING,S23,,,,,,,,TEMPERATURE,39.3003,C,,
809,90868,SENSOR,,SENSOR_READING,S23,,,,,,,,CURRENT,2.20326,A,,
810,90868,SENSOR,,SENSOR_READING,S23,,,,,,,,TORQUE,0,Nm,,
811,91030,SENSOR,,SENSOR_READING,S16,,,,,,,,VIBRATION,0.180706,g,,
812,91030,SENSOR,,SENSOR_READING,S16,,,,,,,,TEMPERATURE,39.8517,C,,
813,91030,SENSOR,,SENSOR_READING,S16,,,,,,,,CURRENT,2.21363,A,,
814,91030,SENSOR,,SENSOR_READING,S16,,,,,,,,TORQUE,0,Nm,,
815,91061,SENSOR,,SENSOR_READING,S07,,,,,,,,VIBRATION,0.126911,g,,
816,91061,SENSOR,,SENSOR_READING,S07,,,,,,,,TEMPERATURE,38.8678,C,,
817,91061,SENSOR,,SENSOR_READING,S07,,,,,,,,CURRENT,2.25942,A,,
818,91061,SENSOR,,SENSOR_READING,S07,,,,,,,,TORQUE,0,Nm,,
819,91130,SENSOR,,SENSOR_READING,S12,,,,,,,,VIBRATION,0.186207,g,,
820,91130,SENSOR,,SENSOR_READING,S12,,,,,,,,TEMPERATURE,38.9489,C,,
821,91130,SENSOR,,SENSOR_READING,S12,,,,,,,,CURRENT,2.24845,A,,
822,91130,SENSOR,,SENSOR_READING,S12,,,,,,,,TORQUE,0,Nm,,
823,91997,SENSOR,,SENSOR_READING,S20,,,,,,,,VIBRATION,0.179941,g,,
824,91997,SENSOR,,SENSOR_READING,S20,,,,,,,,TEMPERATURE,39.1726,C,,
825,91997,SENSOR,,SENSOR_READING,S20,,,,,,,,CURRENT,2.27211,A,,
826,91997,SENSOR,,SENSOR_READING,S20,,,,,,,,TORQUE,0,Nm,,
827,91998,SENSOR,,SENSOR_READING,S01,,,,,,,,VIBRATION,1.0479,g,,
828,91998,SENSOR,,SENSOR_READING,S01,,,,,,,,TEMPERATURE,54.9718,C,,
829,91998,SENSOR,,SENSOR_READING,S01,,,,,,,,CURRENT,14.6736,A,,
830,91998,SENSOR,,SENSOR_READING,S01,,,,,,,,TORQUE,55.7565,Nm,,
831,92479,SENSOR,,SENSOR_READING,S27,,,,,,,,VIBRATION,0.245804,g,,
832,92479,SENSOR,,SENSOR_READING,S27,,,,,,,,TEMPERATURE,39.7707,C,,
833,93269,SENSOR,,SENSOR_READING,S03,,,,,,,,VIBRATION,0.954675,g,,
834,93269,SENSOR,,SENSOR_READING,S03,,,,,,,,TEMPERATURE,44.1277,C,,
835,93269,SENSOR,,SENSOR_READING,S03,,,,,,,,CURRENT,14.2082,A,,
836,93269,SENSOR,,SENSOR_READING,S03,,,,,,,,TORQUE,50.4469,Nm,,
837,97190,SENSOR,,SENSOR_READING,S17,,,,,,,,VIBRATION,0.208964,g,,
838,97190,SENSOR,,SENSOR_READING,S17,,,,,,,,TEMPERATURE,39.32,C,,
839,97190,SENSOR,,SENSOR_READING,S17,,,,,,,,CURRENT,1.96159,A,,
840,97190,SENSOR,,SENSOR_READING,S17,,,,,,,,TORQUE,0.729586,Nm,,
841,97928,SENSOR,,SENSOR_READING,S25,,,,,,,,VIBRATION,0.225902,g,,
842,97928,SENSOR,,SENSOR_READING,S25,,,,,,,,TEMPERATURE,38.9994,C,,
843,97928,SENSOR,,SENSOR_READING,S25,,,,,,,,CURRENT,2.10747,A,,
844,97928,SENSOR,,SENSOR_READING,S25,,,,,,,,TORQUE,0.0765424,Nm,,
845,98371,SENSOR,,SENSOR_READING,S22,,,,,,,,VIBRATION,0.159414,g,,
846,98371,SENSOR,,SENSOR_READING,S22,,,,,,,,TEMPERATURE,39.0539,C,,
847,98371,SENSOR,,SENSOR_READING,S22,,,,,,,,CURRENT,2.16663,A,,
848,98371,SENSOR,,SENSOR_READING,S22,,,,,,,,TORQUE,0,Nm,,
849,98681,SENSOR,,SENSOR_READING,S05,,,,,,,,VIBRATION,0.296579,g,,
850,98681,SENSOR,,SENSOR_READING,S05,,,,,,,,TEMPERATURE,39.6059,C,,
851,98681,SENSOR,,SENSOR_READING,S05,,,,,,,,CURRENT,2.16969,A,,
852,98681,SENSOR,,SENSOR_READING,S05,,,,,,,,TORQUE,0.33326,Nm,,
853,99030,SENSOR,,SENSOR_READING,S11,,,,,,,,VIBRATION,0.2417,g,,
854,99030,SENSOR,,SENSOR_READING,S11,,,,,,,,TEMPERATURE,39.9096,C,,
855,99030,SENSOR,,SENSOR_READING,S11,,,,,,,,CURRENT,2.15705,A,,
856,99030,SENSOR,,SENSOR_READING,S11,,,,,,,,TORQUE,0.71063,Nm,,
857,99745,SENSOR,,SENSOR_READING,S19,,,,,,,,VIBRATION,0.165749,g,,
858,99745,SENSOR,,SENSOR_READING,S19,,,,,,,,TEMPERATURE,39.0173,C,,
859,99745,SENSOR,,SENSOR_READING,S19,,,,,,,,CURRENT,2.26953,A,,
860,99745,SENSOR,,SENSOR_READING,S19,,,,,,,,TORQUE,0,Nm,,
861,99934,SENSOR,,SENSOR_READING,S02,,,,,,,,VIBRATION,1.22192,g,,
862,99934,SENSOR,,SENSOR_READING,S02,,,,,,,,TEMPERATURE,52.6343,C,,
863,99934,SENSOR,,SENSOR_READING,S02,,,,,,,,CURRENT,14.5238,A,,
864,99934,SENSOR,,SENSOR_READING,S02,,,,,,,,TORQUE,55.6851,Nm,,
865,99978,SENSOR,,SENSOR_READING,S06,,,,,,,,VIBRATION,0.142824,g,,
866,99978,SENSOR,,SENSOR_READING,S06,,,,,,,,TEMPERATURE,39.3224,C,,
867,99978,SENSOR,,SENSOR_READING,S06,,,,,,,,CURRENT,2.18425,A,,
868,99978,SENSOR,,SENSOR_READING,S06,,,,,,,,TORQUE,0.0750488,Nm,,
869,100048,SENSOR,,SENSOR_READING,S12,,,,,,,,VIBRATION,0.11503,g,,
870,100048,SENSOR,,SENSOR_READING,S12,,,,,,,,TEMPERATURE,38.8912,C,,
871,100048,SENSOR,,SENSOR_READING,S12,,,,,,,,CURRENT,2.27376,A,,
872,100048,SENSOR,,SENSOR_READING,S12,,,,,,,,TORQUE,0,Nm,,
873,100090,SENSOR,,SENSOR_READING,S07,,,,,,,,VIBRATION,0.190748,g,,
874,100090,SENSOR,,SENSOR_READING,S07,,,,,,,,TEMPERATURE,38.4596,C,,
875,100090,SENSOR,,SENSOR_READING,S07,,,,,,,,CURRENT,2.38408,A,,
876,100090,SENSOR,,SENSOR_READING,S07,,,,,,,,TORQUE,0,Nm,,
877,100170,SENSOR,,SENSOR_READING,S28,,,,,,,,VIBRATION,0.234162,g,,
878,100170,SENSOR,,SENSOR_READING,S28,,,,,,,,TEMPERATURE,38.9705,C,,
879,100170,SENSOR,,SENSOR_READING,S28,,,,,,,,CURRENT,2.16242,A,,
880,100170,SENSOR,,SENSOR_READING,S28,,,,,,,,TORQUE,0.562487,Nm,,
881,100496,SENSOR,,SENSOR_READING,S26,,,,,,,,VIBRATION,0.212073,g,,
882,100496,SENSOR,,SENSOR_READING,S26,,,,,,,,TEMPERATURE,39.1445,C,,
883,100496,SENSOR,,SENSOR_READING,S26,,,,,,,,CURRENT,2.02366,A,,
884,100496,SENSOR,,SENSOR_READING,S26,,,,,,,,TORQUE,0,Nm,,
885,100558,SENSOR,,SENSOR_READING,S23,,,,,,,,VIBRATION,0.180434,g,,
886,100558,SENSOR,,SENSOR_READING,S23,,,,,,,,TEMPERATURE,39.1499,C,,
887,100558,SENSOR,,SENSOR_READING,S23,,,,,,,,CURRENT,2.37859,A,,
888,100558,SENSOR,,SENSOR_READING,S23,,,,,,,,TORQUE,0,Nm,,
889,100816,SENSOR,,SENSOR_READING,S15,,,,,,,,VIBRATION,0.182778,g,,
890,100816,SENSOR,,SENSOR_READING,S15,,,,,,,,TEMPERATURE,39.5238,C,,
891,100816,SENSOR,,SENSOR_READING,S15,,,,,,,,CURRENT,2.06965,A,,
892,100816,SENSOR,,SENSOR_READING,S15,,,,,,,,TORQUE,0.361377,Nm,,
893,101471,SENSOR,,SENSOR_READING,S20,,,,,,,,VIBRATION,0.257904,g,,
894,101471,SENSOR,,SENSOR_READING,S20,,,,,,,,TEMPERATURE,39.1719,C,,
895,101471,SENSOR,,SENSOR_READING,S20,,,,,,,,CURRENT,2.30619,A,,
896,101471,SENSOR,,SENSOR_READING,S20,,,,,,,,TORQUE,0,Nm,,
897,101489,SENSOR,,SENSOR_READING,S29,,,,,,,,VIBRATION,0.193166,g,,
898,101489,SENSOR,,SENSOR_READING,S29,,,,,,,,TEMPERATURE,39.0474,C,,
899,101489,SENSOR,,SENSOR_READING,S29,,,,,,,,CURRENT,1.98336,A,,
900,101489,SENSOR,,SENSOR_READING,S29,,,,,,,,TORQUE,0,Nm,,
901,101852,SENSOR,,SENSOR_READING,S16,,,,,,,,VIBRATION,0.19684,g,,
902,101852,SENSOR,,SENSOR_READING,S16,,,,,,,,TEMPERATURE,39.8009,C,,
903,101852,SENSOR,,SENSOR_READING,S16,,,,,,,,CURRENT,2.05451,A,,
904,101852,SENSOR,,SENSOR_READING,S16,,,,,,,,TORQUE,0.8345,Nm,,
905,101905,SENSOR,,SENSOR_READING,S01,,,,,,,,VIBRATION,1.11005,g,,
906,101905,SENSOR,,SENSOR_READING,S01,,,,,,,,TEMPERATURE,55.8261,C,,
907,101905,SENSOR,,SENSOR_READING,S01,,,,,,,,CURRENT,14.4436,A,,
908,101905,SENSOR,,SENSOR_READING,S01,,,,,,,,TORQUE,55.1759,Nm,,
909,104386,SENSOR,,SENSOR_READING,S03,,,,,,,,VIBRATION,1.12983,g,,
910,104386,SENSOR,,SENSOR_READING,S03,,,,,,,,TEMPERATURE,46.0128,C,,
911,104386,SENSOR,,SENSOR_READING,S03,,,,,,,,CURRENT,14.6489,A,,
912,104386,SENSOR,,SENSOR_READING,S03,,,,,,,,TORQUE,53.9667,Nm,,
913,107266,SENSOR,,SENSOR_READING,S17,,,,,,,,VIBRATION,0.199607,g,,
914,107266,SENSOR,,SENSOR_READING,S17,,,,,,,,TEMPERATURE,39.431,C,,
915,107266,SENSOR,,SENSOR_READING,S17,,,,,,,,CURRENT,2.23898,A,,
916,107266,SENSOR,,SENSOR_READING,S17,,,,,,,,TORQUE,0,Nm,,
917,107590,SENSOR,,SENSOR_READING,S22,,,,,,,,VIBRATION,0.22189,g,,
918,107590,SENSOR,,SENSOR_READING,S22,,,,,,,,TEMPERATURE,39.1653,C,,
919,107590,SENSOR,,SENSOR_READING,S22,,,,,,,,CURRENT,2.34507,A,,
920,107590,SENSOR,,SENSOR_READING,S22,,,,,,,,TORQUE,0.436278,Nm,,
921,107988,SENSOR,,SENSOR_READING,S05,,,,,,,,VIBRATION,0.284294,g,,
922,107988,SENSOR,,SENSOR_READING,S05,,,,,,,,TEMPERATURE,39.8414,C,,
923,107988,SENSOR,,SENSOR_READING,S05,,,,,,,,CURRENT,2.4669,A,,
924,107988,SENSOR,,SENSOR_READING,S05,,,,,,,,TORQUE,0,Nm,,
925,108022,SENSOR,,SENSOR_READING,S25,,,,,,,,VIBRATION,0.186749,g,,
926,108022,SENSOR,,SENSOR_READING,S25,,,,,,,,TEMPERATURE,38.9116,C,,
927,108022,SENSOR,,SENSOR_READING,S25,,,,,,,,CURRENT,2.32766,A,,
928,108022,SENSOR,,SENSOR_READING,S25,,,,,,,,TORQUE,0.435548,Nm,,
929,109756,SENSOR,,SENSOR_READING,S11,,,,,,,,VIBRATION,0.239759,g,,
930,109756,SENSOR,,SENSOR_READING,S11,,,,,,,,TEMPERATURE,40.0045,C,,
931,109756,SENSOR,,SENSOR_READING,S11,,,,,,,,CURRENT,2.05376,A,,
932,109756,SENSOR,,SENSOR_READING,S11,,,,,,,,TORQUE,0.22396,Nm,,
933,109793,SENSOR,,SENSOR_READING,S28,,,,,,,,VIBRATION,0.204084,g,,
934,109793,SENSOR,,SENSOR_READING,S28,,,,,,,,TEMPERATURE,38.8642,C,,
935,109793,SENSOR,,SENSOR_READING,S28,,,,,,,,CURRENT,2.13823,A,,
936,109793,SENSOR,,SENSOR_READING,S28,,,,,,,,TORQUE,0.290595,Nm,,
937,110105,SENSOR,,SENSOR_READING,S07,,,,,,,,VIBRATION,0.205582,g,,
938,110105,SENSOR,,SENSOR_READING,S07,,,,,,,,TEMPERATURE,38.3112,C,,
939,110105,SENSOR,,SENSOR_READING,S07,,,,,,,,CURRENT,2.06092,A,,
940,110105,SENSOR,,SENSOR_READING,S07,,,,,,,,TORQUE,0,Nm,,
941,110112,SENSOR,,SENSOR_READING,S06,,,,,,,,VIBRATION,0.126591,g,,
942,110112,SENSOR,,SENSOR_READING,S06,,,,,,,,TEMPERATURE,39.2896,C,,
943,110112,SENSOR,,SENSOR_READING,S06,,,,,,,,CURRENT,2.24659,A,,
944,110112,SENSOR,,SENSOR_READING,S06,,,,,,,,TORQUE,0,Nm,,
945,110162,SENSOR,,SENSOR_READING,S23,,,,,,,,VIBRATION,0.176845,g,,
946,110162,SENSOR,,SENSOR_READING,S23,,,,,,,,TEMPERATURE,39.3371,C,,
947,110162,SENSOR,,SENSOR_READING,S23,,,,,,,,CURRENT,2.38208,A,,
948,110162,SENSOR,,SENSOR_READING,S23,,,,,,,,TORQUE,0.0267359,Nm,,
949,110318,SENSOR,,SENSOR_READING,S19,,,,,,,,VIBRATION,0.19369,g,,
950,110318,SENSOR,,SENSOR_READING,S19,,,,,,,,TEMPERATURE,39.2506,C,,
951,110318,SENSOR,,SENSOR_READING,S19,,,,,,,,CURRENT,2.20468,A,,
952,110318,SENSOR,,SENSOR_READING,S19,,,,,,,,TORQUE,0.00907649,Nm,,
953,110334,SENSOR,,SENSOR_READING,S26,,,,,,,,VIBRATION,0.186555,g,,
954,110334,SENSOR,,SENSOR_READING,S26,,,,,,,,TEMPERATURE,39.5491,C,,
955,110334,SENSOR,,SENSOR_READING,S26,,,,,,,,CURRENT,2.21483,A,,
956,110334,SENSOR,,SENSOR_READING,S26,,,,,,,,TORQUE,0,Nm,,
957,110399,SENSOR,,SENSOR_READING,S12,,,,,,,,VIBRATION,0.162214,g,,
958,110399,SENSOR,,SENSOR_READING,S12,,,,,,,,TEMPERATURE,39.1245,C,,
959,110399,SENSOR,,SENSOR_READING,S12,,,,,,,,CURRENT,2.18894,A,,
960,110399,SENSOR,,SENSOR_READING,S12,,,,,,,,TORQUE,0.184768,Nm,,
961,110492,SENSOR,,SENSOR_READING,S02,,,,,,,,VIBRATION,1.15115,g,,
962,110492,SENSOR,,SENSOR_READING,S02,,,,,,,,TEMPERATURE,53.7917,C,,
963,110492,SENSOR,,SENSOR_READING,S02,,,,,,,,CURRENT,14.425,A,,
964,110492,SENSOR,,SENSOR_READING,S02,,,,,,,,TORQUE,54.9434,Nm,,
965,111083,STATION,EV000013,PROCESSING_COMPLETED,S01,U000003,0,PROCESSING,,36655,,,,,,,
966,111083,STATION,EV000014,UNIT_ARRIVED,S02,U000003,1,,,,,,,,,,
967,111083,STATION,EV000015,PROCESSING_STARTED,S01,U000004,0,IDLE,PROCESSING,37478,,,,,,,
968,111185,SENSOR,,SENSOR_READING,S01,,,,,,,,VIBRATION,1.14253,g,,
969,111185,SENSOR,,SENSOR_READING,S01,,,,,,,,TEMPERATURE,56.0386,C,,
970,111185,SENSOR,,SENSOR_READING,S01,,,,,,,,CURRENT,14.4749,A,,
971,111185,SENSOR,,SENSOR_READING,S01,,,,,,,,TORQUE,54.9837,Nm,,
972,111408,SENSOR,,SENSOR_READING,S15,,,,,,,,VIBRATION,0.195309,g,,
973,111408,SENSOR,,SENSOR_READING,S15,,,,,,,,TEMPERATURE,39.3158,C,,
974,111408,SENSOR,,SENSOR_READING,S15,,,,,,,,CURRENT,2.16113,A,,
975,111408,SENSOR,,SENSOR_READING,S15,,,,,,,,TORQUE,0.168951,Nm,,
976,111424,SENSOR,,SENSOR_READING,S29,,,,,,,,VIBRATION,0.203374,g,,
977,111424,SENSOR,,SENSOR_READING,S29,,,,,,,,TEMPERATURE,39.0801,C,,
978,111424,SENSOR,,SENSOR_READING,S29,,,,,,,,CURRENT,2.22669,A,,
979,111424,SENSOR,,SENSOR_READING,S29,,,,,,,,TORQUE,0.386461,Nm,,
980,112257,SENSOR,,SENSOR_READING,S21,,,,,,,,VIBRATION,0.212886,g,,
981,112257,SENSOR,,SENSOR_READING,S21,,,,,,,,TEMPERATURE,39.5849,C,,
982,112459,SENSOR,,SENSOR_READING,S20,,,,,,,,VIBRATION,0.177861,g,,
983,112459,SENSOR,,SENSOR_READING,S20,,,,,,,,TEMPERATURE,39.1134,C,,
984,112459,SENSOR,,SENSOR_READING,S20,,,,,,,,CURRENT,2.03395,A,,
985,112459,SENSOR,,SENSOR_READING,S20,,,,,,,,TORQUE,0.72353,Nm,,
986,112502,SENSOR,,SENSOR_READING,S16,,,,,,,,VIBRATION,0.275514,g,,
987,112502,SENSOR,,SENSOR_READING,S16,,,,,,,,TEMPERATURE,39.5323,C,,
988,112502,SENSOR,,SENSOR_READING,S16,,,,,,,,CURRENT,2.22426,A,,
989,112502,SENSOR,,SENSOR_READING,S16,,,,,,,,TORQUE,0,Nm,,
990,114471,SENSOR,,SENSOR_READING,S03,,,,,,,,VIBRATION,1.16413,g,,
991,114471,SENSOR,,SENSOR_READING,S03,,,,,,,,TEMPERATURE,48.0225,C,,
992,114471,SENSOR,,SENSOR_READING,S03,,,,,,,,CURRENT,14.4717,A,,
993,114471,SENSOR,,SENSOR_READING,S03,,,,,,,,TORQUE,53.6467,Nm,,
994,114569,STATION,EV000016,PROCESSING_COMPLETED,S02,U000002,1,PROCESSING,,33829,,,,,,,
995,114569,STATION,EV000017,UNIT_ARRIVED,S03,U000002,1,,,,,,,,,,
996,114569,STATION,EV000018,PROCESSING_STARTED,S02,U000003,0,IDLE,PROCESSING,36456,,,,,,,
997,115824,SENSOR,,SENSOR_READING,S10,,,,,,,,VIBRATION,0.200228,g,,
998,115824,SENSOR,,SENSOR_READING,S10,,,,,,,,TEMPERATURE,39.5993,C,,
999,115908,SENSOR,,SENSOR_READING,S04,,,,,,,,VIBRATION,0.204285,g,,
1000,115908,SENSOR,,SENSOR_READING,S04,,,,,,,,TEMPERATURE,39.301,C,,
1001,116639,SENSOR,,SENSOR_READING,S22,,,,,,,,VIBRATION,0.207921,g,,
1002,116639,SENSOR,,SENSOR_READING,S22,,,,,,,,TEMPERATURE,39.384,C,,
1003,116639,SENSOR,,SENSOR_READING,S22,,,,,,,,CURRENT,2.07744,A,,
1004,116639,SENSOR,,SENSOR_READING,S22,,,,,,,,TORQUE,0,Nm,,
1005,117271,SENSOR,,SENSOR_READING,S17,,,,,,,,VIBRATION,0.188174,g,,
1006,117271,SENSOR,,SENSOR_READING,S17,,,,,,,,TEMPERATURE,39.4188,C,,
1007,117271,SENSOR,,SENSOR_READING,S17,,,,,,,,CURRENT,2.29268,A,,
1008,117271,SENSOR,,SENSOR_READING,S17,,,,,,,,TORQUE,0.51077,Nm,,
1009,117327,SENSOR,,SENSOR_READING,S05,,,,,,,,VIBRATION,0.259465,g,,
1010,117327,SENSOR,,SENSOR_READING,S05,,,,,,,,TEMPERATURE,39.5944,C,,
1011,117327,SENSOR,,SENSOR_READING,S05,,,,,,,,CURRENT,2.29968,A,,
1012,117327,SENSOR,,SENSOR_READING,S05,,,,,,,,TORQUE,0,Nm,,
1013,118301,SENSOR,,SENSOR_READING,S25,,,,,,,,VIBRATION,0.225772,g,,
1014,118301,SENSOR,,SENSOR_READING,S25,,,,,,,,TEMPERATURE,38.7865,C,,
1015,118301,SENSOR,,SENSOR_READING,S25,,,,,,,,CURRENT,2.2312,A,,
1016,118301,SENSOR,,SENSOR_READING,S25,,,,,,,,TORQUE,0.744839,Nm,,
1017,118397,SENSOR,,SENSOR_READING,S32,,,,,,,,VIBRATION,0.121284,g,,
1018,118397,SENSOR,,SENSOR_READING,S32,,,,,,,,TEMPERATURE,39.1536,C,,
1019,118907,SENSOR,,SENSOR_READING,S14,,,,,,,,VIBRATION,0.165272,g,,
1020,118907,SENSOR,,SENSOR_READING,S14,,,,,,,,TEMPERATURE,40.1899,C,,
1021,119157,SENSOR,,SENSOR_READING,S06,,,,,,,,VIBRATION,0.147981,g,,
1022,119157,SENSOR,,SENSOR_READING,S06,,,,,,,,TEMPERATURE,39.351,C,,
1023,119157,SENSOR,,SENSOR_READING,S06,,,,,,,,CURRENT,2.09756,A,,
1024,119157,SENSOR,,SENSOR_READING,S06,,,,,,,,TORQUE,0.473031,Nm,,
1025,119317,SENSOR,,SENSOR_READING,S11,,,,,,,,VIBRATION,0.25412,g,,
1026,119317,SENSOR,,SENSOR_READING,S11,,,,,,,,TEMPERATURE,40.017,C,,
1027,119317,SENSOR,,SENSOR_READING,S11,,,,,,,,CURRENT,2.41742,A,,
1028,119317,SENSOR,,SENSOR_READING,S11,,,,,,,,TORQUE,0.258387,Nm,,
1029,119355,SENSOR,,SENSOR_READING,S31,,,,,,,,VIBRATION,0.201565,g,,
1030,119355,SENSOR,,SENSOR_READING,S31,,,,,,,,TEMPERATURE,39.47,C,,
1031,119384,SENSOR,,SENSOR_READING,S12,,,,,,,,VIBRATION,0.169651,g,,
1032,119384,SENSOR,,SENSOR_READING,S12,,,,,,,,TEMPERATURE,39.2462,C,,
1033,119384,SENSOR,,SENSOR_READING,S12,,,,,,,,CURRENT,2.21888,A,,
1034,119384,SENSOR,,SENSOR_READING,S12,,,,,,,,TORQUE,0.292813,Nm,,
1035,119468,SENSOR,,SENSOR_READING,S07,,,,,,,,VIBRATION,0.148381,g,,
1036,119468,SENSOR,,SENSOR_READING,S07,,,,,,,,TEMPERATURE,38.4377,C,,
1037,119468,SENSOR,,SENSOR_READING,S07,,,,,,,,CURRENT,2.18414,A,,
1038,119468,SENSOR,,SENSOR_READING,S07,,,,,,,,TORQUE,0.267507,Nm,,
1039,119632,SENSOR,,SENSOR_READING,S28,,,,,,,,VIBRATION,0.180869,g,,
1040,119632,SENSOR,,SENSOR_READING,S28,,,,,,,,TEMPERATURE,38.6409,C,,
1041,119632,SENSOR,,SENSOR_READING,S28,,,,,,,,CURRENT,2.25643,A,,
1042,119632,SENSOR,,SENSOR_READING,S28,,,,,,,,TORQUE,0.0582113,Nm,,
1043,120082,SENSOR,,SENSOR_READING,S01,,,,,,,,VIBRATION,1.14437,g,,
1044,120082,SENSOR,,SENSOR_READING,S01,,,,,,,,TEMPERATURE,56.6482,C,,
1045,120082,SENSOR,,SENSOR_READING,S01,,,,,,,,CURRENT,14.4603,A,,
1046,120082,SENSOR,,SENSOR_READING,S01,,,,,,,,TORQUE,54.7721,Nm,,
1047,120105,SENSOR,,SENSOR_READING,S19,,,,,,,,VIBRATION,0.189376,g,,
1048,120105,SENSOR,,SENSOR_READING,S19,,,,,,,,TEMPERATURE,39.0952,C,,
1049,120105,SENSOR,,SENSOR_READING,S19,,,,,,,,CURRENT,2.17473,A,,
1050,120105,SENSOR,,SENSOR_READING,S19,,,,,,,,TORQUE,0,Nm,,
1051,120119,SENSOR,,SENSOR_READING,S23,,,,,,,,VIBRATION,0.204935,g,,
1052,120119,SENSOR,,SENSOR_READING,S23,,,,,,,,TEMPERATURE,39.1912,C,,
1053,120119,SENSOR,,SENSOR_READING,S23,,,,,,,,CURRENT,2.16973,A,,
1054,120119,SENSOR,,SENSOR_READING,S23,,,,,,,,TORQUE,0.0913622,Nm,,
1055,120995,SENSOR,,SENSOR_READING,S09,,,,,,,,VIBRATION,0.1434,g,,
1056,120995,SENSOR,,SENSOR_READING,S09,,,,,,,,TEMPERATURE,39.8106,C,,
1057,121172,SENSOR,,SENSOR_READING,S02,,,,,,,,VIBRATION,1.23718,g,,
1058,121172,SENSOR,,SENSOR_READING,S02,,,,,,,,TEMPERATURE,54.7113,C,,
1059,121172,SENSOR,,SENSOR_READING,S02,,,,,,,,CURRENT,14.5386,A,,
1060,121172,SENSOR,,SENSOR_READING,S02,,,,,,,,TORQUE,55.5721,Nm,,
1061,121454,SENSOR,,SENSOR_READING,S26,,,,,,,,VIBRATION,0.160585,g,,
1062,121454,SENSOR,,SENSOR_READING,S26,,,,,,,,TEMPERATURE,39.6412,C,,
1063,121454,SENSOR,,SENSOR_READING,S26,,,,,,,,CURRENT,2.28315,A,,
1064,121454,SENSOR,,SENSOR_READING,S26,,,,,,,,TORQUE,0,Nm,,
1065,121924,SENSOR,,SENSOR_READING,S20,,,,,,,,VIBRATION,0.175334,g,,
1066,121924,SENSOR,,SENSOR_READING,S20,,,,,,,,TEMPERATURE,39.215,C,,
1067,121924,SENSOR,,SENSOR_READING,S20,,,,,,,,CURRENT,2.18841,A,,
1068,121924,SENSOR,,SENSOR_READING,S20,,,,,,,,TORQUE,0,Nm,,
1069,122041,SENSOR,,SENSOR_READING,S29,,,,,,,,VIBRATION,0.162224,g,,
1070,122041,SENSOR,,SENSOR_READING,S29,,,,,,,,TEMPERATURE,39.0412,C,,
1071,122041,SENSOR,,SENSOR_READING,S29,,,,,,,,CURRENT,2.10197,A,,
1072,122041,SENSOR,,SENSOR_READING,S29,,,,,,,,TORQUE,0,Nm,,
1073,122358,SENSOR,,SENSOR_READING,S15,,,,,,,,VIBRATION,0.209603,g,,
1074,122358,SENSOR,,SENSOR_READING,S15,,,,,,,,TEMPERATURE,39.2567,C,,
1075,122358,SENSOR,,SENSOR_READING,S15,,,,,,,,CURRENT,2.28128,A,,
1076,122358,SENSOR,,SENSOR_READING,S15,,,,,,,,TORQUE,0,Nm,,
1077,122389,SENSOR,,SENSOR_READING,S16,,,,,,,,VIBRATION,0.183264,g,,
1078,122389,SENSOR,,SENSOR_READING,S16,,,,,,,,TEMPERATURE,39.6612,C,,
1079,122389,SENSOR,,SENSOR_READING,S16,,,,,,,,CURRENT,2.2718,A,,
1080,122389,SENSOR,,SENSOR_READING,S16,,,,,,,,TORQUE,0,Nm,,
1081,123802,STATION,EV000019,PROCESSING_COMPLETED,S03,U000001,1,PROCESSING,,43062,,,,,,,
1082,123802,STATION,EV000020,UNIT_ARRIVED,S04,U000001,1,,,,,,,,,,
1083,123802,STATION,EV000021,PROCESSING_STARTED,S04,U000001,0,IDLE,PROCESSING,38576,,,,,,,
1084,123802,STATION,EV000022,PROCESSING_STARTED,S03,U000002,0,IDLE,PROCESSING,42241,,,,,,,
1085,124493,SENSOR,,SENSOR_READING,S03,,,,,,,,VIBRATION,1.17188,g,,
1086,124493,SENSOR,,SENSOR_READING,S03,,,,,,,,TEMPERATURE,49.5359,C,,
1087,124493,SENSOR,,SENSOR_READING,S03,,,,,,,,CURRENT,14.4247,A,,
1088,124493,SENSOR,,SENSOR_READING,S03,,,,,,,,TORQUE,54.2975,Nm,,
1089,125165,SENSOR,,SENSOR_READING,S27,,,,,,,,VIBRATION,0.23721,g,,
1090,125165,SENSOR,,SENSOR_READING,S27,,,,,,,,TEMPERATURE,39.9259,C,,
1091,125713,SENSOR,,SENSOR_READING,S22,,,,,,,,VIBRATION,0.187056,g,,
1092,125713,SENSOR,,SENSOR_READING,S22,,,,,,,,TEMPERATURE,39.4286,C,,
1093,125713,SENSOR,,SENSOR_READING,S22,,,,,,,,CURRENT,2.0813,A,,
1094,125713,SENSOR,,SENSOR_READING,S22,,,,,,,,TORQUE,0,Nm,,
1095,127169,SENSOR,,SENSOR_READING,S05,,,,,,,,VIBRATION,0.283281,g,,
1096,127169,SENSOR,,SENSOR_READING,S05,,,,,,,,TEMPERATURE,39.876,C,,
1097,127169,SENSOR,,SENSOR_READING,S05,,,,,,,,CURRENT,2.2945,A,,
1098,127169,SENSOR,,SENSOR_READING,S05,,,,,,,,TORQUE,1.3202,Nm,,
1099,127613,SENSOR,,SENSOR_READING,S17,,,,,,,,VIBRATION,0.215305,g,,
1100,127613,SENSOR,,SENSOR_READING,S17,,,,,,,,TEMPERATURE,39.6752,C,,
1101,127613,SENSOR,,SENSOR_READING,S17,,,,,,,,CURRENT,2.10078,A,,
1102,127613,SENSOR,,SENSOR_READING,S17,,,,,,,,TORQUE,0.375933,Nm,,
1103,128480,SENSOR,,SENSOR_READING,S12,,,,,,,,VIBRATION,0.174873,g,,
1104,128480,SENSOR,,SENSOR_READING,S12,,,,,,,,TEMPERATURE,39.0931,C,,
1105,128480,SENSOR,,SENSOR_READING,S12,,,,,,,,CURRENT,2.36217,A,,
1106,128480,SENSOR,,SENSOR_READING,S12,,,,,,,,TORQUE,0.0649531,Nm,,
1107,129145,SENSOR,,SENSOR_READING,S07,,,,,,,,VIBRATION,0.176614,g,,
1108,129145,SENSOR,,SENSOR_READING,S07,,,,,,,,TEMPERATURE,38.4856,C,,
1109,129145,SENSOR,,SENSOR_READING,S07,,,,,,,,CURRENT,2.22259,A,,
1110,129145,SENSOR,,SENSOR_READING,S07,,,,,,,,TORQUE,0.958298,Nm,,
1111,129236,SENSOR,,SENSOR_READING,S25,,,,,,,,VIBRATION,0.23028,g,,
1112,129236,SENSOR,,SENSOR_READING,S25,,,,,,,,TEMPERATURE,38.5499,C,,
1113,129236,SENSOR,,SENSOR_READING,S25,,,,,,,,CURRENT,2.30042,A,,
1114,129236,SENSOR,,SENSOR_READING,S25,,,,,,,,TORQUE,0,Nm,,
1115,129485,SENSOR,,SENSOR_READING,S11,,,,,,,,VIBRATION,0.236326,g,,
1116,129485,SENSOR,,SENSOR_READING,S11,,,,,,,,TEMPERATURE,39.9866,C,,
1117,129485,SENSOR,,SENSOR_READING,S11,,,,,,,,CURRENT,2.40628,A,,
1118,129485,SENSOR,,SENSOR_READING,S11,,,,,,,,TORQUE,1.01567,Nm,,
1119,129686,SENSOR,,SENSOR_READING,S06,,,,,,,,VIBRATION,0.168059,g,,
1120,129686,SENSOR,,SENSOR_READING,S06,,,,,,,,TEMPERATURE,39.45,C,,
1121,129686,SENSOR,,SENSOR_READING,S06,,,,,,,,CURRENT,2.2659,A,,
1122,129686,SENSOR,,SENSOR_READING,S06,,,,,,,,TORQUE,0,Nm,,
1123,130464,SENSOR,,SENSOR_READING,S01,,,,,,,,VIBRATION,1.21338,g,,
1124,130464,SENSOR,,SENSOR_READING,S01,,,,,,,,TEMPERATURE,56.8299,C,,
1125,130464,SENSOR,,SENSOR_READING,S01,,,,,,,,CURRENT,14.4299,A,,
1126,130464,SENSOR,,SENSOR_READING,S01,,,,,,,,TORQUE,54.9335,Nm,,
1127,130585,SENSOR,,SENSOR_READING,S19,,,,,,,,VIBRATION,0.245571,g,,
1128,130585,SENSOR,,SENSOR_READING,S19,,,,,,,,TEMPERATURE,38.9955,C,,
1129,130585,SENSOR,,SENSOR_READING,S19,,,,,,,,CURRENT,1.92896,A,,
1130,130585,SENSOR,,SENSOR_READING,S19,,,,,,,,TORQUE,0,Nm,,
1131,130777,SENSOR,,SENSOR_READING,S28,,,,,,,,VIBRATION,0.271938,g,,
1132,130777,SENSOR,,SENSOR_READING,S28,,,,,,,,TEMPERATURE,38.5311,C,,
1133,130777,SENSOR,,SENSOR_READING,S28,,,,,,,,CURRENT,2.33851,A,,
1134,130777,SENSOR,,SENSOR_READING,S28,,,,,,,,TORQUE,0.232734,Nm,,
1135,130857,SENSOR,,SENSOR_READING,S02,,,,,,,,VIBRATION,1.13782,g,,
1136,130857,SENSOR,,SENSOR_READING,S02,,,,,,,,TEMPERATURE,55.535,C,,
1137,130857,SENSOR,,SENSOR_READING,S02,,,,,,,,CURRENT,14.5711,A,,
1138,130857,SENSOR,,SENSOR_READING,S02,,,,,,,,TORQUE,56.4926,Nm,,
1139,131058,SENSOR,,SENSOR_READING,S23,,,,,,,,VIBRATION,0.169787,g,,
1140,131058,SENSOR,,SENSOR_READING,S23,,,,,,,,TEMPERATURE,39.3554,C,,
1141,131058,SENSOR,,SENSOR_READING,S23,,,,,,,,CURRENT,1.97741,A,,
1142,131058,SENSOR,,SENSOR_READING,S23,,,,,,,,TORQUE,0.0600199,Nm,,
1143,131066,SENSOR,,SENSOR_READING,S29,,,,,,,,VIBRATION,0.184952,g,,
1144,131066,SENSOR,,SENSOR_READING,S29,,,,,,,,TEMPERATURE,38.8812,C,,
1145,131066,SENSOR,,SENSOR_READING,S29,,,,,,,,CURRENT,2.12138,A,,
1146,131066,SENSOR,,SENSOR_READING,S29,,,,,,,,TORQUE,0,Nm,,
1147,131287,SENSOR,,SENSOR_READING,S16,,,,,,,,VIBRATION,0.13161,g,,
1148,131287,SENSOR,,SENSOR_READING,S16,,,,,,,,TEMPERATURE,39.5348,C,,
1149,131287,SENSOR,,SENSOR_READING,S16,,,,,,,,CURRENT,2.24173,A,,
1150,131287,SENSOR,,SENSOR_READING,S16,,,,,,,,TORQUE,0,Nm,,
1151,131371,SENSOR,,SENSOR_READING,S15,,,,,,,,VIBRATION,0.223211,g,,
1152,131371,SENSOR,,SENSOR_READING,S15,,,,,,,,TEMPERATURE,39.1294,C,,
1153,131371,SENSOR,,SENSOR_READING,S15,,,,,,,,CURRENT,2.20774,A,,
1154,131371,SENSOR,,SENSOR_READING,S15,,,,,,,,TORQUE,0,Nm,,
1155,131844,SENSOR,,SENSOR_READING,S20,,,,,,,,VIBRATION,0.19515,g,,
1156,131844,SENSOR,,SENSOR_READING,S20,,,,,,,,TEMPERATURE,39.1767,C,,
1157,131844,SENSOR,,SENSOR_READING,S20,,,,,,,,CURRENT,2.17128,A,,
1158,131844,SENSOR,,SENSOR_READING,S20,,,,,,,,TORQUE,0.0536605,Nm,,
1159,132470,SENSOR,,SENSOR_READING,S26,,,,,,,,VIBRATION,0.152126,g,,
1160,132470,SENSOR,,SENSOR_READING,S26,,,,,,,,TEMPERATURE,39.5933,C,,
1161,132470,SENSOR,,SENSOR_READING,S26,,,,,,,,CURRENT,2.1979,A,,
1162,132470,SENSOR,,SENSOR_READING,S26,,,,,,,,TORQUE,0,Nm,,
1163,133300,SENSOR,,SENSOR_READING,S03,,,,,,,,VIBRATION,1.17443,g,,
1164,133300,SENSOR,,SENSOR_READING,S03,,,,,,,,TEMPERATURE,51.0987,C,,
1165,133300,SENSOR,,SENSOR_READING,S03,,,,,,,,CURRENT,14.5552,A,,
1166,133300,SENSOR,,SENSOR_READING,S03,,,,,,,,TORQUE,54.5545,Nm,,
1167,134576,SENSOR,,SENSOR_READING,S22,,,,,,,,VIBRATION,0.159411,g,,
1168,134576,SENSOR,,SENSOR_READING,S22,,,,,,,,TEMPERATURE,39.2802,C,,
1169,134576,SENSOR,,SENSOR_READING,S22,,,,,,,,CURRENT,2.17417,A,,
1170,134576,SENSOR,,SENSOR_READING,S22,,,,,,,,TORQUE,0,Nm,,
1171,138120,SENSOR,,SENSOR_READING,S05,,,,,,,,VIBRATION,0.315372,g,,
1172,138120,SENSOR,,SENSOR_READING,S05,,,,,,,,TEMPERATURE,40.0733,C,,
1173,138120,SENSOR,,SENSOR_READING,S05,,,,,,,,CURRENT,2.40206,A,,
1174,138120,SENSOR,,SENSOR_READING,S05,,,,,,,,TORQUE,1.29825,Nm,,
1175,138219,SENSOR,,SENSOR_READING,S17,,,,,,,,VIBRATION,0.130849,g,,
1176,138219,SENSOR,,SENSOR_READING,S17,,,,,,,,TEMPERATURE,39.9318,C,,
1177,138219,SENSOR,,SENSOR_READING,S17,,,,,,,,CURRENT,2.21666,A,,
1178,138219,SENSOR,,SENSOR_READING,S17,,,,,,,,TORQUE,0,Nm,,
1179,138348,SENSOR,,SENSOR_READING,S12,,,,,,,,VIBRATION,0.189906,g,,
1180,138348,SENSOR,,SENSOR_READING,S12,,,,,,,,TEMPERATURE,38.9718,C,,
1181,138348,SENSOR,,SENSOR_READING,S12,,,,,,,,CURRENT,2.08905,A,,
1182,138348,SENSOR,,SENSOR_READING,S12,,,,,,,,TORQUE,0.19859,Nm,,
1183,138720,SENSOR,,SENSOR_READING,S06,,,,,,,,VIBRATION,0.233861,g,,
1184,138720,SENSOR,,SENSOR_READING,S06,,,,,,,,TEMPERATURE,39.2772,C,,
1185,138720,SENSOR,,SENSOR_READING,S06,,,,,,,,CURRENT,2.31055,A,,
1186,138720,SENSOR,,SENSOR_READING,S06,,,,,,,,TORQUE,0.517847,Nm,,
1187,139040,SENSOR,,SENSOR_READING,S07,,,,,,,,VIBRATION,0.189652,g,,
1188,139040,SENSOR,,SENSOR_READING,S07,,,,,,,,TEMPERATURE,38.5569,C,,
1189,139040,SENSOR,,SENSOR_READING,S07,,,,,,,,CURRENT,2.16082,A,,
1190,139040,SENSOR,,SENSOR_READING,S07,,,,,,,,TORQUE,0,Nm,,
1191,139093,SENSOR,,SENSOR_READING,S25,,,,,,,,VIBRATION,0.176084,g,,
1192,139093,SENSOR,,SENSOR_READING,S25,,,,,,,,TEMPERATURE,38.7091,C,,
1193,139093,SENSOR,,SENSOR_READING,S25,,,,,,,,CURRENT,2.3479,A,,
1194,139093,SENSOR,,SENSOR_READING,S25,,,,,,,,TORQUE,0,Nm,,
1195,139322,SENSOR,,SENSOR_READING,S01,,,,,,,,VIBRATION,1.1925,g,,
1196,139322,SENSOR,,SENSOR_READING,S01,,,,,,,,TEMPERATURE,57.2453,C,,
1197,139322,SENSOR,,SENSOR_READING,S01,,,,,,,,CURRENT,14.3178,A,,
1198,139322,SENSOR,,SENSOR_READING,S01,,,,,,,,TORQUE,54.983,Nm,,
1199,139725,SENSOR,,SENSOR_READING,S02,,,,,,,,VIBRATION,1.19357,g,,
1200,139725,SENSOR,,SENSOR_READING,S02,,,,,,,,TEMPERATURE,55.951,C,,
1201,139725,SENSOR,,SENSOR_READING,S02,,,,,,,,CURRENT,14.303,A,,
1202,139725,SENSOR,,SENSOR_READING,S02,,,,,,,,TORQUE,54.6531,Nm,,
1203,140227,SENSOR,,SENSOR_READING,S11,,,,,,,,VIBRATION,0.261257,g,,
1204,140227,SENSOR,,SENSOR_READING,S11,,,,,,,,TEMPERATURE,39.8194,C,,
1205,140227,SENSOR,,SENSOR_READING,S11,,,,,,,,CURRENT,2.3951,A,,
1206,140227,SENSOR,,SENSOR_READING,S11,,,,,,,,TORQUE,0.084013,Nm,,
1207,140345,SENSOR,,SENSOR_READING,S16,,,,,,,,VIBRATION,0.113161,g,,
1208,140345,SENSOR,,SENSOR_READING,S16,,,,,,,,TEMPERATURE,39.1975,C,,
1209,140345,SENSOR,,SENSOR_READING,S16,,,,,,,,CURRENT,2.32888,A,,
1210,140345,SENSOR,,SENSOR_READING,S16,,,,,,,,TORQUE,0.164946,Nm,,
1211,140449,SENSOR,,SENSOR_READING,S23,,,,,,,,VIBRATION,0.190034,g,,
1212,140449,SENSOR,,SENSOR_READING,S23,,,,,,,,TEMPERATURE,39.0387,C,,
1213,140449,SENSOR,,SENSOR_READING,S23,,,,,,,,CURRENT,2.28315,A,,
1214,140449,SENSOR,,SENSOR_READING,S23,,,,,,,,TORQUE,0.71384,Nm,,
1215,140530,SENSOR,,SENSOR_READING,S28,,,,,,,,VIBRATION,0.18418,g,,
1216,140530,SENSOR,,SENSOR_READING,S28,,,,,,,,TEMPERATURE,38.684,C,,
1217,140530,SENSOR,,SENSOR_READING,S28,,,,,,,,CURRENT,2.44365,A,,
1218,140530,SENSOR,,SENSOR_READING,S28,,,,,,,,TORQUE,0,Nm,,
1219,141118,SENSOR,,SENSOR_READING,S19,,,,,,,,VIBRATION,0.233224,g,,
1220,141118,SENSOR,,SENSOR_READING,S19,,,,,,,,TEMPERATURE,38.9501,C,,
1221,141118,SENSOR,,SENSOR_READING,S19,,,,,,,,CURRENT,2.1731,A,,
1222,141118,SENSOR,,SENSOR_READING,S19,,,,,,,,TORQUE,0,Nm,,
1223,141516,SENSOR,,SENSOR_READING,S15,,,,,,,,VIBRATION,0.201283,g,,
1224,141516,SENSOR,,SENSOR_READING,S15,,,,,,,,TEMPERATURE,39.0454,C,,
1225,141516,SENSOR,,SENSOR_READING,S15,,,,,,,,CURRENT,2.17795,A,,
1226,141516,SENSOR,,SENSOR_READING,S15,,,,,,,,TORQUE,0.580978,Nm,,
1227,141800,SENSOR,,SENSOR_READING,S29,,,,,,,,VIBRATION,0.140777,g,,
1228,141800,SENSOR,,SENSOR_READING,S29,,,,,,,,TEMPERATURE,38.8422,C,,
1229,141800,SENSOR,,SENSOR_READING,S29,,,,,,,,CURRENT,2.11216,A,,
1230,141800,SENSOR,,SENSOR_READING,S29,,,,,,,,TORQUE,0,Nm,,
1231,142378,SENSOR,,SENSOR_READING,S10,,,,,,,,VIBRATION,0.210245,g,,
1232,142378,SENSOR,,SENSOR_READING,S10,,,,,,,,TEMPERATURE,39.4174,C,,
1233,142938,SENSOR,,SENSOR_READING,S20,,,,,,,,VIBRATION,0.199706,g,,
1234,142938,SENSOR,,SENSOR_READING,S20,,,,,,,,TEMPERATURE,39.2899,C,,
1235,142938,SENSOR,,SENSOR_READING,S20,,,,,,,,CURRENT,2.11243,A,,
1236,142938,SENSOR,,SENSOR_READING,S20,,,,,,,,TORQUE,0,Nm,,
1237,143224,SENSOR,,SENSOR_READING,S26,,,,,,,,VIBRATION,0.194846,g,,
1238,143224,SENSOR,,SENSOR_READING,S26,,,,,,,,TEMPERATURE,39.5847,C,,
1239,143224,SENSOR,,SENSOR_READING,S26,,,,,,,,CURRENT,2.34143,A,,
1240,143224,SENSOR,,SENSOR_READING,S26,,,,,,,,TORQUE,0.493551,Nm,,
1241,143477,SENSOR,,SENSOR_READING,S21,,,,,,,,VIBRATION,0.208879,g,,
1242,143477,SENSOR,,SENSOR_READING,S21,,,,,,,,TEMPERATURE,39.6798,C,,
1243,143989,SENSOR,,SENSOR_READING,S03,,,,,,,,VIBRATION,1.16696,g,,
1244,143989,SENSOR,,SENSOR_READING,S03,,,,,,,,TEMPERATURE,52.099,C,,
1245,143989,SENSOR,,SENSOR_READING,S03,,,,,,,,CURRENT,14.4909,A,,
1246,143989,SENSOR,,SENSOR_READING,S03,,,,,,,,TORQUE,54.9051,Nm,,
1247,144387,SENSOR,,SENSOR_READING,S04,,,,,,,,VIBRATION,0.819939,g,,
1248,144387,SENSOR,,SENSOR_READING,S04,,,,,,,,TEMPERATURE,41.8545,C,,
1249,145743,SENSOR,,SENSOR_READING,S22,,,,,,,,VIBRATION,0.21352,g,,
1250,145743,SENSOR,,SENSOR_READING,S22,,,,,,,,TEMPERATURE,39.2234,C,,
1251,145743,SENSOR,,SENSOR_READING,S22,,,,,,,,CURRENT,2.08984,A,,
1252,145743,SENSOR,,SENSOR_READING,S22,,,,,,,,TORQUE,0,Nm,,
1253,147991,SENSOR,,SENSOR_READING,S17,,,,,,,,VIBRATION,0.177462,g,,
1254,147991,SENSOR,,SENSOR_READING,S17,,,,,,,,TEMPERATURE,39.9081,C,,
1255,147991,SENSOR,,SENSOR_READING,S17,,,,,,,,CURRENT,2.49727,A,,
1256,147991,SENSOR,,SENSOR_READING,S17,,,,,,,,TORQUE,0,Nm,,
1257,148270,SENSOR,,SENSOR_READING,S05,,,,,,,,VIBRATION,0.303412,g,,
1258,148270,SENSOR,,SENSOR_READING,S05,,,,,,,,TEMPERATURE,40.1498,C,,
1259,148270,SENSOR,,SENSOR_READING,S05,,,,,,,,CURRENT,2.23473,A,,
1260,148270,SENSOR,,SENSOR_READING,S05,,,,,,,,TORQUE,0.943238,Nm,,
1261,148311,SENSOR,,SENSOR_READING,S07,,,,,,,,VIBRATION,0.159875,g,,
1262,148311,SENSOR,,SENSOR_READING,S07,,,,,,,,TEMPERATURE,38.7329,C,,
1263,148311,SENSOR,,SENSOR_READING,S07,,,,,,,,CURRENT,2.09499,A,,
1264,148311,SENSOR,,SENSOR_READING,S07,,,,,,,,TORQUE,0.184049,Nm,,
1265,148324,SENSOR,,SENSOR_READING,S12,,,,,,,,VIBRATION,0.113226,g,,
1266,148324,SENSOR,,SENSOR_READING,S12,,,,,,,,TEMPERATURE,39.2337,C,,
1267,148324,SENSOR,,SENSOR_READING,S12,,,,,,,,CURRENT,2.18634,A,,
1268,148324,SENSOR,,SENSOR_READING,S12,,,,,,,,TORQUE,0,Nm,,
1269,148381,SENSOR,,SENSOR_READING,S25,,,,,,,,VIBRATION,0.148539,g,,
1270,148381,SENSOR,,SENSOR_READING,S25,,,,,,,,TEMPERATURE,38.7666,C,,
1271,148381,SENSOR,,SENSOR_READING,S25,,,,,,,,CURRENT,2.24401,A,,
1272,148381,SENSOR,,SENSOR_READING,S25,,,,,,,,TORQUE,0,Nm,,
1273,148561,STATION,EV000023,PROCESSING_COMPLETED,S01,U000004,0,PROCESSING,,37478,,,,,,,
1274,148561,STATION,EV000024,UNIT_ARRIVED,S02,U000004,1,,,,,,,,,,
1275,148561,STATION,EV000025,PROCESSING_STARTED,S01,U000005,0,IDLE,PROCESSING,35870,,,,,,,
1276,149570,SENSOR,,SENSOR_READING,S06,,,,,,,,VIBRATION,0.195831,g,,
1277,149570,SENSOR,,SENSOR_READING,S06,,,,,,,,TEMPERATURE,39.2259,C,,
1278,149570,SENSOR,,SENSOR_READING,S06,,,,,,,,CURRENT,2.23674,A,,
1279,149570,SENSOR,,SENSOR_READING,S06,,,,,,,,TORQUE,0.150999,Nm,,
1280,150109,SENSOR,,SENSOR_READING,S02,,,,,,,,VIBRATION,1.15236,g,,
1281,150109,SENSOR,,SENSOR_READING,S02,,,,,,,,TEMPERATURE,56.4471,C,,
1282,150109,SENSOR,,SENSOR_READING,S02,,,,,,,,CURRENT,14.5876,A,,
1283,150109,SENSOR,,SENSOR_READING,S02,,,,,,,,TORQUE,55.0563,Nm,,
1284,150326,SENSOR,,SENSOR_READING,S01,,,,,,,,VIBRATION,1.18605,g,,
1285,150326,SENSOR,,SENSOR_READING,S01,,,,,,,,TEMPERATURE,57.6423,C,,
1286,150326,SENSOR,,SENSOR_READING,S01,,,,,,,,CURRENT,14.3021,A,,
1287,150326,SENSOR,,SENSOR_READING,S01,,,,,,,,TORQUE,54.0876,Nm,,
1288,150396,SENSOR,,SENSOR_READING,S16,,,,,,,,VIBRATION,0.0886145,g,,
1289,150396,SENSOR,,SENSOR_READING,S16,,,,,,,,TEMPERATURE,39.2075,C,,
1290,150396,SENSOR,,SENSOR_READING,S16,,,,,,,,CURRENT,2.06507,A,,
1291,150396,SENSOR,,SENSOR_READING,S16,,,,,,,,TORQUE,0.0773595,Nm,,
1292,150558,SENSOR,,SENSOR_READING,S32,,,,,,,,VIBRATION,0.15002,g,,
1293,150558,SENSOR,,SENSOR_READING,S32,,,,,,,,TEMPERATURE,39.3539,C,,
1294,150616,SENSOR,,SENSOR_READING,S23,,,,,,,,VIBRATION,0.202827,g,,
1295,150616,SENSOR,,SENSOR_READING,S23,,,,,,,,TEMPERATURE,39.029,C,,
1296,150616,SENSOR,,SENSOR_READING,S23,,,,,,,,CURRENT,2.1359,A,,
1297,150616,SENSOR,,SENSOR_READING,S23,,,,,,,,TORQUE,0,Nm,,
1298,150709,SENSOR,,SENSOR_READING,S11,,,,,,,,VIBRATION,0.251391,g,,
1299,150709,SENSOR,,SENSOR_READING,S11,,,,,,,,TEMPERATURE,39.8521,C,,
1300,150709,SENSOR,,SENSOR_READING,S11,,,,,,,,CURRENT,1.9492,A,,
1301,150709,SENSOR,,SENSOR_READING,S11,,,,,,,,TORQUE,0.328057,Nm,,
1302,150726,SENSOR,,SENSOR_READING,S28,,,,,,,,VIBRATION,0.208121,g,,
1303,150726,SENSOR,,SENSOR_READING,S28,,,,,,,,TEMPERATURE,38.5227,C,,
1304,150726,SENSOR,,SENSOR_READING,S28,,,,,,,,CURRENT,2.16642,A,,
1305,150726,SENSOR,,SENSOR_READING,S28,,,,,,,,TORQUE,0,Nm,,
1306,151025,STATION,EV000026,PROCESSING_COMPLETED,S02,U000003,1,PROCESSING,,36456,,,,,,,
1307,151025,STATION,EV000027,UNIT_ARRIVED,S03,U000003,1,,,,,,,,,,
1308,151025,STATION,EV000028,PROCESSING_STARTED,S02,U000004,0,IDLE,PROCESSING,41108,,,,,,,
1309,151033,SENSOR,,SENSOR_READING,S15,,,,,,,,VIBRATION,0.168475,g,,
1310,151033,SENSOR,,SENSOR_READING,S15,,,,,,,,TEMPERATURE,39.0606,C,,
1311,151033,SENSOR,,SENSOR_READING,S15,,,,,,,,CURRENT,2.2656,A,,
1312,151033,SENSOR,,SENSOR_READING,S15,,,,,,,,TORQUE,0.595658,Nm,,
1313,151307,SENSOR,,SENSOR_READING,S14,,,,,,,,VIBRATION,0.269266,g,,
1314,151307,SENSOR,,SENSOR_READING,S14,,,,,,,,TEMPERATURE,39.9095,C,,
1315,151479,SENSOR,,SENSOR_READING,S19,,,,,,,,VIBRATION,0.238451,g,,
1316,151479,SENSOR,,SENSOR_READING,S19,,,,,,,,TEMPERATURE,38.8701,C,,
1317,151479,SENSOR,,SENSOR_READING,S19,,,,,,,,CURRENT,2.14993,A,,
1318,151479,SENSOR,,SENSOR_READING,S19,,,,,,,,TORQUE,0,Nm,,
1319,151629,SENSOR,,SENSOR_READING,S31,,,,,,,,VIBRATION,0.260666,g,,
1320,151629,SENSOR,,SENSOR_READING,S31,,,,,,,,TEMPERATURE,39.5017,C,,
1321,151681,SENSOR,,SENSOR_READING,S29,,,,,,,,VIBRATION,0.166294,g,,
1322,151681,SENSOR,,SENSOR_READING,S29,,,,,,,,TEMPERATURE,39.063,C,,
1323,151681,SENSOR,,SENSOR_READING,S29,,,,,,,,CURRENT,2.04244,A,,
1324,151681,SENSOR,,SENSOR_READING,S29,,,,,,,,TORQUE,0,Nm,,
1325,151848,SENSOR,,SENSOR_READING,S27,,,,,,,,VIBRATION,0.246341,g,,
1326,151848,SENSOR,,SENSOR_READING,S27,,,,,,,,TEMPERATURE,39.5918,C,,
1327,152522,SENSOR,,SENSOR_READING,S20,,,,,,,,VIBRATION,0.133903,g,,
1328,152522,SENSOR,,SENSOR_READING,S20,,,,,,,,TEMPERATURE,39.0411,C,,
1329,152522,SENSOR,,SENSOR_READING,S20,,,,,,,,CURRENT,2.12195,A,,
1330,152522,SENSOR,,SENSOR_READING,S20,,,,,,,,TORQUE,0.689237,Nm,,
1331,152851,SENSOR,,SENSOR_READING,S09,,,,,,,,VIBRATION,0.159037,g,,
1332,152851,SENSOR,,SENSOR_READING,S09,,,,,,,,TEMPERATURE,39.7105,C,,
1333,154025,SENSOR,,SENSOR_READING,S26,,,,,,,,VIBRATION,0.203834,g,,
1334,154025,SENSOR,,SENSOR_READING,S26,,,,,,,,TEMPERATURE,39.2966,C,,
1335,154025,SENSOR,,SENSOR_READING,S26,,,,,,,,CURRENT,2.31077,A,,
1336,154025,SENSOR,,SENSOR_READING,S26,,,,,,,,TORQUE,0.237971,Nm,,
1337,154770,SENSOR,,SENSOR_READING,S03,,,,,,,,VIBRATION,1.11169,g,,
1338,154770,SENSOR,,SENSOR_READING,S03,,,,,,,,TEMPERATURE,53.2236,C,,
1339,154770,SENSOR,,SENSOR_READING,S03,,,,,,,,CURRENT,14.628,A,,
1340,154770,SENSOR,,SENSOR_READING,S03,,,,,,,,TORQUE,54.2742,Nm,,
1341,156316,SENSOR,,SENSOR_READING,S22,,,,,,,,VIBRATION,0.173569,g,,
1342,156316,SENSOR,,SENSOR_READING,S22,,,,,,,,TEMPERATURE,39.1296,C,,
1343,156316,SENSOR,,SENSOR_READING,S22,,,,,,,,CURRENT,2.12393,A,,
1344,156316,SENSOR,,SENSOR_READING,S22,,,,,,,,TORQUE,0.72598,Nm,,
1345,158258,SENSOR,,SENSOR_READING,S12,,,,,,,,VIBRATION,0.173383,g,,
1346,158258,SENSOR,,SENSOR_READING,S12,,,,,,,,TEMPERATURE,39.4306,C,,
1347,158258,SENSOR,,SENSOR_READING,S12,,,,,,,,CURRENT,2.1525,A,,
1348,158258,SENSOR,,SENSOR_READING,S12,,,,,,,,TORQUE,0,Nm,,
1349,158607,SENSOR,,SENSOR_READING,S25,,,,,,,,VIBRATION,0.107835,g,,
1350,158607,SENSOR,,SENSOR_READING,S25,,,,,,,,TEMPERATURE,38.9874,C,,
1351,158607,SENSOR,,SENSOR_READING,S25,,,,,,,,CURRENT,2.34267,A,,
1352,158607,SENSOR,,SENSOR_READING,S25,,,,,,,,TORQUE,0,Nm,,
1353,158687,SENSOR,,SENSOR_READING,S17,,,,,,,,VIBRATION,0.114884,g,,
1354,158687,SENSOR,,SENSOR_READING,S17,,,,,,,,TEMPERATURE,39.9211,C,,
1355,158687,SENSOR,,SENSOR_READING,S17,,,,,,,,CURRENT,2.41067,A,,
1356,158687,SENSOR,,SENSOR_READING,S17,,,,,,,,TORQUE,0.47982,Nm,,
1357,158830,SENSOR,,SENSOR_READING,S07,,,,,,,,VIBRATION,0.134959,g,,
1358,158830,SENSOR,,SENSOR_READING,S07,,,,,,,,TEMPERATURE,38.7718,C,,
1359,158830,SENSOR,,SENSOR_READING,S07,,,,,,,,CURRENT,2.13901,A,,
1360,158830,SENSOR,,SENSOR_READING,S07,,,,,,,,TORQUE,0.394053,Nm,,
1361,159164,SENSOR,,SENSOR_READING,S05,,,,,,,,VIBRATION,0.349215,g,,
1362,159164,SENSOR,,SENSOR_READING,S05,,,,,,,,TEMPERATURE,40.0628,C,,
1363,159164,SENSOR,,SENSOR_READING,S05,,,,,,,,CURRENT,2.18781,A,,
1364,159164,SENSOR,,SENSOR_READING,S05,,,,,,,,TORQUE,0.65111,Nm,,
1365,159501,SENSOR,,SENSOR_READING,S01,,,,,,,,VIBRATION,1.10778,g,,
1366,159501,SENSOR,,SENSOR_READING,S01,,,,,,,,TEMPERATURE,57.9996,C,,
1367,159501,SENSOR,,SENSOR_READING,S01,,,,,,,,CURRENT,14.5483,A,,
1368,159501,SENSOR,,SENSOR_READING,S01,,,,,,,,TORQUE,54.5372,Nm,,
1369,160434,SENSOR,,SENSOR_READING,S11,,,,,,,,VIBRATION,0.258776,g,,
1370,160434,SENSOR,,SENSOR_READING,S11,,,,,,,,TEMPERATURE,40.142,C,,
1371,160434,SENSOR,,SENSOR_READING,S11,,,,,,,,CURRENT,2.13707,A,,
1372,160434,SENSOR,,SENSOR_READING,S11,,,,,,,,TORQUE,0.545247,Nm,,
1373,160552,SENSOR,,SENSOR_READING,S06,,,,,,,,VIBRATION,0.22263,g,,
1374,160552,SENSOR,,SENSOR_READING,S06,,,,,,,,TEMPERATURE,39.1886,C,,
1375,160552,SENSOR,,SENSOR_READING,S06,,,,,,,,CURRENT,2.40461,A,,
1376,160552,SENSOR,,SENSOR_READING,S06,,,,,,,,TORQUE,0,Nm,,
1377,160604,SENSOR,,SENSOR_READING,S16,,,,,,,,VIBRATION,0.156275,g,,
1378,160604,SENSOR,,SENSOR_READING,S16,,,,,,,,TEMPERATURE,39.1764,C,,
1379,160604,SENSOR,,SENSOR_READING,S16,,,,,,,,CURRENT,2.35812,A,,
1380,160604,SENSOR,,SENSOR_READING,S16,,,,,,,,TORQUE,0,Nm,,
1381,160674,SENSOR,,SENSOR_READING,S29,,,,,,,,VIBRATION,0.159985,g,,
1382,160674,SENSOR,,SENSOR_READING,S29,,,,,,,,TEMPERATURE,38.7979,C,,
1383,160674,SENSOR,,SENSOR_READING,S29,,,,,,,,CURRENT,2.14672,A,,
1384,160674,SENSOR,,SENSOR_READING,S29,,,,,,,,TORQUE,0,Nm,,
1385,160718,SENSOR,,SENSOR_READING,S02,,,,,,,,VIBRATION,1.11856,g,,
1386,160718,SENSOR,,SENSOR_READING,S02,,,,,,,,TEMPERATURE,57.1012,C,,
1387,160718,SENSOR,,SENSOR_READING,S02,,,,,,,,CURRENT,14.4902,A,,
1388,160718,SENSOR,,SENSOR_READING,S02,,,,,,,,TORQUE,55.2742,Nm,,
1389,161134,SENSOR,,SENSOR_READING,S19,,,,,,,,VIBRATION,0.19644,g,,
1390,161134,SENSOR,,SENSOR_READING,S19,,,,,,,,TEMPERATURE,38.6531,C,,
1391,161134,SENSOR,,SENSOR_READING,S19,,,,,,,,CURRENT,2.05917,A,,
1392,161134,SENSOR,,SENSOR_READING,S19,,,,,,,,TORQUE,0,Nm,,
1393,161290,SENSOR,,SENSOR_READING,S23,,,,,,,,VIBRATION,0.138417,g,,
1394,161290,SENSOR,,SENSOR_READING,S23,,,,,,,,TEMPERATURE,38.7904,C,,
1395,161290,SENSOR,,SENSOR_READING,S23,,,,,,,,CURRENT,2.25918,A,,
1396,161290,SENSOR,,SENSOR_READING,S23,,,,,,,,TORQUE,0.266143,Nm,,
1397,161381,SENSOR,,SENSOR_READING,S15,,,,,,,,VIBRATION,0.18026,g,,
1398,161381,SENSOR,,SENSOR_READING,S15,,,,,,,,TEMPERATURE,39.0638,C,,
1399,161381,SENSOR,,SENSOR_READING,S15,,,,,,,,CURRENT,2.03006,A,,
1400,161381,SENSOR,,SENSOR_READING,S15,,,,,,,,TORQUE,0.565858,Nm,,
1401,161585,SENSOR,,SENSOR_READING,S28,,,,,,,,VIBRATION,0.124795,g,,
1402,161585,SENSOR,,SENSOR_READING,S28,,,,,,,,TEMPERATURE,38.8236,C,,
1403,161585,SENSOR,,SENSOR_READING,S28,,,,,,,,CURRENT,2.34509,A,,
1404,161585,SENSOR,,SENSOR_READING,S28,,,,,,,,TORQUE,0.000800729,Nm,,
1405,162378,STATION,EV000029,PROCESSING_COMPLETED,S04,U000001,0,PROCESSING,,38576,,,,,,,
1406,162378,STATION,EV000030,UNIT_ARRIVED,S05,U000001,1,,,,,,,,,,
1407,162378,STATION,EV000031,PROCESSING_STARTED,S05,U000001,0,IDLE,PROCESSING,42560,,,,,,,
1408,162584,SENSOR,,SENSOR_READING,S20,,,,,,,,VIBRATION,0.176641,g,,
1409,162584,SENSOR,,SENSOR_READING,S20,,,,,,,,TEMPERATURE,39.0964,C,,
1410,162584,SENSOR,,SENSOR_READING,S20,,,,,,,,CURRENT,2.23362,A,,
1411,162584,SENSOR,,SENSOR_READING,S20,,,,,,,,TORQUE,0.313321,Nm,,
1412,163632,SENSOR,,SENSOR_READING,S26,,,,,,,,VIBRATION,0.176081,g,,
1413,163632,SENSOR,,SENSOR_READING,S26,,,,,,,,TEMPERATURE,39.1072,C,,
1414,163632,SENSOR,,SENSOR_READING,S26,,,,,,,,CURRENT,2.16018,A,,
1415,163632,SENSOR,,SENSOR_READING,S26,,,,,,,,TORQUE,0,Nm,,
1416,164447,SENSOR,,SENSOR_READING,S03,,,,,,,,VIBRATION,1.15028,g,,
1417,164447,SENSOR,,SENSOR_READING,S03,,,,,,,,TEMPERATURE,54.1794,C,,
1418,164447,SENSOR,,SENSOR_READING,S03,,,,,,,,CURRENT,14.3792,A,,
1419,164447,SENSOR,,SENSOR_READING,S03,,,,,,,,TORQUE,54.8726,Nm,,
1420,166043,STATION,EV000032,PROCESSING_COMPLETED,S03,U000002,1,PROCESSING,,42241,,,,,,,
1421,166043,STATION,EV000033,UNIT_ARRIVED,S04,U000002,1,,,,,,,,,,
1422,166043,STATION,EV000034,PROCESSING_STARTED,S04,U000002,0,STARVED,PROCESSING,40758,,,,,,,
1423,166043,STATION,EV000035,PROCESSING_STARTED,S03,U000003,0,IDLE,PROCESSING,43190,,,,,,,
1424,166967,SENSOR,,SENSOR_READING,S22,,,,,,,,VIBRATION,0.185394,g,,
1425,166967,SENSOR,,SENSOR_READING,S22,,,,,,,,TEMPERATURE,39.1585,C,,
1426,166967,SENSOR,,SENSOR_READING,S22,,,,,,,,CURRENT,2.0003,A,,
1427,166967,SENSOR,,SENSOR_READING,S22,,,,,,,,TORQUE,0.34426,Nm,,
1428,167423,SENSOR,,SENSOR_READING,S12,,,,,,,,VIBRATION,0.17198,g,,
1429,167423,SENSOR,,SENSOR_READING,S12,,,,,,,,TEMPERATURE,39.2098,C,,
1430,167423,SENSOR,,SENSOR_READING,S12,,,,,,,,CURRENT,2.19923,A,,
1431,167423,SENSOR,,SENSOR_READING,S12,,,,,,,,TORQUE,0,Nm,,
1432,167559,SENSOR,,SENSOR_READING,S25,,,,,,,,VIBRATION,0.169474,g,,
1433,167559,SENSOR,,SENSOR_READING,S25,,,,,,,,TEMPERATURE,38.8705,C,,
1434,167559,SENSOR,,SENSOR_READING,S25,,,,,,,,CURRENT,2.1708,A,,
1435,167559,SENSOR,,SENSOR_READING,S25,,,,,,,,TORQUE,0.738656,Nm,,
1436,168074,SENSOR,,SENSOR_READING,S17,,,,,,,,VIBRATION,0.194851,g,,
1437,168074,SENSOR,,SENSOR_READING,S17,,,,,,,,TEMPERATURE,40.0108,C,,
1438,168074,SENSOR,,SENSOR_READING,S17,,,,,,,,CURRENT,2.19703,A,,
1439,168074,SENSOR,,SENSOR_READING,S17,,,,,,,,TORQUE,0.130452,Nm,,
1440,168753,SENSOR,,SENSOR_READING,S01,,,,,,,,VIBRATION,1.14035,g,,
1441,168753,SENSOR,,SENSOR_READING,S01,,,,,,,,TEMPERATURE,58.2759,C,,
1442,168753,SENSOR,,SENSOR_READING,S01,,,,,,,,CURRENT,14.5313,A,,
1443,168753,SENSOR,,SENSOR_READING,S01,,,,,,,,TORQUE,54.7902,Nm,,
1444,168946,SENSOR,,SENSOR_READING,S07,,,,,,,,VIBRATION,0.144313,g,,
1445,168946,SENSOR,,SENSOR_READING,S07,,,,,,,,TEMPERATURE,38.6319,C,,
1446,168946,SENSOR,,SENSOR_READING,S07,,,,,,,,CURRENT,2.14799,A,,
1447,168946,SENSOR,,SENSOR_READING,S07,,,,,,,,TORQUE,0.22976,Nm,,
1448,169614,SENSOR,,SENSOR_READING,S16,,,,,,,,VIBRATION,0.190105,g,,
1449,169614,SENSOR,,SENSOR_READING,S16,,,,,,,,TEMPERATURE,38.9769,C,,
1450,169614,SENSOR,,SENSOR_READING,S16,,,,,,,,CURRENT,2.36211,A,,
1451,169614,SENSOR,,SENSOR_READING,S16,,,,,,,,TORQUE,0.436003,Nm,,
1452,169882,SENSOR,,SENSOR_READING,S10,,,,,,,,VIBRATION,0.219188,g,,
1453,169882,SENSOR,,SENSOR_READING,S10,,,,,,,,TEMPERATURE,39.4324,C,,
1454,170092,SENSOR,,SENSOR_READING,S05,,,,,,,,VIBRATION,0.959368,g,,
1455,170092,SENSOR,,SENSOR_READING,S05,,,,,,,,TEMPERATURE,42.6692,C,,
1456,170092,SENSOR,,SENSOR_READING,S05,,,,,,,,CURRENT,12.768,A,,
1457,170092,SENSOR,,SENSOR_READING,S05,,,,,,,,TORQUE,38.92,Nm,,
1458,170120,SENSOR,,SENSOR_READING,S19,,,,,,,,VIBRATION,0.219825,g,,
1459,170120,SENSOR,,SENSOR_READING,S19,,,,,,,,TEMPERATURE,38.516,C,,
1460,170120,SENSOR,,SENSOR_READING,S19,,,,,,,,CURRENT,2.24123,A,,
1461,170120,SENSOR,,SENSOR_READING,S19,,,,,,,,TORQUE,0.331284,Nm,,
1462,170168,SENSOR,,SENSOR_READING,S21,,,,,,,,VIBRATION,0.147455,g,,
1463,170168,SENSOR,,SENSOR_READING,S21,,,,,,,,TEMPERATURE,39.7582,C,,
1464,170403,SENSOR,,SENSOR_READING,S06,,,,,,,,VIBRATION,0.157903,g,,
1465,170403,SENSOR,,SENSOR_READING,S06,,,,,,,,TEMPERATURE,39.3927,C,,
1466,170403,SENSOR,,SENSOR_READING,S06,,,,,,,,CURRENT,2.04544,A,,
1467,170403,SENSOR,,SENSOR_READING,S06,,,,,,,,TORQUE,0.0239245,Nm,,
1468,170516,SENSOR,,SENSOR_READING,S11,,,,,,,,VIBRATION,0.270477,g,,
1469,170516,SENSOR,,SENSOR_READING,S11,,,,,,,,TEMPERATURE,40.12,C,,
1470,170516,SENSOR,,SENSOR_READING,S11,,,,,,,,CURRENT,2.09779,A,,
1471,170516,SENSOR,,SENSOR_READING,S11,,,,,,,,TORQUE,1.63662,Nm,,
1472,170921,SENSOR,,SENSOR_READING,S02,,,,,,,,VIBRATION,1.11971,g,,
1473,170921,SENSOR,,SENSOR_READING,S02,,,,,,,,TEMPERATURE,57.6167,C,,
1474,170921,SENSOR,,SENSOR_READING,S02,,,,,,,,CURRENT,14.5642,A,,
1475,170921,SENSOR,,SENSOR_READING,S02,,,,,,,,TORQUE,55.8282,Nm,,
1476,171069,SENSOR,,SENSOR_READING,S29,,,,,,,,VIBRATION,0.135052,g,,
1477,171069,SENSOR,,SENSOR_READING,S29,,,,,,,,TEMPERATURE,38.6737,C,,
1478,171069,SENSOR,,SENSOR_READING,S29,,,,,,,,CURRENT,1.99358,A,,
1479,171069,SENSOR,,SENSOR_READING,S29,,,,,,,,TORQUE,0,Nm,,
1480,171155,SENSOR,,SENSOR_READING,S15,,,,,,,,VIBRATION,0.2298,g,,
1481,171155,SENSOR,,SENSOR_READING,S15,,,,,,,,TEMPERATURE,38.8222,C,,
1482,171155,SENSOR,,SENSOR_READING,S15,,,,,,,,CURRENT,2.1848,A,,
1483,171155,SENSOR,,SENSOR_READING,S15,,,,,,,,TORQUE,0.58893,Nm,,
1484,171719,SENSOR,,SENSOR_READING,S23,,,,,,,,VIBRATION,0.197135,g,,
1485,171719,SENSOR,,SENSOR_READING,S23,,,,,,,,TEMPERATURE,38.5901,C,,
1486,171719,SENSOR,,SENSOR_READING,S23,,,,,,,,CURRENT,2.24317,A,,
1487,171719,SENSOR,,SENSOR_READING,S23,,,,,,,,TORQUE,0,Nm,,
1488,172200,SENSOR,,SENSOR_READING,S04,,,,,,,,VIBRATION,1.00907,g,,
1489,172200,SENSOR,,SENSOR_READING,S04,,,,,,,,TEMPERATURE,43.9559,C,,
1490,172395,SENSOR,,SENSOR_READING,S28,,,,,,,,VIBRATION,0.195014,g,,
1491,172395,SENSOR,,SENSOR_READING,S28,,,,,,,,TEMPERATURE,38.8489,C,,
1492,172395,SENSOR,,SENSOR_READING,S28,,,,,,,,CURRENT,2.18695,A,,
1493,172395,SENSOR,,SENSOR_READING,S28,,,,,,,,TORQUE,0,Nm,,
1494,172550,SENSOR,,SENSOR_READING,S26,,,,,,,,VIBRATION,0.155263,g,,
1495,172550,SENSOR,,SENSOR_READING,S26,,,,,,,,TEMPERATURE,39.1034,C,,
1496,172550,SENSOR,,SENSOR_READING,S26,,,,,,,,CURRENT,2.07082,A,,
1497,172550,SENSOR,,SENSOR_READING,S26,,,,,,,,TORQUE,0,Nm,,
1498,173430,SENSOR,,SENSOR_READING,S20,,,,,,,,VIBRATION,0.213609,g,,
1499,173430,SENSOR,,SENSOR_READING,S20,,,,,,,,TEMPERATURE,38.8858,C,,
1500,173430,SENSOR,,SENSOR_READING,S20,,,,,,,,CURRENT,2.38415,A,,
1501,173430,SENSOR,,SENSOR_READING,S20,,,,,,,,TORQUE,0.771626,Nm,,
1502,173766,SENSOR,,SENSOR_READING,S03,,,,,,,,VIBRATION,1.17718,g,,
1503,173766,SENSOR,,SENSOR_READING,S03,,,,,,,,TEMPERATURE,54.991,C,,
1504,173766,SENSOR,,SENSOR_READING,S03,,,,,,,,CURRENT,14.5625,A,,
1505,173766,SENSOR,,SENSOR_READING,S03,,,,,,,,TORQUE,54.886,Nm,,
1506,177315,SENSOR,,SENSOR_READING,S17,,,,,,,,VIBRATION,0.204562,g,,
1507,177315,SENSOR,,SENSOR_READING,S17,,,,,,,,TEMPERATURE,40.1808,C,,
1508,177315,SENSOR,,SENSOR_READING,S17,,,,,,,,CURRENT,2.15506,A,,
1509,177315,SENSOR,,SENSOR_READING,S17,,,,,,,,TORQUE,0,Nm,,
1510,177904,SENSOR,,SENSOR_READING,S22,,,,,,,,VIBRATION,0.115972,g,,
1511,177904,SENSOR,,SENSOR_READING,S22,,,,,,,,TEMPERATURE,39.0855,C,,
1512,177904,SENSOR,,SENSOR_READING,S22,,,,,,,,CURRENT,2.10333,A,,
1513,177904,SENSOR,,SENSOR_READING,S22,,,,,,,,TORQUE,0,Nm,,
1514,178072,SENSOR,,SENSOR_READING,S12,,,,,,,,VIBRATION,0.157762,g,,
1515,178072,SENSOR,,SENSOR_READING,S12,,,,,,,,TEMPERATURE,39.3677,C,,
1516,178072,SENSOR,,SENSOR_READING,S12,,,,,,,,CURRENT,2.30687,A,,
1517,178072,SENSOR,,SENSOR_READING,S12,,,,,,,,TORQUE,0,Nm,,
1518,178375,SENSOR,,SENSOR_READING,S25,,,,,,,,VIBRATION,0.235759,g,,
1519,178375,SENSOR,,SENSOR_READING,S25,,,,,,,,TEMPERATURE,38.5736,C,,
1520,178375,SENSOR,,SENSOR_READING,S25,,,,,,,,CURRENT,2.23812,A,,
1521,178375,SENSOR,,SENSOR_READING,S25,,,,,,,,TORQUE,0.203513,Nm,,
1522,179113,SENSOR,,SENSOR_READING,S07,,,,,,,,VIBRATION,0.15463,g,,
1523,179113,SENSOR,,SENSOR_READING,S07,,,,,,,,TEMPERATURE,38.772,C,,
1524,179113,SENSOR,,SENSOR_READING,S07,,,,,,,,CURRENT,2.33812,A,,
1525,179113,SENSOR,,SENSOR_READING,S07,,,,,,,,TORQUE,0.122,Nm,,
1526,179386,SENSOR,,SENSOR_READING,S14,,,,,,,,VIBRATION,0.259896,g,,
1527,179386,SENSOR,,SENSOR_READING,S14,,,,,,,,TEMPERATURE,39.5473,C,,
1528,179526,SENSOR,,SENSOR_READING,S01,,,,,,,,VIBRATION,1.17828,g,,
1529,179526,SENSOR,,SENSOR_READING,S01,,,,,,,,TEMPERATURE,58.412,C,,
1530,179526,SENSOR,,SENSOR_READING,S01,,,,,,,,CURRENT,14.4283,A,,
1531,179526,SENSOR,,SENSOR_READING,S01,,,,,,,,TORQUE,54.6591,Nm,,
1532,179726,SENSOR,,SENSOR_READING,S16,,,,,,,,VIBRATION,0.159043,g,,
1533,179726,SENSOR,,SENSOR_READING,S16,,,,,,,,TEMPERATURE,38.8398,C,,
1534,179726,SENSOR,,SENSOR_READING,S16,,,,,,,,CURRENT,2.18631,A,,
1535,179726,SENSOR,,SENSOR_READING,S16,,,,,,,,TORQUE,0.158923,Nm,,
1536,180053,SENSOR,,SENSOR_READING,S06,,,,,,,,VIBRATION,0.145413,g,,
1537,180053,SENSOR,,SENSOR_READING,S06,,,,,,,,TEMPERATURE,39.5339,C,,
1538,180053,SENSOR,,SENSOR_READING,S06,,,,,,,,CURRENT,2.01597,A,,
1539,180053,SENSOR,,SENSOR_READING,S06,,,,,,,,TORQUE,0.119604,Nm,,
1540,180169,SENSOR,,SENSOR_READING,S15,,,,,,,,VIBRATION,0.27307,g,,
1541,180169,SENSOR,,SENSOR_READING,S15,,,,,,,,TEMPERATURE,38.6655,C,,
1542,180169,SENSOR,,SENSOR_READING,S15,,,,,,,,CURRENT,2.28354,A,,
1543,180169,SENSOR,,SENSOR_READING,S15,,,,,,,,TORQUE,0.513715,Nm,,
1544,180305,SENSOR,,SENSOR_READING,S19,,,,,,,,VIBRATION,0.150931,g,,
1545,180305,SENSOR,,SENSOR_READING,S19,,,,,,,,TEMPERATURE,38.3469,C,,
1546,180305,SENSOR,,SENSOR_READING,S19,,,,,,,,CURRENT,2.15991,A,,
1547,180305,SENSOR,,SENSOR_READING,S19,,,,,,,,TORQUE,0,Nm,,
1548,180340,SENSOR,,SENSOR_READING,S02,,,,,,,,VIBRATION,1.10799,g,,
1549,180340,SENSOR,,SENSOR_READING,S02,,,,,,,,TEMPERATURE,57.9261,C,,
1550,180340,SENSOR,,SENSOR_READING,S02,,,,,,,,CURRENT,14.5285,A,,
1551,180340,SENSOR,,SENSOR_READING,S02,,,,,,,,TORQUE,55.2607,Nm,,
1552,180344,SENSOR,,SENSOR_READING,S05,,,,,,,,VIBRATION,1.17197,g,,
1553,180344,SENSOR,,SENSOR_READING,S05,,,,,,,,TEMPERATURE,44.9872,C,,
1554,180344,SENSOR,,SENSOR_READING,S05,,,,,,,,CURRENT,14.2851,A,,
1555,180344,SENSOR,,SENSOR_READING,S05,,,,,,,,TORQUE,51.3322,Nm,,
1556,180356,SENSOR,,SENSOR_READING,S29,,,,,,,,VIBRATION,0.178286,g,,
1557,180356,SENSOR,,SENSOR_READING,S29,,,,,,,,TEMPERATURE,38.6631,C,,
1558,180356,SENSOR,,SENSOR_READING,S29,,,,,,,,CURRENT,2.13232,A,,
1559,180356,SENSOR,,SENSOR_READING,S29,,,,,,,,TORQUE,0.725065,Nm,,
1560,180785,SENSOR,,SENSOR_READING,S31,,,,,,,,VIBRATION,0.172792,g,,
1561,180785,SENSOR,,SENSOR_READING,S31,,,,,,,,TEMPERATURE,39.2252,C,,
1562,181576,SENSOR,,SENSOR_READING,S26,,,,,,,,VIBRATION,0.187265,g,,
1563,181576,SENSOR,,SENSOR_READING,S26,,,,,,,,TEMPERATURE,38.7893,C,,
1564,181576,SENSOR,,SENSOR_READING,S26,,,,,,,,CURRENT,1.96544,A,,
1565,181576,SENSOR,,SENSOR_READING,S26,,,,,,,,TORQUE,0,Nm,,
1566,181655,SENSOR,,SENSOR_READING,S11,,,,,,,,VIBRATION,0.245407,g,,
1567,181655,SENSOR,,SENSOR_READING,S11,,,,,,,,TEMPERATURE,40.05,C,,
1568,181655,SENSOR,,SENSOR_READING,S11,,,,,,,,CURRENT,2.18414,A,,
1569,181655,SENSOR,,SENSOR_READING,S11,,,,,,,,TORQUE,0.516592,Nm,,
1570,181878,SENSOR,,SENSOR_READING,S32,,,,,,,,VIBRATION,0.210139,g,,
1571,181878,SENSOR,,SENSOR_READING,S32,,,,,,,,TEMPERATURE,39.3163,C,,
1572,181886,SENSOR,,SENSOR_READING,S23,,,,,,,,VIBRATION,0.191583,g,,
1573,181886,SENSOR,,SENSOR_READING,S23,,,,,,,,TEMPERATURE,38.8211,C,,
1574,181886,SENSOR,,SENSOR_READING,S23,,,,,,,,CURRENT,2.14975,A,,
1575,181886,SENSOR,,SENSOR_READING,S23,,,,,,,,TORQUE,0,Nm,,
1576,182331,SENSOR,,SENSOR_READING,S28,,,,,,,,VIBRATION,0.175592,g,,
1577,182331,SENSOR,,SENSOR_READING,S28,,,,,,,,TEMPERATURE,38.9464,C,,
1578,182331,SENSOR,,SENSOR_READING,S28,,,,,,,,CURRENT,2.0635,A,,
1579,182331,SENSOR,,SENSOR_READING,S28,,,,,,,,TORQUE,0.467503,Nm,,
1580,182786,SENSOR,,SENSOR_READING,S27,,,,,,,,VIBRATION,0.210697,g,,
1581,182786,SENSOR,,SENSOR_READING,S27,,,,,,,,TEMPERATURE,39.6332,C,,
1582,183721,SENSOR,,SENSOR_READING,S20,,,,,,,,VIBRATION,0.182634,g,,
1583,183721,SENSOR,,SENSOR_READING,S20,,,,,,,,TEMPERATURE,38.9951,C,,
1584,183721,SENSOR,,SENSOR_READING,S20,,,,,,,,CURRENT,2.20173,A,,
1585,183721,SENSOR,,SENSOR_READING,S20,,,,,,,,TORQUE,0,Nm,,
1586,183910,SENSOR,,SENSOR_READING,S03,,,,,,,,VIBRATION,1.10494,g,,
1587,183910,SENSOR,,SENSOR_READING,S03,,,,,,,,TEMPERATURE,55.3787,C,,
1588,183910,SENSOR,,SENSOR_READING,S03,,,,,,,,CURRENT,14.5102,A,,
1589,183910,SENSOR,,SENSOR_READING,S03,,,,,,,,TORQUE,55.2826,Nm,,
1590,184431,STATION,EV000036,PROCESSING_COMPLETED,S01,U000005,0,PROCESSING,,35870,,,,,,,
1591,184431,STATION,EV000037,UNIT_ARRIVED,S02,U000005,1,,,,,,,,,,
1592,184431,STATION,EV000038,PROCESSING_STARTED,S01,U000006,0,IDLE,PROCESSING,33596,,,,,,,
1593,186247,SENSOR,,SENSOR_READING,S09,,,,,,,,VIBRATION,0.145401,g,,
1594,186247,SENSOR,,SENSOR_READING,S09,,,,,,,,TEMPERATURE,39.5751,C,,
1595,187327,SENSOR,,SENSOR_READING,S22,,,,,,,,VIBRATION,0.153567,g,,
1596,187327,SENSOR,,SENSOR_READING,S22,,,,,,,,TEMPERATURE,39.2928,C,,
1597,187327,SENSOR,,SENSOR_READING,S22,,,,,,,,CURRENT,2.17256,A,,
1598,187327,SENSOR,,SENSOR_READING,S22,,,,,,,,TORQUE,0,Nm,,
1599,187940,SENSOR,,SENSOR_READING,S17,,,,,,,,VIBRATION,0.224086,g,,
1600,187940,SENSOR,,SENSOR_READING,S17,,,,,,,,TEMPERATURE,40.1301,C,,
1601,187940,SENSOR,,SENSOR_READING,S17,,,,,,,,CURRENT,1.98862,A,,
1602,187940,SENSOR,,SENSOR_READING,S17,,,,,,,,TORQUE,0.311614,Nm,,
1603,188017,SENSOR,,SENSOR_READING,S25,,,,,,,,VIBRATION,0.180396,g,,
1604,188017,SENSOR,,SENSOR_READING,S25,,,,,,,,TEMPERATURE,38.6354,C,,
1605,188017,SENSOR,,SENSOR_READING,S25,,,,,,,,CURRENT,2.29244,A,,
1606,188017,SENSOR,,SENSOR_READING,S25,,,,,,,,TORQUE,0.365428,Nm,,
1607,188947,SENSOR,,SENSOR_READING,S12,,,,,,,,VIBRATION,0.153989,g,,
1608,188947,SENSOR,,SENSOR_READING,S12,,,,,,,,TEMPERATURE,39.3228,C,,
1609,188947,SENSOR,,SENSOR_READING,S12,,,,,,,,CURRENT,2.19833,A,,
1610,188947,SENSOR,,SENSOR_READING,S12,,,,,,,,TORQUE,0,Nm,,
1611,189038,SENSOR,,SENSOR_READING,S15,,,,,,,,VIBRATION,0.131064,g,,
1612,189038,SENSOR,,SENSOR_READING,S15,,,,,,,,TEMPERATURE,38.8572,C,,
1613,189038,SENSOR,,SENSOR_READING,S15,,,,,,,,CURRENT,2.30022,A,,
1614,189038,SENSOR,,SENSOR_READING,S15,,,,,,,,TORQUE,0.679074,Nm,,
1615,189071,SENSOR,,SENSOR_READING,S07,,,,,,,,VIBRATION,0.166169,g,,
1616,189071,SENSOR,,SENSOR_READING,S07,,,,,,,,TEMPERATURE,38.6119,C,,
1617,189071,SENSOR,,SENSOR_READING,S07,,,,,,,,CURRENT,2.39706,A,,
1618,189071,SENSOR,,SENSOR_READING,S07,,,,,,,,TORQUE,0,Nm,,
1619,189150,SENSOR,,SENSOR_READING,S06,,,,,,,,VIBRATION,0.150089,g,,
1620,189150,SENSOR,,SENSOR_READING,S06,,,,,,,,TEMPERATURE,39.6951,C,,
1621,189150,SENSOR,,SENSOR_READING,S06,,,,,,,,CURRENT,2.25223,A,,
1622,189150,SENSOR,,SENSOR_READING,S06,,,,,,,,TORQUE,0.0638264,Nm,,
1623,189513,SENSOR,,SENSOR_READING,S19,,,,,,,,VIBRATION,0.169141,g,,
1624,189513,SENSOR,,SENSOR_READING,S19,,,,,,,,TEMPERATURE,38.3523,C,,
1625,189513,SENSOR,,SENSOR_READING,S19,,,,,,,,CURRENT,2.07627,A,,
1626,189513,SENSOR,,SENSOR_READING,S19,,,,,,,,TORQUE,0,Nm,,
1627,190067,SENSOR,,SENSOR_READING,S16,,,,,,,,VIBRATION,0.158802,g,,
1628,190067,SENSOR,,SENSOR_READING,S16,,,,,,,,TEMPERATURE,38.842,C,,
1629,190067,SENSOR,,SENSOR_READING,S16,,,,,,,,CURRENT,2.28974,A,,
1630,190067,SENSOR,,SENSOR_READING,S16,,,,,,,,TORQUE,0.0769972,Nm,,
1631,190269,SENSOR,,SENSOR_READING,S02,,,,,,,,VIBRATION,1.13654,g,,
1632,190269,SENSOR,,SENSOR_READING,S02,,,,,,,,TEMPERATURE,58.2731,C,,
1633,190269,SENSOR,,SENSOR_READING,S02,,,,,,,,CURRENT,14.5825,A,,
1634,190269,SENSOR,,SENSOR_READING,S02,,,,,,,,TORQUE,54.8472,Nm,,
1635,190566,SENSOR,,SENSOR_READING,S01,,,,,,,,VIBRATION,1.20547,g,,
1636,190566,SENSOR,,SENSOR_READING,S01,,,,,,,,TEMPERATURE,58.5351,C,,
1637,190566,SENSOR,,SENSOR_READING,S01,,,,,,,,CURRENT,14.4274,A,,
1638,190566,SENSOR,,SENSOR_READING,S01,,,,,,,,TORQUE,55.2093,Nm,,
1639,191284,SENSOR,,SENSOR_READING,S26,,,,,,,,VIBRATION,0.176796,g,,
1640,191284,SENSOR,,SENSOR_READING,S26,,,,,,,,TEMPERATURE,38.7664,C,,
1641,191284,SENSOR,,SENSOR_READING,S26,,,,,,,,CURRENT,2.16262,A,,
1642,191284,SENSOR,,SENSOR_READING,S26,,,,,,,,TORQUE,0.288405,Nm,,
1643,191293,SENSOR,,SENSOR_READING,S05,,,,,,,,VIBRATION,1.29578,g,,
1644,191293,SENSOR,,SENSOR_READING,S05,,,,,,,,TEMPERATURE,47.0596,C,,
1645,191293,SENSOR,,SENSOR_READING,S05,,,,,,,,CURRENT,14.4094,A,,
1646,191293,SENSOR,,SENSOR_READING,S05,,,,,,,,TORQUE,54.8012,Nm,,
1647,191468,SENSOR,,SENSOR_READING,S29,,,,,,,,VIBRATION,0.157391,g,,
1648,191468,SENSOR,,SENSOR_READING,S29,,,,,,,,TEMPERATURE,38.8822,C,,
1649,191468,SENSOR,,SENSOR_READING,S29,,,,,,,,CURRENT,2.37423,A,,
1650,191468,SENSOR,,SENSOR_READING,S29,,,,,,,,TORQUE,0,Nm,,
1651,191791,SENSOR,,SENSOR_READING,S11,,,,,,,,VIBRATION,0.254423,g,,
1652,191791,SENSOR,,SENSOR_READING,S11,,,,,,,,TEMPERATURE,39.9856,C,,
1653,191791,SENSOR,,SENSOR_READING,S11,,,,,,,,CURRENT,2.38848,A,,
1654,191791,SENSOR,,SENSOR_READING,S11,,,,,,,,TORQUE,0.170318,Nm,,
1655,192106,SENSOR,,SENSOR_READING,S23,,,,,,,,VIBRATION,0.167941,g,,
1656,192106,SENSOR,,SENSOR_READING,S23,,,,,,,,TEMPERATURE,38.7924,C,,
1657,192106,SENSOR,,SENSOR_READING,S23,,,,,,,,CURRENT,2.2082,A,,
1658,192106,SENSOR,,SENSOR_READING,S23,,,,,,,,TORQUE,0,Nm,,
1659,192133,STATION,EV000039,PROCESSING_COMPLETED,S02,U000004,1,PROCESSING,,41108,,,,,,,
1660,192133,STATION,EV000040,UNIT_ARRIVED,S03,U000004,1,,,,,,,,,,
1661,192133,STATION,EV000041,PROCESSING_STARTED,S02,U000005,0,IDLE,PROCESSING,41505,,,,,,,
1662,192763,SENSOR,,SENSOR_READING,S03,,,,,,,,VIBRATION,1.16083,g,,
1663,192763,SENSOR,,SENSOR_READING,S03,,,,,,,,TEMPERATURE,56.0874,C,,
1664,192763,SENSOR,,SENSOR_READING,S03,,,,,,,,CURRENT,14.3813,A,,
1665,192763,SENSOR,,SENSOR_READING,S03,,,,,,,,TORQUE,55.1677,Nm,,
1666,193476,SENSOR,,SENSOR_READING,S28,,,,,,,,VIBRATION,0.203503,g,,
1667,193476,SENSOR,,SENSOR_READING,S28,,,,,,,,TEMPERATURE,38.967,C,,
1668,193476,SENSOR,,SENSOR_READING,S28,,,,,,,,CURRENT,2.15946,A,,
1669,193476,SENSOR,,SENSOR_READING,S28,,,,,,,,TORQUE,0.64061,Nm,,
1670,194415,SENSOR,,SENSOR_READING,S20,,,,,,,,VIBRATION,0.191764,g,,
1671,194415,SENSOR,,SENSOR_READING,S20,,,,,,,,TEMPERATURE,38.9959,C,,
1672,194415,SENSOR,,SENSOR_READING,S20,,,,,,,,CURRENT,2.36123,A,,
1673,194415,SENSOR,,SENSOR_READING,S20,,,,,,,,TORQUE,0,Nm,,
1674,197860,SENSOR,,SENSOR_READING,S15,,,,,,,,VIBRATION,0.122599,g,,
1675,197860,SENSOR,,SENSOR_READING,S15,,,,,,,,TEMPERATURE,38.6463,C,,
1676,197860,SENSOR,,SENSOR_READING,S15,,,,,,,,CURRENT,2.20704,A,,
1677,197860,SENSOR,,SENSOR_READING,S15,,,,,,,,TORQUE,0,Nm,,
1678,198122,SENSOR,,SENSOR_READING,S12,,,,,,,,VIBRATION,0.116895,g,,
1679,198122,SENSOR,,SENSOR_READING,S12,,,,,,,,TEMPERATURE,39.0592,C,,
1680,198122,SENSOR,,SENSOR_READING,S12,,,,,,,,CURRENT,2.24567,A,,
1681,198122,SENSOR,,SENSOR_READING,S12,,,,,,,,TORQUE,0,Nm,,
1682,198320,SENSOR,,SENSOR_READING,S22,,,,,,,,VIBRATION,0.120145,g,,
1683,198320,SENSOR,,SENSOR_READING,S22,,,,,,,,TEMPERATURE,39.2646,C,,
1684,198320,SENSOR,,SENSOR_READING,S22,,,,,,,,CURRENT,2.23914,A,,
1685,198320,SENSOR,,SENSOR_READING,S22,,,,,,,,TORQUE,0,Nm,,
1686,198326,SENSOR,,SENSOR_READING,S25,,,,,,,,VIBRATION,0.152357,g,,
1687,198326,SENSOR,,SENSOR_READING,S25,,,,,,,,TEMPERATURE,38.6929,C,,
1688,198326,SENSOR,,SENSOR_READING,S25,,,,,,,,CURRENT,1.98745,A,,
1689,198326,SENSOR,,SENSOR_READING,S25,,,,,,,,TORQUE,0,Nm,,
1690,198331,SENSOR,,SENSOR_READING,S17,,,,,,,,VIBRATION,0.160834,g,,
1691,198331,SENSOR,,SENSOR_READING,S17,,,,,,,,TEMPERATURE,40.064,C,,
1692,198331,SENSOR,,SENSOR_READING,S17,,,,,,,,CURRENT,2.17699,A,,
1693,198331,SENSOR,,SENSOR_READING,S17,,,,,,,,TORQUE,0.512267,Nm,,
1694,199049,SENSOR,,SENSOR_READING,S04,,,,,,,,VIBRATION,1.109,g,,
1695,199049,SENSOR,,SENSOR_READING,S04,,,,,,,,TEMPERATURE,45.8191,C,,
1696,199263,SENSOR,,SENSOR_READING,S02,,,,,,,,VIBRATION,1.12819,g,,
1697,199263,SENSOR,,SENSOR_READING,S02,,,,,,,,TEMPERATURE,58.5051,C,,
1698,199263,SENSOR,,SENSOR_READING,S02,,,,,,,,CURRENT,14.5931,A,,
1699,199263,SENSOR,,SENSOR_READING,S02,,,,,,,,TORQUE,55.354,Nm,,
1700,199446,SENSOR,,SENSOR_READING,S21,,,,,,,,VIBRATION,0.151883,g,,
1701,199446,SENSOR,,SENSOR_READING,S21,,,,,,,,TEMPERATURE,39.8367,C,,
1702,199902,SENSOR,,SENSOR_READING,S16,,,,,,,,VIBRATION,0.189967,g,,
1703,199902,SENSOR,,SENSOR_READING,S16,,,,,,,,TEMPERATURE,38.8533,C,,
1704,199902,SENSOR,,SENSOR_READING,S16,,,,,,,,CURRENT,2.27286,A,,
1705,199902,SENSOR,,SENSOR_READING,S16,,,,,,,,TORQUE,0.729689,Nm,,
1706,199940,SENSOR,,SENSOR_READING,S06,,,,,,,,VIBRATION,0.13741,g,,
1707,199940,SENSOR,,SENSOR_READING,S06,,,,,,,,TEMPERATURE,39.5156,C,,
1708,199940,SENSOR,,SENSOR_READING,S06,,,,,,,,CURRENT,2.26942,A,,
1709,199940,SENSOR,,SENSOR_READING,S06,,,,,,,,TORQUE,0,Nm,,
1710,199976,SENSOR,,SENSOR_READING,S19,,,,,,,,VIBRATION,0.171233,g,,
1711,199976,SENSOR,,SENSOR_READING,S19,,,,,,,,TEMPERATURE,38.2717,C,,
1712,199976,SENSOR,,SENSOR_READING,S19,,,,,,,,CURRENT,2.28379,A,,
1713,199976,SENSOR,,SENSOR_READING,S19,,,,,,,,TORQUE,0.238426,Nm,,
1714,200182,SENSOR,,SENSOR_READING,S07,,,,,,,,VIBRATION,0.166089,g,,
1715,200182,SENSOR,,SENSOR_READING,S07,,,,,,,,TEMPERATURE,38.3704,C,,
1716,200182,SENSOR,,SENSOR_READING,S07,,,,,,,,CURRENT,2.17142,A,,
1717,200182,SENSOR,,SENSOR_READING,S07,,,,,,,,TORQUE,0.352786,Nm,,
1718,200205,SENSOR,,SENSOR_READING,S05,,,,,,,,VIBRATION,1.30706,g,,
1719,200205,SENSOR,,SENSOR_READING,S05,,,,,,,,TEMPERATURE,48.8975,C,,
1720,200205,SENSOR,,SENSOR_READING,S05,,,,,,,,CURRENT,14.5741,A,,
1721,200205,SENSOR,,SENSOR_READING,S05,,,,,,,,TORQUE,54.5227,Nm,,
1722,201461,SENSOR,,SENSOR_READING,S01,,,,,,,,VIBRATION,1.10798,g,,
1723,201461,SENSOR,,SENSOR_READING,S01,,,,,,,,TEMPERATURE,58.6887,C,,
1724,201461,SENSOR,,SENSOR_READING,S01,,,,,,,,CURRENT,14.7127,A,,
1725,201461,SENSOR,,SENSOR_READING,S01,,,,,,,,TORQUE,55.0969,Nm,,
1726,201619,SENSOR,,SENSOR_READING,S29,,,,,,,,VIBRATION,0.172066,g,,
1727,201619,SENSOR,,SENSOR_READING,S29,,,,,,,,TEMPERATURE,38.8637,C,,
1728,201619,SENSOR,,SENSOR_READING,S29,,,,,,,,CURRENT,2.22914,A,,
1729,201619,SENSOR,,SENSOR_READING,S29,,,,,,,,TORQUE,0,Nm,,
1730,201801,SENSOR,,SENSOR_READING,S10,,,,,,,,VIBRATION,0.181065,g,,
1731,201801,SENSOR,,SENSOR_READING,S10,,,,,,,,TEMPERATURE,39.5954,C,,
1732,202335,SENSOR,,SENSOR_READING,S23,,,,,,,,VIBRATION,0.167078,g,,
1733,202335,SENSOR,,SENSOR_READING,S23,,,,,,,,TEMPERATURE,38.7732,C,,
1734,202335,SENSOR,,SENSOR_READING,S23,,,,,,,,CURRENT,2.1785,A,,
1735,202335,SENSOR,,SENSOR_READING,S23,,,,,,,,TORQUE,0,Nm,,
1736,202386,SENSOR,,SENSOR_READING,S26,,,,,,,,VIBRATION,0.208829,g,,
1737,202386,SENSOR,,SENSOR_READING,S26,,,,,,,,TEMPERATURE,38.735,C,,
1738,202386,SENSOR,,SENSOR_READING,S26,,,,,,,,CURRENT,2.08413,A,,
1739,202386,SENSOR,,SENSOR_READING,S26,,,,,,,,TORQUE,0,Nm,,
1740,202763,SENSOR,,SENSOR_READING,S11,,,,,,,,VIBRATION,0.232076,g,,
1741,202763,SENSOR,,SENSOR_READING,S11,,,,,,,,TEMPERATURE,39.8529,C,,
1742,202763,SENSOR,,SENSOR_READING,S11,,,,,,,,CURRENT,2.16093,A,,
1743,202763,SENSOR,,SENSOR_READING,S11,,,,,,,,TORQUE,0.0724636,Nm,,
1744,203058,SENSOR,,SENSOR_READING,S28,,,,,,,,VIBRATION,0.180515,g,,
1745,203058,SENSOR,,SENSOR_READING,S28,,,,,,,,TEMPERATURE,38.8067,C,,
1746,203058,SENSOR,,SENSOR_READING,S28,,,,,,,,CURRENT,2.12954,A,,
1747,203058,SENSOR,,SENSOR_READING,S28,,,,,,,,TORQUE,0,Nm,,
1748,203500,SENSOR,,SENSOR_READING,S03,,,,,,,,VIBRATION,1.10636,g,,
1749,203500,SENSOR,,SENSOR_READING,S03,,,,,,,,TEMPERATURE,56.4164,C,,
1750,203500,SENSOR,,SENSOR_READING,S03,,,,,,,,CURRENT,14.2124,A,,
1751,203500,SENSOR,,SENSOR_READING,S03,,,,,,,,TORQUE,54.263,Nm,,
1752,204608,SENSOR,,SENSOR_READING,S20,,,,,,,,VIBRATION,0.223317,g,,
1753,204608,SENSOR,,SENSOR_READING,S20,,,,,,,,TEMPERATURE,39.2056,C,,
1754,204608,SENSOR,,SENSOR_READING,S20,,,,,,,,CURRENT,2.19832,A,,
1755,204608,SENSOR,,SENSOR_READING,S20,,,,,,,,TORQUE,0,Nm,,
1756,204938,STATION,EV000042,PROCESSING_COMPLETED,S05,U000001,0,PROCESSING,,42560,,,,,,,
1757,204938,STATION,EV000043,UNIT_ARRIVED,S06,U000001,1,,,,,,,,,,
1758,204938,STATION,EV000044,PROCESSING_STARTED,S06,U000001,0,IDLE,PROCESSING,42894,,,,,,,
1759,206801,STATION,EV000045,PROCESSING_COMPLETED,S04,U000002,0,PROCESSING,,40758,,,,,,,
1760,206801,STATION,EV000046,UNIT_ARRIVED,S05,U000002,1,,,,,,,,,,
1761,206801,STATION,EV000047,PROCESSING_STARTED,S05,U000002,0,STARVED,PROCESSING,47612,,,,,,,
1762,207231,SENSOR,,SENSOR_READING,S15,,,,,,,,VIBRATION,0.135167,g,,
1763,207231,SENSOR,,SENSOR_READING,S15,,,,,,,,TEMPERATURE,38.6082,C,,
1764,207231,SENSOR,,SENSOR_READING,S15,,,,,,,,CURRENT,2.29436,A,,
1765,207231,SENSOR,,SENSOR_READING,S15,,,,,,,,TORQUE,0.111478,Nm,,
1766,207410,SENSOR,,SENSOR_READING,S12,,,,,,,,VIBRATION,0.178957,g,,
1767,207410,SENSOR,,SENSOR_READING,S12,,,,,,,,TEMPERATURE,39.0765,C,,
1768,207410,SENSOR,,SENSOR_READING,S12,,,,,,,,CURRENT,2.10802,A,,
1769,207410,SENSOR,,SENSOR_READING,S12,,,,,,,,TORQUE,0,Nm,,
1770,208316,SENSOR,,SENSOR_READING,S22,,,,,,,,VIBRATION,0.146251,g,,
1771,208316,SENSOR,,SENSOR_READING,S22,,,,,,,,TEMPERATURE,38.8727,C,,
1772,208316,SENSOR,,SENSOR_READING,S22,,,,,,,,CURRENT,2.13634,A,,
1773,208316,SENSOR,,SENSOR_READING,S22,,,,,,,,TORQUE,0,Nm,,
1774,208485,SENSOR,,SENSOR_READING,S25,,,,,,,,VIBRATION,0.153815,g,,
1775,208485,SENSOR,,SENSOR_READING,S25,,,,,,,,TEMPERATURE,38.5988,C,,
1776,208485,SENSOR,,SENSOR_READING,S25,,,,,,,,CURRENT,2.22727,A,,
1777,208485,SENSOR,,SENSOR_READING,S25,,,,,,,,TORQUE,0,Nm,,
1778,208883,SENSOR,,SENSOR_READING,S31,,,,,,,,VIBRATION,0.171366,g,,
1779,208883,SENSOR,,SENSOR_READING,S31,,,,,,,,TEMPERATURE,39.386,C,,
1780,208963,SENSOR,,SENSOR_READING,S17,,,,,,,,VIBRATION,0.126793,g,,
1781,208963,SENSOR,,SENSOR_READING,S17,,,,,,,,TEMPERATURE,39.8917,C,,
1782,208963,SENSOR,,SENSOR_READING,S17,,,,,,,,CURRENT,2.18862,A,,
1783,208963,SENSOR,,SENSOR_READING,S17,,,,,,,,TORQUE,0.434804,Nm,,
1784,208987,SENSOR,,SENSOR_READING,S14,,,,,,,,VIBRATION,0.187281,g,,
1785,208987,SENSOR,,SENSOR_READING,S14,,,,,,,,TEMPERATURE,39.2368,C,,
1786,209233,STATION,EV000048,PROCESSING_COMPLETED,S03,U000003,1,PROCESSING,,43190,,,,,,,
1787,209233,STATION,EV000049,UNIT_ARRIVED,S04,U000003,1,,,,,,,,,,
1788,209233,STATION,EV000050,PROCESSING_STARTED,S04,U000003,0,STARVED,PROCESSING,46768,,,,,,,
1789,209233,STATION,EV000051,PROCESSING_STARTED,S03,U000004,0,IDLE,PROCESSING,32847,,,,,,,
1790,209244,SENSOR,,SENSOR_READING,S02,,,,,,,,VIBRATION,1.11921,g,,
1791,209244,SENSOR,,SENSOR_READING,S02,,,,,,,,TEMPERATURE,59.0142,C,,
1792,209244,SENSOR,,SENSOR_READING,S02,,,,,,,,CURRENT,14.327,A,,
1793,209244,SENSOR,,SENSOR_READING,S02,,,,,,,,TORQUE,54.4722,Nm,,
1794,209327,SENSOR,,SENSOR_READING,S16,,,,,,,,VIBRATION,0.150363,g,,
1795,209327,SENSOR,,SENSOR_READING,S16,,,,,,,,TEMPERATURE,38.798,C,,
1796,209327,SENSOR,,SENSOR_READING,S16,,,,,,,,CURRENT,2.24497,A,,
1797,209327,SENSOR,,SENSOR_READING,S16,,,,,,,,TORQUE,0,Nm,,
1798,209663,SENSOR,,SENSOR_READING,S07,,,,,,,,VIBRATION,0.128457,g,,
1799,209663,SENSOR,,SENSOR_READING,S07,,,,,,,,TEMPERATURE,38.4003,C,,
1800,209663,SENSOR,,SENSOR_READING,S07,,,,,,,,CURRENT,2.25417,A,,
1801,209663,SENSOR,,SENSOR_READING,S07,,,,,,,,TORQUE,0.866591,Nm,,
1802,209680,SENSOR,,SENSOR_READING,S05,,,,,,,,VIBRATION,1.27515,g,,
1803,209680,SENSOR,,SENSOR_READING,S05,,,,,,,,TEMPERATURE,50.5664,C,,
1804,209680,SENSOR,,SENSOR_READING,S05,,,,,,,,CURRENT,14.8058,A,,
1805,209680,SENSOR,,SENSOR_READING,S05,,,,,,,,TORQUE,55.5364,Nm,,
1806,209767,SENSOR,,SENSOR_READING,S19,,,,,,,,VIBRATION,0.124138,g,,
1807,209767,SENSOR,,SENSOR_READING,S19,,,,,,,,TEMPERATURE,38.2011,C,,
1808,209767,SENSOR,,SENSOR_READING,S19,,,,,,,,CURRENT,2.18766,A,,
1809,209767,SENSOR,,SENSOR_READING,S19,,,,,,,,TORQUE,0.895305,Nm,,
1810,210989,SENSOR,,SENSOR_READING,S06,,,,,,,,VIBRATION,0.769686,g,,
1811,210989,SENSOR,,SENSOR_READING,S06,,,,,,,,TEMPERATURE,42.2083,C,,
1812,210989,SENSOR,,SENSOR_READING,S06,,,,,,,,CURRENT,12.6618,A,,
1813,210989,SENSOR,,SENSOR_READING,S06,,,,,,,,TORQUE,38.3938,Nm,,
1814,211295,SENSOR,,SENSOR_READING,S26,,,,,,,,VIBRATION,0.206364,g,,
1815,211295,SENSOR,,SENSOR_READING,S26,,,,,,,,TEMPERATURE,38.8081,C,,
1816,211295,SENSOR,,SENSOR_READING,S26,,,,,,,,CURRENT,1.9972,A,,
1817,211295,SENSOR,,SENSOR_READING,S26,,,,,,,,TORQUE,0.0461052,Nm,,
1818,211677,SENSOR,,SENSOR_READING,S01,,,,,,,,VIBRATION,1.15352,g,,
1819,211677,SENSOR,,SENSOR_READING,S01,,,,,,,,TEMPERATURE,58.4781,C,,
1820,211677,SENSOR,,SENSOR_READING,S01,,,,,,,,CURRENT,14.5809,A,,
1821,211677,SENSOR,,SENSOR_READING,S01,,,,,,,,TORQUE,55.3984,Nm,,
1822,212405,SENSOR,,SENSOR_READING,S23,,,,,,,,VIBRATION,0.137143,g,,
1823,212405,SENSOR,,SENSOR_READING,S23,,,,,,,,TEMPERATURE,38.5843,C,,
1824,212405,SENSOR,,SENSOR_READING,S23,,,,,,,,CURRENT,1.91849,A,,
1825,212405,SENSOR,,SENSOR_READING,S23,,,,,,,,TORQUE,0.339399,Nm,,
1826,212413,SENSOR,,SENSOR_READING,S29,,,,,,,,VIBRATION,0.219711,g,,
1827,212413,SENSOR,,SENSOR_READING,S29,,,,,,,,TEMPERATURE,38.834,C,,
1828,212413,SENSOR,,SENSOR_READING,S29,,,,,,,,CURRENT,2.19483,A,,
1829,212413,SENSOR,,SENSOR_READING,S29,,,,,,,,TORQUE,0.068031,Nm,,
1830,212855,SENSOR,,SENSOR_READING,S28,,,,,,,,VIBRATION,0.192062,g,,
1831,212855,SENSOR,,SENSOR_READING,S28,,,,,,,,TEMPERATURE,38.614,C,,
1832,212855,SENSOR,,SENSOR_READING,S28,,,,,,,,CURRENT,2.20086,A,,
1833,212855,SENSOR,,SENSOR_READING,S28,,,,,,,,TORQUE,0.121648,Nm,,
1834,212916,SENSOR,,SENSOR_READING,S32,,,,,,,,VIBRATION,0.241647,g,,
1835,212916,SENSOR,,SENSOR_READING,S32,,,,,,,,TEMPERATURE,39.3525,C,,
1836,213339,SENSOR,,SENSOR_READING,S11,,,,,,,,VIBRATION,0.271429,g,,
1837,213339,SENSOR,,SENSOR_READING,S11,,,,,,,,TEMPERATURE,39.586,C,,
1838,213339,SENSOR,,SENSOR_READING,S11,,,,,,,,CURRENT,2.21628,A,,
1839,213339,SENSOR,,SENSOR_READING,S11,,,,,,,,TORQUE,0,Nm,,
1840,214473,SENSOR,,SENSOR_READING,S03,,,,,,,,VIBRATION,1.16165,g,,
1841,214473,SENSOR,,SENSOR_READING,S03,,,,,,,,TEMPERATURE,56.9163,C,,
1842,214473,SENSOR,,SENSOR_READING,S03,,,,,,,,CURRENT,14.6885,A,,
1843,214473,SENSOR,,SENSOR_READING,S03,,,,,,,,TORQUE,54.6607,Nm,,
1844,215045,SENSOR,,SENSOR_READING,S20,,,,,,,,VIBRATION,0.23088,g,,
1845,215045,SENSOR,,SENSOR_READING,S20,,,,,,,,TEMPERATURE,39.1491,C,,
1846,215045,SENSOR,,SENSOR_READING,S20,,,,,,,,CURRENT,2.21821,A,,
1847,215045,SENSOR,,SENSOR_READING,S20,,,,,,,,TORQUE,0,Nm,,
1848,215483,SENSOR,,SENSOR_READING,S27,,,,,,,,VIBRATION,0.168838,g,,
1849,215483,SENSOR,,SENSOR_READING,S27,,,,,,,,TEMPERATURE,39.6371,C,,
1850,217600,SENSOR,,SENSOR_READING,S12,,,,,,,,VIBRATION,0.218775,g,,
1851,217600,SENSOR,,SENSOR_READING,S12,,,,,,,,TEMPERATURE,38.9851,C,,
1852,217600,SENSOR,,SENSOR_READING,S12,,,,,,,,CURRENT,2.09506,A,,
1853,217600,SENSOR,,SENSOR_READING,S12,,,,,,,,TORQUE,0,Nm,,
1854,218027,STATION,EV000052,PROCESSING_COMPLETED,S01,U000006,0,PROCESSING,,33596,,,,,,,
1855,218027,STATION,EV000053,UNIT_ARRIVED,S02,U000006,1,,,,,,,,,,
1856,218027,STATION,EV000054,PROCESSING_STARTED,S01,U000007,0,IDLE,PROCESSING,33126,,,,,,,
1857,218115,SENSOR,,SENSOR_READING,S15,,,,,,,,VIBRATION,0.14464,g,,
1858,218115,SENSOR,,SENSOR_READING,S15,,,,,,,,TEMPERATURE,38.7136,C,,
1859,218115,SENSOR,,SENSOR_READING,S15,,,,,,,,CURRENT,2.38443,A,,
1860,218115,SENSOR,,SENSOR_READING,S15,,,,,,,,TORQUE,0,Nm,,
1861,218157,SENSOR,,SENSOR_READING,S02,,,,,,,,VIBRATION,1.18798,g,,
1862,218157,SENSOR,,SENSOR_READING,S02,,,,,,,,TEMPERATURE,59.2969,C,,
1863,218157,SENSOR,,SENSOR_READING,S02,,,,,,,,CURRENT,14.5748,A,,
1864,218157,SENSOR,,SENSOR_READING,S02,,,,,,,,TORQUE,55.1416,Nm,,
1865,218346,SENSOR,,SENSOR_READING,S17,,,,,,,,VIBRATION,0.13309,g,,
1866,218346,SENSOR,,SENSOR_READING,S17,,,,,,,,TEMPERATURE,39.6461,C,,
1867,218346,SENSOR,,SENSOR_READING,S17,,,,,,,,CURRENT,2.00081,A,,
1868,218346,SENSOR,,SENSOR_READING,S17,,,,,,,,TORQUE,0.590922,Nm,,
1869,218489,SENSOR,,SENSOR_READING,S16,,,,,,,,VIBRATION,0.216363,g,,
1870,218489,SENSOR,,SENSOR_READING,S16,,,,,,,,TEMPERATURE,38.6885,C,,
1871,218489,SENSOR,,SENSOR_READING,S16,,,,,,,,CURRENT,2.06422,A,,
1872,218489,SENSOR,,SENSOR_READING,S16,,,,,,,,TORQUE,0.44768,Nm,,
1873,218505,SENSOR,,SENSOR_READING,S05,,,,,,,,VIBRATION,1.23587,g,,
1874,218505,SENSOR,,SENSOR_READING,S05,,,,,,,,TEMPERATURE,51.7359,C,,
1875,218505,SENSOR,,SENSOR_READING,S05,,,,,,,,CURRENT,14.6543,A,,
1876,218505,SENSOR,,SENSOR_READING,S05,,,,,,,,TORQUE,54.8071,Nm,,
1877,218774,SENSOR,,SENSOR_READING,S22,,,,,,,,VIBRATION,0.172482,g,,
1878,218774,SENSOR,,SENSOR_READING,S22,,,,,,,,TEMPERATURE,38.9184,C,,
1879,218774,SENSOR,,SENSOR_READING,S22,,,,,,,,CURRENT,2.02237,A,,
1880,218774,SENSOR,,SENSOR_READING,S22,,,,,,,,TORQUE,0,Nm,,
1881,218874,SENSOR,,SENSOR_READING,S25,,,,,,,,VIBRATION,0.179422,g,,
1882,218874,SENSOR,,SENSOR_READING,S25,,,,,,,,TEMPERATURE,38.8281,C,,
1883,218874,SENSOR,,SENSOR_READING,S25,,,,,,,,CURRENT,2.42393,A,,
1884,218874,SENSOR,,SENSOR_READING,S25,,,,,,,,TORQUE,0,Nm,,
1885,219344,SENSOR,,SENSOR_READING,S09,,,,,,,,VIBRATION,0.191834,g,,
1886,219344,SENSOR,,SENSOR_READING,S09,,,,,,,,TEMPERATURE,39.6337,C,,
1887,219550,SENSOR,,SENSOR_READING,S07,,,,,,,,VIBRATION,0.187779,g,,
1888,219550,SENSOR,,SENSOR_READING,S07,,,,,,,,TEMPERATURE,38.305,C,,
1889,219550,SENSOR,,SENSOR_READING,S07,,,,,,,,CURRENT,2.07202,A,,
1890,219550,SENSOR,,SENSOR_READING,S07,,,,,,,,TORQUE,0.426747,Nm,,
1891,220678,SENSOR,,SENSOR_READING,S06,,,,,,,,VIBRATION,1.02326,g,,
1892,220678,SENSOR,,SENSOR_READING,S06,,,,,,,,TEMPERATURE,44.4434,C,,
1893,220678,SENSOR,,SENSOR_READING,S06,,,,,,,,CURRENT,14.1943,A,,
1894,220678,SENSOR,,SENSOR_READING,S06,,,,,,,,TORQUE,49.8836,Nm,,
1895,220724,SENSOR,,SENSOR_READING,S01,,,,,,,,VIBRATION,1.13769,g,,
1896,220724,SENSOR,,SENSOR_READING,S01,,,,,,,,TEMPERATURE,58.9141,C,,
1897,220724,SENSOR,,SENSOR_READING,S01,,,,,,,,CURRENT,14.4905,A,,
1898,220724,SENSOR,,SENSOR_READING,S01,,,,,,,,TORQUE,54.536,Nm,,
1899,220841,SENSOR,,SENSOR_READING,S19,,,,,,,,VIBRATION,0.169184,g,,
1900,220841,SENSOR,,SENSOR_READING,S19,,,,,,,,TEMPERATURE,38.4113,C,,
1901,220841,SENSOR,,SENSOR_READING,S19,,,,,,,,CURRENT,2.14813,A,,
1902,220841,SENSOR,,SENSOR_READING,S19,,,,,,,,TORQUE,0.0605947,Nm,,
1903,221058,SENSOR,,SENSOR_READING,S26,,,,,,,,VIBRATION,0.222421,g,,
1904,221058,SENSOR,,SENSOR_READING,S26,,,,,,,,TEMPERATURE,38.8108,C,,
1905,221058,SENSOR,,SENSOR_READING,S26,,,,,,,,CURRENT,2.13446,A,,
1906,221058,SENSOR,,SENSOR_READING,S26,,,,,,,,TORQUE,0.852037,Nm,,
1907,221388,SENSOR,,SENSOR_READING,S23,,,,,,,,VIBRATION,0.183985,g,,
1908,221388,SENSOR,,SENSOR_READING,S23,,,,,,,,TEMPERATURE,38.7131,C,,
1909,221388,SENSOR,,SENSOR_READING,S23,,,,,,,,CURRENT,2.1496,A,,
1910,221388,SENSOR,,SENSOR_READING,S23,,,,,,,,TORQUE,0.587752,Nm,,
1911,221746,SENSOR,,SENSOR_READING,S29,,,,,,,,VIBRATION,0.230618,g,,
1912,221746,SENSOR,,SENSOR_READING,S29,,,,,,,,TEMPERATURE,38.7571,C,,
1913,221746,SENSOR,,SENSOR_READING,S29,,,,,,,,CURRENT,2.01953,A,,
1914,221746,SENSOR,,SENSOR_READING,S29,,,,,,,,TORQUE,0,Nm,,
1915,223608,SENSOR,,SENSOR_READING,S11,,,,,,,,VIBRATION,0.276183,g,,
1916,223608,SENSOR,,SENSOR_READING,S11,,,,,,,,TEMPERATURE,39.4787,C,,
1917,223608,SENSOR,,SENSOR_READING,S11,,,,,,,,CURRENT,2.31521,A,,
1918,223608,SENSOR,,SENSOR_READING,S11,,,,,,,,TORQUE,0.0471195,Nm,,
1919,223727,SENSOR,,SENSOR_READING,S28,,,,,,,,VIBRATION,0.179158,g,,
1920,223727,SENSOR,,SENSOR_READING,S28,,,,,,,,TEMPERATURE,38.5395,C,,
1921,223727,SENSOR,,SENSOR_READING,S28,,,,,,,,CURRENT,2.17243,A,,
1922,223727,SENSOR,,SENSOR_READING,S28,,,,,,,,TORQUE,0,Nm,,
1923,225217,SENSOR,,SENSOR_READING,S03,,,,,,,,VIBRATION,1.10487,g,,
1924,225217,SENSOR,,SENSOR_READING,S03,,,,,,,,TEMPERATURE,57.3356,C,,
1925,225217,SENSOR,,SENSOR_READING,S03,,,,,,,,CURRENT,14.7956,A,,
1926,225217,SENSOR,,SENSOR_READING,S03,,,,,,,,TORQUE,54.8141,Nm,,
1927,225451,SENSOR,,SENSOR_READING,S20,,,,,,,,VIBRATION,0.258253,g,,
1928,225451,SENSOR,,SENSOR_READING,S20,,,,,,,,TEMPERATURE,39.1006,C,,
1929,225451,SENSOR,,SENSOR_READING,S20,,,,,,,,CURRENT,2.20538,A,,
1930,225451,SENSOR,,SENSOR_READING,S20,,,,,,,,TORQUE,0.212369,Nm,,
1931,226802,SENSOR,,SENSOR_READING,S12,,,,,,,,VIBRATION,0.191334,g,,
1932,226802,SENSOR,,SENSOR_READING,S12,,,,,,,,TEMPERATURE,39.1404,C,,
1933,226802,SENSOR,,SENSOR_READING,S12,,,,,,,,CURRENT,2.07783,A,,
1934,226802,SENSOR,,SENSOR_READING,S12,,,,,,,,TORQUE,0,Nm,,
1935,227333,SENSOR,,SENSOR_READING,S15,,,,,,,,VIBRATION,0.115613,g,,
1936,227333,SENSOR,,SENSOR_READING,S15,,,,,,,,TEMPERATURE,39.08,C,,
1937,227333,SENSOR,,SENSOR_READING,S15,,,,,,,,CURRENT,2.27875,A,,
1938,227333,SENSOR,,SENSOR_READING,S15,,,,,,,,TORQUE,0,Nm,,
1939,227823,SENSOR,,SENSOR_READING,S16,,,,,,,,VIBRATION,0.227392,g,,
1940,227823,SENSOR,,SENSOR_READING,S16,,,,,,,,TEMPERATURE,38.7858,C,,
1941,227823,SENSOR,,SENSOR_READING,S16,,,,,,,,CURRENT,2.59809,A,,
1942,227823,SENSOR,,SENSOR_READING,S16,,,,,,,,TORQUE,0,Nm,,
1943,227863,SENSOR,,SENSOR_READING,S04,,,,,,,,VIBRATION,1.1056,g,,
1944,227863,SENSOR,,SENSOR_READING,S04,,,,,,,,TEMPERATURE,47.7208,C,,
1945,228073,SENSOR,,SENSOR_READING,S02,,,,,,,,VIBRATION,1.18105,g,,
1946,228073,SENSOR,,SENSOR_READING,S02,,,,,,,,TEMPERATURE,59.4336,C,,
1947,228073,SENSOR,,SENSOR_READING,S02,,,,,,,,CURRENT,14.4136,A,,
1948,228073,SENSOR,,SENSOR_READING,S02,,,,,,,,TORQUE,54.5924,Nm,,
1949,228342,SENSOR,,SENSOR_READING,S17,,,,,,,,VIBRATION,0.151146,g,,
1950,228342,SENSOR,,SENSOR_READING,S17,,,,,,,,TEMPERATURE,39.3855,C,,
1951,228342,SENSOR,,SENSOR_READING,S17,,,,,,,,CURRENT,2.31892,A,,
1952,228342,SENSOR,,SENSOR_READING,S17,,,,,,,,TORQUE,0.255613,Nm,,
1953,228481,SENSOR,,SENSOR_READING,S25,,,,,,,,VIBRATION,0.160979,g,,
1954,228481,SENSOR,,SENSOR_READING,S25,,,,,,,,TEMPERATURE,38.9545,C,,
1955,228481,SENSOR,,SENSOR_READING,S25,,,,,,,,CURRENT,2.17892,A,,
1956,228481,SENSOR,,SENSOR_READING,S25,,,,,,,,TORQUE,0.0152977,Nm,,
1957,228537,SENSOR,,SENSOR_READING,S21,,,,,,,,VIBRATION,0.212629,g,,
1958,228537,SENSOR,,SENSOR_READING,S21,,,,,,,,TEMPERATURE,39.7554,C,,
1959,229485,SENSOR,,SENSOR_READING,S06,,,,,,,,VIBRATION,1.07788,g,,
1960,229485,SENSOR,,SENSOR_READING,S06,,,,,,,,TEMPERATURE,46.4802,C,,
1961,229485,SENSOR,,SENSOR_READING,S06,,,,,,,,CURRENT,14.4333,A,,
1962,229485,SENSOR,,SENSOR_READING,S06,,,,,,,,TORQUE,52.6056,Nm,,
1963,229558,SENSOR,,SENSOR_READING,S05,,,,,,,,VIBRATION,1.29133,g,,
1964,229558,SENSOR,,SENSOR_READING,S05,,,,,,,,TEMPERATURE,52.7596,C,,
1965,229558,SENSOR,,SENSOR_READING,S05,,,,,,,,CURRENT,14.8169,A,,
1966,229558,SENSOR,,SENSOR_READING,S05,,,,,,,,TORQUE,54.7432,Nm,,
1967,229828,SENSOR,,SENSOR_READING,S22,,,,,,,,VIBRATION,0.194985,g,,
1968,229828,SENSOR,,SENSOR_READING,S22,,,,,,,,TEMPERATURE,39.0131,C,,
1969,229828,SENSOR,,SENSOR_READING,S22,,,,,,,,CURRENT,2.18464,A,,
1970,229828,SENSOR,,SENSOR_READING,S22,,,,,,,,TORQUE,0.0784215,Nm,,
1971,230160,SENSOR,,SENSOR_READING,S01,,,,,,,,VIBRATION,1.12804,g,,
1972,230160,SENSOR,,SENSOR_READING,S01,,,,,,,,TEMPERATURE,59.4,C,,
1973,230160,SENSOR,,SENSOR_READING,S01,,,,,,,,CURRENT,14.6857,A,,
1974,230160,SENSOR,,SENSOR_READING,S01,,,,,,,,TORQUE,54.5853,Nm,,
1975,230465,SENSOR,,SENSOR_READING,S07,,,,,,,,VIBRATION,0.169974,g,,
1976,230465,SENSOR,,SENSOR_READING,S07,,,,,,,,TEMPERATURE,38.3992,C,,
1977,230465,SENSOR,,SENSOR_READING,S07,,,,,,,,CURRENT,1.99311,A,,
1978,230465,SENSOR,,SENSOR_READING,S07,,,,,,,,TORQUE,0.37941,Nm,,
1979,230518,SENSOR,,SENSOR_READING,S23,,,,,,,,VIBRATION,0.182505,g,,
1980,230518,SENSOR,,SENSOR_READING,S23,,,,,,,,TEMPERATURE,38.6092,C,,
1981,230518,SENSOR,,SENSOR_READING,S23,,,,,,,,CURRENT,2.2964,A,,
1982,230518,SENSOR,,SENSOR_READING,S23,,,,,,,,TORQUE,0,Nm,,
1983,230687,SENSOR,,SENSOR_READING,S19,,,,,,,,VIBRATION,0.202336,g,,
1984,230687,SENSOR,,SENSOR_READING,S19,,,,,,,,TEMPERATURE,38.6814,C,,
1985,230687,SENSOR,,SENSOR_READING,S19,,,,,,,,CURRENT,2.26372,A,,
1986,230687,SENSOR,,SENSOR_READING,S19,,,,,,,,TORQUE,0,Nm,,
1987,230979,SENSOR,,SENSOR_READING,S26,,,,,,,,VIBRATION,0.220499,g,,
1988,230979,SENSOR,,SENSOR_READING,S26,,,,,,,,TEMPERATURE,38.877,C,,
1989,230979,SENSOR,,SENSOR_READING,S26,,,,,,,,CURRENT,2.33056,A,,
1990,230979,SENSOR,,SENSOR_READING,S26,,,,,,,,TORQUE,0.508196,Nm,,
1991,232115,SENSOR,,SENSOR_READING,S29,,,,,,,,VIBRATION,0.247823,g,,
1992,232115,SENSOR,,SENSOR_READING,S29,,,,,,,,TEMPERATURE,38.9954,C,,
1993,232115,SENSOR,,SENSOR_READING,S29,,,,,,,,CURRENT,2.22101,A,,
1994,232115,SENSOR,,SENSOR_READING,S29,,,,,,,,TORQUE,0.268529,Nm,,
1995,233638,STATION,EV000055,PROCESSING_COMPLETED,S02,U000005,1,PROCESSING,,41505,,,,,,,
1996,233638,STATION,EV000056,UNIT_ARRIVED,S03,U000005,1,,,,,,,,,,
1997,233638,STATION,EV000057,PROCESSING_STARTED,S02,U000006,0,IDLE,PROCESSING,41493,,,,,,,
1998,233845,SENSOR,,SENSOR_READING,S10,,,,,,,,VIBRATION,0.171161,g,,
1999,233845,SENSOR,,SENSOR_READING,S10,,,,,,,,TEMPERATURE,39.5121,C,,
2000,234220,SENSOR,,SENSOR_READING,S28,,,,,,,,VIBRATION,0.150289,g,,
2001,234220,SENSOR,,SENSOR_READING,S28,,,,,,,,TEMPERATURE,38.4729,C,,
2002,234220,SENSOR,,SENSOR_READING,S28,,,,,,,,CURRENT,2.25984,A,,
2003,234220,SENSOR,,SENSOR_READING,S28,,,,,,,,TORQUE,0,Nm,,
2004,234324,SENSOR,,SENSOR_READING,S11,,,,,,,,VIBRATION,0.253708,g,,
2005,234324,SENSOR,,SENSOR_READING,S11,,,,,,,,TEMPERATURE,39.4047,C,,
2006,234324,SENSOR,,SENSOR_READING,S11,,,,,,,,CURRENT,2.45109,A,,
2007,234324,SENSOR,,SENSOR_READING,S11,,,,,,,,TORQUE,0.0967323,Nm,,
2008,234567,SENSOR,,SENSOR_READING,S20,,,,,,,,VIBRATION,0.252195,g,,
2009,234567,SENSOR,,SENSOR_READING,S20,,,,,,,,TEMPERATURE,38.9156,C,,
2010,234567,SENSOR,,SENSOR_READING,S20,,,,,,,,CURRENT,2.28355,A,,
2011,234567,SENSOR,,SENSOR_READING,S20,,,,,,,,TORQUE,0.133813,Nm,,
2012,235318,SENSOR,,SENSOR_READING,S03,,,,,,,,VIBRATION,1.07951,g,,
2013,235318,SENSOR,,SENSOR_READING,S03,,,,,,,,TEMPERATURE,57.992,C,,
2014,235318,SENSOR,,SENSOR_READING,S03,,,,,,,,CURRENT,14.4083,A,,
2015,235318,SENSOR,,SENSOR_READING,S03,,,,,,,,TORQUE,55.184,Nm,,
2016,237696,SENSOR,,SENSOR_READING,S15,,,,,,,,VIBRATION,0.199999,g,,
2017,237696,SENSOR,,SENSOR_READING,S15,,,,,,,,TEMPERATURE,39.0597,C,,
2018,237696,SENSOR,,SENSOR_READING,S15,,,,,,,,CURRENT,2.43592,A,,
2019,237696,SENSOR,,SENSOR_READING,S15,,,,,,,,TORQUE,0,Nm,,
2020,238000,SENSOR,,SENSOR_READING,S12,,,,,,,,VIBRATION,0.135256,g,,
2021,238000,SENSOR,,SENSOR_READING,S12,,,,,,,,TEMPERATURE,39.3537,C,,
2022,238000,SENSOR,,SENSOR_READING,S12,,,,,,,,CURRENT,1.84145,A,,
2023,238000,SENSOR,,SENSOR_READING,S12,,,,,,,,TORQUE,0.309187,Nm,,
2024,238111,SENSOR,,SENSOR_READING,S17,,,,,,,,VIBRATION,0.182135,g,,
2025,238111,SENSOR,,SENSOR_READING,S17,,,,,,,,TEMPERATURE,39.1595,C,,
2026,238111,SENSOR,,SENSOR_READING,S17,,,,,,,,CURRENT,2.16108,A,,
2027,238111,SENSOR,,SENSOR_READING,S17,,,,,,,,TORQUE,0.681913,Nm,,
2028,238366,SENSOR,,SENSOR_READING,S25,,,,,,,,VIBRATION,0.136097,g,,
2029,238366,SENSOR,,SENSOR_READING,S25,,,,,,,,TEMPERATURE,38.875,C,,
2030,238366,SENSOR,,SENSOR_READING,S25,,,,,,,,CURRENT,2.32663,A,,
2031,238366,SENSOR,,SENSOR_READING,S25,,,,,,,,TORQUE,0,Nm,,
2032,238778,SENSOR,,SENSOR_READING,S16,,,,,,,,VIBRATION,0.236109,g,,
2033,238778,SENSOR,,SENSOR_READING,S16,,,,,,,,TEMPERATURE,39.0437,C,,
2034,238778,SENSOR,,SENSOR_READING,S16,,,,,,,,CURRENT,2.12486,A,,
2035,238778,SENSOR,,SENSOR_READING,S16,,,,,,,,TORQUE,0,Nm,,
2036,239139,SENSOR,,SENSOR_READING,S02,,,,,,,,VIBRATION,1.1911,g,,
2037,239139,SENSOR,,SENSOR_READING,S02,,,,,,,,TEMPERATURE,59.6484,C,,
2038,239139,SENSOR,,SENSOR_READING,S02,,,,,,,,CURRENT,14.5786,A,,
2039,239139,SENSOR,,SENSOR_READING,S02,,,,,,,,TORQUE,54.9949,Nm,,
2040,239382,SENSOR,,SENSOR_READING,S22,,,,,,,,VIBRATION,0.277221,g,,
2041,239382,SENSOR,,SENSOR_READING,S22,,,,,,,,TEMPERATURE,39.0651,C,,
2042,239382,SENSOR,,SENSOR_READING,S22,,,,,,,,CURRENT,2.21516,A,,
2043,239382,SENSOR,,SENSOR_READING,S22,,,,,,,,TORQUE,0.0386753,Nm,,
2044,239596,SENSOR,,SENSOR_READING,S19,,,,,,,,VIBRATION,0.222227,g,,
2045,239596,SENSOR,,SENSOR_READING,S19,,,,,,,,TEMPERATURE,38.3898,C,,
2046,239596,SENSOR,,SENSOR_READING,S19,,,,,,,,CURRENT,2.37298,A,,
2047,239596,SENSOR,,SENSOR_READING,S19,,,,,,,,TORQUE,0,Nm,,
2048,239961,SENSOR,,SENSOR_READING,S06,,,,,,,,VIBRATION,1.17944,g,,
2049,239961,SENSOR,,SENSOR_READING,S06,,,,,,,,TEMPERATURE,48.0146,C,,
2050,239961,SENSOR,,SENSOR_READING,S06,,,,,,,,CURRENT,14.6998,A,,
2051,239961,SENSOR,,SENSOR_READING,S06,,,,,,,,TORQUE,53.9345,Nm,,
2052,240129,SENSOR,,SENSOR_READING,S05,,,,,,,,VIBRATION,1.25193,g,,
2053,240129,SENSOR,,SENSOR_READING,S05,,,,,,,,TEMPERATURE,53.8257,C,,
2054,240129,SENSOR,,SENSOR_READING,S05,,,,,,,,CURRENT,14.5209,A,,
2055,240129,SENSOR,,SENSOR_READING,S05,,,,,,,,TORQUE,56.0205,Nm,,
2056,240555,SENSOR,,SENSOR_READING,S07,,,,,,,,VIBRATION,0.172068,g,,
2057,240555,SENSOR,,SENSOR_READING,S07,,,,,,,,TEMPERATURE,38.5146,C,,
2058,240555,SENSOR,,SENSOR_READING,S07,,,,,,,,CURRENT,1.73675,A,,
2059,240555,SENSOR,,SENSOR_READING,S07,,,,,,,,TORQUE,0.0866257,Nm,,
2060,240895,SENSOR,,SENSOR_READING,S01,,,,,,,,VIBRATION,1.13658,g,,
2061,240895,SENSOR,,SENSOR_READING,S01,,,,,,,,TEMPERATURE,59.5483,C,,
2062,240895,SENSOR,,SENSOR_READING,S01,,,,,,,,CURRENT,14.4967,A,,
2063,240895,SENSOR,,SENSOR_READING,S01,,,,,,,,TORQUE,55.0696,Nm,,
2064,241362,SENSOR,,SENSOR_READING,S23,,,,,,,,VIBRATION,0.169348,g,,
2065,241362,SENSOR,,SENSOR_READING,S23,,,,,,,,TEMPERATURE,38.573,C,,
2066,241362,SENSOR,,SENSOR_READING,S23,,,,,,,,CURRENT,2.16048,A,,
2067,241362,SENSOR,,SENSOR_READING,S23,,,,,,,,TORQUE,0,Nm,,
2068,241527,SENSOR,,SENSOR_READING,S29,,,,,,,,VIBRATION,0.244739,g,,
2069,241527,SENSOR,,SENSOR_READING,S29,,,,,,,,TEMPERATURE,39.0662,C,,
2070,241527,SENSOR,,SENSOR_READING,S29,,,,,,,,CURRENT,2.32173,A,,
2071,241527,SENSOR,,SENSOR_READING,S29,,,,,,,,TORQUE,0,Nm,,
2072,241683,SENSOR,,SENSOR_READING,S31,,,,,,,,VIBRATION,0.10781,g,,
2073,241683,SENSOR,,SENSOR_READING,S31,,,,,,,,TEMPERATURE,39.3277,C,,
2074,241904,SENSOR,,SENSOR_READING,S26,,,,,,,,VIBRATION,0.13935,g,,
2075,241904,SENSOR,,SENSOR_READING,S26,,,,,,,,TEMPERATURE,39.0923,C,,
2076,241904,SENSOR,,SENSOR_READING,S26,,,,,,,,CURRENT,2.07783,A,,
2077,241904,SENSOR,,SENSOR_READING,S26,,,,,,,,TORQUE,0.426603,Nm,,
2078,242080,STATION,EV000058,PROCESSING_COMPLETED,S03,U000004,1,PROCESSING,,32847,,,,,,,
2079,242080,STATION,EV000059,UNIT_ARRIVED,S04,U000004,1,,,,,,,,,,
2080,242080,STATION,EV000060,PROCESSING_STARTED,S03,U000005,0,IDLE,PROCESSING,34366,,,,,,,
2081,242217,SENSOR,,SENSOR_READING,S14,,,,,,,,VIBRATION,0.112984,g,,
2082,242217,SENSOR,,SENSOR_READING,S14,,,,,,,,TEMPERATURE,39.1919,C,,
2083,244134,SENSOR,,SENSOR_READING,S32,,,,,,,,VIBRATION,0.218015,g,,
2084,244134,SENSOR,,SENSOR_READING,S32,,,,,,,,TEMPERATURE,39.3206,C,,
2085,244388,SENSOR,,SENSOR_READING,S11,,,,,,,,VIBRATION,0.330419,g,,
2086,244388,SENSOR,,SENSOR_READING,S11,,,,,,,,TEMPERATURE,39.6019,C,,
2087,244388,SENSOR,,SENSOR_READING,S11,,,,,,,,CURRENT,1.88676,A,,
2088,244388,SENSOR,,SENSOR_READING,S11,,,,,,,,TORQUE,0.380744,Nm,,
2089,244397,SENSOR,,SENSOR_READING,S03,,,,,,,,VIBRATION,1.1139,g,,
2090,244397,SENSOR,,SENSOR_READING,S03,,,,,,,,TEMPERATURE,58.4155,C,,
2091,244397,SENSOR,,SENSOR_READING,S03,,,,,,,,CURRENT,14.3362,A,,
2092,244397,SENSOR,,SENSOR_READING,S03,,,,,,,,TORQUE,55.6677,Nm,,
2093,244983,SENSOR,,SENSOR_READING,S20,,,,,,,,VIBRATION,0.232765,g,,
2094,244983,SENSOR,,SENSOR_READING,S20,,,,,,,,TEMPERATURE,39.0572,C,,
2095,244983,SENSOR,,SENSOR_READING,S20,,,,,,,,CURRENT,2.30933,A,,
2096,244983,SENSOR,,SENSOR_READING,S20,,,,,,,,TORQUE,0.041626,Nm,,
2097,245002,SENSOR,,SENSOR_READING,S28,,,,,,,,VIBRATION,0.170305,g,,
2098,245002,SENSOR,,SENSOR_READING,S28,,,,,,,,TEMPERATURE,38.5004,C,,
2099,245002,SENSOR,,SENSOR_READING,S28,,,,,,,,CURRENT,2.17952,A,,
2100,245002,SENSOR,,SENSOR_READING,S28,,,,,,,,TORQUE,0.454986,Nm,,
2101,247366,SENSOR,,SENSOR_READING,S12,,,,,,,,VIBRATION,0.171162,g,,
2102,247366,SENSOR,,SENSOR_READING,S12,,,,,,,,TEMPERATURE,39.529,C,,
2103,247366,SENSOR,,SENSOR_READING,S12,,,,,,,,CURRENT,1.99841,A,,
2104,247366,SENSOR,,SENSOR_READING,S12,,,,,,,,TORQUE,0.0484616,Nm,,
2105,247538,SENSOR,,SENSOR_READING,S09,,,,,,,,VIBRATION,0.138033,g,,
2106,247538,SENSOR,,SENSOR_READING,S09,,,,,,,,TEMPERATURE,39.5917,C,,
2107,247586,SENSOR,,SENSOR_READING,S27,,,,,,,,VIBRATION,0.185366,g,,
2108,247586,SENSOR,,SENSOR_READING,S27,,,,,,,,TEMPERATURE,39.6162,C,,
2109,247594,SENSOR,,SENSOR_READING,S15,,,,,,,,VIBRATION,0.198662,g,,
2110,247594,SENSOR,,SENSOR_READING,S15,,,,,,,,TEMPERATURE,39.3338,C,,
2111,247594,SENSOR,,SENSOR_READING,S15,,,,,,,,CURRENT,2.16494,A,,
2112,247594,SENSOR,,SENSOR_READING,S15,,,,,,,,TORQUE,0,Nm,,
2113,247832,STATION,EV000061,PROCESSING_COMPLETED,S06,U000001,0,PROCESSING,,42894,,,,,,,
2114,247832,STATION,EV000062,UNIT_ARRIVED,S07,U000001,1,,,,,,,,,,
2115,247832,STATION,EV000063,PROCESSING_STARTED,S07,U000001,0,IDLE,PROCESSING,46091,,,,,,,
2116,247855,SENSOR,,SENSOR_READING,S25,,,,,,,,VIBRATION,0.226308,g,,
2117,247855,SENSOR,,SENSOR_READING,S25,,,,,,,,TEMPERATURE,38.8578,C,,
2118,247855,SENSOR,,SENSOR_READING,S25,,,,,,,,CURRENT,2.37859,A,,
2119,247855,SENSOR,,SENSOR_READING,S25,,,,,,,,TORQUE,0.0810015,Nm,,
2120,248133,SENSOR,,SENSOR_READING,S17,,,,,,,,VIBRATION,0.177742,g,,
2121,248133,SENSOR,,SENSOR_READING,S17,,,,,,,,TEMPERATURE,39.3001,C,,
2122,248133,SENSOR,,SENSOR_READING,S17,,,,,,,,CURRENT,2.23115,A,,
2123,248133,SENSOR,,SENSOR_READING,S17,,,,,,,,TORQUE,0.520553,Nm,,
2124,248260,SENSOR,,SENSOR_READING,S16,,,,,,,,VIBRATION,0.206935,g,,
2125,248260,SENSOR,,SENSOR_READING,S16,,,,,,,,TEMPERATURE,39.2719,C,,
2126,248260,SENSOR,,SENSOR_READING,S16,,,,,,,,CURRENT,2.05841,A,,
2127,248260,SENSOR,,SENSOR_READING,S16,,,,,,,,TORQUE,0,Nm,,
2128,248434,SENSOR,,SENSOR_READING,S22,,,,,,,,VIBRATION,0.282976,g,,
2129,248434,SENSOR,,SENSOR_READING,S22,,,,,,,,TEMPERATURE,39.1145,C,,
2130,248434,SENSOR,,SENSOR_READING,S22,,,,,,,,CURRENT,2.37046,A,,
2131,248434,SENSOR,,SENSOR_READING,S22,,,,,,,,TORQUE,0.0621561,Nm,,
2132,249100,SENSOR,,SENSOR_READING,S19,,,,,,,,VIBRATION,0.18015,g,,
2133,249100,SENSOR,,SENSOR_READING,S19,,,,,,,,TEMPERATURE,38.5163,C,,
2134,249100,SENSOR,,SENSOR_READING,S19,,,,,,,,CURRENT,2.25355,A,,
2135,249100,SENSOR,,SENSOR_READING,S19,,,,,,,,TORQUE,0.200626,Nm,,
2136,249484,SENSOR,,SENSOR_READING,S05,,,,,,,,VIBRATION,1.26938,g,,
2137,249484,SENSOR,,SENSOR_READING,S05,,,,,,,,TEMPERATURE,54.5167,C,,
2138,249484,SENSOR,,SENSOR_READING,S05,,,,,,,,CURRENT,14.4592,A,,
2139,249484,SENSOR,,SENSOR_READING,S05,,,,,,,,TORQUE,55.4891,Nm,,
2140,250086,SENSOR,,SENSOR_READING,S02,,,,,,,,VIBRATION,1.1906,g,,
2141,250086,SENSOR,,SENSOR_READING,S02,,,,,,,,TEMPERATURE,59.7649,C,,
2142,250086,SENSOR,,SENSOR_READING,S02,,,,,,,,CURRENT,14.5387,A,,
2143,250086,SENSOR,,SENSOR_READING,S02,,,,,,,,TORQUE,55.3608,Nm,,
2144,250361,SENSOR,,SENSOR_READING,S29,,,,,,,,VIBRATION,0.260507,g,,
2145,250361,SENSOR,,SENSOR_READING,S29,,,,,,,,TEMPERATURE,39.2927,C,,
2146,250361,SENSOR,,SENSOR_READING,S29,,,,,,,,CURRENT,2.37171,A,,
2147,250361,SENSOR,,SENSOR_READING,S29,,,,,,,,TORQUE,0.622567,Nm,,
2148,250790,SENSOR,,SENSOR_READING,S06,,,,,,,,VIBRATION,0.541586,g,,
2149,250790,SENSOR,,SENSOR_READING,S06,,,,,,,,TEMPERATURE,46.7931,C,,
2150,250790,SENSOR,,SENSOR_READING,S06,,,,,,,,CURRENT,4.17579,A,,
2151,250790,SENSOR,,SENSOR_READING,S06,,,,,,,,TORQUE,16.5576,Nm,,
2152,251014,SENSOR,,SENSOR_READING,S01,,,,,,,,VIBRATION,1.21826,g,,
2153,251014,SENSOR,,SENSOR_READING,S01,,,,,,,,TEMPERATURE,59.5652,C,,
2154,251014,SENSOR,,SENSOR_READING,S01,,,,,,,,CURRENT,14.4908,A,,
2155,251014,SENSOR,,SENSOR_READING,S01,,,,,,,,TORQUE,55.2031,Nm,,
2156,251153,STATION,EV000064,PROCESSING_COMPLETED,S01,U000007,0,PROCESSING,,33126,,,,,,,
2157,251153,STATION,EV000065,UNIT_ARRIVED,S02,U000007,1,,,,,,,,,,
2158,251153,STATION,EV000066,PROCESSING_STARTED,S01,U000008,0,IDLE,PROCESSING,32972,,,,,,,
2159,251493,SENSOR,,SENSOR_READING,S07,,,,,,,,VIBRATION,0.840142,g,,
2160,251493,SENSOR,,SENSOR_READING,S07,,,,,,,,TEMPERATURE,41.4015,C,,
2161,251493,SENSOR,,SENSOR_READING,S07,,,,,,,,CURRENT,12.4603,A,,
2162,251493,SENSOR,,SENSOR_READING,S07,,,,,,,,TORQUE,38.4404,Nm,,
2163,252076,SENSOR,,SENSOR_READING,S23,,,,,,,,VIBRATION,0.18773,g,,
2164,252076,SENSOR,,SENSOR_READING,S23,,,,,,,,TEMPERATURE,38.5652,C,,
2165,252076,SENSOR,,SENSOR_READING,S23,,,,,,,,CURRENT,2.1754,A,,
2166,252076,SENSOR,,SENSOR_READING,S23,,,,,,,,TORQUE,0,Nm,,
2167,252381,SENSOR,,SENSOR_READING,S26,,,,,,,,VIBRATION,0.151563,g,,
2168,252381,SENSOR,,SENSOR_READING,S26,,,,,,,,TEMPERATURE,38.9118,C,,
2169,252381,SENSOR,,SENSOR_READING,S26,,,,,,,,CURRENT,2.1287,A,,
2170,252381,SENSOR,,SENSOR_READING,S26,,,,,,,,TORQUE,0.0946258,Nm,,
2171,253989,SENSOR,,SENSOR_READING,S03,,,,,,,,VIBRATION,1.17018,g,,
2172,253989,SENSOR,,SENSOR_READING,S03,,,,,,,,TEMPERATURE,58.824,C,,
2173,253989,SENSOR,,SENSOR_READING,S03,,,,,,,,CURRENT,14.3202,A,,
2174,253989,SENSOR,,SENSOR_READING,S03,,,,,,,,TORQUE,55.1145,Nm,,
2175,254413,STATION,EV000067,PROCESSING_COMPLETED,S05,U000002,0,PROCESSING,,47612,,,,,,,
2176,254413,STATION,EV000068,UNIT_ARRIVED,S06,U000002,1,,,,,,,,,,
2177,254413,STATION,EV000069,PROCESSING_STARTED,S06,U000002,0,STARVED,PROCESSING,41156,,,,,,,
2178,254798,SENSOR,,SENSOR_READING,S11,,,,,,,,VIBRATION,0.263237,g,,
2179,254798,SENSOR,,SENSOR_READING,S11,,,,,,,,TEMPERATURE,39.5524,C,,
2180,254798,SENSOR,,SENSOR_READING,S11,,,,,,,,CURRENT,2.30194,A,,
2181,254798,SENSOR,,SENSOR_READING,S11,,,,,,,,TORQUE,0.441748,Nm,,
2182,255753,SENSOR,,SENSOR_READING,S20,,,,,,,,VIBRATION,0.146923,g,,
2183,255753,SENSOR,,SENSOR_READING,S20,,,,,,,,TEMPERATURE,39.0941,C,,
2184,255753,SENSOR,,SENSOR_READING,S20,,,,,,,,CURRENT,2.4132,A,,
2185,255753,SENSOR,,SENSOR_READING,S20,,,,,,,,TORQUE,0.0134887,Nm,,
2186,256001,STATION,EV000070,PROCESSING_COMPLETED,S04,U000003,1,PROCESSING,,46768,,,,,,,
2187,256001,STATION,EV000071,UNIT_ARRIVED,S05,U000003,1,,,,,,,,,,
2188,256001,STATION,EV000072,PROCESSING_STARTED,S05,U000003,0,STARVED,PROCESSING,52006,,,,,,,
2189,256001,STATION,EV000073,PROCESSING_STARTED,S04,U000004,0,IDLE,PROCESSING,40586,,,,,,,
2190,256125,SENSOR,,SENSOR_READING,S28,,,,,,,,VIBRATION,0.204983,g,,
2191,256125,SENSOR,,SENSOR_READING,S28,,,,,,,,TEMPERATURE,38.6584,C,,
2192,256125,SENSOR,,SENSOR_READING,S28,,,,,,,,CURRENT,2.40053,A,,
2193,256125,SENSOR,,SENSOR_READING,S28,,,,,,,,TORQUE,0.130541,Nm,,
2194,256414,SENSOR,,SENSOR_READING,S12,,,,,,,,VIBRATION,0.211967,g,,
2195,256414,SENSOR,,SENSOR_READING,S12,,,,,,,,TEMPERATURE,39.3151,C,,
2196,256414,SENSOR,,SENSOR_READING,S12,,,,,,,,CURRENT,2.35371,A,,
2197,256414,SENSOR,,SENSOR_READING,S12,,,,,,,,TORQUE,0.606808,Nm,,
2198,256971,SENSOR,,SENSOR_READING,S15,,,,,,,,VIBRATION,0.209879,g,,
2199,256971,SENSOR,,SENSOR_READING,S15,,,,,,,,TEMPERATURE,39.2735,C,,
2200,256971,SENSOR,,SENSOR_READING,S15,,,,,,,,CURRENT,2.23855,A,,
2201,256971,SENSOR,,SENSOR_READING,S15,,,,,,,,TORQUE,0,Nm,,
2202,257154,SENSOR,,SENSOR_READING,S04,,,,,,,,VIBRATION,1.13026,g,,
2203,257154,SENSOR,,SENSOR_READING,S04,,,,,,,,TEMPERATURE,49.165,C,,
2204,257389,SENSOR,,SENSOR_READING,S25,,,,,,,,VIBRATION,0.156151,g,,
2205,257389,SENSOR,,SENSOR_READING,S25,,,,,,,,TEMPERATURE,38.6858,C,,
2206,257389,SENSOR,,SENSOR_READING,S25,,,,,,,,CURRENT,2.24724,A,,
2207,257389,SENSOR,,SENSOR_READING,S25,,,,,,,,TORQUE,0,Nm,,
2208,257554,SENSOR,,SENSOR_READING,S17,,,,,,,,VIBRATION,0.170875,g,,
2209,257554,SENSOR,,SENSOR_READING,S17,,,,,,,,TEMPERATURE,39.3707,C,,
2210,257554,SENSOR,,SENSOR_READING,S17,,,,,,,,CURRENT,2.07245,A,,
2211,257554,SENSOR,,SENSOR_READING,S17,,,,,,,,TORQUE,0.810979,Nm,,
2212,258347,SENSOR,,SENSOR_READING,S16,,,,,,,,VIBRATION,0.226489,g,,
2213,258347,SENSOR,,SENSOR_READING,S16,,,,,,,,TEMPERATURE,39.2458,C,,
2214,258347,SENSOR,,SENSOR_READING,S16,,,,,,,,CURRENT,2.04911,A,,
2215,258347,SENSOR,,SENSOR_READING,S16,,,,,,,,TORQUE,0,Nm,,
2216,258943,SENSOR,,SENSOR_READING,S19,,,,,,,,VIBRATION,0.16716,g,,
2217,258943,SENSOR,,SENSOR_READING,S19,,,,,,,,TEMPERATURE,38.5003,C,,
2218,258943,SENSOR,,SENSOR_READING,S19,,,,,,,,CURRENT,2.34202,A,,
2219,258943,SENSOR,,SENSOR_READING,S19,,,,,,,,TORQUE,0,Nm,,
2220,259210,SENSOR,,SENSOR_READING,S05,,,,,,,,VIBRATION,1.25299,g,,
2221,259210,SENSOR,,SENSOR_READING,S05,,,,,,,,TEMPERATURE,55.0877,C,,
2222,259210,SENSOR,,SENSOR_READING,S05,,,,,,,,CURRENT,14.4292,A,,
2223,259210,SENSOR,,SENSOR_READING,S05,,,,,,,,TORQUE,55.7912,Nm,,
2224,259257,SENSOR,,SENSOR_READING,S29,,,,,,,,VIBRATION,0.13417,g,,
2225,259257,SENSOR,,SENSOR_READING,S29,,,,,,,,TEMPERATURE,39.4469,C,,
2226,259257,SENSOR,,SENSOR_READING,S29,,,,,,,,CURRENT,2.33849,A,,
2227,259257,SENSOR,,SENSOR_READING,S29,,,,,,,,TORQUE,0,Nm,,
2228,259465,SENSOR,,SENSOR_READING,S22,,,,,,,,VIBRATION,0.24427,g,,
2229,259465,SENSOR,,SENSOR_READING,S22,,,,,,,,TEMPERATURE,38.9867,C,,
2230,259465,SENSOR,,SENSOR_READING,S22,,,,,,,,CURRENT,2.2565,A,,
2231,259465,SENSOR,,SENSOR_READING,S22,,,,,,,,TORQUE,0.351596,Nm,,
2232,259903,SENSOR,,SENSOR_READING,S21,,,,,,,,VIBRATION,0.174618,g,,
2233,259903,SENSOR,,SENSOR_READING,S21,,,,,,,,TEMPERATURE,39.6368,C,,
2234,259961,SENSOR,,SENSOR_READING,S02,,,,,,,,VIBRATION,1.18363,g,,
2235,259961,SENSOR,,SENSOR_READING,S02,,,,,,,,TEMPERATURE,59.888,C,,
2236,259961,SENSOR,,SENSOR_READING,S02,,,,,,,,CURRENT,14.5704,A,,
2237,259961,SENSOR,,SENSOR_READING,S02,,,,,,,,TORQUE,54.323,Nm,,
2238,261109,SENSOR,,SENSOR_READING,S10,,,,,,,,VIBRATION,0.215897,g,,
2239,261109,SENSOR,,SENSOR_READING,S10,,,,,,,,TEMPERATURE,39.6242,C,,
2240,261126,SENSOR,,SENSOR_READING,S01,,,,,,,,VIBRATION,1.17977,g,,
2241,261126,SENSOR,,SENSOR_READING,S01,,,,,,,,TEMPERATURE,60.0173,C,,
2242,261126,SENSOR,,SENSOR_READING,S01,,,,,,,,CURRENT,14.3968,A,,
2243,261126,SENSOR,,SENSOR_READING,S01,,,,,,,,TORQUE,55.0955,Nm,,
2244,261335,SENSOR,,SENSOR_READING,S06,,,,,,,,VIBRATION,0.868812,g,,
2245,261335,SENSOR,,SENSOR_READING,S06,,,,,,,,TEMPERATURE,48.7515,C,,
2246,261335,SENSOR,,SENSOR_READING,S06,,,,,,,,CURRENT,12.8449,A,,
2247,261335,SENSOR,,SENSOR_READING,S06,,,,,,,,TORQUE,43.3609,Nm,,
2248,261349,SENSOR,,SENSOR_READING,S26,,,,,,,,VIBRATION,0.113872,g,,
2249,261349,SENSOR,,SENSOR_READING,S26,,,,,,,,TEMPERATURE,38.8359,C,,
2250,261349,SENSOR,,SENSOR_READING,S26,,,,,,,,CURRENT,2.16538,A,,
2251,261349,SENSOR,,SENSOR_READING,S26,,,,,,,,TORQUE,0.455051,Nm,,
2252,261753,SENSOR,,SENSOR_READING,S07,,,,,,,,VIBRATION,1.09109,g,,
2253,261753,SENSOR,,SENSOR_READING,S07,,,,,,,,TEMPERATURE,43.6908,C,,
2254,261753,SENSOR,,SENSOR_READING,S07,,,,,,,,CURRENT,14.1932,A,,
2255,261753,SENSOR,,SENSOR_READING,S07,,,,,,,,TORQUE,50.4271,Nm,,
2256,262134,SENSOR,,SENSOR_READING,S23,,,,,,,,VIBRATION,0.190609,g,,
2257,262134,SENSOR,,SENSOR_READING,S23,,,,,,,,TEMPERATURE,38.382,C,,
2258,262134,SENSOR,,SENSOR_READING,S23,,,,,,,,CURRENT,2.0885,A,,
2259,262134,SENSOR,,SENSOR_READING,S23,,,,,,,,TORQUE,0,Nm,,
2260,263153,SENSOR,,SENSOR_READING,S03,,,,,,,,VIBRATION,1.18631,g,,
2261,263153,SENSOR,,SENSOR_READING,S03,,,,,,,,TEMPERATURE,59.3166,C,,
2262,263153,SENSOR,,SENSOR_READING,S03,,,,,,,,CURRENT,14.6324,A,,
2263,263153,SENSOR,,SENSOR_READING,S03,,,,,,,,TORQUE,55.915,Nm,,
2264,264346,SENSOR,,SENSOR_READING,S11,,,,,,,,VIBRATION,0.196623,g,,
2265,264346,SENSOR,,SENSOR_READING,S11,,,,,,,,TEMPERATURE,39.676,C,,
2266,264346,SENSOR,,SENSOR_READING,S11,,,,,,,,CURRENT,2.0386,A,,
2267,264346,SENSOR,,SENSOR_READING,S11,,,,,,,,TORQUE,0.141372,Nm,,
2268,266692,SENSOR,,SENSOR_READING,S28,,,,,,,,VIBRATION,0.238442,g,,
2269,266692,SENSOR,,SENSOR_READING,S28,,,,,,,,TEMPERATURE,38.8044,C,,
2270,266692,SENSOR,,SENSOR_READING,S28,,,,,,,,CURRENT,2.34318,A,,
2271,266692,SENSOR,,SENSOR_READING,S28,,,,,,,,TORQUE,0.483702,Nm,,
2272,266820,SENSOR,,SENSOR_READING,S12,,,,,,,,VIBRATION,0.150207,g,,
2273,266820,SENSOR,,SENSOR_READING,S12,,,,,,,,TEMPERATURE,39.1937,C,,
2274,266820,SENSOR,,SENSOR_READING,S12,,,,,,,,CURRENT,2.04018,A,,
2275,266820,SENSOR,,SENSOR_READING,S12,,,,,,,,TORQUE,0.299469,Nm,,
2276,266849,SENSOR,,SENSOR_READING,S20,,,,,,,,VIBRATION,0.143948,g,,
2277,266849,SENSOR,,SENSOR_READING,S20,,,,,,,,TEMPERATURE,39.1865,C,,
2278,266849,SENSOR,,SENSOR_READING,S20,,,,,,,,CURRENT,2.32467,A,,
2279,266849,SENSOR,,SENSOR_READING,S20,,,,,,,,TORQUE,0.792411,Nm,,
2280,267544,SENSOR,,SENSOR_READING,S25,,,,,,,,VIBRATION,0.20232,g,,
2281,267544,SENSOR,,SENSOR_READING,S25,,,,,,,,TEMPERATURE,38.3763,C,,
2282,267544,SENSOR,,SENSOR_READING,S25,,,,,,,,CURRENT,2.25429,A,,
2283,267544,SENSOR,,SENSOR_READING,S25,,,,,,,,TORQUE,0.528819,Nm,,
2284,267776,SENSOR,,SENSOR_READING,S17,,,,,,,,VIBRATION,0.112182,g,,
2285,267776,SENSOR,,SENSOR_READING,S17,,,,,,,,TEMPERATURE,39.3532,C,,
2286,267776,SENSOR,,SENSOR_READING,S17,,,,,,,,CURRENT,2.19026,A,,
2287,267776,SENSOR,,SENSOR_READING,S17,,,,,,,,TORQUE,0.0619748,Nm,,
2288,267863,SENSOR,,SENSOR_READING,S19,,,,,,,,VIBRATION,0.145904,g,,
2289,267863,SENSOR,,SENSOR_READING,S19,,,,,,,,TEMPERATURE,38.547,C,,
2290,267863,SENSOR,,SENSOR_READING,S19,,,,,,,,CURRENT,2.05187,A,,
2291,267863,SENSOR,,SENSOR_READING,S19,,,,,,,,TORQUE,0.104553,Nm,,
2292,267883,SENSOR,,SENSOR_READING,S15,,,,,,,,VIBRATION,0.251382,g,,
2293,267883,SENSOR,,SENSOR_READING,S15,,,,,,,,TEMPERATURE,39.3851,C,,
2294,267883,SENSOR,,SENSOR_READING,S15,,,,,,,,CURRENT,2.31794,A,,
2295,267883,SENSOR,,SENSOR_READING,S15,,,,,,,,TORQUE,0.582117,Nm,,
2296,268564,SENSOR,,SENSOR_READING,S29,,,,,,,,VIBRATION,0.129418,g,,
2297,268564,SENSOR,,SENSOR_READING,S29,,,,,,,,TEMPERATURE,39.4387,C,,
2298,268564,SENSOR,,SENSOR_READING,S29,,,,,,,,CURRENT,2.02494,A,,
2299,268564,SENSOR,,SENSOR_READING,S29,,,,,,,,TORQUE,0.034341,Nm,,
2300,269116,SENSOR,,SENSOR_READING,S16,,,,,,,,VIBRATION,0.258046,g,,
2301,269116,SENSOR,,SENSOR_READING,S16,,,,,,,,TEMPERATURE,38.9641,C,,
2302,269116,SENSOR,,SENSOR_READING,S16,,,,,,,,CURRENT,2.2502,A,,
2303,269116,SENSOR,,SENSOR_READING,S16,,,,,,,,TORQUE,0,Nm,,
2304,269369,SENSOR,,SENSOR_READING,S22,,,,,,,,VIBRATION,0.19691,g,,
2305,269369,SENSOR,,SENSOR_READING,S22,,,,,,,,TEMPERATURE,39.0764,C,,
2306,269369,SENSOR,,SENSOR_READING,S22,,,,,,,,CURRENT,2.30936,A,,
2307,269369,SENSOR,,SENSOR_READING,S22,,,,,,,,TORQUE,0.484956,Nm,,
2308,269447,SENSOR,,SENSOR_READING,S05,,,,,,,,VIBRATION,1.32144,g,,
2309,269447,SENSOR,,SENSOR_READING,S05,,,,,,,,TEMPERATURE,55.5775,C,,
2310,269447,SENSOR,,SENSOR_READING,S05,,,,,,,,CURRENT,14.4304,A,,
2311,269447,SENSOR,,SENSOR_READING,S05,,,,,,,,TORQUE,55.7485,Nm,,
2312,270431,SENSOR,,SENSOR_READING,S26,,,,,,,,VIBRATION,0.106779,g,,
2313,270431,SENSOR,,SENSOR_READING,S26,,,,,,,,TEMPERATURE,38.6657,C,,
2314,270431,SENSOR,,SENSOR_READING,S26,,,,,,,,CURRENT,2.02176,A,,
2315,270431,SENSOR,,SENSOR_READING,S26,,,,,,,,TORQUE,0.108999,Nm,,
2316,270563,SENSOR,,SENSOR_READING,S31,,,,,,,,VIBRATION,0.103992,g,,
2317,270563,SENSOR,,SENSOR_READING,S31,,,,,,,,TEMPERATURE,39.2329,C,,
2318,271141,SENSOR,,SENSOR_READING,S02,,,,,,,,VIBRATION,1.14087,g,,
2319,271141,SENSOR,,SENSOR_READING,S02,,,,,,,,TEMPERATURE,59.7556,C,,
2320,271141,SENSOR,,SENSOR_READING,S02,,,,,,,,CURRENT,14.6096,A,,
2321,271141,SENSOR,,SENSOR_READING,S02,,,,,,,,TORQUE,54.8294,Nm,,
2322,271216,SENSOR,,SENSOR_READING,S23,,,,,,,,VIBRATION,0.197713,g,,
2323,271216,SENSOR,,SENSOR_READING,S23,,,,,,,,TEMPERATURE,38.6806,C,,
2324,271216,SENSOR,,SENSOR_READING,S23,,,,,,,,CURRENT,2.25307,A,,
2325,271216,SENSOR,,SENSOR_READING,S23,,,,,,,,TORQUE,0,Nm,,
2326,271578,SENSOR,,SENSOR_READING,S06,,,,,,,,VIBRATION,1.03417,g,,
2327,271578,SENSOR,,SENSOR_READING,S06,,,,,,,,TEMPERATURE,50.1009,C,,
2328,271578,SENSOR,,SENSOR_READING,S06,,,,,,,,CURRENT,14.3727,A,,
2329,271578,SENSOR,,SENSOR_READING,S06,,,,,,,,TORQUE,51.5067,Nm,,
2330,271729,SENSOR,,SENSOR_READING,S14,,,,,,,,VIBRATION,0.10686,g,,
2331,271729,SENSOR,,SENSOR_READING,S14,,,,,,,,TEMPERATURE,39.3952,C,,
2332,271928,SENSOR,,SENSOR_READING,S01,,,,,,,,VIBRATION,1.18554,g,,
2333,271928,SENSOR,,SENSOR_READING,S01,,,,,,,,TEMPERATURE,60.1799,C,,
2334,271928,SENSOR,,SENSOR_READING,S01,,,,,,,,CURRENT,14.5345,A,,
2335,271928,SENSOR,,SENSOR_READING,S01,,,,,,,,TORQUE,54.6409,Nm,,
2336,272169,SENSOR,,SENSOR_READING,S07,,,,,,,,VIBRATION,1.13661,g,,
2337,272169,SENSOR,,SENSOR_READING,S07,,,,,,,,TEMPERATURE,45.8047,C,,
2338,272169,SENSOR,,SENSOR_READING,S07,,,,,,,,CURRENT,14.4664,A,,
2339,272169,SENSOR,,SENSOR_READING,S07,,,,,,,,TORQUE,53.473,Nm,,
2340,272671,SENSOR,,SENSOR_READING,S32,,,,,,,,VIBRATION,0.180973,g,,
2341,272671,SENSOR,,SENSOR_READING,S32,,,,,,,,TEMPERATURE,39.0953,C,,
2342,273357,SENSOR,,SENSOR_READING,S03,,,,,,,,VIBRATION,1.16873,g,,
2343,273357,SENSOR,,SENSOR_READING,S03,,,,,,,,TEMPERATURE,59.8135,C,,
2344,273357,SENSOR,,SENSOR_READING,S03,,,,,,,,CURRENT,14.3764,A,,
2345,273357,SENSOR,,SENSOR_READING,S03,,,,,,,,TORQUE,54.779,Nm,,
2346,273424,SENSOR,,SENSOR_READING,S11,,,,,,,,VIBRATION,0.182213,g,,
2347,273424,SENSOR,,SENSOR_READING,S11,,,,,,,,TEMPERATURE,39.6703,C,,
2348,273424,SENSOR,,SENSOR_READING,S11,,,,,,,,CURRENT,2.11614,A,,
2349,273424,SENSOR,,SENSOR_READING,S11,,,,,,,,TORQUE,0.440253,Nm,,
2350,274754,SENSOR,,SENSOR_READING,S09,,,,,,,,VIBRATION,0.149818,g,,
2351,274754,SENSOR,,SENSOR_READING,S09,,,,,,,,TEMPERATURE,39.351,C,,
2352,275131,STATION,EV000074,PROCESSING_COMPLETED,S02,U000006,1,PROCESSING,,41493,,,,,,,
2353,275131,STATION,EV000075,UNIT_ARRIVED,S03,U000006,1,,,,,,,,,,
2354,275131,STATION,EV000076,PROCESSING_STARTED,S02,U000007,0,IDLE,PROCESSING,33719,,,,,,,
2355,275559,SENSOR,,SENSOR_READING,S28,,,,,,,,VIBRATION,0.186082,g,,
2356,275559,SENSOR,,SENSOR_READING,S28,,,,,,,,TEMPERATURE,38.9108,C,,
2357,275559,SENSOR,,SENSOR_READING,S28,,,,,,,,CURRENT,2.13184,A,,
2358,275559,SENSOR,,SENSOR_READING,S28,,,,,,,,TORQUE,0.60475,Nm,,
2359,276446,STATION,EV000077,PROCESSING_COMPLETED,S03,U000005,1,PROCESSING,,34366,,,,,,,
2360,276446,STATION,EV000078,UNIT_ARRIVED,S04,U000005,1,,,,,,,,,,
2361,276446,STATION,EV000079,PROCESSING_STARTED,S03,U000006,0,IDLE,PROCESSING,41767,,,,,,,
2362,277493,SENSOR,,SENSOR_READING,S20,,,,,,,,VIBRATION,0.210628,g,,
2363,277493,SENSOR,,SENSOR_READING,S20,,,,,,,,TEMPERATURE,39.0382,C,,
2364,277493,SENSOR,,SENSOR_READING,S20,,,,,,,,CURRENT,2.32201,A,,
2365,277493,SENSOR,,SENSOR_READING,S20,,,,,,,,TORQUE,0,Nm,,
2366,277537,SENSOR,,SENSOR_READING,S17,,,,,,,,VIBRATION,0.122445,g,,
2367,277537,SENSOR,,SENSOR_READING,S17,,,,,,,,TEMPERATURE,39.2587,C,,
2368,277537,SENSOR,,SENSOR_READING,S17,,,,,,,,CURRENT,2.38543,A,,
2369,277537,SENSOR,,SENSOR_READING,S17,,,,,,,,TORQUE,0.423354,Nm,,
2370,277585,SENSOR,,SENSOR_READING,S12,,,,,,,,VIBRATION,0.177765,g,,
2371,277585,SENSOR,,SENSOR_READING,S12,,,,,,,,TEMPERATURE,39.1622,C,,
2372,277585,SENSOR,,SENSOR_READING,S12,,,,,,,,CURRENT,2.31031,A,,
2373,277585,SENSOR,,SENSOR_READING,S12,,,,,,,,TORQUE,0.0837486,Nm,,
2374,278171,SENSOR,,SENSOR_READING,S16,,,,,,,,VIBRATION,0.171607,g,,
2375,278171,SENSOR,,SENSOR_READING,S16,,,,,,,,TEMPERATURE,39.1609,C,,
2376,278171,SENSOR,,SENSOR_READING,S16,,,,,,,,CURRENT,2.25753,A,,
2377,278171,SENSOR,,SENSOR_READING,S16,,,,,,,,TORQUE,0,Nm,,
2378,278195,SENSOR,,SENSOR_READING,S25,,,,,,,,VIBRATION,0.191667,g,,
2379,278195,SENSOR,,SENSOR_READING,S25,,,,,,,,TEMPERATURE,38.4948,C,,
2380,278195,SENSOR,,SENSOR_READING,S25,,,,,,,,CURRENT,2.15957,A,,
2381,278195,SENSOR,,SENSOR_READING,S25,,,,,,,,TORQUE,0.158826,Nm,,
2382,278345,SENSOR,,SENSOR_READING,S19,,,,,,,,VIBRATION,0.197988,g,,
2383,278345,SENSOR,,SENSOR_READING,S19,,,,,,,,TEMPERATURE,38.4063,C,,
2384,278345,SENSOR,,SENSOR_READING,S19,,,,,,,,CURRENT,2.34035,A,,
2385,278345,SENSOR,,SENSOR_READING,S19,,,,,,,,TORQUE,0,Nm,,
2386,279017,SENSOR,,SENSOR_READING,S15,,,,,,,,VIBRATION,0.170727,g,,
2387,279017,SENSOR,,SENSOR_READING,S15,,,,,,,,TEMPERATURE,39.4438,C,,
2388,279017,SENSOR,,SENSOR_READING,S15,,,,,,,,CURRENT,2.11203,A,,
2389,279017,SENSOR,,SENSOR_READING,S15,,,,,,,,TORQUE,0,Nm,,
2390,279077,SENSOR,,SENSOR_READING,S22,,,,,,,,VIBRATION,0.220862,g,,
2391,279077,SENSOR,,SENSOR_READING,S22,,,,,,,,TEMPERATURE,39.2455,C,,
2392,279077,SENSOR,,SENSOR_READING,S22,,,,,,,,CURRENT,2.19344,A,,
2393,279077,SENSOR,,SENSOR_READING,S22,,,,,,,,TORQUE,0.445601,Nm,,
2394,279078,SENSOR,,SENSOR_READING,S29,,,,,,,,VIBRATION,0.15172,g,,
2395,279078,SENSOR,,SENSOR_READING,S29,,,,,,,,TEMPERATURE,39.2605,C,,
2396,279078,SENSOR,,SENSOR_READING,S29,,,,,,,,CURRENT,2.07611,A,,
2397,279078,SENSOR,,SENSOR_READING,S29,,,,,,,,TORQUE,0,Nm,,
2398,279417,SENSOR,,SENSOR_READING,S27,,,,,,,,VIBRATION,0.211071,g,,
2399,279417,SENSOR,,SENSOR_READING,S27,,,,,,,,TEMPERATURE,39.6862,C,,
2400,279652,SENSOR,,SENSOR_READING,S26,,,,,,,,VIBRATION,0.127936,g,,
2401,279652,SENSOR,,SENSOR_READING,S26,,,,,,,,TEMPERATURE,38.7526,C,,
2402,279652,SENSOR,,SENSOR_READING,S26,,,,,,,,CURRENT,2.21154,A,,
2403,279652,SENSOR,,SENSOR_READING,S26,,,,,,,,TORQUE,0,Nm,,
2404,280404,SENSOR,,SENSOR_READING,S05,,,,,,,,VIBRATION,1.24958,g,,
2405,280404,SENSOR,,SENSOR_READING,S05,,,,,,,,TEMPERATURE,56.3876,C,,
2406,280404,SENSOR,,SENSOR_READING,S05,,,,,,,,CURRENT,14.6165,A,,
2407,280404,SENSOR,,SENSOR_READING,S05,,,,,,,,TORQUE,56.2054,Nm,,
2408,280562,SENSOR,,SENSOR_READING,S23,,,,,,,,VIBRATION,0.213951,g,,
2409,280562,SENSOR,,SENSOR_READING,S23,,,,,,,,TEMPERATURE,38.877,C,,
2410,280562,SENSOR,,SENSOR_READING,S23,,,,,,,,CURRENT,2.30989,A,,
2411,280562,SENSOR,,SENSOR_READING,S23,,,,,,,,TORQUE,0.477863,Nm,,
2412,280818,SENSOR,,SENSOR_READING,S06,,,,,,,,VIBRATION,1.15043,g,,
2413,280818,SENSOR,,SENSOR_READING,S06,,,,,,,,TEMPERATURE,51.4745,C,,
2414,280818,SENSOR,,SENSOR_READING,S06,,,,,,,,CURRENT,14.5684,A,,
2415,280818,SENSOR,,SENSOR_READING,S06,,,,,,,,TORQUE,53.0908,Nm,,
2416,281151,SENSOR,,SENSOR_READING,S02,,,,,,,,VIBRATION,1.1669,g,,
2417,281151,SENSOR,,SENSOR_READING,S02,,,,,,,,TEMPERATURE,59.8247,C,,
2418,281151,SENSOR,,SENSOR_READING,S02,,,,,,,,CURRENT,14.6229,A,,
2419,281151,SENSOR,,SENSOR_READING,S02,,,,,,,,TORQUE,55.0518,Nm,,
2420,281712,SENSOR,,SENSOR_READING,S01,,,,,,,,VIBRATION,1.16569,g,,
2421,281712,SENSOR,,SENSOR_READING,S01,,,,,,,,TEMPERATURE,59.9709,C,,
2422,281712,SENSOR,,SENSOR_READING,S01,,,,,,,,CURRENT,14.496,A,,
2423,281712,SENSOR,,SENSOR_READING,S01,,,,,,,,TORQUE,54.4644,Nm,,
2424,281741,SENSOR,,SENSOR_READING,S07,,,,,,,,VIBRATION,1.2153,g,,
2425,281741,SENSOR,,SENSOR_READING,S07,,,,,,,,TEMPERATURE,47.8528,C,,
2426,281741,SENSOR,,SENSOR_READING,S07,,,,,,,,CURRENT,14.5463,A,,
2427,281741,SENSOR,,SENSOR_READING,S07,,,,,,,,TORQUE,55.3026,Nm,,
2428,282331,SENSOR,,SENSOR_READING,S03,,,,,,,,VIBRATION,1.14895,g,,
2429,282331,SENSOR,,SENSOR_READING,S03,,,,,,,,TEMPERATURE,59.9107,C,,
2430,282331,SENSOR,,SENSOR_READING,S03,,,,,,,,CURRENT,14.3321,A,,
2431,282331,SENSOR,,SENSOR_READING,S03,,,,,,,,TORQUE,55.3756,Nm,,
2432,284125,STATION,EV000080,PROCESSING_COMPLETED,S01,U000008,0,PROCESSING,,32972,,,,,,,
2433,284125,STATION,EV000081,UNIT_ARRIVED,S02,U000008,1,,,,,,,,,,
2434,284125,STATION,EV000082,PROCESSING_STARTED,S01,U000009,0,IDLE,PROCESSING,38125,,,,,,,
2435,284521,SENSOR,,SENSOR_READING,S11,,,,,,,,VIBRATION,0.251873,g,,
2436,284521,SENSOR,,SENSOR_READING,S11,,,,,,,,TEMPERATURE,39.7201,C,,
2437,284521,SENSOR,,SENSOR_READING,S11,,,,,,,,CURRENT,2.39398,A,,
2438,284521,SENSOR,,SENSOR_READING,S11,,,,,,,,TORQUE,0.0673381,Nm,,
2439,284859,SENSOR,,SENSOR_READING,S28,,,,,,,,VIBRATION,0.200618,g,,
2440,284859,SENSOR,,SENSOR_READING,S28,,,,,,,,TEMPERATURE,39.3627,C,,
2441,284859,SENSOR,,SENSOR_READING,S28,,,,,,,,CURRENT,2.07473,A,,
2442,284859,SENSOR,,SENSOR_READING,S28,,,,,,,,TORQUE,0.674537,Nm,,
2443,286583,SENSOR,,SENSOR_READING,S20,,,,,,,,VIBRATION,0.176773,g,,
2444,286583,SENSOR,,SENSOR_READING,S20,,,,,,,,TEMPERATURE,38.9412,C,,
2445,286583,SENSOR,,SENSOR_READING,S20,,,,,,,,CURRENT,2.2837,A,,
2446,286583,SENSOR,,SENSOR_READING,S20,,,,,,,,TORQUE,0.148759,Nm,,
2447,286732,SENSOR,,SENSOR_READING,S17,,,,,,,,VIBRATION,0.149823,g,,
2448,286732,SENSOR,,SENSOR_READING,S17,,,,,,,,TEMPERATURE,39.5011,C,,
2449,286732,SENSOR,,SENSOR_READING,S17,,,,,,,,CURRENT,2.29534,A,,
2450,286732,SENSOR,,SENSOR_READING,S17,,,,,,,,TORQUE,0.388203,Nm,,
2451,287990,SENSOR,,SENSOR_READING,S16,,,,,,,,VIBRATION,0.149423,g,,
2452,287990,SENSOR,,SENSOR_READING,S16,,,,,,,,TEMPERATURE,39.1407,C,,
2453,287990,SENSOR,,SENSOR_READING,S16,,,,,,,,CURRENT,1.90679,A,,
2454,287990,SENSOR,,SENSOR_READING,S16,,,,,,,,TORQUE,0,Nm,,
2455,288002,SENSOR,,SENSOR_READING,S19,,,,,,,,VIBRATION,0.135029,g,,
2456,288002,SENSOR,,SENSOR_READING,S19,,,,,,,,TEMPERATURE,38.391,C,,
2457,288002,SENSOR,,SENSOR_READING,S19,,,,,,,,CURRENT,2.31928,A,,
2458,288002,SENSOR,,SENSOR_READING,S19,,,,,,,,TORQUE,0.177244,Nm,,
2459,288274,SENSOR,,SENSOR_READING,S29,,,,,,,,VIBRATION,0.182655,g,,
2460,288274,SENSOR,,SENSOR_READING,S29,,,,,,,,TEMPERATURE,38.9792,C,,
2461,288274,SENSOR,,SENSOR_READING,S29,,,,,,,,CURRENT,1.97115,A,,
2462,288274,SENSOR,,SENSOR_READING,S29,,,,,,,,TORQUE,0.123083,Nm,,
2463,288538,SENSOR,,SENSOR_READING,S25,,,,,,,,VIBRATION,0.194351,g,,
2464,288538,SENSOR,,SENSOR_READING,S25,,,,,,,,TEMPERATURE,38.6428,C,,
2465,288538,SENSOR,,SENSOR_READING,S25,,,,,,,,CURRENT,2.28843,A,,
2466,288538,SENSOR,,SENSOR_READING,S25,,,,,,,,TORQUE,0,Nm,,
2467,288646,SENSOR,,SENSOR_READING,S12,,,,,,,,VIBRATION,0.171524,g,,
2468,288646,SENSOR,,SENSOR_READING,S12,,,,,,,,TEMPERATURE,39.1261,C,,
2469,288646,SENSOR,,SENSOR_READING,S12,,,,,,,,CURRENT,2.21826,A,,
2470,288646,SENSOR,,SENSOR_READING,S12,,,,,,,,TORQUE,0.610567,Nm,,
2471,288986,SENSOR,,SENSOR_READING,S15,,,,,,,,VIBRATION,0.212162,g,,
2472,288986,SENSOR,,SENSOR_READING,S15,,,,,,,,TEMPERATURE,39.322,C,,
2473,288986,SENSOR,,SENSOR_READING,S15,,,,,,,,CURRENT,2.25109,A,,
2474,288986,SENSOR,,SENSOR_READING,S15,,,,,,,,TORQUE,0,Nm,,
2475,289423,SENSOR,,SENSOR_READING,S04,,,,,,,,VIBRATION,1.16783,g,,
2476,289423,SENSOR,,SENSOR_READING,S04,,,,,,,,TEMPERATURE,50.3496,C,,
2477,289623,SENSOR,,SENSOR_READING,S22,,,,,,,,VIBRATION,0.203317,g,,
2478,289623,SENSOR,,SENSOR_READING,S22,,,,,,,,TEMPERATURE,39.2146,C,,
2479,289623,SENSOR,,SENSOR_READING,S22,,,,,,,,CURRENT,2.44102,A,,
2480,289623,SENSOR,,SENSOR_READING,S22,,,,,,,,TORQUE,0.313494,Nm,,
2481,289861,SENSOR,,SENSOR_READING,S26,,,,,,,,VIBRATION,0.202179,g,,
2482,289861,SENSOR,,SENSOR_READING,S26,,,,,,,,TEMPERATURE,38.8228,C,,
2483,289861,SENSOR,,SENSOR_READING,S26,,,,,,,,CURRENT,2.05731,A,,
2484,289861,SENSOR,,SENSOR_READING,S26,,,,,,,,TORQUE,0,Nm,,
2485,290106,SENSOR,,SENSOR_READING,S02,,,,,,,,VIBRATION,1.19766,g,,
2486,290106,SENSOR,,SENSOR_READING,S02,,,,,,,,TEMPERATURE,59.8338,C,,
2487,290106,SENSOR,,SENSOR_READING,S02,,,,,,,,CURRENT,14.4752,A,,
2488,290106,SENSOR,,SENSOR_READING,S02,,,,,,,,TORQUE,53.9701,Nm,,
2489,290280,SENSOR,,SENSOR_READING,S05,,,,,,,,VIBRATION,1.27418,g,,
2490,290280,SENSOR,,SENSOR_READING,S05,,,,,,,,TEMPERATURE,56.8639,C,,
2491,290280,SENSOR,,SENSOR_READING,S05,,,,,,,,CURRENT,14.6977,A,,
2492,290280,SENSOR,,SENSOR_READING,S05,,,,,,,,TORQUE,55.5125,Nm,,
2493,290325,SENSOR,,SENSOR_READING,S21,,,,,,,,VIBRATION,0.178467,g,,
2494,290325,SENSOR,,SENSOR_READING,S21,,,,,,,,TEMPERATURE,39.3482,C,,
2495,291065,SENSOR,,SENSOR_READING,S01,,,,,,,,VIBRATION,1.12862,g,,
2496,291065,SENSOR,,SENSOR_READING,S01,,,,,,,,TEMPERATURE,59.9999,C,,
2497,291065,SENSOR,,SENSOR_READING,S01,,,,,,,,CURRENT,14.3926,A,,
2498,291065,SENSOR,,SENSOR_READING,S01,,,,,,,,TORQUE,55.3583,Nm,,
2499,291226,SENSOR,,SENSOR_READING,S23,,,,,,,,VIBRATION,0.164009,g,,
2500,291226,SENSOR,,SENSOR_READING,S23,,,,,,,,TEMPERATURE,38.9168,C,,
2501,291226,SENSOR,,SENSOR_READING,S23,,,,,,,,CURRENT,2.27444,A,,
2502,291226,SENSOR,,SENSOR_READING,S23,,,,,,,,TORQUE,0.266638,Nm,,
2503,291592,SENSOR,,SENSOR_READING,S06,,,,,,,,VIBRATION,1.11071,g,,
2504,291592,SENSOR,,SENSOR_READING,S06,,,,,,,,TEMPERATURE,52.7239,C,,
2505,291592,SENSOR,,SENSOR_READING,S06,,,,,,,,CURRENT,14.4005,A,,
2506,291592,SENSOR,,SENSOR_READING,S06,,,,,,,,TORQUE,55.0652,Nm,,
2507,291609,SENSOR,,SENSOR_READING,S10,,,,,,,,VIBRATION,0.189856,g,,
2508,291609,SENSOR,,SENSOR_READING,S10,,,,,,,,TEMPERATURE,39.3028,C,,
2509,292326,SENSOR,,SENSOR_READING,S07,,,,,,,,VIBRATION,1.22633,g,,
2510,292326,SENSOR,,SENSOR_READING,S07,,,,,,,,TEMPERATURE,49.6007,C,,
2511,292326,SENSOR,,SENSOR_READING,S07,,,,,,,,CURRENT,14.4669,A,,
2512,292326,SENSOR,,SENSOR_READING,S07,,,,,,,,TORQUE,54.6451,Nm,,
2513,293188,SENSOR,,SENSOR_READING,S03,,,,,,,,VIBRATION,1.12875,g,,
2514,293188,SENSOR,,SENSOR_READING,S03,,,,,,,,TEMPERATURE,59.8458,C,,
2515,293188,SENSOR,,SENSOR_READING,S03,,,,,,,,CURRENT,14.3632,A,,
2516,293188,SENSOR,,SENSOR_READING,S03,,,,,,,,TORQUE,54.4463,Nm,,
2517,293923,STATION,EV000083,PROCESSING_COMPLETED,S07,U000001,0,PROCESSING,,46091,,,,,,,
2518,293923,STATION,EV000084,UNIT_ARRIVED,S08,U000001,1,,,,,,,,,,
2519,293923,STATION,EV000085,PROCESSING_STARTED,S08,U000001,0,IDLE,PROCESSING,54669,,,,,,,
2520,294804,SENSOR,,SENSOR_READING,S28,,,,,,,,VIBRATION,0.201046,g,,
2521,294804,SENSOR,,SENSOR_READING,S28,,,,,,,,TEMPERATURE,39.2987,C,,
2522,294804,SENSOR,,SENSOR_READING,S28,,,,,,,,CURRENT,2.18846,A,,
2523,294804,SENSOR,,SENSOR_READING,S28,,,,,,,,TORQUE,0.0893069,Nm,,
2524,294915,SENSOR,,SENSOR_READING,S11,,,,,,,,VIBRATION,0.291809,g,,
2525,294915,SENSOR,,SENSOR_READING,S11,,,,,,,,TEMPERATURE,39.886,C,,
2526,294915,SENSOR,,SENSOR_READING,S11,,,,,,,,CURRENT,2.31134,A,,
2527,294915,SENSOR,,SENSOR_READING,S11,,,,,,,,TORQUE,0,Nm,,
2528,295569,STATION,EV000086,PROCESSING_COMPLETED,S06,U000002,0,PROCESSING,,41156,,,,,,,
2529,295569,STATION,EV000087,UNIT_ARRIVED,S07,U000002,1,,,,,,,,,,
2530,295569,STATION,EV000088,PROCESSING_STARTED,S07,U000002,0,STARVED,PROCESSING,49745,,,,,,,
2531,295598,SENSOR,,SENSOR_READING,S17,,,,,,,,VIBRATION,0.123506,g,,
2532,295598,SENSOR,,SENSOR_READING,S17,,,,,,,,TEMPERATURE,39.5371,C,,
2533,295598,SENSOR,,SENSOR_READING,S17,,,,,,,,CURRENT,2.07994,A,,
2534,295598,SENSOR,,SENSOR_READING,S17,,,,,,,,TORQUE,0.0749922,Nm,,
2535,296587,STATION,EV000089,PROCESSING_COMPLETED,S04,U000004,1,PROCESSING,,40586,,,,,,,
2536,296587,STATION,EV000090,UNIT_ARRIVED,S05,U000004,1,,,,,,,,,,
2537,296587,STATION,EV000091,PROCESSING_STARTED,S04,U000005,0,IDLE,PROCESSING,45340,,,,,,,
2538,297344,SENSOR,,SENSOR_READING,S31,,,,,,,,VIBRATION,0.20291,g,,
2539,297344,SENSOR,,SENSOR_READING,S31,,,,,,,,TEMPERATURE,39.0186,C,,
2540,297448,SENSOR,,SENSOR_READING,S25,,,,,,,,VIBRATION,0.195092,g,,
2541,297448,SENSOR,,SENSOR_READING,S25,,,,,,,,TEMPERATURE,38.7778,C,,
2542,297448,SENSOR,,SENSOR_READING,S25,,,,,,,,CURRENT,2.24684,A,,
2543,297448,SENSOR,,SENSOR_READING,S25,,,,,,,,TORQUE,0,Nm,,
2544,297491,SENSOR,,SENSOR_READING,S20,,,,,,,,VIBRATION,0.185065,g,,
2545,297491,SENSOR,,SENSOR_READING,S20,,,,,,,,TEMPERATURE,38.7324,C,,
2546,297491,SENSOR,,SENSOR_READING,S20,,,,,,,,CURRENT,2.21684,A,,
2547,297491,SENSOR,,SENSOR_READING,S20,,,,,,,,TORQUE,0,Nm,,
2548,297946,SENSOR,,SENSOR_READING,S15,,,,,,,,VIBRATION,0.194167,g,,
2549,297946,SENSOR,,SENSOR_READING,S15,,,,,,,,TEMPERATURE,39.2418,C,,
2550,297946,SENSOR,,SENSOR_READING,S15,,,,,,,,CURRENT,1.97435,A,,
2551,297946,SENSOR,,SENSOR_READING,S15,,,,,,,,TORQUE,0,Nm,,
2552,298231,SENSOR,,SENSOR_READING,S19,,,,,,,,VIBRATION,0.113355,g,,
2553,298231,SENSOR,,SENSOR_READING,S19,,,,,,,,TEMPERATURE,38.4488,C,,
2554,298231,SENSOR,,SENSOR_READING,S19,,,,,,,,CURRENT,2.41916,A,,
2555,298231,SENSOR,,SENSOR_READING,S19,,,,,,,,TORQUE,0.52172,Nm,,
2556,298530,SENSOR,,SENSOR_READING,S14,,,,,,,,VIBRATION,0.174603,g,,
2557,298530,SENSOR,,SENSOR_READING,S14,,,,,,,,TEMPERATURE,39.611,C,,
2558,298858,SENSOR,,SENSOR_READING,S16,,,,,,,,VIBRATION,0.224896,g,,
2559,298858,SENSOR,,SENSOR_READING,S16,,,,,,,,TEMPERATURE,39.0148,C,,
2560,298858,SENSOR,,SENSOR_READING,S16,,,,,,,,CURRENT,2.15481,A,,
2561,298858,SENSOR,,SENSOR_READING,S16,,,,,,,,TORQUE,0.732298,Nm,,
2562,299155,SENSOR,,SENSOR_READING,S29,,,,,,,,VIBRATION,0.223101,g,,
2563,299155,SENSOR,,SENSOR_READING,S29,,,,,,,,TEMPERATURE,38.8474,C,,
2564,299155,SENSOR,,SENSOR_READING,S29,,,,,,,,CURRENT,2.14496,A,,
2565,299155,SENSOR,,SENSOR_READING,S29,,,,,,,,TORQUE,0,Nm,,
2566,299544,SENSOR,,SENSOR_READING,S26,,,,,,,,VIBRATION,0.220208,g,,
2567,299544,SENSOR,,SENSOR_READING,S26,,,,,,,,TEMPERATURE,38.9389,C,,
2568,299544,SENSOR,,SENSOR_READING,S26,,,,,,,,CURRENT,2.16257,A,,
2569,299544,SENSOR,,SENSOR_READING,S26,,,,,,,,TORQUE,0,Nm,,
2570,299746,SENSOR,,SENSOR_READING,S12,,,,,,,,VIBRATION,0.120025,g,,
2571,299746,SENSOR,,SENSOR_READING,S12,,,,,,,,TEMPERATURE,39.1204,C,,
2572,299746,SENSOR,,SENSOR_READING,S12,,,,,,,,CURRENT,2.3106,A,,
2573,299746,SENSOR,,SENSOR_READING,S12,,,,,,,,TORQUE,0.791759,Nm,,
2574,300267,SENSOR,,SENSOR_READING,S02,,,,,,,,VIBRATION,1.19579,g,,
2575,300267,SENSOR,,SENSOR_READING,S02,,,,,,,,TEMPERATURE,60.1551,C,,
2576,300267,SENSOR,,SENSOR_READING,S02,,,,,,,,CURRENT,14.4382,A,,
2577,300267,SENSOR,,SENSOR_READING,S02,,,,,,,,TORQUE,55.335,Nm,,
2578,300322,SENSOR,,SENSOR_READING,S01,,,,,,,,VIBRATION,1.12013,g,,
2579,300322,SENSOR,,SENSOR_READING,S01,,,,,,,,TEMPERATURE,60.1383,C,,
2580,300322,SENSOR,,SENSOR_READING,S01,,,,,,,,CURRENT,14.5618,A,,
2581,300322,SENSOR,,SENSOR_READING,S01,,,,,,,,TORQUE,55.8042,Nm,,
2582,300490,SENSOR,,SENSOR_READING,S22,,,,,,,,VIBRATION,0.144949,g,,
2583,300490,SENSOR,,SENSOR_READING,S22,,,,,,,,TEMPERATURE,39.2689,C,,
2584,300490,SENSOR,,SENSOR_READING,S22,,,,,,,,CURRENT,2.15269,A,,
2585,300490,SENSOR,,SENSOR_READING,S22,,,,,,,,TORQUE,0,Nm,,
2586,300967,SENSOR,,SENSOR_READING,S06,,,,,,,,VIBRATION,0.491599,g,,
2587,300967,SENSOR,,SENSOR_READING,S06,,,,,,,,TEMPERATURE,51.4873,C,,
2588,300967,SENSOR,,SENSOR_READING,S06,,,,,,,,CURRENT,4.04802,A,,
2589,300967,SENSOR,,SENSOR_READING,S06,,,,,,,,TORQUE,17.3222,Nm,,
2590,300991,SENSOR,,SENSOR_READING,S23,,,,,,,,VIBRATION,0.17273,g,,
2591,300991,SENSOR,,SENSOR_READING,S23,,,,,,,,TEMPERATURE,38.7745,C,,
2592,300991,SENSOR,,SENSOR_READING,S23,,,,,,,,CURRENT,2.21696,A,,
2593,300991,SENSOR,,SENSOR_READING,S23,,,,,,,,TORQUE,0.212775,Nm,,
2594,301302,SENSOR,,SENSOR_READING,S07,,,,,,,,VIBRATION,1.21533,g,,
2595,301302,SENSOR,,SENSOR_READING,S07,,,,,,,,TEMPERATURE,50.9183,C,,
2596,301302,SENSOR,,SENSOR_READING,S07,,,,,,,,CURRENT,14.5861,A,,
2597,301302,SENSOR,,SENSOR_READING,S07,,,,,,,,TORQUE,54.8858,Nm,,
2598,301341,SENSOR,,SENSOR_READING,S05,,,,,,,,VIBRATION,1.20666,g,,
2599,301341,SENSOR,,SENSOR_READING,S05,,,,,,,,TEMPERATURE,57.2344,C,,
2600,301341,SENSOR,,SENSOR_READING,S05,,,,,,,,CURRENT,14.5276,A,,
2601,301341,SENSOR,,SENSOR_READING,S05,,,,,,,,TORQUE,56.3596,Nm,,
2602,302988,SENSOR,,SENSOR_READING,S09,,,,,,,,VIBRATION,0.22245,g,,
2603,302988,SENSOR,,SENSOR_READING,S09,,,,,,,,TEMPERATURE,39.3876,C,,
2604,303825,SENSOR,,SENSOR_READING,S32,,,,,,,,VIBRATION,0.209812,g,,
2605,303825,SENSOR,,SENSOR_READING,S32,,,,,,,,TEMPERATURE,38.7263,C,,
2606,303852,SENSOR,,SENSOR_READING,S28,,,,,,,,VIBRATION,0.194064,g,,
2607,303852,SENSOR,,SENSOR_READING,S28,,,,,,,,TEMPERATURE,39.1973,C,,
2608,303852,SENSOR,,SENSOR_READING,S28,,,,,,,,CURRENT,2.13926,A,,
2609,303852,SENSOR,,SENSOR_READING,S28,,,,,,,,TORQUE,0,Nm,,
2610,304362,SENSOR,,SENSOR_READING,S03,,,,,,,,VIBRATION,1.13307,g,,
2611,304362,SENSOR,,SENSOR_READING,S03,,,,,,,,TEMPERATURE,59.8461,C,,
2612,304362,SENSOR,,SENSOR_READING,S03,,,,,,,,CURRENT,14.6374,A,,
2613,304362,SENSOR,,SENSOR_READING,S03,,,,,,,,TORQUE,54.5786,Nm,,
2614,304537,SENSOR,,SENSOR_READING,S17,,,,,,,,VIBRATION,0.195418,g,,
2615,304537,SENSOR,,SENSOR_READING,S17,,,,,,,,TEMPERATURE,39.5231,C,,
2616,304537,SENSOR,,SENSOR_READING,S17,,,,,,,,CURRENT,2.04678,A,,
2617,304537,SENSOR,,SENSOR_READING,S17,,,,,,,,TORQUE,0,Nm,,
2618,305780,SENSOR,,SENSOR_READING,S11,,,,,,,,VIBRATION,0.268329,g,,
2619,305780,SENSOR,,SENSOR_READING,S11,,,,,,,,TEMPERATURE,39.8387,C,,
2620,305780,SENSOR,,SENSOR_READING,S11,,,,,,,,CURRENT,2.11086,A,,
2621,305780,SENSOR,,SENSOR_READING,S11,,,,,,,,TORQUE,0.0238692,Nm,,
2622,307294,SENSOR,,SENSOR_READING,S25,,,,,,,,VIBRATION,0.168776,g,,
2623,307294,SENSOR,,SENSOR_READING,S25,,,,,,,,TEMPERATURE,38.9816,C,,
2624,307294,SENSOR,,SENSOR_READING,S25,,,,,,,,CURRENT,2.27167,A,,
2625,307294,SENSOR,,SENSOR_READING,S25,,,,,,,,TORQUE,0.00174892,Nm,,
2626,307877,SENSOR,,SENSOR_READING,S19,,,,,,,,VIBRATION,0.139573,g,,
2627,307877,SENSOR,,SENSOR_READING,S19,,,,,,,,TEMPERATURE,38.1223,C,,
2628,307877,SENSOR,,SENSOR_READING,S19,,,,,,,,CURRENT,2.09397,A,,
2629,307877,SENSOR,,SENSOR_READING,S19,,,,,,,,TORQUE,0,Nm,,
2630,308007,STATION,EV000092,PROCESSING_COMPLETED,S05,U000003,1,PROCESSING,,52006,,,,,,,
2631,308007,STATION,EV000093,UNIT_ARRIVED,S06,U000003,1,,,,,,,,,,
2632,308007,STATION,EV000094,PROCESSING_STARTED,S06,U000003,0,STARVED,PROCESSING,41375,,,,,,,
2633,308007,STATION,EV000095,PROCESSING_STARTED,S05,U000004,0,IDLE,PROCESSING,47416,,,,,,,
2634,308059,SENSOR,,SENSOR_READING,S16,,,,,,,,VIBRATION,0.204784,g,,
2635,308059,SENSOR,,SENSOR_READING,S16,,,,,,,,TEMPERATURE,39.1737,C,,
2636,308059,SENSOR,,SENSOR_READING,S16,,,,,,,,CURRENT,2.07493,A,,
2637,308059,SENSOR,,SENSOR_READING,S16,,,,,,,,TORQUE,0.479096,Nm,,
2638,308151,SENSOR,,SENSOR_READING,S20,,,,,,,,VIBRATION,0.153276,g,,
2639,308151,SENSOR,,SENSOR_READING,S20,,,,,,,,TEMPERATURE,38.7791,C,,
2640,308151,SENSOR,,SENSOR_READING,S20,,,,,,,,CURRENT,2.0236,A,,
2641,308151,SENSOR,,SENSOR_READING,S20,,,,,,,,TORQUE,0,Nm,,
2642,308551,SENSOR,,SENSOR_READING,S15,,,,,,,,VIBRATION,0.201596,g,,
2643,308551,SENSOR,,SENSOR_READING,S15,,,,,,,,TEMPERATURE,38.9239,C,,
2644,308551,SENSOR,,SENSOR_READING,S15,,,,,,,,CURRENT,2.10087,A,,
2645,308551,SENSOR,,SENSOR_READING,S15,,,,,,,,TORQUE,0,Nm,,
2646,308759,SENSOR,,SENSOR_READING,S29,,,,,,,,VIBRATION,0.210726,g,,
2647,308759,SENSOR,,SENSOR_READING,S29,,,,,,,,TEMPERATURE,38.9468,C,,
2648,308759,SENSOR,,SENSOR_READING,S29,,,,,,,,CURRENT,2.18952,A,,
2649,308759,SENSOR,,SENSOR_READING,S29,,,,,,,,TORQUE,0.278828,Nm,,
2650,308850,STATION,EV000096,PROCESSING_COMPLETED,S02,U000007,1,PROCESSING,,33719,,,,,,,
2651,308850,STATION,EV000097,UNIT_ARRIVED,S03,U000007,1,,,,,,,,,,
2652,308850,STATION,EV000098,PROCESSING_STARTED,S02,U000008,0,IDLE,PROCESSING,41867,,,,,,,
2653,309104,SENSOR,,SENSOR_READING,S12,,,,,,,,VIBRATION,0.125972,g,,
2654,309104,SENSOR,,SENSOR_READING,S12,,,,,,,,TEMPERATURE,39.4919,C,,
2655,309104,SENSOR,,SENSOR_READING,S12,,,,,,,,CURRENT,2.34449,A,,
2656,309104,SENSOR,,SENSOR_READING,S12,,,,,,,,TORQUE,0,Nm,,
2657,309429,SENSOR,,SENSOR_READING,S01,,,,,,,,VIBRATION,1.13319,g,,
2658,309429,SENSOR,,SENSOR_READING,S01,,,,,,,,TEMPERATURE,60.2671,C,,
2659,309429,SENSOR,,SENSOR_READING,S01,,,,,,,,CURRENT,14.5678,A,,
2660,309429,SENSOR,,SENSOR_READING,S01,,,,,,,,TORQUE,54.5493,Nm,,
2661,309951,SENSOR,,SENSOR_READING,S27,,,,,,,,VIBRATION,0.20736,g,,
2662,309951,SENSOR,,SENSOR_READING,S27,,,,,,,,TEMPERATURE,39.5196,C,,
2663,310487,SENSOR,,SENSOR_READING,S23,,,,,,,,VIBRATION,0.157275,g,,
2664,310487,SENSOR,,SENSOR_READING,S23,,,,,,,,TEMPERATURE,38.8067,C,,
2665,310487,SENSOR,,SENSOR_READING,S23,,,,,,,,CURRENT,2.36233,A,,
2666,310487,SENSOR,,SENSOR_READING,S23,,,,,,,,TORQUE,0,Nm,,
2667,310551,SENSOR,,SENSOR_READING,S26,,,,,,,,VIBRATION,0.195344,g,,
2668,310551,SENSOR,,SENSOR_READING,S26,,,,,,,,TEMPERATURE,39.1541,C,,
2669,310551,SENSOR,,SENSOR_READING,S26,,,,,,,,CURRENT,2.19644,A,,
2670,310551,SENSOR,,SENSOR_READING,S26,,,,,,,,TORQUE,0,Nm,,
2671,310801,SENSOR,,SENSOR_READING,S02,,,,,,,,VIBRATION,1.16296,g,,
2672,310801,SENSOR,,SENSOR_READING,S02,,,,,,,,TEMPERATURE,60.0767,C,,
2673,310801,SENSOR,,SENSOR_READING,S02,,,,,,,,CURRENT,14.3061,A,,
2674,310801,SENSOR,,SENSOR_READING,S02,,,,,,,,TORQUE,55.2062,Nm,,
2675,310857,SENSOR,,SENSOR_READING,S22,,,,,,,,VIBRATION,0.197645,g,,
2676,310857,SENSOR,,SENSOR_READING,S22,,,,,,,,TEMPERATURE,38.888,C,,
2677,310857,SENSOR,,SENSOR_READING,S22,,,,,,,,CURRENT,2.16944,A,,
2678,310857,SENSOR,,SENSOR_READING,S22,,,,,,,,TORQUE,0,Nm,,
2679,311954,SENSOR,,SENSOR_READING,S06,,,,,,,,VIBRATION,0.952777,g,,
2680,311954,SENSOR,,SENSOR_READING,S06,,,,,,,,TEMPERATURE,52.6409,C,,
2681,311954,SENSOR,,SENSOR_READING,S06,,,,,,,,CURRENT,12.8645,A,,
2682,311954,SENSOR,,SENSOR_READING,S06,,,,,,,,TORQUE,44.1661,Nm,,
2683,311955,SENSOR,,SENSOR_READING,S05,,,,,,,,VIBRATION,1.25048,g,,
2684,311955,SENSOR,,SENSOR_READING,S05,,,,,,,,TEMPERATURE,57.6735,C,,
2685,311955,SENSOR,,SENSOR_READING,S05,,,,,,,,CURRENT,14.465,A,,
2686,311955,SENSOR,,SENSOR_READING,S05,,,,,,,,TORQUE,54.6312,Nm,,
2687,312274,SENSOR,,SENSOR_READING,S07,,,,,,,,VIBRATION,1.17883,g,,
2688,312274,SENSOR,,SENSOR_READING,S07,,,,,,,,TEMPERATURE,52.067,C,,
2689,312274,SENSOR,,SENSOR_READING,S07,,,,,,,,CURRENT,14.5719,A,,
2690,312274,SENSOR,,SENSOR_READING,S07,,,,,,,,TORQUE,55.6949,Nm,,
2691,312873,SENSOR,,SENSOR_READING,S28,,,,,,,,VIBRATION,0.157306,g,,
2692,312873,SENSOR,,SENSOR_READING,S28,,,,,,,,TEMPERATURE,39.0304,C,,
2693,312873,SENSOR,,SENSOR_READING,S28,,,,,,,,CURRENT,2.33642,A,,
2694,312873,SENSOR,,SENSOR_READING,S28,,,,,,,,TORQUE,0.472256,Nm,,
2695,314752,SENSOR,,SENSOR_READING,S17,,,,,,,,VIBRATION,0.0917446,g,,
2696,314752,SENSOR,,SENSOR_READING,S17,,,,,,,,TEMPERATURE,39.8347,C,,
2697,314752,SENSOR,,SENSOR_READING,S17,,,,,,,,CURRENT,2.14581,A,,
2698,314752,SENSOR,,SENSOR_READING,S17,,,,,,,,TORQUE,0.976424,Nm,,
2699,315136,SENSOR,,SENSOR_READING,S03,,,,,,,,VIBRATION,1.14774,g,,
2700,315136,SENSOR,,SENSOR_READING,S03,,,,,,,,TEMPERATURE,59.7607,C,,
2701,315136,SENSOR,,SENSOR_READING,S03,,,,,,,,CURRENT,14.3919,A,,
2702,315136,SENSOR,,SENSOR_READING,S03,,,,,,,,TORQUE,55.2564,Nm,,
2703,315400,SENSOR,,SENSOR_READING,S11,,,,,,,,VIBRATION,0.288909,g,,
2704,315400,SENSOR,,SENSOR_READING,S11,,,,,,,,TEMPERATURE,39.5257,C,,
2705,315400,SENSOR,,SENSOR_READING,S11,,,,,,,,CURRENT,2.11843,A,,
2706,315400,SENSOR,,SENSOR_READING,S11,,,,,,,,TORQUE,0.473873,Nm,,
2707,317155,SENSOR,,SENSOR_READING,S04,,,,,,,,VIBRATION,1.12228,g,,
2708,317155,SENSOR,,SENSOR_READING,S04,,,,,,,,TEMPERATURE,51.3134,C,,
2709,317392,SENSOR,,SENSOR_READING,S25,,,,,,,,VIBRATION,0.154734,g,,
2710,317392,SENSOR,,SENSOR_READING,S25,,,,,,,,TEMPERATURE,39.0955,C,,
2711,317392,SENSOR,,SENSOR_READING,S25,,,,,,,,CURRENT,2.22209,A,,
2712,317392,SENSOR,,SENSOR_READING,S25,,,,,,,,TORQUE,0,Nm,,
2713,317503,SENSOR,,SENSOR_READING,S16,,,,,,,,VIBRATION,0.211453,g,,
2714,317503,SENSOR,,SENSOR_READING,S16,,,,,,,,TEMPERATURE,39.1232,C,,
2715,317503,SENSOR,,SENSOR_READING,S16,,,,,,,,CURRENT,2.20723,A,,
2716,317503,SENSOR,,SENSOR_READING,S16,,,,,,,,TORQUE,0,Nm,,
2717,317573,SENSOR,,SENSOR_READING,S15,,,,,,,,VIBRATION,0.165409,g,,
2718,317573,SENSOR,,SENSOR_READING,S15,,,,,,,,TEMPERATURE,38.7329,C,,
2719,317573,SENSOR,,SENSOR_READING,S15,,,,,,,,CURRENT,2.1885,A,,
2720,317573,SENSOR,,SENSOR_READING,S15,,,,,,,,TORQUE,0,Nm,,
2721,317925,SENSOR,,SENSOR_READING,S20,,,,,,,,VIBRATION,0.163313,g,,
2722,317925,SENSOR,,SENSOR_READING,S20,,,,,,,,TEMPERATURE,38.7423,C,,
2723,317925,SENSOR,,SENSOR_READING,S20,,,,,,,,CURRENT,2.20793,A,,
2724,317925,SENSOR,,SENSOR_READING,S20,,,,,,,,TORQUE,0.347634,Nm,,
2725,318213,STATION,EV000099,PROCESSING_COMPLETED,S03,U000006,1,PROCESSING,,41767,,,,,,,
2726,318213,STATION,EV000100,UNIT_ARRIVED,S04,U000006,1,,,,,,,,,,
2727,318213,STATION,EV000101,PROCESSING_STARTED,S03,U000007,0,IDLE,PROCESSING,40756,,,,,,,
2728,318366,SENSOR,,SENSOR_READING,S19,,,,,,,,VIBRATION,0.229816,g,,
2729,318366,SENSOR,,SENSOR_READING,S19,,,,,,,,TEMPERATURE,38.3176,C,,
2730,318366,SENSOR,,SENSOR_READING,S19,,,,,,,,CURRENT,2.22225,A,,
2731,318366,SENSOR,,SENSOR_READING,S19,,,,,,,,TORQUE,0,Nm,,
2732,318748,SENSOR,,SENSOR_READING,S12,,,,,,,,VIBRATION,0.14238,g,,
2733,318748,SENSOR,,SENSOR_READING,S12,,,,,,,,TEMPERATURE,39.4476,C,,
2734,318748,SENSOR,,SENSOR_READING,S12,,,,,,,,CURRENT,2.09281,A,,
2735,318748,SENSOR,,SENSOR_READING,S12,,,,,,,,TORQUE,0.248738,Nm,,
2736,318899,SENSOR,,SENSOR_READING,S29,,,,,,,,VIBRATION,0.157026,g,,
2737,318899,SENSOR,,SENSOR_READING,S29,,,,,,,,TEMPERATURE,38.939,C,,
2738,318899,SENSOR,,SENSOR_READING,S29,,,,,,,,CURRENT,2.08722,A,,
2739,318899,SENSOR,,SENSOR_READING,S29,,,,,,,,TORQUE,0.148553,Nm,,
2740,319641,SENSOR,,SENSOR_READING,S21,,,,,,,,VIBRATION,0.172066,g,,
2741,319641,SENSOR,,SENSOR_READING,S21,,,,,,,,TEMPERATURE,39.3309,C,,
2742,320123,SENSOR,,SENSOR_READING,S02,,,,,,,,VIBRATION,1.13834,g,,
2743,320123,SENSOR,,SENSOR_READING,S02,,,,,,,,TEMPERATURE,60.4542,C,,
2744,320123,SENSOR,,SENSOR_READING,S02,,,,,,,,CURRENT,14.629,A,,
2745,320123,SENSOR,,SENSOR_READING,S02,,,,,,,,TORQUE,54.9399,Nm,,
2746,320182,SENSOR,,SENSOR_READING,S23,,,,,,,,VIBRATION,0.15654,g,,
2747,320182,SENSOR,,SENSOR_READING,S23,,,,,,,,TEMPERATURE,38.7856,C,,
2748,320182,SENSOR,,SENSOR_READING,S23,,,,,,,,CURRENT,2.31949,A,,
2749,320182,SENSOR,,SENSOR_READING,S23,,,,,,,,TORQUE,0.32429,Nm,,
2750,320525,SENSOR,,SENSOR_READING,S26,,,,,,,,VIBRATION,0.197527,g,,
2751,320525,SENSOR,,SENSOR_READING,S26,,,,,,,,TEMPERATURE,39.317,C,,
2752,320525,SENSOR,,SENSOR_READING,S26,,,,,,,,CURRENT,2.23334,A,,
2753,320525,SENSOR,,SENSOR_READING,S26,,,,,,,,TORQUE,0,Nm,,
2754,320552,SENSOR,,SENSOR_READING,S01,,,,,,,,VIBRATION,1.15528,g,,
2755,320552,SENSOR,,SENSOR_READING,S01,,,,,,,,TEMPERATURE,60.5769,C,,
2756,320552,SENSOR,,SENSOR_READING,S01,,,,,,,,CURRENT,14.441,A,,
2757,320552,SENSOR,,SENSOR_READING,S01,,,,,,,,TORQUE,54.3836,Nm,,
2758,320635,SENSOR,,SENSOR_READING,S10,,,,,,,,VIBRATION,0.189699,g,,
2759,320635,SENSOR,,SENSOR_READING,S10,,,,,,,,TEMPERATURE,39.08,C,,
2760,321291,SENSOR,,SENSOR_READING,S07,,,,,,,,VIBRATION,1.15534,g,,
2761,321291,SENSOR,,SENSOR_READING,S07,,,,,,,,TEMPERATURE,53.4198,C,,
2762,321291,SENSOR,,SENSOR_READING,S07,,,,,,,,CURRENT,14.3775,A,,
2763,321291,SENSOR,,SENSOR_READING,S07,,,,,,,,TORQUE,53.9151,Nm,,
2764,321775,SENSOR,,SENSOR_READING,S28,,,,,,,,VIBRATION,0.107053,g,,
2765,321775,SENSOR,,SENSOR_READING,S28,,,,,,,,TEMPERATURE,38.8982,C,,
2766,321775,SENSOR,,SENSOR_READING,S28,,,,,,,,CURRENT,2.2307,A,,
2767,321775,SENSOR,,SENSOR_READING,S28,,,,,,,,TORQUE,0.172932,Nm,,
2768,322028,SENSOR,,SENSOR_READING,S22,,,,,,,,VIBRATION,0.160222,g,,
2769,322028,SENSOR,,SENSOR_READING,S22,,,,,,,,TEMPERATURE,38.8564,C,,
2770,322028,SENSOR,,SENSOR_READING,S22,,,,,,,,CURRENT,2.27579,A,,
2771,322028,SENSOR,,SENSOR_READING,S22,,,,,,,,TORQUE,0.161175,Nm,,
2772,322250,STATION,EV000102,PROCESSING_COMPLETED,S01,U000009,0,PROCESSING,,38125,,,,,,,
2773,322250,STATION,EV000103,UNIT_ARRIVED,S02,U000009,1,,,,,,,,,,
2774,322250,STATION,EV000104,PROCESSING_STARTED,S01,U000010,0,IDLE,PROCESSING,34375,,,,,,,
2775,322321,SENSOR,,SENSOR_READING,S06,,,,,,,,VIBRATION,1.11096,g,,
2776,322321,SENSOR,,SENSOR_READING,S06,,,,,,,,TEMPERATURE,53.7455,C,,
2777,322321,SENSOR,,SENSOR_READING,S06,,,,,,,,CURRENT,14.4001,A,,
2778,322321,SENSOR,,SENSOR_READING,S06,,,,,,,,TORQUE,51.9663,Nm,,
2779,322780,SENSOR,,SENSOR_READING,S05,,,,,,,,VIBRATION,1.32054,g,,
2780,322780,SENSOR,,SENSOR_READING,S05,,,,,,,,TEMPERATURE,58.4186,C,,
2781,322780,SENSOR,,SENSOR_READING,S05,,,,,,,,CURRENT,14.6052,A,,
2782,322780,SENSOR,,SENSOR_READING,S05,,,,,,,,TORQUE,55.1571,Nm,,
2783,324099,SENSOR,,SENSOR_READING,S17,,,,,,,,VIBRATION,0.163343,g,,
2784,324099,SENSOR,,SENSOR_READING,S17,,,,,,,,TEMPERATURE,39.5235,C,,
2785,324099,SENSOR,,SENSOR_READING,S17,,,,,,,,CURRENT,2.01629,A,,
2786,324099,SENSOR,,SENSOR_READING,S17,,,,,,,,TORQUE,0.255636,Nm,,
2787,324756,SENSOR,,SENSOR_READING,S03,,,,,,,,VIBRATION,1.08169,g,,
2788,324756,SENSOR,,SENSOR_READING,S03,,,,,,,,TEMPERATURE,60.0695,C,,
2789,324756,SENSOR,,SENSOR_READING,S03,,,,,,,,CURRENT,14.565,A,,
2790,324756,SENSOR,,SENSOR_READING,S03,,,,,,,,TORQUE,55.0751,Nm,,
2791,326355,SENSOR,,SENSOR_READING,S11,,,,,,,,VIBRATION,0.244807,g,,
2792,326355,SENSOR,,SENSOR_READING,S11,,,,,,,,TEMPERATURE,39.7522,C,,
2793,326355,SENSOR,,SENSOR_READING,S11,,,,,,,,CURRENT,2.25885,A,,
2794,326355,SENSOR,,SENSOR_READING,S11,,,,,,,,TORQUE,0.48402,Nm,,
2795,327062,SENSOR,,SENSOR_READING,S25,,,,,,,,VIBRATION,0.129604,g,,
2796,327062,SENSOR,,SENSOR_READING,S25,,,,,,,,TEMPERATURE,39.0983,C,,
2797,327062,SENSOR,,SENSOR_READING,S25,,,,,,,,CURRENT,2.29966,A,,
2798,327062,SENSOR,,SENSOR_READING,S25,,,,,,,,TORQUE,0,Nm,,
2799,327433,SENSOR,,SENSOR_READING,S20,,,,,,,,VIBRATION,0.150745,g,,
2800,327433,SENSOR,,SENSOR_READING,S20,,,,,,,,TEMPERATURE,38.8477,C,,
2801,327433,SENSOR,,SENSOR_READING,S20,,,,,,,,CURRENT,2.28768,A,,
2802,327433,SENSOR,,SENSOR_READING,S20,,,,,,,,TORQUE,0,Nm,,
2803,327686,SENSOR,,SENSOR_READING,S12,,,,,,,,VIBRATION,0.131644,g,,
2804,327686,SENSOR,,SENSOR_READING,S12,,,,,,,,TEMPERATURE,39.6621,C,,
2805,327686,SENSOR,,SENSOR_READING,S12,,,,,,,,CURRENT,2.0795,A,,
2806,327686,SENSOR,,SENSOR_READING,S12,,,,,,,,TORQUE,0.698768,Nm,,
2807,327835,SENSOR,,SENSOR_READING,S29,,,,,,,,VIBRATION,0.176009,g,,
2808,327835,SENSOR,,SENSOR_READING,S29,,,,,,,,TEMPERATURE,39.1158,C,,
2809,327835,SENSOR,,SENSOR_READING,S29,,,,,,,,CURRENT,2.02365,A,,
2810,327835,SENSOR,,SENSOR_READING,S29,,,,,,,,TORQUE,0,Nm,,
2811,328213,SENSOR,,SENSOR_READING,S16,,,,,,,,VIBRATION,0.2035,g,,
2812,328213,SENSOR,,SENSOR_READING,S16,,,,,,,,TEMPERATURE,39.4353,C,,
2813,328213,SENSOR,,SENSOR_READING,S16,,,,,,,,CURRENT,2.41055,A,,
2814,328213,SENSOR,,SENSOR_READING,S16,,,,,,,,TORQUE,0.269199,Nm,,
2815,328430,SENSOR,,SENSOR_READING,S31,,,,,,,,VIBRATION,0.0976053,g,,
2816,328430,SENSOR,,SENSOR_READING,S31,,,,,,,,TEMPERATURE,38.985,C,,
2817,328494,SENSOR,,SENSOR_READING,S15,,,,,,,,VIBRATION,0.156232,g,,
2818,328494,SENSOR,,SENSOR_READING,S15,,,,,,,,TEMPERATURE,38.705,C,,
2819,328494,SENSOR,,SENSOR_READING,S15,,,,,,,,CURRENT,2.2171,A,,
2820,328494,SENSOR,,SENSOR_READING,S15,,,,,,,,TORQUE,0,Nm,,
2821,329042,SENSOR,,SENSOR_READING,S19,,,,,,,,VIBRATION,0.213692,g,,
2822,329042,SENSOR,,SENSOR_READING,S19,,,,,,,,TEMPERATURE,38.465,C,,
2823,329042,SENSOR,,SENSOR_READING,S19,,,,,,,,CURRENT,2.17214,A,,
2824,329042,SENSOR,,SENSOR_READING,S19,,,,,,,,TORQUE,0,Nm,,
2825,329510,SENSOR,,SENSOR_READING,S09,,,,,,,,VIBRATION,0.225897,g,,
2826,329510,SENSOR,,SENSOR_READING,S09,,,,,,,,TEMPERATURE,39.5199,C,,
2827,330405,SENSOR,,SENSOR_READING,S07,,,,,,,,VIBRATION,1.18394,g,,
2828,330405,SENSOR,,SENSOR_READING,S07,,,,,,,,TEMPERATURE,54.046,C,,
2829,330405,SENSOR,,SENSOR_READING,S07,,,,,,,,CURRENT,14.6323,A,,
2830,330405,SENSOR,,SENSOR_READING,S07,,,,,,,,TORQUE,55.363,Nm,,
2831,330459,SENSOR,,SENSOR_READING,S14,,,,,,,,VIBRATION,0.185164,g,,
2832,330459,SENSOR,,SENSOR_READING,S14,,,,,,,,TEMPERATURE,39.4492,C,,
2833,330569,SENSOR,,SENSOR_READING,S01,,,,,,,,VIBRATION,1.13843,g,,
2834,330569,SENSOR,,SENSOR_READING,S01,,,,,,,,TEMPERATURE,60.6688,C,,
2835,330569,SENSOR,,SENSOR_READING,S01,,,,,,,,CURRENT,14.5434,A,,
2836,330569,SENSOR,,SENSOR_READING,S01,,,,,,,,TORQUE,55.0217,Nm,,
2837,330583,SENSOR,,SENSOR_READING,S02,,,,,,,,VIBRATION,1.21446,g,,
2838,330583,SENSOR,,SENSOR_READING,S02,,,,,,,,TEMPERATURE,60.4799,C,,
2839,330583,SENSOR,,SENSOR_READING,S02,,,,,,,,CURRENT,14.4235,A,,
2840,330583,SENSOR,,SENSOR_READING,S02,,,,,,,,TORQUE,55.0701,Nm,,
2841,331116,SENSOR,,SENSOR_READING,S22,,,,,,,,VIBRATION,0.197754,g,,
2842,331116,SENSOR,,SENSOR_READING,S22,,,,,,,,TEMPERATURE,39.1608,C,,
2843,331116,SENSOR,,SENSOR_READING,S22,,,,,,,,CURRENT,2.15897,A,,
2844,331116,SENSOR,,SENSOR_READING,S22,,,,,,,,TORQUE,0,Nm,,
2845,331239,SENSOR,,SENSOR_READING,S23,,,,,,,,VIBRATION,0.191239,g,,
2846,331239,SENSOR,,SENSOR_READING,S23,,,,,,,,TEMPERATURE,38.7302,C,,
2847,331239,SENSOR,,SENSOR_READING,S23,,,,,,,,CURRENT,2.14711,A,,
2848,331239,SENSOR,,SENSOR_READING,S23,,,,,,,,TORQUE,0.503327,Nm,,
2849,331375,SENSOR,,SENSOR_READING,S26,,,,,,,,VIBRATION,0.205594,g,,
2850,331375,SENSOR,,SENSOR_READING,S26,,,,,,,,TEMPERATURE,39.1799,C,,
2851,331375,SENSOR,,SENSOR_READING,S26,,,,,,,,CURRENT,2.10979,A,,
2852,331375,SENSOR,,SENSOR_READING,S26,,,,,,,,TORQUE,0.106482,Nm,,
2853,332002,SENSOR,,SENSOR_READING,S32,,,,,,,,VIBRATION,0.183969,g,,
2854,332002,SENSOR,,SENSOR_READING,S32,,,,,,,,TEMPERATURE,38.5154,C,,
2855,332511,SENSOR,,SENSOR_READING,S28,,,,,,,,VIBRATION,0.195809,g,,
2856,332511,SENSOR,,SENSOR_READING,S28,,,,,,,,TEMPERATURE,38.7443,C,,
2857,332511,SENSOR,,SENSOR_READING,S28,,,,,,,,CURRENT,2.2737,A,,
2858,332511,SENSOR,,SENSOR_READING,S28,,,,,,,,TORQUE,0,Nm,,
2859,332879,SENSOR,,SENSOR_READING,S06,,,,,,,,VIBRATION,1.11909,g,,
2860,332879,SENSOR,,SENSOR_READING,S06,,,,,,,,TEMPERATURE,54.744,C,,
2861,332879,SENSOR,,SENSOR_READING,S06,,,,,,,,CURRENT,14.6139,A,,
2862,332879,SENSOR,,SENSOR_READING,S06,,,,,,,,TORQUE,54.1324,Nm,,
2863,332914,SENSOR,,SENSOR_READING,S05,,,,,,,,VIBRATION,1.27884,g,,
2864,332914,SENSOR,,SENSOR_READING,S05,,,,,,,,TEMPERATURE,59.0345,C,,
2865,332914,SENSOR,,SENSOR_READING,S05,,,,,,,,CURRENT,14.7287,A,,
2866,332914,SENSOR,,SENSOR_READING,S05,,,,,,,,TORQUE,55.597,Nm,,
2867,333152,SENSOR,,SENSOR_READING,S17,,,,,,,,VIBRATION,0.143455,g,,
2868,333152,SENSOR,,SENSOR_READING,S17,,,,,,,,TEMPERATURE,39.1087,C,,
2869,333152,SENSOR,,SENSOR_READING,S17,,,,,,,,CURRENT,2.12986,A,,
2870,333152,SENSOR,,SENSOR_READING,S17,,,,,,,,TORQUE,0.217357,Nm,,
2871,333687,SENSOR,,SENSOR_READING,S03,,,,,,,,VIBRATION,1.09229,g,,
2872,333687,SENSOR,,SENSOR_READING,S03,,,,,,,,TEMPERATURE,60.154,C,,
2873,333687,SENSOR,,SENSOR_READING,S03,,,,,,,,CURRENT,14.5909,A,,
2874,333687,SENSOR,,SENSOR_READING,S03,,,,,,,,TORQUE,55.9956,Nm,,
2875,336011,SENSOR,,SENSOR_READING,S25,,,,,,,,VIBRATION,0.153314,g,,
2876,336011,SENSOR,,SENSOR_READING,S25,,,,,,,,TEMPERATURE,39.2343,C,,
2877,336011,SENSOR,,SENSOR_READING,S25,,,,,,,,CURRENT,2.2482,A,,
2878,336011,SENSOR,,SENSOR_READING,S25,,,,,,,,TORQUE,0.631456,Nm,,
2879,336308,SENSOR,,SENSOR_READING,S20,,,,,,,,VIBRATION,0.220929,g,,
2880,336308,SENSOR,,SENSOR_READING,S20,,,,,,,,TEMPERATURE,39.0272,C,,
2881,336308,SENSOR,,SENSOR_READING,S20,,,,,,,,CURRENT,2.27234,A,,
2882,336308,SENSOR,,SENSOR_READING,S20,,,,,,,,TORQUE,0,Nm,,
2883,337405,SENSOR,,SENSOR_READING,S11,,,,,,,,VIBRATION,0.280411,g,,
2884,337405,SENSOR,,SENSOR_READING,S11,,,,,,,,TEMPERATURE,39.6548,C,,
2885,337405,SENSOR,,SENSOR_READING,S11,,,,,,,,CURRENT,2.40368,A,,
2886,337405,SENSOR,,SENSOR_READING,S11,,,,,,,,TORQUE,0.521112,Nm,,
2887,337647,SENSOR,,SENSOR_READING,S12,,,,,,,,VIBRATION,0.132823,g,,
2888,337647,SENSOR,,SENSOR_READING,S12,,,,,,,,TEMPERATURE,39.3412,C,,
2889,337647,SENSOR,,SENSOR_READING,S12,,,,,,,,CURRENT,2.11982,A,,
2890,337647,SENSOR,,SENSOR_READING,S12,,,,,,,,TORQUE,0.292683,Nm,,
2891,338022,SENSOR,,SENSOR_READING,S19,,,,,,,,VIBRATION,0.214931,g,,
2892,338022,SENSOR,,SENSOR_READING,S19,,,,,,,,TEMPERATURE,38.7488,C,,
2893,338022,SENSOR,,SENSOR_READING,S19,,,,,,,,CURRENT,2.08633,A,,
2894,338022,SENSOR,,SENSOR_READING,S19,,,,,,,,TORQUE,0,Nm,,
2895,338108,SENSOR,,SENSOR_READING,S27,,,,,,,,VIBRATION,0.189256,g,,
2896,338108,SENSOR,,SENSOR_READING,S27,,,,,,,,TEMPERATURE,39.3289,C,,
2897,338369,SENSOR,,SENSOR_READING,S16,,,,,,,,VIBRATION,0.18019,g,,
2898,338369,SENSOR,,SENSOR_READING,S16,,,,,,,,TEMPERATURE,39.2581,C,,
2899,338369,SENSOR,,SENSOR_READING,S16,,,,,,,,CURRENT,2.26267,A,,
2900,338369,SENSOR,,SENSOR_READING,S16,,,,,,,,TORQUE,0,Nm,,
2901,338400,SENSOR,,SENSOR_READING,S29,,,,,,,,VIBRATION,0.171271,g,,
2902,338400,SENSOR,,SENSOR_READING,S29,,,,,,,,TEMPERATURE,39.3471,C,,
2903,338400,SENSOR,,SENSOR_READING,S29,,,,,,,,CURRENT,2.2578,A,,
2904,338400,SENSOR,,SENSOR_READING,S29,,,,,,,,TORQUE,0.036673,Nm,,
2905,339305,SENSOR,,SENSOR_READING,S07,,,,,,,,VIBRATION,1.19478,g,,
2906,339305,SENSOR,,SENSOR_READING,S07,,,,,,,,TEMPERATURE,55.0102,C,,
2907,339305,SENSOR,,SENSOR_READING,S07,,,,,,,,CURRENT,14.4371,A,,
2908,339305,SENSOR,,SENSOR_READING,S07,,,,,,,,TORQUE,54.8483,Nm,,
2909,339419,SENSOR,,SENSOR_READING,S15,,,,,,,,VIBRATION,0.148273,g,,
2910,339419,SENSOR,,SENSOR_READING,S15,,,,,,,,TEMPERATURE,38.4329,C,,
2911,339419,SENSOR,,SENSOR_READING,S15,,,,,,,,CURRENT,2.23587,A,,
2912,339419,SENSOR,,SENSOR_READING,S15,,,,,,,,TORQUE,0.0327062,Nm,,
2913,339643,SENSOR,,SENSOR_READING,S02,,,,,,,,VIBRATION,1.16244,g,,
2914,339643,SENSOR,,SENSOR_READING,S02,,,,,,,,TEMPERATURE,60.4333,C,,
2915,339643,SENSOR,,SENSOR_READING,S02,,,,,,,,CURRENT,14.6474,A,,
2916,339643,SENSOR,,SENSOR_READING,S02,,,,,,,,TORQUE,54.8864,Nm,,
2917,339776,SENSOR,,SENSOR_READING,S01,,,,,,,,VIBRATION,1.15311,g,,
2918,339776,SENSOR,,SENSOR_READING,S01,,,,,,,,TEMPERATURE,61.0114,C,,
2919,339776,SENSOR,,SENSOR_READING,S01,,,,,,,,CURRENT,14.5352,A,,
2920,339776,SENSOR,,SENSOR_READING,S01,,,,,,,,TORQUE,54.5971,Nm,,
2921,341626,SENSOR,,SENSOR_READING,S23,,,,,,,,VIBRATION,0.194601,g,,
2922,341626,SENSOR,,SENSOR_READING,S23,,,,,,,,TEMPERATURE,38.7764,C,,
2923,341626,SENSOR,,SENSOR_READING,S23,,,,,,,,CURRENT,2.12769,A,,
2924,341626,SENSOR,,SENSOR_READING,S23,,,,,,,,TORQUE,0.148029,Nm,,
2925,341707,SENSOR,,SENSOR_READING,S22,,,,,,,,VIBRATION,0.213821,g,,
2926,341707,SENSOR,,SENSOR_READING,S22,,,,,,,,TEMPERATURE,38.8076,C,,
2927,341707,SENSOR,,SENSOR_READING,S22,,,,,,,,CURRENT,2.3122,A,,
2928,341707,SENSOR,,SENSOR_READING,S22,,,,,,,,TORQUE,0.294324,Nm,,
2929,341924,SENSOR,,SENSOR_READING,S26,,,,,,,,VIBRATION,0.113375,g,,
2930,341924,SENSOR,,SENSOR_READING,S26,,,,,,,,TEMPERATURE,39.1845,C,,
2931,341924,SENSOR,,SENSOR_READING,S26,,,,,,,,CURRENT,2.26096,A,,
2932,341924,SENSOR,,SENSOR_READING,S26,,,,,,,,TORQUE,0,Nm,,
2933,341927,STATION,EV000105,PROCESSING_COMPLETED,S04,U000005,1,PROCESSING,,45340,,,,,,,
2934,341927,STATION,EV000106,UNIT_ARRIVED,S05,U000005,1,,,,,,,,,,
2935,341927,STATION,EV000107,PROCESSING_STARTED,S04,U000006,0,IDLE,PROCESSING,29454,,,,,,,
2936,342235,SENSOR,,SENSOR_READING,S17,,,,,,,,VIBRATION,0.213231,g,,
2937,342235,SENSOR,,SENSOR_READING,S17,,,,,,,,TEMPERATURE,39.0916,C,,
2938,342235,SENSOR,,SENSOR_READING,S17,,,,,,,,CURRENT,2.26583,A,,
2939,342235,SENSOR,,SENSOR_READING,S17,,,,,,,,TORQUE,0.234621,Nm,,
2940,342737,SENSOR,,SENSOR_READING,S05,,,,,,,,VIBRATION,1.30768,g,,
2941,342737,SENSOR,,SENSOR_READING,S05,,,,,,,,TEMPERATURE,59.3925,C,,
2942,342737,SENSOR,,SENSOR_READING,S05,,,,,,,,CURRENT,14.4609,A,,
2943,342737,SENSOR,,SENSOR_READING,S05,,,,,,,,TORQUE,55.8268,Nm,,
2944,343023,SENSOR,,SENSOR_READING,S03,,,,,,,,VIBRATION,1.11132,g,,
2945,343023,SENSOR,,SENSOR_READING,S03,,,,,,,,TEMPERATURE,60.3677,C,,
2946,343023,SENSOR,,SENSOR_READING,S03,,,,,,,,CURRENT,14.5177,A,,
2947,343023,SENSOR,,SENSOR_READING,S03,,,,,,,,TORQUE,54.2045,Nm,,
2948,343458,SENSOR,,SENSOR_READING,S28,,,,,,,,VIBRATION,0.205762,g,,
2949,343458,SENSOR,,SENSOR_READING,S28,,,,,,,,TEMPERATURE,38.5218,C,,
2950,343458,SENSOR,,SENSOR_READING,S28,,,,,,,,CURRENT,2.23564,A,,
2951,343458,SENSOR,,SENSOR_READING,S28,,,,,,,,TORQUE,0,Nm,,
2952,343666,SENSOR,,SENSOR_READING,S06,,,,,,,,VIBRATION,1.12804,g,,
2953,343666,SENSOR,,SENSOR_READING,S06,,,,,,,,TEMPERATURE,55.1447,C,,
2954,343666,SENSOR,,SENSOR_READING,S06,,,,,,,,CURRENT,14.488,A,,
2955,343666,SENSOR,,SENSOR_READING,S06,,,,,,,,TORQUE,55.2493,Nm,,
2956,345314,STATION,EV000108,PROCESSING_COMPLETED,S07,U000002,0,PROCESSING,,49745,,,,,,,
2957,345314,STATION,EV000109,UNIT_ARRIVED,S08,U000002,1,,,,,,,,,,
2958,345386,SENSOR,,SENSOR_READING,S20,,,,,,,,VIBRATION,0.204453,g,,
2959,345386,SENSOR,,SENSOR_READING,S20,,,,,,,,TEMPERATURE,38.8599,C,,
2960,345386,SENSOR,,SENSOR_READING,S20,,,,,,,,CURRENT,2.32989,A,,
2961,345386,SENSOR,,SENSOR_READING,S20,,,,,,,,TORQUE,0.470998,Nm,,
2962,346136,SENSOR,,SENSOR_READING,S25,,,,,,,,VIBRATION,0.18812,g,,
2963,346136,SENSOR,,SENSOR_READING,S25,,,,,,,,TEMPERATURE,39.0394,C,,
2964,346136,SENSOR,,SENSOR_READING,S25,,,,,,,,CURRENT,2.25032,A,,
2965,346136,SENSOR,,SENSOR_READING,S25,,,,,,,,TORQUE,0,Nm,,
2966,347119,SENSOR,,SENSOR_READING,S12,,,,,,,,VIBRATION,0.172789,g,,
2967,347119,SENSOR,,SENSOR_READING,S12,,,,,,,,TEMPERATURE,39.4622,C,,
2968,347119,SENSOR,,SENSOR_READING,S12,,,,,,,,CURRENT,2.16579,A,,
2969,347119,SENSOR,,SENSOR_READING,S12,,,,,,,,TORQUE,0.417182,Nm,,
2970,347986,SENSOR,,SENSOR_READING,S11,,,,,,,,VIBRATION,0.330356,g,,
2971,347986,SENSOR,,SENSOR_READING,S11,,,,,,,,TEMPERATURE,39.3631,C,,
2972,347986,SENSOR,,SENSOR_READING,S11,,,,,,,,CURRENT,2.36064,A,,
2973,347986,SENSOR,,SENSOR_READING,S11,,,,,,,,TORQUE,0.37087,Nm,,
2974,348228,SENSOR,,SENSOR_READING,S16,,,,,,,,VIBRATION,0.195377,g,,
2975,348228,SENSOR,,SENSOR_READING,S16,,,,,,,,TEMPERATURE,39.235,C,,
2976,348228,SENSOR,,SENSOR_READING,S16,,,,,,,,CURRENT,2.28484,A,,
2977,348228,SENSOR,,SENSOR_READING,S16,,,,,,,,TORQUE,0.333015,Nm,,
2978,348417,SENSOR,,SENSOR_READING,S07,,,,,,,,VIBRATION,0.523753,g,,
2979,348417,SENSOR,,SENSOR_READING,S07,,,,,,,,TEMPERATURE,52.9673,C,,
2980,348417,SENSOR,,SENSOR_READING,S07,,,,,,,,CURRENT,3.87423,A,,
2981,348417,SENSOR,,SENSOR_READING,S07,,,,,,,,TORQUE,15.7709,Nm,,
2982,348449,SENSOR,,SENSOR_READING,S10,,,,,,,,VIBRATION,0.185468,g,,
2983,348449,SENSOR,,SENSOR_READING,S10,,,,,,,,TEMPERATURE,39.0904,C,,
2984,348592,STATION,EV000110,PROCESSING_COMPLETED,S08,U000001,1,PROCESSING,,54669,,,,,,,
2985,348592,MANUAL,,MANUAL_CHECK,S08,U000001,,,,,,,,,,VISUAL_ALIGNMENT,PASS
2986,348592,STATION,EV000111,UNIT_ARRIVED,S09,U000001,1,,,,,,,,,,
2987,348592,STATION,EV000112,PROCESSING_STARTED,S09,U000001,0,IDLE,PROCESSING,36113,,,,,,,
2988,348592,STATION,EV000113,PROCESSING_STARTED,S08,U000002,0,IDLE,PROCESSING,58651,,,,,,,
2989,348736,SENSOR,,SENSOR_READING,S04,,,,,,,,VIBRATION,1.14647,g,,
2990,348736,SENSOR,,SENSOR_READING,S04,,,,,,,,TEMPERATURE,52.3149,C,,
2991,348773,SENSOR,,SENSOR_READING,S19,,,,,,,,VIBRATION,0.211117,g,,
2992,348773,SENSOR,,SENSOR_READING,S19,,,,,,,,TEMPERATURE,38.7784,C,,
2993,348773,SENSOR,,SENSOR_READING,S19,,,,,,,,CURRENT,2.00662,A,,
2994,348773,SENSOR,,SENSOR_READING,S19,,,,,,,,TORQUE,0.680316,Nm,,
2995,348967,SENSOR,,SENSOR_READING,S29,,,,,,,,VIBRATION,0.170715,g,,
2996,348967,SENSOR,,SENSOR_READING,S29,,,,,,,,TEMPERATURE,39.2777,C,,
2997,348967,SENSOR,,SENSOR_READING,S29,,,,,,,,CURRENT,2.2288,A,,
2998,348967,SENSOR,,SENSOR_READING,S29,,,,,,,,TORQUE,0.0433452,Nm,,
2999,349382,STATION,EV000114,PROCESSING_COMPLETED,S06,U000003,0,PROCESSING,,41375,,,,,,,
3000,349382,STATION,EV000115,UNIT_ARRIVED,S07,U000003,1,,,,,,,,,,
3001,349382,STATION,EV000116,PROCESSING_STARTED,S07,U000003,0,STARVED,PROCESSING,40629,,,,,,,
3002,349598,SENSOR,,SENSOR_READING,S02,,,,,,,,VIBRATION,1.206,g,,
3003,349598,SENSOR,,SENSOR_READING,S02,,,,,,,,TEMPERATURE,60.4547,C,,
3004,349598,SENSOR,,SENSOR_READING,S02,,,,,,,,CURRENT,14.5404,A,,
3005,349598,SENSOR,,SENSOR_READING,S02,,,,,,,,TORQUE,54.2899,Nm,,
3006,349846,SENSOR,,SENSOR_READING,S15,,,,,,,,VIBRATION,0.156811,g,,
3007,349846,SENSOR,,SENSOR_READING,S15,,,,,,,,TEMPERATURE,38.4182,C,,
3008,349846,SENSOR,,SENSOR_READING,S15,,,,,,,,CURRENT,2.02199,A,,
3009,349846,SENSOR,,SENSOR_READING,S15,,,,,,,,TORQUE,0,Nm,,
3010,350044,SENSOR,,SENSOR_READING,S21,,,,,,,,VIBRATION,0.15157,g,,
3011,350044,SENSOR,,SENSOR_READING,S21,,,,,,,,TEMPERATURE,39.3799,C,,
3012,350329,SENSOR,,SENSOR_READING,S01,,,,,,,,VIBRATION,1.14052,g,,
3013,350329,SENSOR,,SENSOR_READING,S01,,,,,,,,TEMPERATURE,61.0297,C,,
3014,350329,SENSOR,,SENSOR_READING,S01,,,,,,,,CURRENT,14.215,A,,
3015,350329,SENSOR,,SENSOR_READING,S01,,,,,,,,TORQUE,53.7663,Nm,,
3016,350674,SENSOR,,SENSOR_READING,S23,,,,,,,,VIBRATION,0.202813,g,,
3017,350674,SENSOR,,SENSOR_READING,S23,,,,,,,,TEMPERATURE,38.3984,C,,
3018,350674,SENSOR,,SENSOR_READING,S23,,,,,,,,CURRENT,2.1312,A,,
3019,350674,SENSOR,,SENSOR_READING,S23,,,,,,,,TORQUE,0,Nm,,
3020,350717,STATION,EV000117,PROCESSING_COMPLETED,S02,U000008,1,PROCESSING,,41867,,,,,,,
3021,350717,STATION,EV000118,UNIT_ARRIVED,S03,U000008,1,,,,,,,,,,
3022,350717,STATION,EV000119,PROCESSING_STARTED,S02,U000009,0,IDLE,PROCESSING,37050,,,,,,,
3023,350812,SENSOR,,SENSOR_READING,S22,,,,,,,,VIBRATION,0.201318,g,,
3024,350812,SENSOR,,SENSOR_READING,S22,,,,,,,,TEMPERATURE,38.9642,C,,
3025,350812,SENSOR,,SENSOR_READING,S22,,,,,,,,CURRENT,2.27432,A,,
3026,350812,SENSOR,,SENSOR_READING,S22,,,,,,,,TORQUE,0.274762,Nm,,
3027,350936,SENSOR,,SENSOR_READING,S26,,,,,,,,VIBRATION,0.169149,g,,
3028,350936,SENSOR,,SENSOR_READING,S26,,,,,,,,TEMPERATURE,39.417,C,,
3029,350936,SENSOR,,SENSOR_READING,S26,,,,,,,,CURRENT,2.15071,A,,
3030,350936,SENSOR,,SENSOR_READING,S26,,,,,,,,TORQUE,0.258371,Nm,,
3031,352617,SENSOR,,SENSOR_READING,S17,,,,,,,,VIBRATION,0.212717,g,,
3032,352617,SENSOR,,SENSOR_READING,S17,,,,,,,,TEMPERATURE,38.9244,C,,
3033,352617,SENSOR,,SENSOR_READING,S17,,,,,,,,CURRENT,2.19351,A,,
3034,352617,SENSOR,,SENSOR_READING,S17,,,,,,,,TORQUE,0,Nm,,
3035,352869,SENSOR,,SENSOR_READING,S06,,,,,,,,VIBRATION,0.537588,g,,
3036,352869,SENSOR,,SENSOR_READING,S06,,,,,,,,TEMPERATURE,53.2715,C,,
3037,352869,SENSOR,,SENSOR_READING,S06,,,,,,,,CURRENT,4.07019,A,,
3038,352869,SENSOR,,SENSOR_READING,S06,,,,,,,,TORQUE,16.4765,Nm,,
3039,353374,SENSOR,,SENSOR_READING,S05,,,,,,,,VIBRATION,1.28485,g,,
3040,353374,SENSOR,,SENSOR_READING,S05,,,,,,,,TEMPERATURE,59.5777,C,,
3041,353374,SENSOR,,SENSOR_READING,S05,,,,,,,,CURRENT,14.669,A,,
3042,353374,SENSOR,,SENSOR_READING,S05,,,,,,,,TORQUE,54.9352,Nm,,
3043,353609,SENSOR,,SENSOR_READING,S28,,,,,,,,VIBRATION,0.132251,g,,
3044,353609,SENSOR,,SENSOR_READING,S28,,,,,,,,TEMPERATURE,38.343,C,,
3045,353609,SENSOR,,SENSOR_READING,S28,,,,,,,,CURRENT,2.1715,A,,
3046,353609,SENSOR,,SENSOR_READING,S28,,,,,,,,TORQUE,0.643106,Nm,,
3047,354156,SENSOR,,SENSOR_READING,S03,,,,,,,,VIBRATION,1.15362,g,,
3048,354156,SENSOR,,SENSOR_READING,S03,,,,,,,,TEMPERATURE,60.3957,C,,
3049,354156,SENSOR,,SENSOR_READING,S03,,,,,,,,CURRENT,14.5345,A,,
3050,354156,SENSOR,,SENSOR_READING,S03,,,,,,,,TORQUE,54.2073,Nm,,
3051,355231,SENSOR,,SENSOR_READING,S20,,,,,,,,VIBRATION,0.121921,g,,
3052,355231,SENSOR,,SENSOR_READING,S20,,,,,,,,TEMPERATURE,38.8027,C,,
3053,355231,SENSOR,,SENSOR_READING,S20,,,,,,,,CURRENT,2.37511,A,,
3054,355231,SENSOR,,SENSOR_READING,S20,,,,,,,,TORQUE,0.261595,Nm,,
3055,355423,STATION,EV000120,PROCESSING_COMPLETED,S05,U000004,1,PROCESSING,,47416,,,,,,,
3056,355423,STATION,EV000121,UNIT_ARRIVED,S06,U000004,1,,,,,,,,,,
3057,355423,STATION,EV000122,PROCESSING_STARTED,S06,U000004,0,STARVED,PROCESSING,35979,,,,,,,
3058,355423,STATION,EV000123,PROCESSING_STARTED,S05,U000005,0,IDLE,PROCESSING,38139,,,,,,,
3059,356546,SENSOR,,SENSOR_READING,S25,,,,,,,,VIBRATION,0.129211,g,,
3060,356546,SENSOR,,SENSOR_READING,S25,,,,,,,,TEMPERATURE,38.9286,C,,
3061,356546,SENSOR,,SENSOR_READING,S25,,,,,,,,CURRENT,2.29883,A,,
3062,356546,SENSOR,,SENSOR_READING,S25,,,,,,,,TORQUE,0.135668,Nm,,
3063,356625,STATION,EV000124,PROCESSING_COMPLETED,S01,U000010,0,PROCESSING,,34375,,,,,,,
3064,356625,STATION,EV000125,UNIT_ARRIVED,S02,U000010,1,,,,,,,,,,
3065,356625,STATION,EV000126,PROCESSING_STARTED,S01,U000011,0,IDLE,PROCESSING,39809,,,,,,,
3066,357595,SENSOR,,SENSOR_READING,S12,,,,,,,,VIBRATION,0.195514,g,,
3067,357595,SENSOR,,SENSOR_READING,S12,,,,,,,,TEMPERATURE,39.294,C,,
3068,357595,SENSOR,,SENSOR_READING,S12,,,,,,,,CURRENT,2.20344,A,,
3069,357595,SENSOR,,SENSOR_READING,S12,,,,,,,,TORQUE,0,Nm,,
3070,357818,SENSOR,,SENSOR_READING,S19,,,,,,,,VIBRATION,0.152205,g,,
3071,357818,SENSOR,,SENSOR_READING,S19,,,,,,,,TEMPERATURE,38.7906,C,,
3072,357818,SENSOR,,SENSOR_READING,S19,,,,,,,,CURRENT,2.36365,A,,
3073,357818,SENSOR,,SENSOR_READING,S19,,,,,,,,TORQUE,0,Nm,,
3074,358131,SENSOR,,SENSOR_READING,S31,,,,,,,,VIBRATION,0.13098,g,,
3075,358131,SENSOR,,SENSOR_READING,S31,,,,,,,,TEMPERATURE,39.0732,C,,
3076,358402,SENSOR,,SENSOR_READING,S29,,,,,,,,VIBRATION,0.248267,g,,
3077,358402,SENSOR,,SENSOR_READING,S29,,,,,,,,TEMPERATURE,39.2479,C,,
3078,358402,SENSOR,,SENSOR_READING,S29,,,,,,,,CURRENT,2.1804,A,,
3079,358402,SENSOR,,SENSOR_READING,S29,,,,,,,,TORQUE,0.566281,Nm,,
3080,358423,SENSOR,,SENSOR_READING,S07,,,,,,,,VIBRATION,0.86363,g,,
3081,358423,SENSOR,,SENSOR_READING,S07,,,,,,,,TEMPERATURE,54.2562,C,,
3082,358423,SENSOR,,SENSOR_READING,S07,,,,,,,,CURRENT,12.9556,A,,
3083,358423,SENSOR,,SENSOR_READING,S07,,,,,,,,TORQUE,43.4222,Nm,,
3084,358963,SENSOR,,SENSOR_READING,S11,,,,,,,,VIBRATION,0.237576,g,,
3085,358963,SENSOR,,SENSOR_READING,S11,,,,,,,,TEMPERATURE,39.3529,C,,
3086,358963,SENSOR,,SENSOR_READING,S11,,,,,,,,CURRENT,2.27741,A,,
3087,358963,SENSOR,,SENSOR_READING,S11,,,,,,,,TORQUE,0.487396,Nm,,
3088,358969,STATION,EV000127,PROCESSING_COMPLETED,S03,U000007,1,PROCESSING,,40756,,,,,,,
3089,358969,STATION,EV000128,UNIT_ARRIVED,S04,U000007,1,,,,,,,,,,
3090,358969,STATION,EV000129,PROCESSING_STARTED,S03,U000008,0,IDLE,PROCESSING,40728,,,,,,,
3091,359012,SENSOR,,SENSOR_READING,S15,,,,,,,,VIBRATION,0.132477,g,,
3092,359012,SENSOR,,SENSOR_READING,S15,,,,,,,,TEMPERATURE,38.5487,C,,
3093,359012,SENSOR,,SENSOR_READING,S15,,,,,,,,CURRENT,2.18,A,,
3094,359012,SENSOR,,SENSOR_READING,S15,,,,,,,,TORQUE,0,Nm,,
3095,359073,SENSOR,,SENSOR_READING,S16,,,,,,,,VIBRATION,0.208452,g,,
3096,359073,SENSOR,,SENSOR_READING,S16,,,,,,,,TEMPERATURE,38.861,C,,
3097,359073,SENSOR,,SENSOR_READING,S16,,,,,,,,CURRENT,2.18367,A,,
3098,359073,SENSOR,,SENSOR_READING,S16,,,,,,,,TORQUE,0.471492,Nm,,
3099,359524,SENSOR,,SENSOR_READING,S09,,,,,,,,VIBRATION,0.843426,g,,
3100,359524,SENSOR,,SENSOR_READING,S09,,,,,,,,TEMPERATURE,42.0199,C,,
3101,359535,SENSOR,,SENSOR_READING,S23,,,,,,,,VIBRATION,0.191553,g,,
3102,359535,SENSOR,,SENSOR_READING,S23,,,,,,,,TEMPERATURE,38.4492,C,,
3103,359535,SENSOR,,SENSOR_READING,S23,,,,,,,,CURRENT,2.24817,A,,
3104,359535,SENSOR,,SENSOR_READING,S23,,,,,,,,TORQUE,0.110248,Nm,,
3105,359867,SENSOR,,SENSOR_READING,S22,,,,,,,,VIBRATION,0.250745,g,,
3106,359867,SENSOR,,SENSOR_READING,S22,,,,,,,,TEMPERATURE,38.599,C,,
3107,359867,SENSOR,,SENSOR_READING,S22,,,,,,,,CURRENT,2.13829,A,,
3108,359867,SENSOR,,SENSOR_READING,S22,,,,,,,,TORQUE,0.1415,Nm,,
3109,360697,SENSOR,,SENSOR_READING,S02,,,,,,,,VIBRATION,1.15185,g,,
3110,360697,SENSOR,,SENSOR_READING,S02,,,,,,,,TEMPERATURE,60.4227,C,,
3111,360697,SENSOR,,SENSOR_READING,S02,,,,,,,,CURRENT,14.2685,A,,
3112,360697,SENSOR,,SENSOR_READING,S02,,,,,,,,TORQUE,54.6326,Nm,,
3113,361280,SENSOR,,SENSOR_READING,S01,,,,,,,,VIBRATION,1.08359,g,,
3114,361280,SENSOR,,SENSOR_READING,S01,,,,,,,,TEMPERATURE,60.9425,C,,
3115,361280,SENSOR,,SENSOR_READING,S01,,,,,,,,CURRENT,14.4799,A,,
3116,361280,SENSOR,,SENSOR_READING,S01,,,,,,,,TORQUE,53.9315,Nm,,
3117,362086,SENSOR,,SENSOR_READING,S26,,,,,,,,VIBRATION,0.129264,g,,
3118,362086,SENSOR,,SENSOR_READING,S26,,,,,,,,TEMPERATURE,39.3096,C,,
3119,362086,SENSOR,,SENSOR_READING,S26,,,,,,,,CURRENT,2.38996,A,,
3120,362086,SENSOR,,SENSOR_READING,S26,,,,,,,,TORQUE,0,Nm,,
3121,362275,SENSOR,,SENSOR_READING,S06,,,,,,,,VIBRATION,0.947772,g,,
3122,362275,SENSOR,,SENSOR_READING,S06,,,,,,,,TEMPERATURE,54.4313,C,,
3123,362275,SENSOR,,SENSOR_READING,S06,,,,,,,,CURRENT,12.8686,A,,
3124,362275,SENSOR,,SENSOR_READING,S06,,,,,,,,TORQUE,43.0615,Nm,,
3125,362309,SENSOR,,SENSOR_READING,S32,,,,,,,,VIBRATION,0.248608,g,,
3126,362309,SENSOR,,SENSOR_READING,S32,,,,,,,,TEMPERATURE,39.0671,C,,
3127,363177,SENSOR,,SENSOR_READING,S17,,,,,,,,VIBRATION,0.200835,g,,
3128,363177,SENSOR,,SENSOR_READING,S17,,,,,,,,TEMPERATURE,38.9264,C,,
3129,363177,SENSOR,,SENSOR_READING,S17,,,,,,,,CURRENT,2.30026,A,,
3130,363177,SENSOR,,SENSOR_READING,S17,,,,,,,,TORQUE,0.347534,Nm,,
3131,363306,SENSOR,,SENSOR_READING,S28,,,,,,,,VIBRATION,0.198034,g,,
3132,363306,SENSOR,,SENSOR_READING,S28,,,,,,,,TEMPERATURE,38.4125,C,,
3133,363306,SENSOR,,SENSOR_READING,S28,,,,,,,,CURRENT,2.17503,A,,
3134,363306,SENSOR,,SENSOR_READING,S28,,,,,,,,TORQUE,0,Nm,,
3135,363443,SENSOR,,SENSOR_READING,S14,,,,,,,,VIBRATION,0.185063,g,,
3136,363443,SENSOR,,SENSOR_READING,S14,,,,,,,,TEMPERATURE,39.4113,C,,
3137,364523,SENSOR,,SENSOR_READING,S05,,,,,,,,VIBRATION,1.26013,g,,
3138,364523,SENSOR,,SENSOR_READING,S05,,,,,,,,TEMPERATURE,59.9459,C,,
3139,364523,SENSOR,,SENSOR_READING,S05,,,,,,,,CURRENT,14.6721,A,,
3140,364523,SENSOR,,SENSOR_READING,S05,,,,,,,,TORQUE,55.0944,Nm,,
3141,364736,SENSOR,,SENSOR_READING,S03,,,,,,,,VIBRATION,1.14764,g,,
3142,364736,SENSOR,,SENSOR_READING,S03,,,,,,,,TEMPERATURE,60.4335,C,,
3143,364736,SENSOR,,SENSOR_READING,S03,,,,,,,,CURRENT,14.574,A,,
3144,364736,SENSOR,,SENSOR_READING,S03,,,,,,,,TORQUE,54.5872,Nm,,
3145,364820,SENSOR,,SENSOR_READING,S20,,,,,,,,VIBRATION,0.176719,g,,
3146,364820,SENSOR,,SENSOR_READING,S20,,,,,,,,TEMPERATURE,38.8197,C,,
3147,364820,SENSOR,,SENSOR_READING,S20,,,,,,,,CURRENT,2.30154,A,,
3148,364820,SENSOR,,SENSOR_READING,S20,,,,,,,,TORQUE,0.410809,Nm,,
3149,365583,SENSOR,,SENSOR_READING,S25,,,,,,,,VIBRATION,0.139351,g,,
3150,365583,SENSOR,,SENSOR_READING,S25,,,,,,,,TEMPERATURE,39.287,C,,
3151,365583,SENSOR,,SENSOR_READING,S25,,,,,,,,CURRENT,2.07138,A,,
3152,365583,SENSOR,,SENSOR_READING,S25,,,,,,,,TORQUE,0.126989,Nm,,
3153,365970,SENSOR,,SENSOR_READING,S27,,,,,,,,VIBRATION,0.120163,g,,
3154,365970,SENSOR,,SENSOR_READING,S27,,,,,,,,TEMPERATURE,39.1153,C,,
3155,367861,SENSOR,,SENSOR_READING,S19,,,,,,,,VIBRATION,0.106966,g,,
3156,367861,SENSOR,,SENSOR_READING,S19,,,,,,,,TEMPERATURE,38.9972,C,,
3157,367861,SENSOR,,SENSOR_READING,S19,,,,,,,,CURRENT,2.27928,A,,
3158,367861,SENSOR,,SENSOR_READING,S19,,,,,,,,TORQUE,0.182966,Nm,,
3159,368236,SENSOR,,SENSOR_READING,S29,,,,,,,,VIBRATION,0.196742,g,,
3160,368236,SENSOR,,SENSOR_READING,S29,,,,,,,,TEMPERATURE,39.1843,C,,
3161,368236,SENSOR,,SENSOR_READING,S29,,,,,,,,CURRENT,2.15372,A,,
3162,368236,SENSOR,,SENSOR_READING,S29,,,,,,,,TORQUE,0.55686,Nm,,
3163,368296,SENSOR,,SENSOR_READING,S15,,,,,,,,VIBRATION,0.16567,g,,
3164,368296,SENSOR,,SENSOR_READING,S15,,,,,,,,TEMPERATURE,38.481,C,,
3165,368296,SENSOR,,SENSOR_READING,S15,,,,,,,,CURRENT,2.11896,A,,
3166,368296,SENSOR,,SENSOR_READING,S15,,,,,,,,TORQUE,0.131949,Nm,,
3167,368434,SENSOR,,SENSOR_READING,S12,,,,,,,,VIBRATION,0.233847,g,,
3168,368434,SENSOR,,SENSOR_READING,S12,,,,,,,,TEMPERATURE,39.3138,C,,
3169,368434,SENSOR,,SENSOR_READING,S12,,,,,,,,CURRENT,2.20696,A,,
3170,368434,SENSOR,,SENSOR_READING,S12,,,,,,,,TORQUE,0,Nm,,
3171,368543,SENSOR,,SENSOR_READING,S11,,,,,,,,VIBRATION,0.209543,g,,
3172,368543,SENSOR,,SENSOR_READING,S11,,,,,,,,TEMPERATURE,39.52,C,,
3173,368543,SENSOR,,SENSOR_READING,S11,,,,,,,,CURRENT,2.18419,A,,
3174,368543,SENSOR,,SENSOR_READING,S11,,,,,,,,TORQUE,0.241373,Nm,,
3175,368634,SENSOR,,SENSOR_READING,S07,,,,,,,,VIBRATION,1.08354,g,,
3176,368634,SENSOR,,SENSOR_READING,S07,,,,,,,,TEMPERATURE,55.0186,C,,
3177,368634,SENSOR,,SENSOR_READING,S07,,,,,,,,CURRENT,14.3301,A,,
3178,368634,SENSOR,,SENSOR_READING,S07,,,,,,,,TORQUE,52.6699,Nm,,
3179,369043,SENSOR,,SENSOR_READING,S23,,,,,,,,VIBRATION,0.19392,g,,
3180,369043,SENSOR,,SENSOR_READING,S23,,,,,,,,TEMPERATURE,38.5388,C,,
3181,369043,SENSOR,,SENSOR_READING,S23,,,,,,,,CURRENT,2.06544,A,,
3182,369043,SENSOR,,SENSOR_READING,S23,,,,,,,,TORQUE,0.637525,Nm,,
3183,369456,SENSOR,,SENSOR_READING,S22,,,,,,,,VIBRATION,0.239465,g,,
3184,369456,SENSOR,,SENSOR_READING,S22,,,,,,,,TEMPERATURE,38.5757,C,,
3185,369456,SENSOR,,SENSOR_READING,S22,,,,,,,,CURRENT,2.1949,A,,
3186,369456,SENSOR,,SENSOR_READING,S22,,,,,,,,TORQUE,0.481418,Nm,,
3187,369487,SENSOR,,SENSOR_READING,S16,,,,,,,,VIBRATION,0.173035,g,,
3188,369487,SENSOR,,SENSOR_READING,S16,,,,,,,,TEMPERATURE,38.9099,C,,
3189,369487,SENSOR,,SENSOR_READING,S16,,,,,,,,CURRENT,2.42929,A,,
3190,369487,SENSOR,,SENSOR_READING,S16,,,,,,,,TORQUE,0.665747,Nm,,
3191,370105,SENSOR,,SENSOR_READING,S02,,,,,,,,VIBRATION,1.10822,g,,
3192,370105,SENSOR,,SENSOR_READING,S02,,,,,,,,TEMPERATURE,60.5562,C,,
3193,370105,SENSOR,,SENSOR_READING,S02,,,,,,,,CURRENT,14.5872,A,,
3194,370105,SENSOR,,SENSOR_READING,S02,,,,,,,,TORQUE,54.0246,Nm,,
3195,371381,STATION,EV000130,PROCESSING_COMPLETED,S04,U000006,1,PROCESSING,,29454,,,,,,,
3196,371381,STATION,EV000131,UNIT_ARRIVED,S05,U000006,1,,,,,,,,,,
3197,371381,STATION,EV000132,PROCESSING_STARTED,S04,U000007,0,IDLE,PROCESSING,40582,,,,,,,
3198,372014,SENSOR,,SENSOR_READING,S06,,,,,,,,VIBRATION,1.07058,g,,
3199,372014,SENSOR,,SENSOR_READING,S06,,,,,,,,TEMPERATURE,55.0201,C,,
3200,372014,SENSOR,,SENSOR_READING,S06,,,,,,,,CURRENT,14.1637,A,,
3201,372014,SENSOR,,SENSOR_READING,S06,,,,,,,,TORQUE,51.4748,Nm,,
3202,372068,SENSOR,,SENSOR_READING,S26,,,,,,,,VIBRATION,0.144397,g,,
3203,372068,SENSOR,,SENSOR_READING,S26,,,,,,,,TEMPERATURE,39.5481,C,,
3204,372068,SENSOR,,SENSOR_READING,S26,,,,,,,,CURRENT,2.04757,A,,
3205,372068,SENSOR,,SENSOR_READING,S26,,,,,,,,TORQUE,0,Nm,,
3206,372360,SENSOR,,SENSOR_READING,S01,,,,,,,,VIBRATION,1.11725,g,,
3207,372360,SENSOR,,SENSOR_READING,S01,,,,,,,,TEMPERATURE,60.7688,C,,
3208,372360,SENSOR,,SENSOR_READING,S01,,,,,,,,CURRENT,14.3865,A,,
3209,372360,SENSOR,,SENSOR_READING,S01,,,,,,,,TORQUE,54.779,Nm,,
3210,372620,SENSOR,,SENSOR_READING,S17,,,,,,,,VIBRATION,0.181989,g,,
3211,372620,SENSOR,,SENSOR_READING,S17,,,,,,,,TEMPERATURE,39.0224,C,,
3212,372620,SENSOR,,SENSOR_READING,S17,,,,,,,,CURRENT,2.22731,A,,
3213,372620,SENSOR,,SENSOR_READING,S17,,,,,,,,TORQUE,0.777385,Nm,,
3214,373562,SENSOR,,SENSOR_READING,S28,,,,,,,,VIBRATION,0.209986,g,,
3215,373562,SENSOR,,SENSOR_READING,S28,,,,,,,,TEMPERATURE,38.4128,C,,
3216,373562,SENSOR,,SENSOR_READING,S28,,,,,,,,CURRENT,2.48037,A,,
3217,373562,SENSOR,,SENSOR_READING,S28,,,,,,,,TORQUE,0.335111,Nm,,
3218,373617,SENSOR,,SENSOR_READING,S05,,,,,,,,VIBRATION,1.27749,g,,
3219,373617,SENSOR,,SENSOR_READING,S05,,,,,,,,TEMPERATURE,59.9914,C,,
3220,373617,SENSOR,,SENSOR_READING,S05,,,,,,,,CURRENT,14.6375,A,,
3221,373617,SENSOR,,SENSOR_READING,S05,,,,,,,,TORQUE,54.5383,Nm,,
3222,374224,SENSOR,,SENSOR_READING,S03,,,,,,,,VIBRATION,1.14753,g,,
3223,374224,SENSOR,,SENSOR_READING,S03,,,,,,,,TEMPERATURE,60.3519,C,,
3224,374224,SENSOR,,SENSOR_READING,S03,,,,,,,,CURRENT,14.6861,A,,
3225,374224,SENSOR,,SENSOR_READING,S03,,,,,,,,TORQUE,54.0179,Nm,,
3226,375016,SENSOR,,SENSOR_READING,S20,,,,,,,,VIBRATION,0.134346,g,,
3227,375016,SENSOR,,SENSOR_READING,S20,,,,,,,,TEMPERATURE,38.8881,C,,
3228,375016,SENSOR,,SENSOR_READING,S20,,,,,,,,CURRENT,2.25228,A,,
3229,375016,SENSOR,,SENSOR_READING,S20,,,,,,,,TORQUE,0,Nm,,
3230,376549,SENSOR,,SENSOR_READING,S04,,,,,,,,VIBRATION,1.16642,g,,
3231,376549,SENSOR,,SENSOR_READING,S04,,,,,,,,TEMPERATURE,53.3961,C,,
3232,376626,SENSOR,,SENSOR_READING,S25,,,,,,,,VIBRATION,0.14871,g,,
3233,376626,SENSOR,,SENSOR_READING,S25,,,,,,,,TEMPERATURE,39.0346,C,,
3234,376626,SENSOR,,SENSOR_READING,S25,,,,,,,,CURRENT,2.23468,A,,
3235,376626,SENSOR,,SENSOR_READING,S25,,,,,,,,TORQUE,0,Nm,,
3236,377566,SENSOR,,SENSOR_READING,S19,,,,,,,,VIBRATION,0.168279,g,,
3237,377566,SENSOR,,SENSOR_READING,S19,,,,,,,,TEMPERATURE,39.1726,C,,
3238,377566,SENSOR,,SENSOR_READING,S19,,,,,,,,CURRENT,1.91389,A,,
3239,377566,SENSOR,,SENSOR_READING,S19,,,,,,,,TORQUE,0.118392,Nm,,
3240,377923,SENSOR,,SENSOR_READING,S23,,,,,,,,VIBRATION,0.165159,g,,
3241,377923,SENSOR,,SENSOR_READING,S23,,,,,,,,TEMPERATURE,38.3974,C,,
3242,377923,SENSOR,,SENSOR_READING,S23,,,,,,,,CURRENT,2.3092,A,,
3243,377923,SENSOR,,SENSOR_READING,S23,,,,,,,,TORQUE,0,Nm,,
3244,378847,SENSOR,,SENSOR_READING,S29,,,,,,,,VIBRATION,0.0968541,g,,
3245,378847,SENSOR,,SENSOR_READING,S29,,,,,,,,TEMPERATURE,39.4204,C,,
3246,378847,SENSOR,,SENSOR_READING,S29,,,,,,,,CURRENT,1.91778,A,,
3247,378847,SENSOR,,SENSOR_READING,S29,,,,,,,,TORQUE,0.238552,Nm,,
3248,378963,SENSOR,,SENSOR_READING,S11,,,,,,,,VIBRATION,0.23989,g,,
3249,378963,SENSOR,,SENSOR_READING,S11,,,,,,,,TEMPERATURE,39.4647,C,,
3250,378963,SENSOR,,SENSOR_READING,S11,,,,,,,,CURRENT,2.17225,A,,
3251,378963,SENSOR,,SENSOR_READING,S11,,,,,,,,TORQUE,0.188105,Nm,,
3252,379003,SENSOR,,SENSOR_READING,S15,,,,,,,,VIBRATION,0.155159,g,,
3253,379003,SENSOR,,SENSOR_READING,S15,,,,,,,,TEMPERATURE,38.6897,C,,
3254,379003,SENSOR,,SENSOR_READING,S15,,,,,,,,CURRENT,2.17938,A,,
3255,379003,SENSOR,,SENSOR_READING,S15,,,,,,,,TORQUE,0,Nm,,
3256,379138,SENSOR,,SENSOR_READING,S07,,,,,,,,VIBRATION,1.19385,g,,
3257,379138,SENSOR,,SENSOR_READING,S07,,,,,,,,TEMPERATURE,55.8778,C,,
3258,379138,SENSOR,,SENSOR_READING,S07,,,,,,,,CURRENT,14.5981,A,,
3259,379138,SENSOR,,SENSOR_READING,S07,,,,,,,,TORQUE,53.8248,Nm,,
3260,379292,SENSOR,,SENSOR_READING,S22,,,,,,,,VIBRATION,0.188802,g,,
3261,379292,SENSOR,,SENSOR_READING,S22,,,,,,,,TEMPERATURE,38.8466,C,,
3262,379292,SENSOR,,SENSOR_READING,S22,,,,,,,,CURRENT,2.12064,A,,
3263,379292,SENSOR,,SENSOR_READING,S22,,,,,,,,TORQUE,0,Nm,,
3264,379473,SENSOR,,SENSOR_READING,S02,,,,,,,,VIBRATION,1.11128,g,,
3265,379473,SENSOR,,SENSOR_READING,S02,,,,,,,,TEMPERATURE,60.6124,C,,
3266,379473,SENSOR,,SENSOR_READING,S02,,,,,,,,CURRENT,14.6368,A,,
3267,379473,SENSOR,,SENSOR_READING,S02,,,,,,,,TORQUE,54.1603,Nm,,
3268,379557,SENSOR,,SENSOR_READING,S12,,,,,,,,VIBRATION,0.21372,g,,
3269,379557,SENSOR,,SENSOR_READING,S12,,,,,,,,TEMPERATURE,39.2713,C,,
3270,379557,SENSOR,,SENSOR_READING,S12,,,,,,,,CURRENT,2.3294,A,,
3271,379557,SENSOR,,SENSOR_READING,S12,,,,,,,,TORQUE,0.0370841,Nm,,
3272,380018,SENSOR,,SENSOR_READING,S10,,,,,,,,VIBRATION,0.151604,g,,
3273,380018,SENSOR,,SENSOR_READING,S10,,,,,,,,TEMPERATURE,39.1173,C,,
3274,380195,SENSOR,,SENSOR_READING,S16,,,,,,,,VIBRATION,0.192075,g,,
3275,380195,SENSOR,,SENSOR_READING,S16,,,,,,,,TEMPERATURE,38.7421,C,,
3276,380195,SENSOR,,SENSOR_READING,S16,,,,,,,,CURRENT,2.07969,A,,
3277,380195,SENSOR,,SENSOR_READING,S16,,,,,,,,TORQUE,0,Nm,,
3278,381485,SENSOR,,SENSOR_READING,S17,,,,,,,,VIBRATION,0.192103,g,,
3279,381485,SENSOR,,SENSOR_READING,S17,,,,,,,,TEMPERATURE,38.9825,C,,
3280,381485,SENSOR,,SENSOR_READING,S17,,,,,,,,CURRENT,2.19738,A,,
3281,381485,SENSOR,,SENSOR_READING,S17,,,,,,,,TORQUE,0.593831,Nm,,
3282,381670,SENSOR,,SENSOR_READING,S21,,,,,,,,VIBRATION,0.186785,g,,
3283,381670,SENSOR,,SENSOR_READING,S21,,,,,,,,TEMPERATURE,39.4735,C,,
3284,381806,SENSOR,,SENSOR_READING,S26,,,,,,,,VIBRATION,0.181215,g,,
3285,381806,SENSOR,,SENSOR_READING,S26,,,,,,,,TEMPERATURE,39.3679,C,,
3286,381806,SENSOR,,SENSOR_READING,S26,,,,,,,,CURRENT,2.2157,A,,
3287,381806,SENSOR,,SENSOR_READING,S26,,,,,,,,TORQUE,0,Nm,,
3288,381950,SENSOR,,SENSOR_READING,S01,,,,,,,,VIBRATION,1.15277,g,,
3289,381950,SENSOR,,SENSOR_READING,S01,,,,,,,,TEMPERATURE,60.8491,C,,
3290,381950,SENSOR,,SENSOR_READING,S01,,,,,,,,CURRENT,14.3945,A,,
3291,381950,SENSOR,,SENSOR_READING,S01,,,,,,,,TORQUE,55.4111,Nm,,
3292,382721,SENSOR,,SENSOR_READING,S28,,,,,,,,VIBRATION,0.160852,g,,
3293,382721,SENSOR,,SENSOR_READING,S28,,,,,,,,TEMPERATURE,38.4213,C,,
3294,382721,SENSOR,,SENSOR_READING,S28,,,,,,,,CURRENT,2.26871,A,,
3295,382721,SENSOR,,SENSOR_READING,S28,,,,,,,,TORQUE,0,Nm,,
3296,382963,SENSOR,,SENSOR_READING,S06,,,,,,,,VIBRATION,1.10695,g,,
3297,382963,SENSOR,,SENSOR_READING,S06,,,,,,,,TEMPERATURE,55.7179,C,,
3298,382963,SENSOR,,SENSOR_READING,S06,,,,,,,,CURRENT,14.5433,A,,
3299,382963,SENSOR,,SENSOR_READING,S06,,,,,,,,TORQUE,53.8291,Nm,,
3300,383121,SENSOR,,SENSOR_READING,S03,,,,,,,,VIBRATION,1.07446,g,,
3301,383121,SENSOR,,SENSOR_READING,S03,,,,,,,,TEMPERATURE,60.7155,C,,
3302,383121,SENSOR,,SENSOR_READING,S03,,,,,,,,CURRENT,14.5742,A,,
3303,383121,SENSOR,,SENSOR_READING,S03,,,,,,,,TORQUE,53.8314,Nm,,
3304,384501,SENSOR,,SENSOR_READING,S05,,,,,,,,VIBRATION,1.25949,g,,
3305,384501,SENSOR,,SENSOR_READING,S05,,,,,,,,TEMPERATURE,60.0743,C,,
3306,384501,SENSOR,,SENSOR_READING,S05,,,,,,,,CURRENT,14.6098,A,,
3307,384501,SENSOR,,SENSOR_READING,S05,,,,,,,,TORQUE,54.6124,Nm,,
3308,384705,STATION,EV000133,PROCESSING_COMPLETED,S09,U000001,0,PROCESSING,,36113,,,,,,,
3309,384705,STATION,EV000134,UNIT_ARRIVED,S10,U000001,1,,,,,,,,,,
3310,384705,STATION,EV000135,PROCESSING_STARTED,S10,U000001,0,IDLE,PROCESSING,52122,,,,,,,
3311,385454,SENSOR,,SENSOR_READING,S20,,,,,,,,VIBRATION,0.184255,g,,
3312,385454,SENSOR,,SENSOR_READING,S20,,,,,,,,TEMPERATURE,38.8966,C,,
3313,385454,SENSOR,,SENSOR_READING,S20,,,,,,,,CURRENT,2.09237,A,,
3314,385454,SENSOR,,SENSOR_READING,S20,,,,,,,,TORQUE,0,Nm,,
3315,385644,SENSOR,,SENSOR_READING,S25,,,,,,,,VIBRATION,0.0992908,g,,
3316,385644,SENSOR,,SENSOR_READING,S25,,,,,,,,TEMPERATURE,39.0657,C,,
3317,385644,SENSOR,,SENSOR_READING,S25,,,,,,,,CURRENT,2.09401,A,,
3318,385644,SENSOR,,SENSOR_READING,S25,,,,,,,,TORQUE,0.98113,Nm,,
3319,386235,SENSOR,,SENSOR_READING,S09,,,,,,,,VIBRATION,0.428563,g,,
3320,386235,SENSOR,,SENSOR_READING,S09,,,,,,,,TEMPERATURE,41.523,C,,
3321,386602,SENSOR,,SENSOR_READING,S19,,,,,,,,VIBRATION,0.242981,g,,
3322,386602,SENSOR,,SENSOR_READING,S19,,,,,,,,TEMPERATURE,39.3186,C,,
3323,386602,SENSOR,,SENSOR_READING,S19,,,,,,,,CURRENT,2.28042,A,,
3324,386602,SENSOR,,SENSOR_READING,S19,,,,,,,,TORQUE,0.0382432,Nm,,
3325,387767,STATION,EV000136,PROCESSING_COMPLETED,S02,U000009,1,PROCESSING,,37050,,,,,,,
3326,387767,STATION,EV000137,UNIT_ARRIVED,S03,U000009,1,,,,,,,,,,
3327,387767,STATION,EV000138,PROCESSING_STARTED,S02,U000010,0,IDLE,PROCESSING,43417,,,,,,,
3328,387890,SENSOR,,SENSOR_READING,S15,,,,,,,,VIBRATION,0.117631,g,,
3329,387890,SENSOR,,SENSOR_READING,S15,,,,,,,,TEMPERATURE,38.8738,C,,
3330,387890,SENSOR,,SENSOR_READING,S15,,,,,,,,CURRENT,2.03381,A,,
3331,387890,SENSOR,,SENSOR_READING,S15,,,,,,,,TORQUE,0.503815,Nm,,
3332,388754,SENSOR,,SENSOR_READING,S23,,,,,,,,VIBRATION,0.0894585,g,,
3333,388754,SENSOR,,SENSOR_READING,S23,,,,,,,,TEMPERATURE,38.5864,C,,
3334,388754,SENSOR,,SENSOR_READING,S23,,,,,,,,CURRENT,2.31551,A,,
3335,388754,SENSOR,,SENSOR_READING,S23,,,,,,,,TORQUE,0.384835,Nm,,
3336,389198,SENSOR,,SENSOR_READING,S07,,,,,,,,VIBRATION,1.10677,g,,
3337,389198,SENSOR,,SENSOR_READING,S07,,,,,,,,TEMPERATURE,56.2801,C,,
3338,389198,SENSOR,,SENSOR_READING,S07,,,,,,,,CURRENT,14.5496,A,,
3339,389198,SENSOR,,SENSOR_READING,S07,,,,,,,,TORQUE,54.5333,Nm,,
3340,389286,SENSOR,,SENSOR_READING,S22,,,,,,,,VIBRATION,0.191199,g,,
3341,389286,SENSOR,,SENSOR_READING,S22,,,,,,,,TEMPERATURE,38.7827,C,,
3342,389286,SENSOR,,SENSOR_READING,S22,,,,,,,,CURRENT,1.97172,A,,
3343,389286,SENSOR,,SENSOR_READING,S22,,,,,,,,TORQUE,0,Nm,,
3344,389399,SENSOR,,SENSOR_READING,S31,,,,,,,,VIBRATION,0.114008,g,,
3345,389399,SENSOR,,SENSOR_READING,S31,,,,,,,,TEMPERATURE,39.0474,C,,
3346,389498,SENSOR,,SENSOR_READING,S29,,,,,,,,VIBRATION,0.13801,g,,
3347,389498,SENSOR,,SENSOR_READING,S29,,,,,,,,TEMPERATURE,39.6406,C,,
3348,389498,SENSOR,,SENSOR_READING,S29,,,,,,,,CURRENT,1.97738,A,,
3349,389498,SENSOR,,SENSOR_READING,S29,,,,,,,,TORQUE,0,Nm,,
3350,389574,SENSOR,,SENSOR_READING,S12,,,,,,,,VIBRATION,0.169787,g,,
3351,389574,SENSOR,,SENSOR_READING,S12,,,,,,,,TEMPERATURE,39.4253,C,,
3352,389574,SENSOR,,SENSOR_READING,S12,,,,,,,,CURRENT,2.20748,A,,
3353,389574,SENSOR,,SENSOR_READING,S12,,,,,,,,TORQUE,0.26094,Nm,,
3354,389781,SENSOR,,SENSOR_READING,S11,,,,,,,,VIBRATION,0.230145,g,,
3355,389781,SENSOR,,SENSOR_READING,S11,,,,,,,,TEMPERATURE,39.282,C,,
3356,389781,SENSOR,,SENSOR_READING,S11,,,,,,,,CURRENT,2.42464,A,,
3357,389781,SENSOR,,SENSOR_READING,S11,,,,,,,,TORQUE,0.304505,Nm,,
3358,390011,STATION,EV000139,PROCESSING_COMPLETED,S07,U000003,0,PROCESSING,,40629,,,,,,,
3359,390011,STATION,EV000140,UNIT_ARRIVED,S08,U000003,1,,,,,,,,,,
3360,390236,SENSOR,,SENSOR_READING,S02,,,,,,,,VIBRATION,1.11182,g,,
3361,390236,SENSOR,,SENSOR_READING,S02,,,,,,,,TEMPERATURE,60.6461,C,,
3362,390236,SENSOR,,SENSOR_READING,S02,,,,,,,,CURRENT,14.6226,A,,
3363,390236,SENSOR,,SENSOR_READING,S02,,,,,,,,TORQUE,54.7694,Nm,,
3364,390783,SENSOR,,SENSOR_READING,S16,,,,,,,,VIBRATION,0.112928,g,,
3365,390783,SENSOR,,SENSOR_READING,S16,,,,,,,,TEMPERATURE,38.7774,C,,
3366,390783,SENSOR,,SENSOR_READING,S16,,,,,,,,CURRENT,1.95182,A,,
3367,390783,SENSOR,,SENSOR_READING,S16,,,,,,,,TORQUE,0.00470136,Nm,,
3368,390936,SENSOR,,SENSOR_READING,S01,,,,,,,,VIBRATION,1.13907,g,,
3369,390936,SENSOR,,SENSOR_READING,S01,,,,,,,,TEMPERATURE,61.0573,C,,
3370,390936,SENSOR,,SENSOR_READING,S01,,,,,,,,CURRENT,14.383,A,,
3371,390936,SENSOR,,SENSOR_READING,S01,,,,,,,,TORQUE,55.4305,Nm,,
3372,391402,STATION,EV000141,PROCESSING_COMPLETED,S06,U000004,0,PROCESSING,,35979,,,,,,,
3373,391402,STATION,EV000142,UNIT_ARRIVED,S07,U000004,1,,,,,,,,,,
3374,391402,STATION,EV000143,PROCESSING_STARTED,S07,U000004,0,STARVED,PROCESSING,45148,,,,,,,
3375,391434,SENSOR,,SENSOR_READING,S26,,,,,,,,VIBRATION,0.245119,g,,
3376,391434,SENSOR,,SENSOR_READING,S26,,,,,,,,TEMPERATURE,39.4108,C,,
3377,391434,SENSOR,,SENSOR_READING,S26,,,,,,,,CURRENT,2.07132,A,,
3378,391434,SENSOR,,SENSOR_READING,S26,,,,,,,,TORQUE,0,Nm,,
3379,391551,SENSOR,,SENSOR_READING,S28,,,,,,,,VIBRATION,0.192412,g,,
3380,391551,SENSOR,,SENSOR_READING,S28,,,,,,,,TEMPERATURE,38.4957,C,,
3381,391551,SENSOR,,SENSOR_READING,S28,,,,,,,,CURRENT,2.30795,A,,
3382,391551,SENSOR,,SENSOR_READING,S28,,,,,,,,TORQUE,0.653733,Nm,,
3383,392005,SENSOR,,SENSOR_READING,S32,,,,,,,,VIBRATION,0.218369,g,,
3384,392005,SENSOR,,SENSOR_READING,S32,,,,,,,,TEMPERATURE,39.1088,C,,
3385,392309,SENSOR,,SENSOR_READING,S17,,,,,,,,VIBRATION,0.0833028,g,,
3386,392309,SENSOR,,SENSOR_READING,S17,,,,,,,,TEMPERATURE,39.2159,C,,
3387,392309,SENSOR,,SENSOR_READING,S17,,,,,,,,CURRENT,2.22612,A,,
3388,392309,SENSOR,,SENSOR_READING,S17,,,,,,,,TORQUE,0.32131,Nm,,
3389,392953,SENSOR,,SENSOR_READING,S14,,,,,,,,VIBRATION,0.152948,g,,
3390,392953,SENSOR,,SENSOR_READING,S14,,,,,,,,TEMPERATURE,39.403,C,,
3391,393366,SENSOR,,SENSOR_READING,S03,,,,,,,,VIBRATION,1.11047,g,,
3392,393366,SENSOR,,SENSOR_READING,S03,,,,,,,,TEMPERATURE,60.3614,C,,
3393,393366,SENSOR,,SENSOR_READING,S03,,,,,,,,CURRENT,14.4312,A,,
3394,393366,SENSOR,,SENSOR_READING,S03,,,,,,,,TORQUE,54.4771,Nm,,
3395,393560,SENSOR,,SENSOR_READING,S06,,,,,,,,VIBRATION,0.528911,g,,
3396,393560,SENSOR,,SENSOR_READING,S06,,,,,,,,TEMPERATURE,53.7196,C,,
3397,393560,SENSOR,,SENSOR_READING,S06,,,,,,,,CURRENT,4.06456,A,,
3398,393560,SENSOR,,SENSOR_READING,S06,,,,,,,,TORQUE,16.0495,Nm,,
3399,393562,STATION,EV000144,PROCESSING_COMPLETED,S05,U000005,1,PROCESSING,,38139,,,,,,,
3400,393562,STATION,EV000145,UNIT_ARRIVED,S06,U000005,1,,,,,,,,,,
3401,393562,STATION,EV000146,PROCESSING_STARTED,S06,U000005,0,STARVED,PROCESSING,38392,,,,,,,
3402,393562,STATION,EV000147,PROCESSING_STARTED,S05,U000006,0,IDLE,PROCESSING,40072,,,,,,,
3403,395189,SENSOR,,SENSOR_READING,S05,,,,,,,,VIBRATION,1.25003,g,,
3404,395189,SENSOR,,SENSOR_READING,S05,,,,,,,,TEMPERATURE,60.1939,C,,
3405,395189,SENSOR,,SENSOR_READING,S05,,,,,,,,CURRENT,14.4822,A,,
3406,395189,SENSOR,,SENSOR_READING,S05,,,,,,,,TORQUE,55.6742,Nm,,
3407,395499,SENSOR,,SENSOR_READING,S25,,,,,,,,VIBRATION,0.182263,g,,
3408,395499,SENSOR,,SENSOR_READING,S25,,,,,,,,TEMPERATURE,39.0319,C,,
3409,395499,SENSOR,,SENSOR_READING,S25,,,,,,,,CURRENT,2.0834,A,,
3410,395499,SENSOR,,SENSOR_READING,S25,,,,,,,,TORQUE,0.121461,Nm,,
3411,395541,SENSOR,,SENSOR_READING,S27,,,,,,,,VIBRATION,0.132772,g,,
3412,395541,SENSOR,,SENSOR_READING,S27,,,,,,,,TEMPERATURE,38.9996,C,,
3413,395711,SENSOR,,SENSOR_READING,S19,,,,,,,,VIBRATION,0.25383,g,,
3414,395711,SENSOR,,SENSOR_READING,S19,,,,,,,,TEMPERATURE,39.4267,C,,
3415,395711,SENSOR,,SENSOR_READING,S19,,,,,,,,CURRENT,2.30488,A,,
3416,395711,SENSOR,,SENSOR_READING,S19,,,,,,,,TORQUE,0.130164,Nm,,
3417,396434,STATION,EV000148,PROCESSING_COMPLETED,S01,U000011,0,PROCESSING,,39809,,,,,,,
3418,396434,STATION,EV000149,UNIT_ARRIVED,S02,U000011,1,,,,,,,,,,
3419,396434,STATION,EV000150,PROCESSING_STARTED,S01,U000012,0,IDLE,PROCESSING,33043,,,,,,,
3420,396478,SENSOR,,SENSOR_READING,S20,,,,,,,,VIBRATION,0.247922,g,,
3421,396478,SENSOR,,SENSOR_READING,S20,,,,,,,,TEMPERATURE,39.0114,C,,
3422,396478,SENSOR,,SENSOR_READING,S20,,,,,,,,CURRENT,2.30414,A,,
3423,396478,SENSOR,,SENSOR_READING,S20,,,,,,,,TORQUE,0.165395,Nm,,
3424,397842,SENSOR,,SENSOR_READING,S15,,,,,,,,VIBRATION,0.14935,g,,
3425,397842,SENSOR,,SENSOR_READING,S15,,,,,,,,TEMPERATURE,39.1329,C,,
3426,397842,SENSOR,,SENSOR_READING,S15,,,,,,,,CURRENT,2.18634,A,,
3427,397842,SENSOR,,SENSOR_READING,S15,,,,,,,,TORQUE,0,Nm,,
3428,398132,SENSOR,,SENSOR_READING,S07,,,,,,,,VIBRATION,1.10658,g,,
3429,398132,SENSOR,,SENSOR_READING,S07,,,,,,,,TEMPERATURE,56.9086,C,,
3430,398132,SENSOR,,SENSOR_READING,S07,,,,,,,,CURRENT,14.5619,A,,
3431,398132,SENSOR,,SENSOR_READING,S07,,,,,,,,TORQUE,55.0268,Nm,,
3432,398699,SENSOR,,SENSOR_READING,S12,,,,,,,,VIBRATION,0.18059,g,,
3433,398699,SENSOR,,SENSOR_READING,S12,,,,,,,,TEMPERATURE,39.2692,C,,
3434,398699,SENSOR,,SENSOR_READING,S12,,,,,,,,CURRENT,2.33605,A,,
3435,398699,SENSOR,,SENSOR_READING,S12,,,,,,,,TORQUE,0,Nm,,
3436,398724,SENSOR,,SENSOR_READING,S22,,,,,,,,VIBRATION,0.258734,g,,
3437,398724,SENSOR,,SENSOR_READING,S22,,,,,,,,TEMPERATURE,38.7819,C,,
3438,398724,SENSOR,,SENSOR_READING,S22,,,,,,,,CURRENT,2.21943,A,,
3439,398724,SENSOR,,SENSOR_READING,S22,,,,,,,,TORQUE,0.359642,Nm,,
3440,399257,SENSOR,,SENSOR_READING,S29,,,,,,,,VIBRATION,0.155559,g,,
3441,399257,SENSOR,,SENSOR_READING,S29,,,,,,,,TEMPERATURE,39.7517,C,,
3442,399257,SENSOR,,SENSOR_READING,S29,,,,,,,,CURRENT,2.18244,A,,
3443,399257,SENSOR,,SENSOR_READING,S29,,,,,,,,TORQUE,0,Nm,,
3444,399643,SENSOR,,SENSOR_READING,S23,,,,,,,,VIBRATION,0.0872566,g,,
3445,399643,SENSOR,,SENSOR_READING,S23,,,,,,,,TEMPERATURE,38.8153,C,,
3446,399643,SENSOR,,SENSOR_READING,S23,,,,,,,,CURRENT,2.31362,A,,
3447,399643,SENSOR,,SENSOR_READING,S23,,,,,,,,TORQUE,0.128147,Nm,,
3448,399697,STATION,EV000151,PROCESSING_COMPLETED,S03,U000008,1,PROCESSING,,40728,,,,,,,
3449,399697,STATION,EV000152,UNIT_ARRIVED,S04,U000008,1,,,,,,,,,,
3450,399697,STATION,EV000153,PROCESSING_STARTED,S03,U000009,0,IDLE,PROCESSING,36111,,,,,,,
3451,399801,SENSOR,,SENSOR_READING,S11,,,,,,,,VIBRATION,0.227213,g,,
3452,399801,SENSOR,,SENSOR_READING,S11,,,,,,,,TEMPERATURE,39.1493,C,,
3453,399801,SENSOR,,SENSOR_READING,S11,,,,,,,,CURRENT,2.34506,A,,
3454,399801,SENSOR,,SENSOR_READING,S11,,,,,,,,TORQUE,0.657662,Nm,,
3455,400376,SENSOR,,SENSOR_READING,S26,,,,,,,,VIBRATION,0.279455,g,,
3456,400376,SENSOR,,SENSOR_READING,S26,,,,,,,,TEMPERATURE,39.2408,C,,
3457,400376,SENSOR,,SENSOR_READING,S26,,,,,,,,CURRENT,2.20871,A,,
3458,400376,SENSOR,,SENSOR_READING,S26,,,,,,,,TORQUE,0.619131,Nm,,
3459,400994,SENSOR,,SENSOR_READING,S28,,,,,,,,VIBRATION,0.116823,g,,
3460,400994,SENSOR,,SENSOR_READING,S28,,,,,,,,TEMPERATURE,38.2721,C,,
3461,400994,SENSOR,,SENSOR_READING,S28,,,,,,,,CURRENT,2.07139,A,,
3462,400994,SENSOR,,SENSOR_READING,S28,,,,,,,,TORQUE,0,Nm,,
3463,401095,SENSOR,,SENSOR_READING,S02,,,,,,,,VIBRATION,1.09597,g,,
3464,401095,SENSOR,,SENSOR_READING,S02,,,,,,,,TEMPERATURE,60.7782,C,,
3465,401095,SENSOR,,SENSOR_READING,S02,,,,,,,,CURRENT,14.628,A,,
3466,401095,SENSOR,,SENSOR_READING,S02,,,,,,,,TORQUE,54.8497,Nm,,
3467,401141,SENSOR,,SENSOR_READING,S01,,,,,,,,VIBRATION,1.19989,g,,
3468,401141,SENSOR,,SENSOR_READING,S01,,,,,,,,TEMPERATURE,61.1525,C,,
3469,401141,SENSOR,,SENSOR_READING,S01,,,,,,,,CURRENT,14.1916,A,,
3470,401141,SENSOR,,SENSOR_READING,S01,,,,,,,,TORQUE,54.4511,Nm,,
3471,401178,SENSOR,,SENSOR_READING,S16,,,,,,,,VIBRATION,0.120981,g,,
3472,401178,SENSOR,,SENSOR_READING,S16,,,,,,,,TEMPERATURE,38.8309,C,,
3473,401178,SENSOR,,SENSOR_READING,S16,,,,,,,,CURRENT,2.3637,A,,
3474,401178,SENSOR,,SENSOR_READING,S16,,,,,,,,TORQUE,0,Nm,,
3475,401925,SENSOR,,SENSOR_READING,S17,,,,,,,,VIBRATION,0.150821,g,,
3476,401925,SENSOR,,SENSOR_READING,S17,,,,,,,,TEMPERATURE,39.4225,C,,
3477,401925,SENSOR,,SENSOR_READING,S17,,,,,,,,CURRENT,2.10412,A,,
3478,401925,SENSOR,,SENSOR_READING,S17,,,,,,,,TORQUE,0.198241,Nm,,
3479,402520,SENSOR,,SENSOR_READING,S03,,,,,,,,VIBRATION,1.1711,g,,
3480,402520,SENSOR,,SENSOR_READING,S03,,,,,,,,TEMPERATURE,60.321,C,,
3481,402520,SENSOR,,SENSOR_READING,S03,,,,,,,,CURRENT,14.5446,A,,
3482,402520,SENSOR,,SENSOR_READING,S03,,,,,,,,TORQUE,54.7724,Nm,,
3483,403107,SENSOR,,SENSOR_READING,S06,,,,,,,,VIBRATION,0.983231,g,,
3484,403107,SENSOR,,SENSOR_READING,S06,,,,,,,,TEMPERATURE,54.8713,C,,
3485,403107,SENSOR,,SENSOR_READING,S06,,,,,,,,CURRENT,13.0117,A,,
3486,403107,SENSOR,,SENSOR_READING,S06,,,,,,,,TORQUE,43.1465,Nm,,
3487,404037,SENSOR,,SENSOR_READING,S05,,,,,,,,VIBRATION,1.21344,g,,
3488,404037,SENSOR,,SENSOR_READING,S05,,,,,,,,TEMPERATURE,60.5437,C,,
3489,404037,SENSOR,,SENSOR_READING,S05,,,,,,,,CURRENT,14.6698,A,,
3490,404037,SENSOR,,SENSOR_READING,S05,,,,,,,,TORQUE,55.5107,Nm,,
3491,404892,SENSOR,,SENSOR_READING,S25,,,,,,,,VIBRATION,0.168084,g,,
3492,404892,SENSOR,,SENSOR_READING,S25,,,,,,,,TEMPERATURE,38.6253,C,,
3493,404892,SENSOR,,SENSOR_READING,S25,,,,,,,,CURRENT,2.01643,A,,
3494,404892,SENSOR,,SENSOR_READING,S25,,,,,,,,TORQUE,0,Nm,,
3495,405423,SENSOR,,SENSOR_READING,S19,,,,,,,,VIBRATION,0.171627,g,,
3496,405423,SENSOR,,SENSOR_READING,S19,,,,,,,,TEMPERATURE,39.5301,C,,
3497,405423,SENSOR,,SENSOR_READING,S19,,,,,,,,CURRENT,2.18119,A,,
3498,405423,SENSOR,,SENSOR_READING,S19,,,,,,,,TORQUE,0,Nm,,
3499,405760,SENSOR,,SENSOR_READING,S20,,,,,,,,VIBRATION,0.223737,g,,
3500,405760,SENSOR,,SENSOR_READING,S20,,,,,,,,TEMPERATURE,39.0809,C,,
3501,405760,SENSOR,,SENSOR_READING,S20,,,,,,,,CURRENT,2.06391,A,,
3502,405760,SENSOR,,SENSOR_READING,S20,,,,,,,,TORQUE,0.186195,Nm,,
3503,406255,SENSOR,,SENSOR_READING,S04,,,,,,,,VIBRATION,1.10964,g,,
3504,406255,SENSOR,,SENSOR_READING,S04,,,,,,,,TEMPERATURE,54.2296,C,,
3505,407243,STATION,EV000154,PROCESSING_COMPLETED,S08,U000002,1,PROCESSING,,58651,,,,,,,
3506,407243,MANUAL,,MANUAL_CHECK,S08,U000002,,,,,,,,,,VISUAL_ALIGNMENT,PASS
3507,407243,STATION,EV000155,UNIT_ARRIVED,S09,U000002,1,,,,,,,,,,
3508,407243,STATION,EV000156,PROCESSING_STARTED,S09,U000002,0,STARVED,PROCESSING,38752,,,,,,,
3509,407243,STATION,EV000157,PROCESSING_STARTED,S08,U000003,0,IDLE,PROCESSING,55527,,,,,,,
3510,407902,SENSOR,,SENSOR_READING,S07,,,,,,,,VIBRATION,1.1457,g,,
3511,407902,SENSOR,,SENSOR_READING,S07,,,,,,,,TEMPERATURE,57.3141,C,,
3512,407902,SENSOR,,SENSOR_READING,S07,,,,,,,,CURRENT,14.4367,A,,
3513,407902,SENSOR,,SENSOR_READING,S07,,,,,,,,TORQUE,55.1447,Nm,,
3514,408752,SENSOR,,SENSOR_READING,S15,,,,,,,,VIBRATION,0.214079,g,,
3515,408752,SENSOR,,SENSOR_READING,S15,,,,,,,,TEMPERATURE,39.2615,C,,
3516,408752,SENSOR,,SENSOR_READING,S15,,,,,,,,CURRENT,2.21443,A,,
3517,408752,SENSOR,,SENSOR_READING,S15,,,,,,,,TORQUE,0.329071,Nm,,
3518,408753,SENSOR,,SENSOR_READING,S11,,,,,,,,VIBRATION,0.246536,g,,
3519,408753,SENSOR,,SENSOR_READING,S11,,,,,,,,TEMPERATURE,39.1462,C,,
3520,408753,SENSOR,,SENSOR_READING,S11,,,,,,,,CURRENT,2.32528,A,,
3521,408753,SENSOR,,SENSOR_READING,S11,,,,,,,,TORQUE,0.225931,Nm,,
3522,409065,SENSOR,,SENSOR_READING,S12,,,,,,,,VIBRATION,0.213711,g,,
3523,409065,SENSOR,,SENSOR_READING,S12,,,,,,,,TEMPERATURE,39.098,C,,
3524,409065,SENSOR,,SENSOR_READING,S12,,,,,,,,CURRENT,2.1991,A,,
3525,409065,SENSOR,,SENSOR_READING,S12,,,,,,,,TORQUE,0.861383,Nm,,
3526,409353,SENSOR,,SENSOR_READING,S22,,,,,,,,VIBRATION,0.255879,g,,
3527,409353,SENSOR,,SENSOR_READING,S22,,,,,,,,TEMPERATURE,38.8293,C,,
3528,409353,SENSOR,,SENSOR_READING,S22,,,,,,,,CURRENT,2.32576,A,,
3529,409353,SENSOR,,SENSOR_READING,S22,,,,,,,,TORQUE,0,Nm,,
3530,409554,SENSOR,,SENSOR_READING,S21,,,,,,,,VIBRATION,0.200133,g,,
3531,409554,SENSOR,,SENSOR_READING,S21,,,,,,,,TEMPERATURE,39.6423,C,,
3532,410300,SENSOR,,SENSOR_READING,S16,,,,,,,,VIBRATION,0.220637,g,,
3533,410300,SENSOR,,SENSOR_READING,S16,,,,,,,,TEMPERATURE,39.062,C,,
3534,410300,SENSOR,,SENSOR_READING,S16,,,,,,,,CURRENT,2.22431,A,,
3535,410300,SENSOR,,SENSOR_READING,S16,,,,,,,,TORQUE,0,Nm,,
3536,410377,SENSOR,,SENSOR_READING,S29,,,,,,,,VIBRATION,0.142963,g,,
3537,410377,SENSOR,,SENSOR_READING,S29,,,,,,,,TEMPERATURE,39.6936,C,,
3538,410377,SENSOR,,SENSOR_READING,S29,,,,,,,,CURRENT,2.18274,A,,
3539,410377,SENSOR,,SENSOR_READING,S29,,,,,,,,TORQUE,0,Nm,,
3540,410541,SENSOR,,SENSOR_READING,S23,,,,,,,,VIBRATION,0.18754,g,,
3541,410541,SENSOR,,SENSOR_READING,S23,,,,,,,,TEMPERATURE,38.6504,C,,
3542,410541,SENSOR,,SENSOR_READING,S23,,,,,,,,CURRENT,2.08903,A,,
3543,410541,SENSOR,,SENSOR_READING,S23,,,,,,,,TORQUE,0.259128,Nm,,
3544,410769,SENSOR,,SENSOR_READING,S17,,,,,,,,VIBRATION,0.223103,g,,
3545,410769,SENSOR,,SENSOR_READING,S17,,,,,,,,TEMPERATURE,39.3768,C,,
3546,410769,SENSOR,,SENSOR_READING,S17,,,,,,,,CURRENT,2.20259,A,,
3547,410769,SENSOR,,SENSOR_READING,S17,,,,,,,,TORQUE,0.738317,Nm,,
3548,411140,SENSOR,,SENSOR_READING,S26,,,,,,,,VIBRATION,0.196066,g,,
3549,411140,SENSOR,,SENSOR_READING,S26,,,,,,,,TEMPERATURE,39.0457,C,,
3550,411140,SENSOR,,SENSOR_READING,S26,,,,,,,,CURRENT,2.19272,A,,
3551,411140,SENSOR,,SENSOR_READING,S26,,,,,,,,TORQUE,0,Nm,,
3552,411295,SENSOR,,SENSOR_READING,S28,,,,,,,,VIBRATION,0.182112,g,,
3553,411295,SENSOR,,SENSOR_READING,S28,,,,,,,,TEMPERATURE,38.3813,C,,
3554,411295,SENSOR,,SENSOR_READING,S28,,,,,,,,CURRENT,2.38491,A,,
3555,411295,SENSOR,,SENSOR_READING,S28,,,,,,,,TORQUE,0,Nm,,
3556,411552,SENSOR,,SENSOR_READING,S02,,,,,,,,VIBRATION,1.13711,g,,
3557,411552,SENSOR,,SENSOR_READING,S02,,,,,,,,TEMPERATURE,60.66,C,,
3558,411552,SENSOR,,SENSOR_READING,S02,,,,,,,,CURRENT,14.3234,A,,
3559,411552,SENSOR,,SENSOR_READING,S02,,,,,,,,TORQUE,55.1725,Nm,,
3560,411899,SENSOR,,SENSOR_READING,S01,,,,,,,,VIBRATION,1.15239,g,,
3561,411899,SENSOR,,SENSOR_READING,S01,,,,,,,,TEMPERATURE,60.9999,C,,
3562,411899,SENSOR,,SENSOR_READING,S01,,,,,,,,CURRENT,14.462,A,,
3563,411899,SENSOR,,SENSOR_READING,S01,,,,,,,,TORQUE,54.2898,Nm,,
3564,411963,STATION,EV000158,PROCESSING_COMPLETED,S04,U000007,1,PROCESSING,,40582,,,,,,,
3565,411963,STATION,EV000159,UNIT_ARRIVED,S05,U000007,1,,,,,,,,,,
3566,411963,STATION,EV000160,PROCESSING_STARTED,S04,U000008,0,IDLE,PROCESSING,48462,,,,,,,
3567,412216,SENSOR,,SENSOR_READING,S06,,,,,,,,VIBRATION,1.07164,g,,
3568,412216,SENSOR,,SENSOR_READING,S06,,,,,,,,TEMPERATURE,55.6665,C,,
3569,412216,SENSOR,,SENSOR_READING,S06,,,,,,,,CURRENT,14.4275,A,,
3570,412216,SENSOR,,SENSOR_READING,S06,,,,,,,,TORQUE,50.8478,Nm,,
3571,413188,SENSOR,,SENSOR_READING,S03,,,,,,,,VIBRATION,1.21428,g,,
3572,413188,SENSOR,,SENSOR_READING,S03,,,,,,,,TEMPERATURE,60.0142,C,,
3573,413188,SENSOR,,SENSOR_READING,S03,,,,,,,,CURRENT,14.4525,A,,
3574,413188,SENSOR,,SENSOR_READING,S03,,,,,,,,TORQUE,55.0158,Nm,,
3575,413463,SENSOR,,SENSOR_READING,S10,,,,,,,,VIBRATION,0.794736,g,,
3576,413463,SENSOR,,SENSOR_READING,S10,,,,,,,,TEMPERATURE,41.6321,C,,
3577,414248,SENSOR,,SENSOR_READING,S05,,,,,,,,VIBRATION,1.25983,g,,
3578,414248,SENSOR,,SENSOR_READING,S05,,,,,,,,TEMPERATURE,60.7936,C,,
3579,414248,SENSOR,,SENSOR_READING,S05,,,,,,,,CURRENT,14.485,A,,
3580,414248,SENSOR,,SENSOR_READING,S05,,,,,,,,TORQUE,56.0059,Nm,,
3581,414533,SENSOR,,SENSOR_READING,S19,,,,,,,,VIBRATION,0.187347,g,,
3582,414533,SENSOR,,SENSOR_READING,S19,,,,,,,,TEMPERATURE,39.4212,C,,
3583,414533,SENSOR,,SENSOR_READING,S19,,,,,,,,CURRENT,2.071,A,,
3584,414533,SENSOR,,SENSOR_READING,S19,,,,,,,,TORQUE,0.0335321,Nm,,
3585,415228,SENSOR,,SENSOR_READING,S25,,,,,,,,VIBRATION,0.210848,g,,
3586,415228,SENSOR,,SENSOR_READING,S25,,,,,,,,TEMPERATURE,38.6129,C,,
3587,415228,SENSOR,,SENSOR_READING,S25,,,,,,,,CURRENT,2.14524,A,,
3588,415228,SENSOR,,SENSOR_READING,S25,,,,,,,,TORQUE,0,Nm,,
3589,415393,SENSOR,,SENSOR_READING,S20,,,,,,,,VIBRATION,0.184227,g,,
3590,415393,SENSOR,,SENSOR_READING,S20,,,,,,,,TEMPERATURE,39.213,C,,
3591,415393,SENSOR,,SENSOR_READING,S20,,,,,,,,CURRENT,2.04564,A,,
3592,415393,SENSOR,,SENSOR_READING,S20,,,,,,,,TORQUE,0,Nm,,
3593,417924,SENSOR,,SENSOR_READING,S11,,,,,,,,VIBRATION,0.209963,g,,
3594,417924,SENSOR,,SENSOR_READING,S11,,,,,,,,TEMPERATURE,39.0331,C,,
3595,417924,SENSOR,,SENSOR_READING,S11,,,,,,,,CURRENT,2.10321,A,,
3596,417924,SENSOR,,SENSOR_READING,S11,,,,,,,,TORQUE,0.414977,Nm,,
3597,417999,SENSOR,,SENSOR_READING,S15,,,,,,,,VIBRATION,0.275729,g,,
3598,417999,SENSOR,,SENSOR_READING,S15,,,,,,,,TEMPERATURE,39.1183,C,,
3599,417999,SENSOR,,SENSOR_READING,S15,,,,,,,,CURRENT,2.21687,A,,
3600,417999,SENSOR,,SENSOR_READING,S15,,,,,,,,TORQUE,0.498842,Nm,,
3601,418081,SENSOR,,SENSOR_READING,S31,,,,,,,,VIBRATION,0.125315,g,,
3602,418081,SENSOR,,SENSOR_READING,S31,,,,,,,,TEMPERATURE,39.0093,C,,
3603,418784,SENSOR,,SENSOR_READING,S09,,,,,,,,VIBRATION,0.894731,g,,
3604,418784,SENSOR,,SENSOR_READING,S09,,,,,,,,TEMPERATURE,44.1632,C,,
3605,418905,SENSOR,,SENSOR_READING,S07,,,,,,,,VIBRATION,1.15775,g,,
3606,418905,SENSOR,,SENSOR_READING,S07,,,,,,,,TEMPERATURE,57.8492,C,,
3607,418905,SENSOR,,SENSOR_READING,S07,,,,,,,,CURRENT,14.5529,A,,
3608,418905,SENSOR,,SENSOR_READING,S07,,,,,,,,TORQUE,54.8734,Nm,,
3609,419129,SENSOR,,SENSOR_READING,S12,,,,,,,,VIBRATION,0.169248,g,,
3610,419129,SENSOR,,SENSOR_READING,S12,,,,,,,,TEMPERATURE,39.0466,C,,
3611,419129,SENSOR,,SENSOR_READING,S12,,,,,,,,CURRENT,2.29764,A,,
3612,419129,SENSOR,,SENSOR_READING,S12,,,,,,,,TORQUE,0,Nm,,
3613,419726,SENSOR,,SENSOR_READING,S29,,,,,,,,VIBRATION,0.153334,g,,
3614,419726,SENSOR,,SENSOR_READING,S29,,,,,,,,TEMPERATURE,39.4709,C,,
3615,419726,SENSOR,,SENSOR_READING,S29,,,,,,,,CURRENT,2.14153,A,,
3616,419726,SENSOR,,SENSOR_READING,S29,,,,,,,,TORQUE,0.337353,Nm,,
3617,419793,SENSOR,,SENSOR_READING,S14,,,,,,,,VIBRATION,0.121284,g,,
3618,419793,SENSOR,,SENSOR_READING,S14,,,,,,,,TEMPERATURE,39.3224,C,,
3619,420182,SENSOR,,SENSOR_READING,S23,,,,,,,,VIBRATION,0.131366,g,,
3620,420182,SENSOR,,SENSOR_READING,S23,,,,,,,,TEMPERATURE,38.8811,C,,
3621,420182,SENSOR,,SENSOR_READING,S23,,,,,,,,CURRENT,2.1691,A,,
3622,420182,SENSOR,,SENSOR_READING,S23,,,,,,,,TORQUE,0,Nm,,
3623,420203,SENSOR,,SENSOR_READING,S28,,,,,,,,VIBRATION,0.222904,g,,
3624,420203,SENSOR,,SENSOR_READING,S28,,,,,,,,TEMPERATURE,38.484,C,,
3625,420203,SENSOR,,SENSOR_READING,S28,,,,,,,,CURRENT,2.47975,A,,
3626,420203,SENSOR,,SENSOR_READING,S28,,,,,,,,TORQUE,0,Nm,,
3627,420306,SENSOR,,SENSOR_READING,S17,,,,,,,,VIBRATION,0.186809,g,,
3628,420306,SENSOR,,SENSOR_READING,S17,,,,,,,,TEMPERATURE,39.2588,C,,
3629,420306,SENSOR,,SENSOR_READING,S17,,,,,,,,CURRENT,2.34354,A,,
3630,420306,SENSOR,,SENSOR_READING,S17,,,,,,,,TORQUE,0,Nm,,
3631,420435,SENSOR,,SENSOR_READING,S22,,,,,,,,VIBRATION,0.212399,g,,
3632,420435,SENSOR,,SENSOR_READING,S22,,,,,,,,TEMPERATURE,38.9697,C,,
3633,420435,SENSOR,,SENSOR_READING,S22,,,,,,,,CURRENT,2.18086,A,,
3634,420435,SENSOR,,SENSOR_READING,S22,,,,,,,,TORQUE,0.485682,Nm,,
3635,420492,SENSOR,,SENSOR_READING,S02,,,,,,,,VIBRATION,1.12718,g,,
3636,420492,SENSOR,,SENSOR_READING,S02,,,,,,,,TEMPERATURE,60.6824,C,,
3637,420492,SENSOR,,SENSOR_READING,S02,,,,,,,,CURRENT,14.573,A,,
3638,420492,SENSOR,,SENSOR_READING,S02,,,,,,,,TORQUE,55.8681,Nm,,
3639,421414,SENSOR,,SENSOR_READING,S16,,,,,,,,VIBRATION,0.146263,g,,
3640,421414,SENSOR,,SENSOR_READING,S16,,,,,,,,TEMPERATURE,39.0036,C,,
3641,421414,SENSOR,,SENSOR_READING,S16,,,,,,,,CURRENT,2.26401,A,,
3642,421414,SENSOR,,SENSOR_READING,S16,,,,,,,,TORQUE,0,Nm,,
3643,422317,SENSOR,,SENSOR_READING,S26,,,,,,,,VIBRATION,0.206623,g,,
3644,422317,SENSOR,,SENSOR_READING,S26,,,,,,,,TEMPERATURE,38.9011,C,,
3645,422317,SENSOR,,SENSOR_READING,S26,,,,,,,,CURRENT,2.0602,A,,
3646,422317,SENSOR,,SENSOR_READING,S26,,,,,,,,TORQUE,0,Nm,,
3647,422630,SENSOR,,SENSOR_READING,S01,,,,,,,,VIBRATION,1.16103,g,,
3648,422630,SENSOR,,SENSOR_READING,S01,,,,,,,,TEMPERATURE,61.2067,C,,
3649,422630,SENSOR,,SENSOR_READING,S01,,,,,,,,CURRENT,14.5023,A,,
3650,422630,SENSOR,,SENSOR_READING,S01,,,,,,,,TORQUE,54.771,Nm,,
3651,422843,SENSOR,,SENSOR_READING,S06,,,,,,,,VIBRATION,1.12816,g,,
3652,422843,SENSOR,,SENSOR_READING,S06,,,,,,,,TEMPERATURE,56.4161,C,,
3653,422843,SENSOR,,SENSOR_READING,S06,,,,,,,,CURRENT,14.5938,A,,
3654,422843,SENSOR,,SENSOR_READING,S06,,,,,,,,TORQUE,53.3696,Nm,,
3655,422860,SENSOR,,SENSOR_READING,S03,,,,,,,,VIBRATION,1.06589,g,,
3656,422860,SENSOR,,SENSOR_READING,S03,,,,,,,,TEMPERATURE,60.2648,C,,
3657,422860,SENSOR,,SENSOR_READING,S03,,,,,,,,CURRENT,14.4051,A,,
3658,422860,SENSOR,,SENSOR_READING,S03,,,,,,,,TORQUE,54.6957,Nm,,
3659,423511,SENSOR,,SENSOR_READING,S32,,,,,,,,VIBRATION,0.217472,g,,
3660,423511,SENSOR,,SENSOR_READING,S32,,,,,,,,TEMPERATURE,39.0042,C,,
3661,423983,SENSOR,,SENSOR_READING,S19,,,,,,,,VIBRATION,0.137254,g,,
3662,423983,SENSOR,,SENSOR_READING,S19,,,,,,,,TEMPERATURE,39.1887,C,,
3663,423983,SENSOR,,SENSOR_READING,S19,,,,,,,,CURRENT,2.2936,A,,
3664,423983,SENSOR,,SENSOR_READING,S19,,,,,,,,TORQUE,0,Nm,,
3665,424236,SENSOR,,SENSOR_READING,S05,,,,,,,,VIBRATION,1.25625,g,,
3666,424236,SENSOR,,SENSOR_READING,S05,,,,,,,,TEMPERATURE,60.9187,C,,
3667,424236,SENSOR,,SENSOR_READING,S05,,,,,,,,CURRENT,14.4418,A,,
3668,424236,SENSOR,,SENSOR_READING,S05,,,,,,,,TORQUE,55.2405,Nm,,
3669,424256,SENSOR,,SENSOR_READING,S25,,,,,,,,VIBRATION,0.177395,g,,
3670,424256,SENSOR,,SENSOR_READING,S25,,,,,,,,TEMPERATURE,38.4854,C,,
3671,424256,SENSOR,,SENSOR_READING,S25,,,,,,,,CURRENT,2.12661,A,,
3672,424256,SENSOR,,SENSOR_READING,S25,,,,,,,,TORQUE,0,Nm,,
3673,424324,SENSOR,,SENSOR_READING,S27,,,,,,,,VIBRATION,0.195118,g,,
3674,424324,SENSOR,,SENSOR_READING,S27,,,,,,,,TEMPERATURE,39.2936,C,,
3675,424760,SENSOR,,SENSOR_READING,S20,,,,,,,,VIBRATION,0.198958,g,,
3676,424760,SENSOR,,SENSOR_READING,S20,,,,,,,,TEMPERATURE,39.1129,C,,
3677,424760,SENSOR,,SENSOR_READING,S20,,,,,,,,CURRENT,2.28052,A,,
3678,424760,SENSOR,,SENSOR_READING,S20,,,,,,,,TORQUE,0.316278,Nm,,
3679,427015,SENSOR,,SENSOR_READING,S15,,,,,,,,VIBRATION,0.195753,g,,
3680,427015,SENSOR,,SENSOR_READING,S15,,,,,,,,TEMPERATURE,39.2143,C,,
3681,427015,SENSOR,,SENSOR_READING,S15,,,,,,,,CURRENT,2.19371,A,,
3682,427015,SENSOR,,SENSOR_READING,S15,,,,,,,,TORQUE,0.233498,Nm,,
3683,427878,SENSOR,,SENSOR_READING,S11,,,,,,,,VIBRATION,0.194558,g,,
3684,427878,SENSOR,,SENSOR_READING,S11,,,,,,,,TEMPERATURE,39.1051,C,,
3685,427878,SENSOR,,SENSOR_READING,S11,,,,,,,,CURRENT,2.32151,A,,
3686,427878,SENSOR,,SENSOR_READING,S11,,,,,,,,TORQUE,0.730223,Nm,,
3687,428737,SENSOR,,SENSOR_READING,S07,,,,,,,,VIBRATION,1.13464,g,,
3688,428737,SENSOR,,SENSOR_READING,S07,,,,,,,,TEMPERATURE,58.2305,C,,
3689,428737,SENSOR,,SENSOR_READING,S07,,,,,,,,CURRENT,14.6169,A,,
3690,428737,SENSOR,,SENSOR_READING,S07,,,,,,,,TORQUE,54.9979,Nm,,
3691,428797,SENSOR,,SENSOR_READING,S12,,,,,,,,VIBRATION,0.207046,g,,
3692,428797,SENSOR,,SENSOR_READING,S12,,,,,,,,TEMPERATURE,39.0497,C,,
3693,428797,SENSOR,,SENSOR_READING,S12,,,,,,,,CURRENT,2.14306,A,,
3694,428797,SENSOR,,SENSOR_READING,S12,,,,,,,,TORQUE,0,Nm,,
3695,428901,SENSOR,,SENSOR_READING,S29,,,,,,,,VIBRATION,0.245043,g,,
3696,428901,SENSOR,,SENSOR_READING,S29,,,,,,,,TEMPERATURE,39.3455,C,,
3697,428901,SENSOR,,SENSOR_READING,S29,,,,,,,,CURRENT,2.09148,A,,
3698,428901,SENSOR,,SENSOR_READING,S29,,,,,,,,TORQUE,0.0962579,Nm,,
3699,429315,SENSOR,,SENSOR_READING,S22,,,,,,,,VIBRATION,0.159329,g,,
3700,429315,SENSOR,,SENSOR_READING,S22,,,,,,,,TEMPERATURE,38.923,C,,
3701,429315,SENSOR,,SENSOR_READING,S22,,,,,,,,CURRENT,2.23937,A,,
3702,429315,SENSOR,,SENSOR_READING,S22,,,,,,,,TORQUE,0.304499,Nm,,
3703,429326,SENSOR,,SENSOR_READING,S02,,,,,,,,VIBRATION,1.15846,g,,
3704,429326,SENSOR,,SENSOR_READING,S02,,,,,,,,TEMPERATURE,60.587,C,,
3705,429326,SENSOR,,SENSOR_READING,S02,,,,,,,,CURRENT,14.4705,A,,
3706,429326,SENSOR,,SENSOR_READING,S02,,,,,,,,TORQUE,55.5087,Nm,,
3707,429477,STATION,EV000161,PROCESSING_COMPLETED,S01,U000012,0,PROCESSING,,33043,,,,,,,
3708,429477,STATION,EV000162,UNIT_ARRIVED,S02,U000012,2,,,,,,,,,,
3709,429477,STATION,EV000163,PROCESSING_STARTED,S01,U000013,0,IDLE,PROCESSING,31564,,,,,,,
3710,429862,SENSOR,,SENSOR_READING,S23,,,,,,,,VIBRATION,0.187775,g,,
3711,429862,SENSOR,,SENSOR_READING,S23,,,,,,,,TEMPERATURE,38.6554,C,,
3712,429862,SENSOR,,SENSOR_READING,S23,,,,,,,,CURRENT,2.32608,A,,
3713,429862,SENSOR,,SENSOR_READING,S23,,,,,,,,TORQUE,0,Nm,,
3714,430753,SENSOR,,SENSOR_READING,S28,,,,,,,,VIBRATION,0.15011,g,,
3715,430753,SENSOR,,SENSOR_READING,S28,,,,,,,,TEMPERATURE,38.7226,C,,
3716,430753,SENSOR,,SENSOR_READING,S28,,,,,,,,CURRENT,2.22965,A,,
3717,430753,SENSOR,,SENSOR_READING,S28,,,,,,,,TORQUE,0,Nm,,
3718,430759,SENSOR,,SENSOR_READING,S17,,,,,,,,VIBRATION,0.180092,g,,
3719,430759,SENSOR,,SENSOR_READING,S17,,,,,,,,TEMPERATURE,39.4027,C,,
3720,430759,SENSOR,,SENSOR_READING,S17,,,,,,,,CURRENT,2.26861,A,,
3721,430759,SENSOR,,SENSOR_READING,S17,,,,,,,,TORQUE,0.374291,Nm,,
3722,431184,STATION,EV000164,PROCESSING_COMPLETED,S02,U000010,2,PROCESSING,,43417,,,,,,,
3723,431184,STATION,EV000165,UNIT_ARRIVED,S03,U000010,1,,,,,,,,,,
3724,431184,STATION,EV000166,PROCESSING_STARTED,S02,U000011,1,IDLE,PROCESSING,43080,,,,,,,
3725,431531,SENSOR,,SENSOR_READING,S16,,,,,,,,VIBRATION,0.197872,g,,
3726,431531,SENSOR,,SENSOR_READING,S16,,,,,,,,TEMPERATURE,38.9651,C,,
3727,431531,SENSOR,,SENSOR_READING,S16,,,,,,,,CURRENT,1.98878,A,,
3728,431531,SENSOR,,SENSOR_READING,S16,,,,,,,,TORQUE,0,Nm,,
3729,431920,SENSOR,,SENSOR_READING,S26,,,,,,,,VIBRATION,0.22026,g,,
3730,431920,SENSOR,,SENSOR_READING,S26,,,,,,,,TEMPERATURE,39.1006,C,,
3731,431920,SENSOR,,SENSOR_READING,S26,,,,,,,,CURRENT,2.21412,A,,
3732,431920,SENSOR,,SENSOR_READING,S26,,,,,,,,TORQUE,0.223914,Nm,,
3733,431954,STATION,EV000167,PROCESSING_COMPLETED,S06,U000005,0,PROCESSING,,38392,,,,,,,
3734,431954,STATION,EV000168,UNIT_ARRIVED,S07,U000005,1,,,,,,,,,,
3735,432173,SENSOR,,SENSOR_READING,S03,,,,,,,,VIBRATION,1.10197,g,,
3736,432173,SENSOR,,SENSOR_READING,S03,,,,,,,,TEMPERATURE,60.5338,C,,
3737,432173,SENSOR,,SENSOR_READING,S03,,,,,,,,CURRENT,14.3663,A,,
3738,432173,SENSOR,,SENSOR_READING,S03,,,,,,,,TORQUE,55.1904,Nm,,
3739,432713,SENSOR,,SENSOR_READING,S01,,,,,,,,VIBRATION,1.13875,g,,
3740,432713,SENSOR,,SENSOR_READING,S01,,,,,,,,TEMPERATURE,61.4575,C,,
3741,432713,SENSOR,,SENSOR_READING,S01,,,,,,,,CURRENT,14.5344,A,,
3742,432713,SENSOR,,SENSOR_READING,S01,,,,,,,,TORQUE,54.73,Nm,,
3743,433161,SENSOR,,SENSOR_READING,S06,,,,,,,,VIBRATION,0.536345,g,,
3744,433161,SENSOR,,SENSOR_READING,S06,,,,,,,,TEMPERATURE,54.1212,C,,
3745,433161,SENSOR,,SENSOR_READING,S06,,,,,,,,CURRENT,4.03297,A,,
3746,433161,SENSOR,,SENSOR_READING,S06,,,,,,,,TORQUE,16.7328,Nm,,
3747,433634,STATION,EV000169,PROCESSING_COMPLETED,S05,U000006,1,PROCESSING,,40072,,,,,,,
3748,433634,STATION,EV000170,UNIT_ARRIVED,S06,U000006,1,,,,,,,,,,
3749,433634,STATION,EV000171,PROCESSING_STARTED,S06,U000006,0,STARVED,PROCESSING,37229,,,,,,,
3750,433634,STATION,EV000172,PROCESSING_STARTED,S05,U000007,0,IDLE,PROCESSING,45669,,,,,,,
3751,433754,SENSOR,,SENSOR_READING,S20,,,,,,,,VIBRATION,0.151123,g,,
3752,433754,SENSOR,,SENSOR_READING,S20,,,,,,,,TEMPERATURE,39.0311,C,,
3753,433754,SENSOR,,SENSOR_READING,S20,,,,,,,,CURRENT,2.27987,A,,
3754,433754,SENSOR,,SENSOR_READING,S20,,,,,,,,TORQUE,0,Nm,,
3755,433788,SENSOR,,SENSOR_READING,S19,,,,,,,,VIBRATION,0.126159,g,,
3756,433788,SENSOR,,SENSOR_READING,S19,,,,,,,,TEMPERATURE,39.0662,C,,
3757,433788,SENSOR,,SENSOR_READING,S19,,,,,,,,CURRENT,2.08855,A,,
3758,433788,SENSOR,,SENSOR_READING,S19,,,,,,,,TORQUE,0.900961,Nm,,
3759,435112,SENSOR,,SENSOR_READING,S25,,,,,,,,VIBRATION,0.123358,g,,
3760,435112,SENSOR,,SENSOR_READING,S25,,,,,,,,TEMPERATURE,38.3908,C,,
3761,435112,SENSOR,,SENSOR_READING,S25,,,,,,,,CURRENT,2.30553,A,,
3762,435112,SENSOR,,SENSOR_READING,S25,,,,,,,,TORQUE,0.303547,Nm,,
3763,435436,SENSOR,,SENSOR_READING,S05,,,,,,,,VIBRATION,1.37158,g,,
3764,435436,SENSOR,,SENSOR_READING,S05,,,,,,,,TEMPERATURE,61.1497,C,,
3765,435436,SENSOR,,SENSOR_READING,S05,,,,,,,,CURRENT,14.5776,A,,
3766,435436,SENSOR,,SENSOR_READING,S05,,,,,,,,TORQUE,55.3824,Nm,,
3767,435808,STATION,EV000173,PROCESSING_COMPLETED,S03,U000009,1,PROCESSING,,36111,,,,,,,
3768,435808,STATION,EV000174,UNIT_ARRIVED,S04,U000009,1,,,,,,,,,,
3769,435808,STATION,EV000175,PROCESSING_STARTED,S03,U000010,0,IDLE,PROCESSING,42143,,,,,,,
3770,436219,SENSOR,,SENSOR_READING,S15,,,,,,,,VIBRATION,0.176263,g,,
3771,436219,SENSOR,,SENSOR_READING,S15,,,,,,,,TEMPERATURE,39.3408,C,,
3772,436219,SENSOR,,SENSOR_READING,S15,,,,,,,,CURRENT,2.25677,A,,
3773,436219,SENSOR,,SENSOR_READING,S15,,,,,,,,TORQUE,0.387227,Nm,,
3774,436550,STATION,EV000176,PROCESSING_COMPLETED,S07,U000004,1,PROCESSING,,45148,,,,,,,
3775,436550,STATION,EV000177,UNIT_ARRIVED,S08,U000004,1,,,,,,,,,,
3776,436550,STATION,EV000178,PROCESSING_STARTED,S07,U000005,0,IDLE,PROCESSING,46221,,,,,,,
3777,436701,SENSOR,,SENSOR_READING,S04,,,,,,,,VIBRATION,1.16981,g,,
3778,436701,SENSOR,,SENSOR_READING,S04,,,,,,,,TEMPERATURE,55.1886,C,,
3779,436827,STATION,EV000179,PROCESSING_COMPLETED,S10,U000001,0,PROCESSING,,52122,,,,,,,
3780,436827,STATION,EV000180,UNIT_ARRIVED,S11,U000001,1,,,,,,,,,,
3781,436827,STATION,EV000181,PROCESSING_STARTED,S11,U000001,0,IDLE,PROCESSING,38322,,,,,,,
3782,438372,SENSOR,,SENSOR_READING,S29,,,,,,,,VIBRATION,0.143732,g,,
3783,438372,SENSOR,,SENSOR_READING,S29,,,,,,,,TEMPERATURE,39.3241,C,,
3784,438372,SENSOR,,SENSOR_READING,S29,,,,,,,,CURRENT,2.1997,A,,
3785,438372,SENSOR,,SENSOR_READING,S29,,,,,,,,TORQUE,0.858584,Nm,,
3786,438512,SENSOR,,SENSOR_READING,S11,,,,,,,,VIBRATION,0.872731,g,,
3787,438512,SENSOR,,SENSOR_READING,S11,,,,,,,,TEMPERATURE,41.8688,C,,
3788,438512,SENSOR,,SENSOR_READING,S11,,,,,,,,CURRENT,12.9361,A,,
3789,438512,SENSOR,,SENSOR_READING,S11,,,,,,,,TORQUE,38.946,Nm,,
3790,439029,SENSOR,,SENSOR_READING,S07,,,,,,,,VIBRATION,1.17404,g,,
3791,439029,SENSOR,,SENSOR_READING,S07,,,,,,,,TEMPERATURE,58.8127,C,,
3792,439029,SENSOR,,SENSOR_READING,S07,,,,,,,,CURRENT,14.5601,A,,
3793,439029,SENSOR,,SENSOR_READING,S07,,,,,,,,TORQUE,54.9654,Nm,,
3794,439647,SENSOR,,SENSOR_READING,S22,,,,,,,,VIBRATION,0.216203,g,,
3795,439647,SENSOR,,SENSOR_READING,S22,,,,,,,,TEMPERATURE,39.1089,C,,
3796,439647,SENSOR,,SENSOR_READING,S22,,,,,,,,CURRENT,2.19832,A,,
3797,439647,SENSOR,,SENSOR_READING,S22,,,,,,,,TORQUE,0.230592,Nm,,
3798,439775,SENSOR,,SENSOR_READING,S28,,,,,,,,VIBRATION,0.169859,g,,
3799,439775,SENSOR,,SENSOR_READING,S28,,,,,,,,TEMPERATURE,38.7412,C,,
3800,439775,SENSOR,,SENSOR_READING,S28,,,,,,,,CURRENT,2.114,A,,
3801,439775,SENSOR,,SENSOR_READING,S28,,,,,,,,TORQUE,0,Nm,,
3802,439917,SENSOR,,SENSOR_READING,S12,,,,,,,,VIBRATION,0.126742,g,,
3803,439917,SENSOR,,SENSOR_READING,S12,,,,,,,,TEMPERATURE,38.9936,C,,
3804,439917,SENSOR,,SENSOR_READING,S12,,,,,,,,CURRENT,2.2704,A,,
3805,439917,SENSOR,,SENSOR_READING,S12,,,,,,,,TORQUE,0,Nm,,
3806,440364,SENSOR,,SENSOR_READING,S02,,,,,,,,VIBRATION,1.23835,g,,
3807,440364,SENSOR,,SENSOR_READING,S02,,,,,,,,TEMPERATURE,60.4692,C,,
3808,440364,SENSOR,,SENSOR_READING,S02,,,,,,,,CURRENT,14.4614,A,,
3809,440364,SENSOR,,SENSOR_READING,S02,,,,,,,,TORQUE,55.4933,Nm,,
3810,440725,SENSOR,,SENSOR_READING,S23,,,,,,,,VIBRATION,0.236715,g,,
3811,440725,SENSOR,,SENSOR_READING,S23,,,,,,,,TEMPERATURE,38.8457,C,,
3812,440725,SENSOR,,SENSOR_READING,S23,,,,,,,,CURRENT,2.34443,A,,
3813,440725,SENSOR,,SENSOR_READING,S23,,,,,,,,TORQUE,0,Nm,,
3814,441057,SENSOR,,SENSOR_READING,S26,,,,,,,,VIBRATION,0.229793,g,,
3815,441057,SENSOR,,SENSOR_READING,S26,,,,,,,,TEMPERATURE,38.8729,C,,
3816,441057,SENSOR,,SENSOR_READING,S26,,,,,,,,CURRENT,2.51142,A,,
3817,441057,SENSOR,,SENSOR_READING,S26,,,,,,,,TORQUE,0,Nm,,
3818,441392,SENSOR,,SENSOR_READING,S17,,,,,,,,VIBRATION,0.173726,g,,
3819,441392,SENSOR,,SENSOR_READING,S17,,,,,,,,TEMPERATURE,39.3079,C,,
3820,441392,SENSOR,,SENSOR_READING,S17,,,,,,,,CURRENT,2.13394,A,,
3821,441392,SENSOR,,SENSOR_READING,S17,,,,,,,,TORQUE,0.597489,Nm,,
3822,441613,SENSOR,,SENSOR_READING,S03,,,,,,,,VIBRATION,1.16526,g,,
3823,441613,SENSOR,,SENSOR_READING,S03,,,,,,,,TEMPERATURE,60.5616,C,,
3824,441613,SENSOR,,SENSOR_READING,S03,,,,,,,,CURRENT,14.2659,A,,
3825,441613,SENSOR,,SENSOR_READING,S03,,,,,,,,TORQUE,53.9133,Nm,,
3826,441693,SENSOR,,SENSOR_READING,S21,,,,,,,,VIBRATION,0.14234,g,,
3827,441693,SENSOR,,SENSOR_READING,S21,,,,,,,,TEMPERATURE,39.5951,C,,
3828,442083,SENSOR,,SENSOR_READING,S16,,,,,,,,VIBRATION,0.201266,g,,
3829,442083,SENSOR,,SENSOR_READING,S16,,,,,,,,TEMPERATURE,39.1889,C,,
3830,442083,SENSOR,,SENSOR_READING,S16,,,,,,,,CURRENT,1.95006,A,,
3831,442083,SENSOR,,SENSOR_READING,S16,,,,,,,,TORQUE,0.414772,Nm,,
3832,442263,SENSOR,,SENSOR_READING,S01,,,,,,,,VIBRATION,1.15218,g,,
3833,442263,SENSOR,,SENSOR_READING,S01,,,,,,,,TEMPERATURE,61.5145,C,,
3834,442263,SENSOR,,SENSOR_READING,S01,,,,,,,,CURRENT,14.6149,A,,
3835,442263,SENSOR,,SENSOR_READING,S01,,,,,,,,TORQUE,54.8735,Nm,,
3836,443191,SENSOR,,SENSOR_READING,S06,,,,,,,,VIBRATION,0.894705,g,,
3837,443191,SENSOR,,SENSOR_READING,S06,,,,,,,,TEMPERATURE,55.2672,C,,
3838,443191,SENSOR,,SENSOR_READING,S06,,,,,,,,CURRENT,12.7974,A,,
3839,443191,SENSOR,,SENSOR_READING,S06,,,,,,,,TORQUE,43.3629,Nm,,
3840,443246,SENSOR,,SENSOR_READING,S10,,,,,,,,VIBRATION,0.405584,g,,
3841,443246,SENSOR,,SENSOR_READING,S10,,,,,,,,TEMPERATURE,41.2873,C,,
3842,444240,SENSOR,,SENSOR_READING,S05,,,,,,,,VIBRATION,1.33363,g,,
3843,444240,SENSOR,,SENSOR_READING,S05,,,,,,,,TEMPERATURE,61.3368,C,,
3844,444240,SENSOR,,SENSOR_READING,S05,,,,,,,,CURRENT,14.7441,A,,
3845,444240,SENSOR,,SENSOR_READING,S05,,,,,,,,TORQUE,56.2599,Nm,,
3846,444251,SENSOR,,SENSOR_READING,S20,,,,,,,,VIBRATION,0.218519,g,,
3847,444251,SENSOR,,SENSOR_READING,S20,,,,,,,,TEMPERATURE,39.2263,C,,
3848,444251,SENSOR,,SENSOR_READING,S20,,,,,,,,CURRENT,2.29428,A,,
3849,444251,SENSOR,,SENSOR_READING,S20,,,,,,,,TORQUE,0,Nm,,
3850,444364,SENSOR,,SENSOR_READING,S25,,,,,,,,VIBRATION,0.171923,g,,
3851,444364,SENSOR,,SENSOR_READING,S25,,,,,,,,TEMPERATURE,38.4685,C,,
3852,444364,SENSOR,,SENSOR_READING,S25,,,,,,,,CURRENT,2.27408,A,,
3853,444364,SENSOR,,SENSOR_READING,S25,,,,,,,,TORQUE,0,Nm,,
3854,444452,SENSOR,,SENSOR_READING,S19,,,,,,,,VIBRATION,0.167555,g,,
3855,444452,SENSOR,,SENSOR_READING,S19,,,,,,,,TEMPERATURE,39.1058,C,,
3856,444452,SENSOR,,SENSOR_READING,S19,,,,,,,,CURRENT,2.16691,A,,
3857,444452,SENSOR,,SENSOR_READING,S19,,,,,,,,TORQUE,0.282724,Nm,,
3858,445995,STATION,EV000182,PROCESSING_COMPLETED,S09,U000002,0,PROCESSING,,38752,,,,,,,
3859,445995,STATION,EV000183,UNIT_ARRIVED,S10,U000002,1,,,,,,,,,,
3860,445995,STATION,EV000184,PROCESSING_STARTED,S10,U000002,0,STARVED,PROCESSING,47848,,,,,,,
3861,446824,SENSOR,,SENSOR_READING,S15,,,,,,,,VIBRATION,0.149827,g,,
3862,446824,SENSOR,,SENSOR_READING,S15,,,,,,,,TEMPERATURE,39.287,C,,
3863,446824,SENSOR,,SENSOR_READING,S15,,,,,,,,CURRENT,2.3113,A,,
3864,446824,SENSOR,,SENSOR_READING,S15,,,,,,,,TORQUE,0.152433,Nm,,
3865,446905,SENSOR,,SENSOR_READING,S09,,,,,,,,VIBRATION,0.450854,g,,
3866,446905,SENSOR,,SENSOR_READING,S09,,,,,,,,TEMPERATURE,43.3461,C,,
3867,447493,SENSOR,,SENSOR_READING,S14,,,,,,,,VIBRATION,0.133085,g,,
3868,447493,SENSOR,,SENSOR_READING,S14,,,,,,,,TEMPERATURE,39.202,C,,
3869,448136,SENSOR,,SENSOR_READING,S07,,,,,,,,VIBRATION,1.13397,g,,
3870,448136,SENSOR,,SENSOR_READING,S07,,,,,,,,TEMPERATURE,59.3243,C,,
3871,448136,SENSOR,,SENSOR_READING,S07,,,,,,,,CURRENT,14.2544,A,,
3872,448136,SENSOR,,SENSOR_READING,S07,,,,,,,,TORQUE,55.5024,Nm,,
3873,448665,SENSOR,,SENSOR_READING,S11,,,,,,,,VIBRATION,1.09845,g,,
3874,448665,SENSOR,,SENSOR_READING,S11,,,,,,,,TEMPERATURE,44.3862,C,,
3875,448665,SENSOR,,SENSOR_READING,S11,,,,,,,,CURRENT,14.2107,A,,
3876,448665,SENSOR,,SENSOR_READING,S11,,,,,,,,TORQUE,49.7282,Nm,,
3877,449090,SENSOR,,SENSOR_READING,S22,,,,,,,,VIBRATION,0.180732,g,,
3878,449090,SENSOR,,SENSOR_READING,S22,,,,,,,,TEMPERATURE,39.0403,C,,
3879,449090,SENSOR,,SENSOR_READING,S22,,,,,,,,CURRENT,2.18982,A,,
3880,449090,SENSOR,,SENSOR_READING,S22,,,,,,,,TORQUE,0.283213,Nm,,
3881,449331,SENSOR,,SENSOR_READING,S29,,,,,,,,VIBRATION,0.151617,g,,
3882,449331,SENSOR,,SENSOR_READING,S29,,,,,,,,TEMPERATURE,39.1262,C,,
3883,449331,SENSOR,,SENSOR_READING,S29,,,,,,,,CURRENT,2.26659,A,,
3884,449331,SENSOR,,SENSOR_READING,S29,,,,,,,,TORQUE,1.00867,Nm,,
3885,449765,SENSOR,,SENSOR_READING,S31,,,,,,,,VIBRATION,0.164687,g,,
3886,449765,SENSOR,,SENSOR_READING,S31,,,,,,,,TEMPERATURE,38.8701,C,,
3887,449831,SENSOR,,SENSOR_READING,S28,,,,,,,,VIBRATION,0.145562,g,,
3888,449831,SENSOR,,SENSOR_READING,S28,,,,,,,,TEMPERATURE,38.9083,C,,
3889,449831,SENSOR,,SENSOR_READING,S28,,,,,,,,CURRENT,2.29686,A,,
3890,449831,SENSOR,,SENSOR_READING,S28,,,,,,,,TORQUE,0.247044,Nm,,
3891,450510,SENSOR,,SENSOR_READING,S26,,,,,,,,VIBRATION,0.186991,g,,
3892,450510,SENSOR,,SENSOR_READING,S26,,,,,,,,TEMPERATURE,38.8644,C,,
3893,450510,SENSOR,,SENSOR_READING,S26,,,,,,,,CURRENT,2.31542,A,,
3894,450510,SENSOR,,SENSOR_READING,S26,,,,,,,,TORQUE,0,Nm,,
3895,450783,SENSOR,,SENSOR_READING,S12,,,,,,,,VIBRATION,0.16178,g,,
3896,450783,SENSOR,,SENSOR_READING,S12,,,,,,,,TEMPERATURE,38.9728,C,,
3897,450783,SENSOR,,SENSOR_READING,S12,,,,,,,,CURRENT,2.25591,A,,
3898,450783,SENSOR,,SENSOR_READING,S12,,,,,,,,TORQUE,0,Nm,,
3899,450954,SENSOR,,SENSOR_READING,S23,,,,,,,,VIBRATION,0.165151,g,,
3900,450954,SENSOR,,SENSOR_READING,S23,,,,,,,,TEMPERATURE,38.6419,C,,
3901,450954,SENSOR,,SENSOR_READING,S23,,,,,,,,CURRENT,2.16865,A,,
3902,450954,SENSOR,,SENSOR_READING,S23,,,,,,,,TORQUE,0,Nm,,
3903,451018,SENSOR,,SENSOR_READING,S17,,,,,,,,VIBRATION,0.142487,g,,
3904,451018,SENSOR,,SENSOR_READING,S17,,,,,,,,TEMPERATURE,39.2886,C,,
3905,451018,SENSOR,,SENSOR_READING,S17,,,,,,,,CURRENT,2.32225,A,,
3906,451018,SENSOR,,SENSOR_READING,S17,,,,,,,,TORQUE,0,Nm,,
3907,451478,SENSOR,,SENSOR_READING,S03,,,,,,,,VIBRATION,1.16204,g,,
3908,451478,SENSOR,,SENSOR_READING,S03,,,,,,,,TEMPERATURE,60.5161,C,,
3909,451478,SENSOR,,SENSOR_READING,S03,,,,,,,,CURRENT,14.6606,A,,
3910,451478,SENSOR,,SENSOR_READING,S03,,,,,,,,TORQUE,54.2887,Nm,,
3911,451487,SENSOR,,SENSOR_READING,S02,,,,,,,,VIBRATION,1.16903,g,,
3912,451487,SENSOR,,SENSOR_READING,S02,,,,,,,,TEMPERATURE,60.6677,C,,
3913,451487,SENSOR,,SENSOR_READING,S02,,,,,,,,CURRENT,14.5231,A,,
3914,451487,SENSOR,,SENSOR_READING,S02,,,,,,,,TORQUE,55.0103,Nm,,
3915,452269,SENSOR,,SENSOR_READING,S16,,,,,,,,VIBRATION,0.0971247,g,,
3916,452269,SENSOR,,SENSOR_READING,S16,,,,,,,,TEMPERATURE,39.1193,C,,
3917,452269,SENSOR,,SENSOR_READING,S16,,,,,,,,CURRENT,2.07402,A,,
3918,452269,SENSOR,,SENSOR_READING,S16,,,,,,,,TORQUE,0.100063,Nm,,
3919,452937,SENSOR,,SENSOR_READING,S01,,,,,,,,VIBRATION,1.17848,g,,
3920,452937,SENSOR,,SENSOR_READING,S01,,,,,,,,TEMPERATURE,61.6694,C,,
3921,452937,SENSOR,,SENSOR_READING,S01,,,,,,,,CURRENT,14.2218,A,,
3922,452937,SENSOR,,SENSOR_READING,S01,,,,,,,,TORQUE,55.1418,Nm,,
3923,453003,SENSOR,,SENSOR_READING,S27,,,,,,,,VIBRATION,0.167906,g,,
3924,453003,SENSOR,,SENSOR_READING,S27,,,,,,,,TEMPERATURE,39.3113,C,,
3925,453613,SENSOR,,SENSOR_READING,S06,,,,,,,,VIBRATION,1.07001,g,,
3926,453613,SENSOR,,SENSOR_READING,S06,,,,,,,,TEMPERATURE,55.9323,C,,
3927,453613,SENSOR,,SENSOR_READING,S06,,,,,,,,CURRENT,14.2598,A,,
3928,453613,SENSOR,,SENSOR_READING,S06,,,,,,,,TORQUE,52.4655,Nm,,
3929,454051,SENSOR,,SENSOR_READING,S20,,,,,,,,VIBRATION,0.215173,g,,
3930,454051,SENSOR,,SENSOR_READING,S20,,,,,,,,TEMPERATURE,39.1545,C,,
3931,454051,SENSOR,,SENSOR_READING,S20,,,,,,,,CURRENT,2.15659,A,,
3932,454051,SENSOR,,SENSOR_READING,S20,,,,,,,,TORQUE,0,Nm,,
3933,454872,SENSOR,,SENSOR_READING,S19,,,,,,,,VIBRATION,0.18627,g,,
3934,454872,SENSOR,,SENSOR_READING,S19,,,,,,,,TEMPERATURE,39.0958,C,,
3935,454872,SENSOR,,SENSOR_READING,S19,,,,,,,,CURRENT,2.42242,A,,
3936,454872,SENSOR,,SENSOR_READING,S19,,,,,,,,TORQUE,0,Nm,,
3937,455100,SENSOR,,SENSOR_READING,S25,,,,,,,,VIBRATION,0.194662,g,,
3938,455100,SENSOR,,SENSOR_READING,S25,,,,,,,,TEMPERATURE,38.7909,C,,
3939,455100,SENSOR,,SENSOR_READING,S25,,,,,,,,CURRENT,1.93612,A,,
3940,455100,SENSOR,,SENSOR_READING,S25,,,,,,,,TORQUE,0,Nm,,
3941,455201,SENSOR,,SENSOR_READING,S32,,,,,,,,VIBRATION,0.212679,g,,
3942,455201,SENSOR,,SENSOR_READING,S32,,,,,,,,TEMPERATURE,38.9536,C,,
3943,455233,SENSOR,,SENSOR_READING,S05,,,,,,,,VIBRATION,1.29876,g,,
3944,455233,SENSOR,,SENSOR_READING,S05,,,,,,,,TEMPERATURE,61.6684,C,,
3945,455233,SENSOR,,SENSOR_READING,S05,,,,,,,,CURRENT,14.5643,A,,
3946,455233,SENSOR,,SENSOR_READING,S05,,,,,,,,TORQUE,56.0788,Nm,,
3947,456698,SENSOR,,SENSOR_READING,S15,,,,,,,,VIBRATION,0.223001,g,,
3948,456698,SENSOR,,SENSOR_READING,S15,,,,,,,,TEMPERATURE,39.1344,C,,
3949,456698,SENSOR,,SENSOR_READING,S15,,,,,,,,CURRENT,2.2411,A,,
3950,456698,SENSOR,,SENSOR_READING,S15,,,,,,,,TORQUE,0,Nm,,
3951,456982,SENSOR,,SENSOR_READING,S07,,,,,,,,VIBRATION,1.17091,g,,
3952,456982,SENSOR,,SENSOR_READING,S07,,,,,,,,TEMPERATURE,59.6804,C,,
3953,456982,SENSOR,,SENSOR_READING,S07,,,,,,,,CURRENT,14.6465,A,,
3954,456982,SENSOR,,SENSOR_READING,S07,,,,,,,,TORQUE,55.3477,Nm,,
3955,458429,SENSOR,,SENSOR_READING,S22,,,,,,,,VIBRATION,0.124117,g,,
3956,458429,SENSOR,,SENSOR_READING,S22,,,,,,,,TEMPERATURE,38.7067,C,,
3957,458429,SENSOR,,SENSOR_READING,S22,,,,,,,,CURRENT,2.27823,A,,
3958,458429,SENSOR,,SENSOR_READING,S22,,,,,,,,TORQUE,0.311342,Nm,,
3959,459528,SENSOR,,SENSOR_READING,S11,,,,,,,,VIBRATION,1.19207,g,,
3960,459528,SENSOR,,SENSOR_READING,S11,,,,,,,,TEMPERATURE,46.5134,C,,
3961,459528,SENSOR,,SENSOR_READING,S11,,,,,,,,CURRENT,14.5,A,,
3962,459528,SENSOR,,SENSOR_READING,S11,,,,,,,,TORQUE,52.9405,Nm,,
3963,459880,SENSOR,,SENSOR_READING,S28,,,,,,,,VIBRATION,0.166754,g,,
3964,459880,SENSOR,,SENSOR_READING,S28,,,,,,,,TEMPERATURE,38.8532,C,,
3965,459880,SENSOR,,SENSOR_READING,S28,,,,,,,,CURRENT,2.27258,A,,
3966,459880,SENSOR,,SENSOR_READING,S28,,,,,,,,TORQUE,0.291438,Nm,,
3967,460251,SENSOR,,SENSOR_READING,S26,,,,,,,,VIBRATION,0.214113,g,,
3968,460251,SENSOR,,SENSOR_READING,S26,,,,,,,,TEMPERATURE,38.9393,C,,
3969,460251,SENSOR,,SENSOR_READING,S26,,,,,,,,CURRENT,2.19579,A,,
3970,460251,SENSOR,,SENSOR_READING,S26,,,,,,,,TORQUE,0,Nm,,
3971,460322,SENSOR,,SENSOR_READING,S29,,,,,,,,VIBRATION,0.199694,g,,
3972,460322,SENSOR,,SENSOR_READING,S29,,,,,,,,TEMPERATURE,38.9789,C,,
3973,460322,SENSOR,,SENSOR_READING,S29,,,,,,,,CURRENT,2.19691,A,,
3974,460322,SENSOR,,SENSOR_READING,S29,,,,,,,,TORQUE,0.0908293,Nm,,
3975,460425,STATION,EV000185,PROCESSING_COMPLETED,S04,U000008,1,PROCESSING,,48462,,,,,,,
3976,460425,STATION,EV000186,UNIT_ARRIVED,S05,U000008,1,,,,,,,,,,
3977,460425,STATION,EV000187,PROCESSING_STARTED,S04,U000009,0,IDLE,PROCESSING,49559,,,,,,,
3978,460866,SENSOR,,SENSOR_READING,S17,,,,,,,,VIBRATION,0.187102,g,,
3979,460866,SENSOR,,SENSOR_READING,S17,,,,,,,,TEMPERATURE,39.0403,C,,
3980,460866,SENSOR,,SENSOR_READING,S17,,,,,,,,CURRENT,2.10856,A,,
3981,460866,SENSOR,,SENSOR_READING,S17,,,,,,,,TORQUE,0.292587,Nm,,
3982,460971,SENSOR,,SENSOR_READING,S23,,,,,,,,VIBRATION,0.206597,g,,
3983,460971,SENSOR,,SENSOR_READING,S23,,,,,,,,TEMPERATURE,38.8921,C,,
3984,460971,SENSOR,,SENSOR_READING,S23,,,,,,,,CURRENT,2.26087,A,,
3985,460971,SENSOR,,SENSOR_READING,S23,,,,,,,,TORQUE,0.332528,Nm,,
3986,461036,SENSOR,,SENSOR_READING,S03,,,,,,,,VIBRATION,1.17835,g,,
3987,461036,SENSOR,,SENSOR_READING,S03,,,,,,,,TEMPERATURE,60.4211,C,,
3988,461036,SENSOR,,SENSOR_READING,S03,,,,,,,,CURRENT,14.6111,A,,
3989,461036,SENSOR,,SENSOR_READING,S03,,,,,,,,TORQUE,54.3246,Nm,,
3990,461041,STATION,EV000188,PROCESSING_COMPLETED,S01,U000013,0,PROCESSING,,31564,,,,,,,
3991,461041,STATION,EV000189,UNIT_ARRIVED,S02,U000013,2,,,,,,,,,,
3992,461041,STATION,EV000190,PROCESSING_STARTED,S01,U000014,0,IDLE,PROCESSING,37034,,,,,,,
3993,461186,SENSOR,,SENSOR_READING,S12,,,,,,,,VIBRATION,0.162423,g,,
3994,461186,SENSOR,,SENSOR_READING,S12,,,,,,,,TEMPERATURE,38.9746,C,,
3995,461186,SENSOR,,SENSOR_READING,S12,,,,,,,,CURRENT,2.24252,A,,
3996,461186,SENSOR,,SENSOR_READING,S12,,,,,,,,TORQUE,0.155359,Nm,,
3997,462476,SENSOR,,SENSOR_READING,S01,,,,,,,,VIBRATION,1.20724,g,,
3998,462476,SENSOR,,SENSOR_READING,S01,,,,,,,,TEMPERATURE,61.7342,C,,
3999,462476,SENSOR,,SENSOR_READING,S01,,,,,,,,CURRENT,14.3819,A,,
4000,462476,SENSOR,,SENSOR_READING,S01,,,,,,,,TORQUE,54.3813,Nm,,
4001,462495,SENSOR,,SENSOR_READING,S02,,,,,,,,VIBRATION,1.19919,g,,
4002,462495,SENSOR,,SENSOR_READING,S02,,,,,,,,TEMPERATURE,60.7368,C,,
4003,462495,SENSOR,,SENSOR_READING,S02,,,,,,,,CURRENT,14.4413,A,,
4004,462495,SENSOR,,SENSOR_READING,S02,,,,,,,,TORQUE,55.5622,Nm,,
4005,462770,STATION,EV000191,PROCESSING_COMPLETED,S08,U000003,1,PROCESSING,,55527,,,,,,,
4006,462770,MANUAL,,MANUAL_CHECK,S08,U000003,,,,,,,,,,VISUAL_ALIGNMENT,PASS
4007,462770,STATION,EV000192,UNIT_ARRIVED,S09,U000003,1,,,,,,,,,,
4008,462770,STATION,EV000193,PROCESSING_STARTED,S09,U000003,0,STARVED,PROCESSING,48058,,,,,,,
4009,462770,STATION,EV000194,PROCESSING_STARTED,S08,U000004,0,IDLE,PROCESSING,47877,,,,,,,
4010,462791,SENSOR,,SENSOR_READING,S16,,,,,,,,VIBRATION,0.223847,g,,
4011,462791,SENSOR,,SENSOR_READING,S16,,,,,,,,TEMPERATURE,39.1257,C,,
4012,462791,SENSOR,,SENSOR_READING,S16,,,,,,,,CURRENT,1.99278,A,,
4013,462791,SENSOR,,SENSOR_READING,S16,,,,,,,,TORQUE,0.35943,Nm,,
4014,464246,SENSOR,,SENSOR_READING,S05,,,,,,,,VIBRATION,1.26908,g,,
4015,464246,SENSOR,,SENSOR_READING,S05,,,,,,,,TEMPERATURE,61.8097,C,,
4016,464246,SENSOR,,SENSOR_READING,S05,,,,,,,,CURRENT,14.493,A,,
4017,464246,SENSOR,,SENSOR_READING,S05,,,,,,,,TORQUE,55.4396,Nm,,
4018,464318,SENSOR,,SENSOR_READING,S19,,,,,,,,VIBRATION,0.195648,g,,
4019,464318,SENSOR,,SENSOR_READING,S19,,,,,,,,TEMPERATURE,39.1789,C,,
4020,464318,SENSOR,,SENSOR_READING,S19,,,,,,,,CURRENT,2.29948,A,,
4021,464318,SENSOR,,SENSOR_READING,S19,,,,,,,,TORQUE,0.0470896,Nm,,
4022,464534,SENSOR,,SENSOR_READING,S20,,,,,,,,VIBRATION,0.133328,g,,
4023,464534,SENSOR,,SENSOR_READING,S20,,,,,,,,TEMPERATURE,38.9322,C,,
4024,464534,SENSOR,,SENSOR_READING,S20,,,,,,,,CURRENT,2.16523,A,,
4025,464534,SENSOR,,SENSOR_READING,S20,,,,,,,,TORQUE,0.886995,Nm,,
4026,464721,SENSOR,,SENSOR_READING,S04,,,,,,,,VIBRATION,1.15273,g,,
4027,464721,SENSOR,,SENSOR_READING,S04,,,,,,,,TEMPERATURE,55.9996,C,,
4028,464755,SENSOR,,SENSOR_READING,S06,,,,,,,,VIBRATION,1.05996,g,,
4029,464755,SENSOR,,SENSOR_READING,S06,,,,,,,,TEMPERATURE,56.5092,C,,
4030,464755,SENSOR,,SENSOR_READING,S06,,,,,,,,CURRENT,14.4364,A,,
4031,464755,SENSOR,,SENSOR_READING,S06,,,,,,,,TORQUE,53.9543,Nm,,
4032,465409,SENSOR,,SENSOR_READING,S25,,,,,,,,VIBRATION,0.178189,g,,
4033,465409,SENSOR,,SENSOR_READING,S25,,,,,,,,TEMPERATURE,38.918,C,,
4034,465409,SENSOR,,SENSOR_READING,S25,,,,,,,,CURRENT,2.17828,A,,
4035,465409,SENSOR,,SENSOR_READING,S25,,,,,,,,TORQUE,0.68625,Nm,,
4036,466005,SENSOR,,SENSOR_READING,S07,,,,,,,,VIBRATION,1.15844,g,,
4037,466005,SENSOR,,SENSOR_READING,S07,,,,,,,,TEMPERATURE,59.8397,C,,
4038,466005,SENSOR,,SENSOR_READING,S07,,,,,,,,CURRENT,14.5939,A,,
4039,466005,SENSOR,,SENSOR_READING,S07,,,,,,,,TORQUE,55.1429,Nm,,
4040,466626,SENSOR,,SENSOR_READING,S15,,,,,,,,VIBRATION,0.178821,g,,
4041,466626,SENSOR,,SENSOR_READING,S15,,,,,,,,TEMPERATURE,39.4724,C,,
4042,466626,SENSOR,,SENSOR_READING,S15,,,,,,,,CURRENT,2.03197,A,,
4043,466626,SENSOR,,SENSOR_READING,S15,,,,,,,,TORQUE,0.420032,Nm,,
4044,468526,SENSOR,,SENSOR_READING,S22,,,,,,,,VIBRATION,0.160227,g,,
4045,468526,SENSOR,,SENSOR_READING,S22,,,,,,,,TEMPERATURE,38.5808,C,,
4046,468526,SENSOR,,SENSOR_READING,S22,,,,,,,,CURRENT,2.08237,A,,
4047,468526,SENSOR,,SENSOR_READING,S22,,,,,,,,TORQUE,0,Nm,,
4048,470008,SENSOR,,SENSOR_READING,S26,,,,,,,,VIBRATION,0.177261,g,,
4049,470008,SENSOR,,SENSOR_READING,S26,,,,,,,,TEMPERATURE,38.9224,C,,
4050,470008,SENSOR,,SENSOR_READING,S26,,,,,,,,CURRENT,2.30908,A,,
4051,470008,SENSOR,,SENSOR_READING,S26,,,,,,,,TORQUE,0,Nm,,
4052,470029,SENSOR,,SENSOR_READING,S12,,,,,,,,VIBRATION,0.185872,g,,
4053,470029,SENSOR,,SENSOR_READING,S12,,,,,,,,TEMPERATURE,39.0877,C,,
4054,470029,SENSOR,,SENSOR_READING,S12,,,,,,,,CURRENT,2.12507,A,,
4055,470029,SENSOR,,SENSOR_READING,S12,,,,,,,,TORQUE,0.0722421,Nm,,
4056,470186,SENSOR,,SENSOR_READING,S03,,,,,,,,VIBRATION,1.13033,g,,
4057,470186,SENSOR,,SENSOR_READING,S03,,,,,,,,TEMPERATURE,60.7503,C,,
4058,470186,SENSOR,,SENSOR_READING,S03,,,,,,,,CURRENT,14.5744,A,,
4059,470186,SENSOR,,SENSOR_READING,S03,,,,,,,,TORQUE,55.683,Nm,,
4060,470620,SENSOR,,SENSOR_READING,S11,,,,,,,,VIBRATION,1.21993,g,,
4061,470620,SENSOR,,SENSOR_READING,S11,,,,,,,,TEMPERATURE,48.1823,C,,
4062,470620,SENSOR,,SENSOR_READING,S11,,,,,,,,CURRENT,14.6612,A,,
4063,470620,SENSOR,,SENSOR_READING,S11,,,,,,,,TORQUE,55.4049,Nm,,
4064,470736,SENSOR,,SENSOR_READING,S21,,,,,,,,VIBRATION,0.158379,g,,
4065,470736,SENSOR,,SENSOR_READING,S21,,,,,,,,TEMPERATURE,39.323,C,,
4066,470863,STATION,EV000195,PROCESSING_COMPLETED,S06,U000006,0,PROCESSING,,37229,,,,,,,
4067,470863,STATION,EV000196,UNIT_ARRIVED,S07,U000006,1,,,,,,,,,,
4068,471069,SENSOR,,SENSOR_READING,S28,,,,,,,,VIBRATION,0.203119,g,,
4069,471069,SENSOR,,SENSOR_READING,S28,,,,,,,,TEMPERATURE,38.882,C,,
4070,471069,SENSOR,,SENSOR_READING,S28,,,,,,,,CURRENT,2.19083,A,,
4071,471069,SENSOR,,SENSOR_READING,S28,,,,,,,,TORQUE,0,Nm,,
4072,471438,SENSOR,,SENSOR_READING,S17,,,,,,,,VIBRATION,0.201765,g,,
4073,471438,SENSOR,,SENSOR_READING,S17,,,,,,,,TEMPERATURE,39.1109,C,,
4074,471438,SENSOR,,SENSOR_READING,S17,,,,,,,,CURRENT,2.22863,A,,
4075,471438,SENSOR,,SENSOR_READING,S17,,,,,,,,TORQUE,0.0456946,Nm,,
4076,471462,SENSOR,,SENSOR_READING,S29,,,,,,,,VIBRATION,0.158329,g,,
4077,471462,SENSOR,,SENSOR_READING,S29,,,,,,,,TEMPERATURE,38.8391,C,,
4078,471462,SENSOR,,SENSOR_READING,S29,,,,,,,,CURRENT,2.07141,A,,
4079,471462,SENSOR,,SENSOR_READING,S29,,,,,,,,TORQUE,0.317528,Nm,,
4080,471710,SENSOR,,SENSOR_READING,S23,,,,,,,,VIBRATION,0.187105,g,,
4081,471710,SENSOR,,SENSOR_READING,S23,,,,,,,,TEMPERATURE,38.8872,C,,
4082,471710,SENSOR,,SENSOR_READING,S23,,,,,,,,CURRENT,2.08108,A,,
4083,471710,SENSOR,,SENSOR_READING,S23,,,,,,,,TORQUE,0,Nm,,
4084,472193,SENSOR,,SENSOR_READING,S10,,,,,,,,VIBRATION,0.885032,g,,
4085,472193,SENSOR,,SENSOR_READING,S10,,,,,,,,TEMPERATURE,43.864,C,,
4086,472715,SENSOR,,SENSOR_READING,S16,,,,,,,,VIBRATION,0.240279,g,,
4087,472715,SENSOR,,SENSOR_READING,S16,,,,,,,,TEMPERATURE,39.2674,C,,
4088,472715,SENSOR,,SENSOR_READING,S16,,,,,,,,CURRENT,2.34803,A,,
4089,472715,SENSOR,,SENSOR_READING,S16,,,,,,,,TORQUE,0,Nm,,
4090,472885,SENSOR,,SENSOR_READING,S01,,,,,,,,VIBRATION,1.18467,g,,
4091,472885,SENSOR,,SENSOR_READING,S01,,,,,,,,TEMPERATURE,61.5386,C,,
4092,472885,SENSOR,,SENSOR_READING,S01,,,,,,,,CURRENT,14.5028,A,,
4093,472885,SENSOR,,SENSOR_READING,S01,,,,,,,,TORQUE,56.0292,Nm,,
4094,473187,SENSOR,,SENSOR_READING,S02,,,,,,,,VIBRATION,1.14254,g,,
4095,473187,SENSOR,,SENSOR_READING,S02,,,,,,,,TEMPERATURE,60.9145,C,,
4096,473187,SENSOR,,SENSOR_READING,S02,,,,,,,,CURRENT,14.4366,A,,
4097,473187,SENSOR,,SENSOR_READING,S02,,,,,,,,TORQUE,55.5769,Nm,,
4098,473783,SENSOR,,SENSOR_READING,S20,,,,,,,,VIBRATION,0.135309,g,,
4099,473783,SENSOR,,SENSOR_READING,S20,,,,,,,,TEMPERATURE,38.7669,C,,
4100,473783,SENSOR,,SENSOR_READING,S20,,,,,,,,CURRENT,2.37773,A,,
4101,473783,SENSOR,,SENSOR_READING,S20,,,,,,,,TORQUE,0.413621,Nm,,
4102,473968,SENSOR,,SENSOR_READING,S09,,,,,,,,VIBRATION,0.921683,g,,
4103,473968,SENSOR,,SENSOR_READING,S09,,,,,,,,TEMPERATURE,45.2774,C,,
4104,474055,SENSOR,,SENSOR_READING,S14,,,,,,,,VIBRATION,0.188113,g,,
4105,474055,SENSOR,,SENSOR_READING,S14,,,,,,,,TEMPERATURE,39.1136,C,,
4106,474178,SENSOR,,SENSOR_READING,S05,,,,,,,,VIBRATION,1.29438,g,,
4107,474178,SENSOR,,SENSOR_READING,S05,,,,,,,,TEMPERATURE,61.418,C,,
4108,474178,SENSOR,,SENSOR_READING,S05,,,,,,,,CURRENT,14.4575,A,,
4109,474178,SENSOR,,SENSOR_READING,S05,,,,,,,,TORQUE,55.6709,Nm,,
4110,474264,STATION,EV000197,PROCESSING_COMPLETED,S02,U000011,2,PROCESSING,,43080,,,,,,,
4111,474264,STATION,EV000198,UNIT_ARRIVED,S03,U000011,1,,,,,,,,,,
4112,474264,STATION,EV000199,PROCESSING_STARTED,S02,U000012,1,IDLE,PROCESSING,38911,,,,,,,
4113,474487,SENSOR,,SENSOR_READING,S19,,,,,,,,VIBRATION,0.224699,g,,
4114,474487,SENSOR,,SENSOR_READING,S19,,,,,,,,TEMPERATURE,39.4311,C,,
4115,474487,SENSOR,,SENSOR_READING,S19,,,,,,,,CURRENT,2.25197,A,,
4116,474487,SENSOR,,SENSOR_READING,S19,,,,,,,,TORQUE,0,Nm,,
4117,475149,STATION,EV000200,PROCESSING_COMPLETED,S11,U000001,0,PROCESSING,,38322,,,,,,,
4118,475149,STATION,EV000201,DARK_ZONE_ENTERED,S12,U000001,1,,,,DZ_BODY_01,,,,,,
4119,475876,SENSOR,,SENSOR_READING,S06,,,,,,,,VIBRATION,0.463472,g,,
4120,475876,SENSOR,,SENSOR_READING,S06,,,,,,,,TEMPERATURE,54.3701,C,,
4121,475876,SENSOR,,SENSOR_READING,S06,,,,,,,,CURRENT,3.96939,A,,
4122,475876,SENSOR,,SENSOR_READING,S06,,,,,,,,TORQUE,15.8182,Nm,,
4123,475905,SENSOR,,SENSOR_READING,S25,,,,,,,,VIBRATION,0.143633,g,,
4124,475905,SENSOR,,SENSOR_READING,S25,,,,,,,,TEMPERATURE,38.9694,C,,
4125,475905,SENSOR,,SENSOR_READING,S25,,,,,,,,CURRENT,2.19757,A,,
4126,475905,SENSOR,,SENSOR_READING,S25,,,,,,,,TORQUE,0.29169,Nm,,
4127,476867,SENSOR,,SENSOR_READING,S15,,,,,,,,VIBRATION,0.151341,g,,
4128,476867,SENSOR,,SENSOR_READING,S15,,,,,,,,TEMPERATURE,39.0994,C,,
4129,476867,SENSOR,,SENSOR_READING,S15,,,,,,,,CURRENT,1.97859,A,,
4130,476867,SENSOR,,SENSOR_READING,S15,,,,,,,,TORQUE,0.477672,Nm,,
4131,477095,SENSOR,,SENSOR_READING,S07,,,,,,,,VIBRATION,1.17528,g,,
4132,477095,SENSOR,,SENSOR_READING,S07,,,,,,,,TEMPERATURE,59.4814,C,,
4133,477095,SENSOR,,SENSOR_READING,S07,,,,,,,,CURRENT,14.3961,A,,
4134,477095,SENSOR,,SENSOR_READING,S07,,,,,,,,TORQUE,55.9761,Nm,,
4135,477951,STATION,EV000202,PROCESSING_COMPLETED,S03,U000010,1,PROCESSING,,42143,,,,,,,
4136,477951,STATION,EV000203,UNIT_ARRIVED,S04,U000010,1,,,,,,,,,,
4137,477951,STATION,EV000204,PROCESSING_STARTED,S03,U000011,0,IDLE,PROCESSING,43543,,,,,,,
4138,479303,STATION,EV000205,PROCESSING_COMPLETED,S05,U000007,1,PROCESSING,,45669,,,,,,,
4139,479303,STATION,EV000206,UNIT_ARRIVED,S06,U000007,1,,,,,,,,,,
4140,479303,STATION,EV000207,PROCESSING_STARTED,S06,U000007,0,STARVED,PROCESSING,39040,,,,,,,
4141,479303,STATION,EV000208,PROCESSING_STARTED,S05,U000008,0,IDLE,PROCESSING,46929,,,,,,,
4142,479369,SENSOR,,SENSOR_READING,S22,,,,,,,,VIBRATION,0.131108,g,,
4143,479369,SENSOR,,SENSOR_READING,S22,,,,,,,,TEMPERATURE,38.3953,C,,
4144,479369,SENSOR,,SENSOR_READING,S22,,,,,,,,CURRENT,2.2042,A,,
4145,479369,SENSOR,,SENSOR_READING,S22,,,,,,,,TORQUE,0.58785,Nm,,
4146,479622,SENSOR,,SENSOR_READING,S31,,,,,,,,VIBRATION,0.152367,g,,
4147,479622,SENSOR,,SENSOR_READING,S31,,,,,,,,TEMPERATURE,38.7958,C,,
4148,479628,SENSOR,,SENSOR_READING,S03,,,,,,,,VIBRATION,1.0586,g,,
4149,479628,SENSOR,,SENSOR_READING,S03,,,,,,,,TEMPERATURE,60.7727,C,,
4150,479628,SENSOR,,SENSOR_READING,S03,,,,,,,,CURRENT,14.4622,A,,
4151,479628,SENSOR,,SENSOR_READING,S03,,,,,,,,TORQUE,55.1388,Nm,,
4152,480184,SENSOR,,SENSOR_READING,S26,,,,,,,,VIBRATION,0.182095,g,,
4153,480184,SENSOR,,SENSOR_READING,S26,,,,,,,,TEMPERATURE,39.2902,C,,
4154,480184,SENSOR,,SENSOR_READING,S26,,,,,,,,CURRENT,2.24753,A,,
4155,480184,SENSOR,,SENSOR_READING,S26,,,,,,,,TORQUE,0,Nm,,
4156,480431,SENSOR,,SENSOR_READING,S27,,,,,,,,VIBRATION,0.181272,g,,
4157,480431,SENSOR,,SENSOR_READING,S27,,,,,,,,TEMPERATURE,39.375,C,,
4158,480784,SENSOR,,SENSOR_READING,S12,,,,,,,,VIBRATION,0.850957,g,,
4159,480784,SENSOR,,SENSOR_READING,S12,,,,,,,,TEMPERATURE,41.7401,C,,
4160,480784,SENSOR,,SENSOR_READING,S12,,,,,,,,CURRENT,12.4949,A,,
4161,480784,SENSOR,,SENSOR_READING,S12,,,,,,,,TORQUE,39.1897,Nm,,
4162,481193,SENSOR,,SENSOR_READING,S11,,,,,,,,VIBRATION,0.631424,g,,
4163,481193,SENSOR,,SENSOR_READING,S11,,,,,,,,TEMPERATURE,47.238,C,,
4164,481193,SENSOR,,SENSOR_READING,S11,,,,,,,,CURRENT,4.17594,A,,
4165,481193,SENSOR,,SENSOR_READING,S11,,,,,,,,TORQUE,16.3189,Nm,,
4166,481491,SENSOR,,SENSOR_READING,S29,,,,,,,,VIBRATION,0.215898,g,,
4167,481491,SENSOR,,SENSOR_READING,S29,,,,,,,,TEMPERATURE,39.1442,C,,
4168,481491,SENSOR,,SENSOR_READING,S29,,,,,,,,CURRENT,2.25547,A,,
4169,481491,SENSOR,,SENSOR_READING,S29,,,,,,,,TORQUE,0,Nm,,
4170,481725,SENSOR,,SENSOR_READING,S28,,,,,,,,VIBRATION,0.183044,g,,
4171,481725,SENSOR,,SENSOR_READING,S28,,,,,,,,TEMPERATURE,39.0121,C,,
4172,481725,SENSOR,,SENSOR_READING,S28,,,,,,,,CURRENT,2.33144,A,,
4173,481725,SENSOR,,SENSOR_READING,S28,,,,,,,,TORQUE,0.284787,Nm,,
4174,481970,SENSOR,,SENSOR_READING,S16,,,,,,,,VIBRATION,0.188851,g,,
4175,481970,SENSOR,,SENSOR_READING,S16,,,,,,,,TEMPERATURE,39.4442,C,,
4176,481970,SENSOR,,SENSOR_READING,S16,,,,,,,,CURRENT,2.33707,A,,
4177,481970,SENSOR,,SENSOR_READING,S16,,,,,,,,TORQUE,0,Nm,,
4178,482062,SENSOR,,SENSOR_READING,S17,,,,,,,,VIBRATION,0.214282,g,,
4179,482062,SENSOR,,SENSOR_READING,S17,,,,,,,,TEMPERATURE,39.2069,C,,
4180,482062,SENSOR,,SENSOR_READING,S17,,,,,,,,CURRENT,2.30608,A,,
4181,482062,SENSOR,,SENSOR_READING,S17,,,,,,,,TORQUE,0,Nm,,
4182,482279,SENSOR,,SENSOR_READING,S01,,,,,,,,VIBRATION,1.25016,g,,
4183,482279,SENSOR,,SENSOR_READING,S01,,,,,,,,TEMPERATURE,61.4458,C,,
4184,482279,SENSOR,,SENSOR_READING,S01,,,,,,,,CURRENT,14.316,A,,
4185,482279,SENSOR,,SENSOR_READING,S01,,,,,,,,TORQUE,55.3726,Nm,,
4186,482468,SENSOR,,SENSOR_READING,S23,,,,,,,,VIBRATION,0.196888,g,,
4187,482468,SENSOR,,SENSOR_READING,S23,,,,,,,,TEMPERATURE,38.8522,C,,
4188,482468,SENSOR,,SENSOR_READING,S23,,,,,,,,CURRENT,2.07276,A,,
4189,482468,SENSOR,,SENSOR_READING,S23,,,,,,,,TORQUE,0.211711,Nm,,
4190,482771,STATION,EV000209,PROCESSING_COMPLETED,S07,U000005,1,PROCESSING,,46221,,,,,,,
4191,482771,STATION,EV000210,UNIT_ARRIVED,S08,U000005,1,,,,,,,,,,
4192,482771,STATION,EV000211,PROCESSING_STARTED,S07,U000006,0,IDLE,PROCESSING,53940,,,,,,,
4193,483388,SENSOR,,SENSOR_READING,S02,,,,,,,,VIBRATION,1.0779,g,,
4194,483388,SENSOR,,SENSOR_READING,S02,,,,,,,,TEMPERATURE,60.9035,C,,
4195,483388,SENSOR,,SENSOR_READING,S02,,,,,,,,CURRENT,14.666,A,,
4196,483388,SENSOR,,SENSOR_READING,S02,,,,,,,,TORQUE,55.3561,Nm,,
4197,484311,SENSOR,,SENSOR_READING,S05,,,,,,,,VIBRATION,1.22856,g,,
4198,484311,SENSOR,,SENSOR_READING,S05,,,,,,,,TEMPERATURE,61.4014,C,,
4199,484311,SENSOR,,SENSOR_READING,S05,,,,,,,,CURRENT,14.8005,A,,
4200,484311,SENSOR,,SENSOR_READING,S05,,,,,,,,TORQUE,55.5993,Nm,,
4201,484379,SENSOR,,SENSOR_READING,S20,,,,,,,,VIBRATION,0.168451,g,,
4202,484379,SENSOR,,SENSOR_READING,S20,,,,,,,,TEMPERATURE,39.1281,C,,
4203,484379,SENSOR,,SENSOR_READING,S20,,,,,,,,CURRENT,2.20826,A,,
4204,484379,SENSOR,,SENSOR_READING,S20,,,,,,,,TORQUE,0,Nm,,
4205,484831,SENSOR,,SENSOR_READING,S19,,,,,,,,VIBRATION,0.177487,g,,
4206,484831,SENSOR,,SENSOR_READING,S19,,,,,,,,TEMPERATURE,39.5472,C,,
4207,484831,SENSOR,,SENSOR_READING,S19,,,,,,,,CURRENT,2.39411,A,,
4208,484831,SENSOR,,SENSOR_READING,S19,,,,,,,,TORQUE,0,Nm,,
4209,485560,SENSOR,,SENSOR_READING,S06,,,,,,,,VIBRATION,0.840102,g,,
4210,485560,SENSOR,,SENSOR_READING,S06,,,,,,,,TEMPERATURE,55.2023,C,,
4211,485560,SENSOR,,SENSOR_READING,S06,,,,,,,,CURRENT,12.9678,A,,
4212,485560,SENSOR,,SENSOR_READING,S06,,,,,,,,TORQUE,43.991,Nm,,
4213,486383,SENSOR,,SENSOR_READING,S25,,,,,,,,VIBRATION,0.136284,g,,
4214,486383,SENSOR,,SENSOR_READING,S25,,,,,,,,TEMPERATURE,38.5991,C,,
4215,486383,SENSOR,,SENSOR_READING,S25,,,,,,,,CURRENT,2.07443,A,,
4216,486383,SENSOR,,SENSOR_READING,S25,,,,,,,,TORQUE,0,Nm,,
4217,486768,SENSOR,,SENSOR_READING,S15,,,,,,,,VIBRATION,0.127551,g,,
4218,486768,SENSOR,,SENSOR_READING,S15,,,,,,,,TEMPERATURE,39.1218,C,,
4219,486768,SENSOR,,SENSOR_READING,S15,,,,,,,,CURRENT,2.07138,A,,
4220,486768,SENSOR,,SENSOR_READING,S15,,,,,,,,TORQUE,0.176242,Nm,,
4221,486774,SENSOR,,SENSOR_READING,S07,,,,,,,,VIBRATION,1.17016,g,,
4222,486774,SENSOR,,SENSOR_READING,S07,,,,,,,,TEMPERATURE,59.8952,C,,
4223,486774,SENSOR,,SENSOR_READING,S07,,,,,,,,CURRENT,14.437,A,,
4224,486774,SENSOR,,SENSOR_READING,S07,,,,,,,,TORQUE,55.5919,Nm,,
4225,488354,SENSOR,,SENSOR_READING,S32,,,,,,,,VIBRATION,0.210717,g,,
4226,488354,SENSOR,,SENSOR_READING,S32,,,,,,,,TEMPERATURE,38.8134,C,,
4227,488806,SENSOR,,SENSOR_READING,S03,,,,,,,,VIBRATION,1.18546,g,,
4228,488806,SENSOR,,SENSOR_READING,S03,,,,,,,,TEMPERATURE,60.9621,C,,
4229,488806,SENSOR,,SENSOR_READING,S03,,,,,,,,CURRENT,14.3465,A,,
4230,488806,SENSOR,,SENSOR_READING,S03,,,,,,,,TORQUE,55.6568,Nm,,
4231,490248,SENSOR,,SENSOR_READING,S26,,,,,,,,VIBRATION,0.180084,g,,
4232,490248,SENSOR,,SENSOR_READING,S26,,,,,,,,TEMPERATURE,39.1621,C,,
4233,490248,SENSOR,,SENSOR_READING,S26,,,,,,,,CURRENT,2.22447,A,,
4234,490248,SENSOR,,SENSOR_READING,S26,,,,,,,,TORQUE,0.304608,Nm,,
4235,490346,SENSOR,,SENSOR_READING,S29,,,,,,,,VIBRATION,0.203388,g,,
4236,490346,SENSOR,,SENSOR_READING,S29,,,,,,,,TEMPERATURE,39.2027,C,,
4237,490346,SENSOR,,SENSOR_READING,S29,,,,,,,,CURRENT,2.16651,A,,
4238,490346,SENSOR,,SENSOR_READING,S29,,,,,,,,TORQUE,0,Nm,,
4239,490386,SENSOR,,SENSOR_READING,S22,,,,,,,,VIBRATION,0.213755,g,,
4240,490386,SENSOR,,SENSOR_READING,S22,,,,,,,,TEMPERATURE,38.3452,C,,
4241,490386,SENSOR,,SENSOR_READING,S22,,,,,,,,CURRENT,2.03425,A,,
4242,490386,SENSOR,,SENSOR_READING,S22,,,,,,,,TORQUE,0.928596,Nm,,
4243,491310,SENSOR,,SENSOR_READING,S12,,,,,,,,VIBRATION,0.993522,g,,
4244,491310,SENSOR,,SENSOR_READING,S12,,,,,,,,TEMPERATURE,44.1354,C,,
4245,491310,SENSOR,,SENSOR_READING,S12,,,,,,,,CURRENT,14.338,A,,
4246,491310,SENSOR,,SENSOR_READING,S12,,,,,,,,TORQUE,50.1025,Nm,,
4247,491604,SENSOR,,SENSOR_READING,S28,,,,,,,,VIBRATION,0.130245,g,,
4248,491604,SENSOR,,SENSOR_READING,S28,,,,,,,,TEMPERATURE,39.251,C,,
4249,491604,SENSOR,,SENSOR_READING,S28,,,,,,,,CURRENT,2.25684,A,,
4250,491604,SENSOR,,SENSOR_READING,S28,,,,,,,,TORQUE,0,Nm,,
4251,491643,SENSOR,,SENSOR_READING,S01,,,,,,,,VIBRATION,1.1543,g,,
4252,491643,SENSOR,,SENSOR_READING,S01,,,,,,,,TEMPERATURE,61.4727,C,,
4253,491643,SENSOR,,SENSOR_READING,S01,,,,,,,,CURRENT,14.6692,A,,
4254,491643,SENSOR,,SENSOR_READING,S01,,,,,,,,TORQUE,55.7383,Nm,,
4255,491839,SENSOR,,SENSOR_READING,S11,,,,,,,,VIBRATION,0.438314,g,,
4256,491839,SENSOR,,SENSOR_READING,S11,,,,,,,,TEMPERATURE,46.6568,C,,
4257,491839,SENSOR,,SENSOR_READING,S11,,,,,,,,CURRENT,2.4228,A,,
4258,491839,SENSOR,,SENSOR_READING,S11,,,,,,,,TORQUE,6.024,Nm,,
4259,491930,SENSOR,,SENSOR_READING,S17,,,,,,,,VIBRATION,0.212188,g,,
4260,491930,SENSOR,,SENSOR_READING,S17,,,,,,,,TEMPERATURE,39.0387,C,,
4261,491930,SENSOR,,SENSOR_READING,S17,,,,,,,,CURRENT,2.29078,A,,
4262,491930,SENSOR,,SENSOR_READING,S17,,,,,,,,TORQUE,0,Nm,,
4263,492548,SENSOR,,SENSOR_READING,S16,,,,,,,,VIBRATION,0.241909,g,,
4264,492548,SENSOR,,SENSOR_READING,S16,,,,,,,,TEMPERATURE,39.4066,C,,
4265,492548,SENSOR,,SENSOR_READING,S16,,,,,,,,CURRENT,2.21343,A,,
4266,492548,SENSOR,,SENSOR_READING,S16,,,,,,,,TORQUE,0,Nm,,
4267,492848,SENSOR,,SENSOR_READING,S23,,,,,,,,VIBRATION,0.19357,g,,
4268,492848,SENSOR,,SENSOR_READING,S23,,,,,,,,TEMPERATURE,38.9951,C,,
4269,492848,SENSOR,,SENSOR_READING,S23,,,,,,,,CURRENT,2.19713,A,,
4270,492848,SENSOR,,SENSOR_READING,S23,,,,,,,,TORQUE,0.848086,Nm,,
4271,493843,STATION,EV000212,PROCESSING_COMPLETED,S10,U000002,0,PROCESSING,,47848,,,,,,,
4272,493843,STATION,EV000213,UNIT_ARRIVED,S11,U000002,1,,,,,,,,,,
4273,493843,STATION,EV000214,PROCESSING_STARTED,S11,U000002,0,STARVED,PROCESSING,43018,,,,,,,
4274,493874,SENSOR,,SENSOR_READING,S02,,,,,,,,VIBRATION,1.14282,g,,
4275,493874,SENSOR,,SENSOR_READING,S02,,,,,,,,TEMPERATURE,60.9164,C,,
4276,493874,SENSOR,,SENSOR_READING,S02,,,,,,,,CURRENT,14.3629,A,,
4277,493874,SENSOR,,SENSOR_READING,S02,,,,,,,,TORQUE,54.9868,Nm,,
4278,493958,SENSOR,,SENSOR_READING,S05,,,,,,,,VIBRATION,1.28173,g,,
4279,493958,SENSOR,,SENSOR_READING,S05,,,,,,,,TEMPERATURE,61.3606,C,,
4280,493958,SENSOR,,SENSOR_READING,S05,,,,,,,,CURRENT,14.445,A,,
4281,493958,SENSOR,,SENSOR_READING,S05,,,,,,,,TORQUE,55.74,Nm,,
4282,494387,SENSOR,,SENSOR_READING,S19,,,,,,,,VIBRATION,0.139557,g,,
4283,494387,SENSOR,,SENSOR_READING,S19,,,,,,,,TEMPERATURE,39.5641,C,,
4284,494387,SENSOR,,SENSOR_READING,S19,,,,,,,,CURRENT,2.1819,A,,
4285,494387,SENSOR,,SENSOR_READING,S19,,,,,,,,TORQUE,0.326579,Nm,,
4286,494947,SENSOR,,SENSOR_READING,S20,,,,,,,,VIBRATION,0.182516,g,,
4287,494947,SENSOR,,SENSOR_READING,S20,,,,,,,,TEMPERATURE,38.9158,C,,
4288,494947,SENSOR,,SENSOR_READING,S20,,,,,,,,CURRENT,2.16908,A,,
4289,494947,SENSOR,,SENSOR_READING,S20,,,,,,,,TORQUE,0,Nm,,
4290,495804,SENSOR,,SENSOR_READING,S06,,,,,,,,VIBRATION,1.05028,g,,
4291,495804,SENSOR,,SENSOR_READING,S06,,,,,,,,TEMPERATURE,56.3192,C,,
4292,495804,SENSOR,,SENSOR_READING,S06,,,,,,,,CURRENT,14.3177,A,,
4293,495804,SENSOR,,SENSOR_READING,S06,,,,,,,,TORQUE,51.2258,Nm,,
4294,496385,SENSOR,,SENSOR_READING,S07,,,,,,,,VIBRATION,1.16283,g,,
4295,496385,SENSOR,,SENSOR_READING,S07,,,,,,,,TEMPERATURE,59.8549,C,,
4296,496385,SENSOR,,SENSOR_READING,S07,,,,,,,,CURRENT,14.3704,A,,
4297,496385,SENSOR,,SENSOR_READING,S07,,,,,,,,TORQUE,54.8231,Nm,,
4298,496661,SENSOR,,SENSOR_READING,S15,,,,,,,,VIBRATION,0.160544,g,,
4299,496661,SENSOR,,SENSOR_READING,S15,,,,,,,,TEMPERATURE,39.1867,C,,
4300,496661,SENSOR,,SENSOR_READING,S15,,,,,,,,CURRENT,2.12783,A,,
4301,496661,SENSOR,,SENSOR_READING,S15,,,,,,,,TORQUE,0.281016,Nm,,
4302,496789,SENSOR,,SENSOR_READING,S25,,,,,,,,VIBRATION,0.16615,g,,
4303,496789,SENSOR,,SENSOR_READING,S25,,,,,,,,TEMPERATURE,38.5807,C,,
4304,496789,SENSOR,,SENSOR_READING,S25,,,,,,,,CURRENT,2.3759,A,,
4305,496789,SENSOR,,SENSOR_READING,S25,,,,,,,,TORQUE,0,Nm,,
4306,497865,SENSOR,,SENSOR_READING,S04,,,,,,,,VIBRATION,1.20878,g,,
4307,497865,SENSOR,,SENSOR_READING,S04,,,,,,,,TEMPERATURE,56.4937,C,,
4308,497930,SENSOR,,SENSOR_READING,S03,,,,,,,,VIBRATION,1.14663,g,,
4309,497930,SENSOR,,SENSOR_READING,S03,,,,,,,,TEMPERATURE,60.9898,C,,
4310,497930,SENSOR,,SENSOR_READING,S03,,,,,,,,CURRENT,14.7444,A,,
4311,497930,SENSOR,,SENSOR_READING,S03,,,,,,,,TORQUE,55.1848,Nm,,
4312,498075,STATION,EV000215,PROCESSING_COMPLETED,S01,U000014,0,PROCESSING,,37034,,,,,,,
4313,498075,STATION,EV000216,UNIT_ARRIVED,S02,U000014,2,,,,,,,,,,
4314,498075,STATION,EV000217,PROCESSING_STARTED,S01,U000015,0,IDLE,PROCESSING,35033,,,,,,,
4315,500356,SENSOR,,SENSOR_READING,S29,,,,,,,,VIBRATION,0.210254,g,,
4316,500356,SENSOR,,SENSOR_READING,S29,,,,,,,,TEMPERATURE,39.3769,C,,
4317,500356,SENSOR,,SENSOR_READING,S29,,,,,,,,CURRENT,2.24166,A,,
4318,500356,SENSOR,,SENSOR_READING,S29,,,,,,,,TORQUE,0,Nm,,
4319,500789,SENSOR,,SENSOR_READING,S22,,,,,,,,VIBRATION,0.194935,g,,
4320,500789,SENSOR,,SENSOR_READING,S22,,,,,,,,TEMPERATURE,38.4088,C,,
4321,500789,SENSOR,,SENSOR_READING,S22,,,,,,,,CURRENT,2.12231,A,,
4322,500789,SENSOR,,SENSOR_READING,S22,,,,,,,,TORQUE,0.21392,Nm,,
4323,500965,SENSOR,,SENSOR_READING,S11,,,,,,,,VIBRATION,0.930133,g,,
4324,500965,SENSOR,,SENSOR_READING,S11,,,,,,,,TEMPERATURE,48.7136,C,,
4325,500965,SENSOR,,SENSOR_READING,S11,,,,,,,,CURRENT,12.789,A,,
4326,500965,SENSOR,,SENSOR_READING,S11,,,,,,,,TORQUE,40.3358,Nm,,
4327,501032,SENSOR,,SENSOR_READING,S28,,,,,,,,VIBRATION,0.150506,g,,
4328,501032,SENSOR,,SENSOR_READING,S28,,,,,,,,TEMPERATURE,39.3835,C,,
4329,501032,SENSOR,,SENSOR_READING,S28,,,,,,,,CURRENT,2.17574,A,,
4330,501032,SENSOR,,SENSOR_READING,S28,,,,,,,,TORQUE,0,Nm,,
4331,501132,SENSOR,,SENSOR_READING,S17,,,,,,,,VIBRATION,0.131506,g,,
4332,501132,SENSOR,,SENSOR_READING,S17,,,,,,,,TEMPERATURE,39.0689,C,,
4333,501132,SENSOR,,SENSOR_READING,S17,,,,,,,,CURRENT,2.1802,A,,
4334,501132,SENSOR,,SENSOR_READING,S17,,,,,,,,TORQUE,0.632203,Nm,,
4335,501281,SENSOR,,SENSOR_READING,S26,,,,,,,,VIBRATION,0.134074,g,,
4336,501281,SENSOR,,SENSOR_READING,S26,,,,,,,,TEMPERATURE,38.8812,C,,
4337,501281,SENSOR,,SENSOR_READING,S26,,,,,,,,CURRENT,2.24659,A,,
4338,501281,SENSOR,,SENSOR_READING,S26,,,,,,,,TORQUE,0.270344,Nm,,
4339,501916,SENSOR,,SENSOR_READING,S01,,,,,,,,VIBRATION,1.19135,g,,
4340,501916,SENSOR,,SENSOR_READING,S01,,,,,,,,TEMPERATURE,61.5407,C,,
4341,501916,SENSOR,,SENSOR_READING,S01,,,,,,,,CURRENT,14.7511,A,,
4342,501916,SENSOR,,SENSOR_READING,S01,,,,,,,,TORQUE,54.9966,Nm,,
4343,501955,SENSOR,,SENSOR_READING,S21,,,,,,,,VIBRATION,0.171717,g,,
4344,501955,SENSOR,,SENSOR_READING,S21,,,,,,,,TEMPERATURE,39.4062,C,,
4345,502402,SENSOR,,SENSOR_READING,S16,,,,,,,,VIBRATION,0.206468,g,,
4346,502402,SENSOR,,SENSOR_READING,S16,,,,,,,,TEMPERATURE,39.2249,C,,
4347,502402,SENSOR,,SENSOR_READING,S16,,,,,,,,CURRENT,2.01275,A,,
4348,502402,SENSOR,,SENSOR_READING,S16,,,,,,,,TORQUE,0,Nm,,
4349,502409,SENSOR,,SENSOR_READING,S12,,,,,,,,VIBRATION,1.0975,g,,
4350,502409,SENSOR,,SENSOR_READING,S12,,,,,,,,TEMPERATURE,45.9753,C,,
4351,502409,SENSOR,,SENSOR_READING,S12,,,,,,,,CURRENT,14.5649,A,,
4352,502409,SENSOR,,SENSOR_READING,S12,,,,,,,,TORQUE,53.6736,Nm,,
4353,503901,SENSOR,,SENSOR_READING,S23,,,,,,,,VIBRATION,0.0529563,g,,
4354,503901,SENSOR,,SENSOR_READING,S23,,,,,,,,TEMPERATURE,39.0195,C,,
4355,503901,SENSOR,,SENSOR_READING,S23,,,,,,,,CURRENT,2.12951,A,,
4356,503901,SENSOR,,SENSOR_READING,S23,,,,,,,,TORQUE,0.77353,Nm,,
4357,503968,SENSOR,,SENSOR_READING,S02,,,,,,,,VIBRATION,1.12032,g,,
4358,503968,SENSOR,,SENSOR_READING,S02,,,,,,,,TEMPERATURE,61.0727,C,,
4359,503968,SENSOR,,SENSOR_READING,S02,,,,,,,,CURRENT,14.4966,A,,
4360,503968,SENSOR,,SENSOR_READING,S02,,,,,,,,TORQUE,55.1313,Nm,,
4361,504044,SENSOR,,SENSOR_READING,S19,,,,,,,,VIBRATION,0.184053,g,,
4362,504044,SENSOR,,SENSOR_READING,S19,,,,,,,,TEMPERATURE,39.6754,C,,
4363,504044,SENSOR,,SENSOR_READING,S19,,,,,,,,CURRENT,2.21391,A,,
4364,504044,SENSOR,,SENSOR_READING,S19,,,,,,,,TORQUE,0.858402,Nm,,
4365,504649,SENSOR,,SENSOR_READING,S10,,,,,,,,VIBRATION,0.42554,g,,
4366,504649,SENSOR,,SENSOR_READING,S10,,,,,,,,TEMPERATURE,43.4562,C,,
4367,504652,SENSOR,,SENSOR_READING,S14,,,,,,,,VIBRATION,0.165062,g,,
4368,504652,SENSOR,,SENSOR_READING,S14,,,,,,,,TEMPERATURE,39.14,C,,
4369,504902,SENSOR,,SENSOR_READING,S09,,,,,,,,VIBRATION,1.08866,g,,
4370,504902,SENSOR,,SENSOR_READING,S09,,,,,,,,TEMPERATURE,47.2888,C,,
4371,505045,SENSOR,,SENSOR_READING,S20,,,,,,,,VIBRATION,0.181801,g,,
4372,505045,SENSOR,,SENSOR_READING,S20,,,,,,,,TEMPERATURE,38.7856,C,,
4373,505045,SENSOR,,SENSOR_READING,S20,,,,,,,,CURRENT,2.24673,A,,
4374,505045,SENSOR,,SENSOR_READING,S20,,,,,,,,TORQUE,0,Nm,,
4375,505078,SENSOR,,SENSOR_READING,S05,,,,,,,,VIBRATION,1.25511,g,,
4376,505078,SENSOR,,SENSOR_READING,S05,,,,,,,,TEMPERATURE,61.548,C,,
4377,505078,SENSOR,,SENSOR_READING,S05,,,,,,,,CURRENT,14.6365,A,,
4378,505078,SENSOR,,SENSOR_READING,S05,,,,,,,,TORQUE,56.0458,Nm,,
4379,506092,SENSOR,,SENSOR_READING,S06,,,,,,,,VIBRATION,1.07999,g,,
4380,506092,SENSOR,,SENSOR_READING,S06,,,,,,,,TEMPERATURE,56.6565,C,,
4381,506092,SENSOR,,SENSOR_READING,S06,,,,,,,,CURRENT,14.4825,A,,
4382,506092,SENSOR,,SENSOR_READING,S06,,,,,,,,TORQUE,53.8263,Nm,,
4383,506594,SENSOR,,SENSOR_READING,S15,,,,,,,,VIBRATION,0.202837,g,,
4384,506594,SENSOR,,SENSOR_READING,S15,,,,,,,,TEMPERATURE,39.0744,C,,
4385,506594,SENSOR,,SENSOR_READING,S15,,,,,,,,CURRENT,2.10614,A,,
4386,506594,SENSOR,,SENSOR_READING,S15,,,,,,,,TORQUE,0.0678935,Nm,,
4387,507195,SENSOR,,SENSOR_READING,S03,,,,,,,,VIBRATION,1.1844,g,,
4388,507195,SENSOR,,SENSOR_READING,S03,,,,,,,,TEMPERATURE,61.152,C,,
4389,507195,SENSOR,,SENSOR_READING,S03,,,,,,,,CURRENT,14.4834,A,,
4390,507195,SENSOR,,SENSOR_READING,S03,,,,,,,,TORQUE,54.1274,Nm,,
4391,507255,SENSOR,,SENSOR_READING,S07,,,,,,,,VIBRATION,1.13604,g,,
4392,507255,SENSOR,,SENSOR_READING,S07,,,,,,,,TEMPERATURE,60.2067,C,,
4393,507255,SENSOR,,SENSOR_READING,S07,,,,,,,,CURRENT,14.2546,A,,
4394,507255,SENSOR,,SENSOR_READING,S07,,,,,,,,TORQUE,54.8358,Nm,,
4395,507350,SENSOR,,SENSOR_READING,S25,,,,,,,,VIBRATION,0.167846,g,,
4396,507350,SENSOR,,SENSOR_READING,S25,,,,,,,,TEMPERATURE,38.5406,C,,
4397,507350,SENSOR,,SENSOR_READING,S25,,,,,,,,CURRENT,2.1711,A,,
4398,507350,SENSOR,,SENSOR_READING,S25,,,,,,,,TORQUE,0,Nm,,
4399,507874,SENSOR,,SENSOR_READING,S31,,,,,,,,VIBRATION,0.157106,g,,
4400,507874,SENSOR,,SENSOR_READING,S31,,,,,,,,TEMPERATURE,38.7955,C,,
4401,509874,SENSOR,,SENSOR_READING,S29,,,,,,,,VIBRATION,0.225824,g,,
4402,509874,SENSOR,,SENSOR_READING,S29,,,,,,,,TEMPERATURE,39.0473,C,,
4403,509874,SENSOR,,SENSOR_READING,S29,,,,,,,,CURRENT,1.96756,A,,
4404,509874,SENSOR,,SENSOR_READING,S29,,,,,,,,TORQUE,0.164951,Nm,,
4405,509984,STATION,EV000218,PROCESSING_COMPLETED,S04,U000009,1,PROCESSING,,49559,,,,,,,
4406,509984,STATION,EV000219,UNIT_ARRIVED,S05,U000009,1,,,,,,,,,,
4407,509984,STATION,EV000220,PROCESSING_STARTED,S04,U000010,0,IDLE,PROCESSING,44226,,,,,,,
4408,510026,SENSOR,,SENSOR_READING,S11,,,,,,,,VIBRATION,1.10326,g,,
4409,510026,SENSOR,,SENSOR_READING,S11,,,,,,,,TEMPERATURE,49.8534,C,,
4410,510026,SENSOR,,SENSOR_READING,S11,,,,,,,,CURRENT,14.1026,A,,
4411,510026,SENSOR,,SENSOR_READING,S11,,,,,,,,TORQUE,50.9855,Nm,,
4412,510297,SENSOR,,SENSOR_READING,S28,,,,,,,,VIBRATION,0.193381,g,,
4413,510297,SENSOR,,SENSOR_READING,S28,,,,,,,,TEMPERATURE,39.2579,C,,
4414,510297,SENSOR,,SENSOR_READING,S28,,,,,,,,CURRENT,2.24165,A,,
4415,510297,SENSOR,,SENSOR_READING,S28,,,,,,,,TORQUE,0,Nm,,
4416,510647,STATION,EV000221,PROCESSING_COMPLETED,S08,U000004,1,PROCESSING,,47877,,,,,,,
4417,510647,MANUAL,,MANUAL_CHECK,S08,U000004,,,,,,,,,,VISUAL_ALIGNMENT,PASS
4418,510647,STATION,EV000222,UNIT_ARRIVED,S09,U000004,1,,,,,,,,,,
4419,510647,STATION,EV000223,PROCESSING_STARTED,S08,U000005,0,IDLE,PROCESSING,61686,,,,,,,
4420,510828,STATION,EV000224,PROCESSING_COMPLETED,S09,U000003,1,PROCESSING,,48058,,,,,,,
4421,510828,STATION,EV000225,UNIT_ARRIVED,S10,U000003,1,,,,,,,,,,
4422,510828,STATION,EV000226,PROCESSING_STARTED,S10,U000003,0,STARVED,PROCESSING,57666,,,,,,,
4423,510828,STATION,EV000227,PROCESSING_STARTED,S09,U000004,0,IDLE,PROCESSING,37998,,,,,,,
4424,510839,SENSOR,,SENSOR_READING,S17,,,,,,,,VIBRATION,0.143825,g,,
4425,510839,SENSOR,,SENSOR_READING,S17,,,,,,,,TEMPERATURE,39.0223,C,,
4426,510839,SENSOR,,SENSOR_READING,S17,,,,,,,,CURRENT,2.23151,A,,
4427,510839,SENSOR,,SENSOR_READING,S17,,,,,,,,TORQUE,0.648493,Nm,,
4428,511383,SENSOR,,SENSOR_READING,S01,,,,,,,,VIBRATION,1.21963,g,,
4429,511383,SENSOR,,SENSOR_READING,S01,,,,,,,,TEMPERATURE,61.4514,C,,
4430,511383,SENSOR,,SENSOR_READING,S01,,,,,,,,CURRENT,14.518,A,,
4431,511383,SENSOR,,SENSOR_READING,S01,,,,,,,,TORQUE,55.18,Nm,,
4432,511555,SENSOR,,SENSOR_READING,S26,,,,,,,,VIBRATION,0.236207,g,,
4433,511555,SENSOR,,SENSOR_READING,S26,,,,,,,,TEMPERATURE,38.9103,C,,
4434,511555,SENSOR,,SENSOR_READING,S26,,,,,,,,CURRENT,2.14379,A,,
4435,511555,SENSOR,,SENSOR_READING,S26,,,,,,,,TORQUE,0,Nm,,
4436,511756,SENSOR,,SENSOR_READING,S22,,,,,,,,VIBRATION,0.19786,g,,
4437,511756,SENSOR,,SENSOR_READING,S22,,,,,,,,TEMPERATURE,38.4476,C,,
4438,511756,SENSOR,,SENSOR_READING,S22,,,,,,,,CURRENT,2.2096,A,,
4439,511756,SENSOR,,SENSOR_READING,S22,,,,,,,,TORQUE,0,Nm,,
4440,512011,SENSOR,,SENSOR_READING,S27,,,,,,,,VIBRATION,0.188645,g,,
4441,512011,SENSOR,,SENSOR_READING,S27,,,,,,,,TEMPERATURE,39.3656,C,,
4442,512242,SENSOR,,SENSOR_READING,S16,,,,,,,,VIBRATION,0.155873,g,,
4443,512242,SENSOR,,SENSOR_READING,S16,,,,,,,,TEMPERATURE,39.3498,C,,
4444,512242,SENSOR,,SENSOR_READING,S16,,,,,,,,CURRENT,2.24352,A,,
4445,512242,SENSOR,,SENSOR_READING,S16,,,,,,,,TORQUE,0,Nm,,
4446,513175,STATION,EV000228,PROCESSING_COMPLETED,S02,U000012,2,PROCESSING,,38911,,,,,,,
4447,513175,STATION,EV000229,UNIT_ARRIVED,S03,U000012,1,,,,,,,,,,
4448,513175,STATION,EV000230,PROCESSING_STARTED,S02,U000013,1,IDLE,PROCESSING,41083,,,,,,,
4449,513398,SENSOR,,SENSOR_READING,S23,,,,,,,,VIBRATION,0.103021,g,,
4450,513398,SENSOR,,SENSOR_READING,S23,,,,,,,,TEMPERATURE,38.9327,C,,
4451,513398,SENSOR,,SENSOR_READING,S23,,,,,,,,CURRENT,2.26213,A,,
4452,513398,SENSOR,,SENSOR_READING,S23,,,,,,,,TORQUE,0,Nm,,
4453,513450,SENSOR,,SENSOR_READING,S19,,,,,,,,VIBRATION,0.130122,g,,
4454,513450,SENSOR,,SENSOR_READING,S19,,,,,,,,TEMPERATURE,39.7098,C,,
4455,513450,SENSOR,,SENSOR_READING,S19,,,,,,,,CURRENT,2.37892,A,,
4456,513450,SENSOR,,SENSOR_READING,S19,,,,,,,,TORQUE,0,Nm,,
4457,513531,SENSOR,,SENSOR_READING,S12,,,,,,,,VIBRATION,1.13915,g,,
4458,513531,SENSOR,,SENSOR_READING,S12,,,,,,,,TEMPERATURE,47.8145,C,,
4459,513531,SENSOR,,SENSOR_READING,S12,,,,,,,,CURRENT,14.6983,A,,
4460,513531,SENSOR,,SENSOR_READING,S12,,,,,,,,TORQUE,55.2114,Nm,,
4461,514441,SENSOR,,SENSOR_READING,S05,,,,,,,,VIBRATION,1.27062,g,,
4462,514441,SENSOR,,SENSOR_READING,S05,,,,,,,,TEMPERATURE,61.5983,C,,
4463,514441,SENSOR,,SENSOR_READING,S05,,,,,,,,CURRENT,14.8319,A,,
4464,514441,SENSOR,,SENSOR_READING,S05,,,,,,,,TORQUE,56.0858,Nm,,
4465,515031,SENSOR,,SENSOR_READING,S20,,,,,,,,VIBRATION,0.194414,g,,
4466,515031,SENSOR,,SENSOR_READING,S20,,,,,,,,TEMPERATURE,38.7583,C,,
4467,515031,SENSOR,,SENSOR_READING,S20,,,,,,,,CURRENT,2.13899,A,,
4468,515031,SENSOR,,SENSOR_READING,S20,,,,,,,,TORQUE,0.459446,Nm,,
4469,515104,SENSOR,,SENSOR_READING,S02,,,,,,,,VIBRATION,1.15408,g,,
4470,515104,SENSOR,,SENSOR_READING,S02,,,,,,,,TEMPERATURE,61.1689,C,,
4471,515104,SENSOR,,SENSOR_READING,S02,,,,,,,,CURRENT,14.4082,A,,
4472,515104,SENSOR,,SENSOR_READING,S02,,,,,,,,TORQUE,55.8639,Nm,,
4473,515198,SENSOR,,SENSOR_READING,S32,,,,,,,,VIBRATION,0.167059,g,,
4474,515198,SENSOR,,SENSOR_READING,S32,,,,,,,,TEMPERATURE,38.7673,C,,
4475,516102,SENSOR,,SENSOR_READING,S06,,,,,,,,VIBRATION,1.11288,g,,
4476,516102,SENSOR,,SENSOR_READING,S06,,,,,,,,TEMPERATURE,57.1695,C,,
4477,516102,SENSOR,,SENSOR_READING,S06,,,,,,,,CURRENT,14.2755,A,,
4478,516102,SENSOR,,SENSOR_READING,S06,,,,,,,,TORQUE,54.6176,Nm,,
4479,516823,SENSOR,,SENSOR_READING,S07,,,,,,,,VIBRATION,1.12464,g,,
4480,516823,SENSOR,,SENSOR_READING,S07,,,,,,,,TEMPERATURE,60.3702,C,,
4481,516823,SENSOR,,SENSOR_READING,S07,,,,,,,,CURRENT,14.429,A,,
4482,516823,SENSOR,,SENSOR_READING,S07,,,,,,,,TORQUE,54.6414,Nm,,
4483,516912,SENSOR,,SENSOR_READING,S15,,,,,,,,VIBRATION,0.202207,g,,
4484,516912,SENSOR,,SENSOR_READING,S15,,,,,,,,TEMPERATURE,39.1302,C,,
4485,516912,SENSOR,,SENSOR_READING,S15,,,,,,,,CURRENT,2.26651,A,,
4486,516912,SENSOR,,SENSOR_READING,S15,,,,,,,,TORQUE,0.102567,Nm,,
4487,517296,SENSOR,,SENSOR_READING,S25,,,,,,,,VIBRATION,0.158349,g,,
4488,517296,SENSOR,,SENSOR_READING,S25,,,,,,,,TEMPERATURE,38.5777,C,,
4489,517296,SENSOR,,SENSOR_READING,S25,,,,,,,,CURRENT,2.26432,A,,
4490,517296,SENSOR,,SENSOR_READING,S25,,,,,,,,TORQUE,0,Nm,,
4491,517774,SENSOR,,SENSOR_READING,S03,,,,,,,,VIBRATION,1.12933,g,,
4492,517774,SENSOR,,SENSOR_READING,S03,,,,,,,,TEMPERATURE,61.1458,C,,
4493,517774,SENSOR,,SENSOR_READING,S03,,,,,,,,CURRENT,14.3944,A,,
4494,517774,SENSOR,,SENSOR_READING,S03,,,,,,,,TORQUE,54.7701,Nm,,
4495,518343,STATION,EV000231,PROCESSING_COMPLETED,S06,U000007,0,PROCESSING,,39040,,,,,,,
4496,518343,STATION,EV000232,UNIT_ARRIVED,S07,U000007,1,,,,,,,,,,
4497,518869,SENSOR,,SENSOR_READING,S29,,,,,,,,VIBRATION,0.212341,g,,
4498,518869,SENSOR,,SENSOR_READING,S29,,,,,,,,TEMPERATURE,39.0587,C,,
4499,518869,SENSOR,,SENSOR_READING,S29,,,,,,,,CURRENT,2.21354,A,,
4500,518869,SENSOR,,SENSOR_READING,S29,,,,,,,,TORQUE,0.772102,Nm,,
4501,518915,SENSOR,,SENSOR_READING,S11,,,,,,,,VIBRATION,1.20732,g,,
4502,518915,SENSOR,,SENSOR_READING,S11,,,,,,,,TEMPERATURE,51.337,C,,
4503,518915,SENSOR,,SENSOR_READING,S11,,,,,,,,CURRENT,14.6011,A,,
4504,518915,SENSOR,,SENSOR_READING,S11,,,,,,,,TORQUE,53.6991,Nm,,
4505,520325,SENSOR,,SENSOR_READING,S28,,,,,,,,VIBRATION,0.256495,g,,
4506,520325,SENSOR,,SENSOR_READING,S28,,,,,,,,TEMPERATURE,39.1817,C,,
4507,520325,SENSOR,,SENSOR_READING,S28,,,,,,,,CURRENT,2.23544,A,,
4508,520325,SENSOR,,SENSOR_READING,S28,,,,,,,,TORQUE,0.104467,Nm,,
4509,520963,SENSOR,,SENSOR_READING,S17,,,,,,,,VIBRATION,0.144729,g,,
4510,520963,SENSOR,,SENSOR_READING,S17,,,,,,,,TEMPERATURE,39.2467,C,,
4511,520963,SENSOR,,SENSOR_READING,S17,,,,,,,,CURRENT,2.3091,A,,
4512,520963,SENSOR,,SENSOR_READING,S17,,,,,,,,TORQUE,0.469767,Nm,,
4513,521494,STATION,EV000233,PROCESSING_COMPLETED,S03,U000011,1,PROCESSING,,43543,,,,,,,
4514,521494,STATION,EV000234,UNIT_ARRIVED,S04,U000011,1,,,,,,,,,,
4515,521494,STATION,EV000235,PROCESSING_STARTED,S03,U000012,0,IDLE,PROCESSING,44054,,,,,,,
4516,522293,SENSOR,,SENSOR_READING,S22,,,,,,,,VIBRATION,0.184692,g,,
4517,522293,SENSOR,,SENSOR_READING,S22,,,,,,,,TEMPERATURE,38.461,C,,
4518,522293,SENSOR,,SENSOR_READING,S22,,,,,,,,CURRENT,2.25421,A,,
4519,522293,SENSOR,,SENSOR_READING,S22,,,,,,,,TORQUE,0.601282,Nm,,
4520,522434,SENSOR,,SENSOR_READING,S16,,,,,,,,VIBRATION,0.15206,g,,
4521,522434,SENSOR,,SENSOR_READING,S16,,,,,,,,TEMPERATURE,39.4323,C,,
4522,522434,SENSOR,,SENSOR_READING,S16,,,,,,,,CURRENT,2.16894,A,,
4523,522434,SENSOR,,SENSOR_READING,S16,,,,,,,,TORQUE,0.580021,Nm,,
4524,522468,SENSOR,,SENSOR_READING,S01,,,,,,,,VIBRATION,1.20214,g,,
4525,522468,SENSOR,,SENSOR_READING,S01,,,,,,,,TEMPERATURE,61.5556,C,,
4526,522468,SENSOR,,SENSOR_READING,S01,,,,,,,,CURRENT,14.4425,A,,
4527,522468,SENSOR,,SENSOR_READING,S01,,,,,,,,TORQUE,55.1971,Nm,,
4528,522688,SENSOR,,SENSOR_READING,S26,,,,,,,,VIBRATION,0.175672,g,,
4529,522688,SENSOR,,SENSOR_READING,S26,,,,,,,,TEMPERATURE,39.0775,C,,
4530,522688,SENSOR,,SENSOR_READING,S26,,,,,,,,CURRENT,2.18972,A,,
4531,522688,SENSOR,,SENSOR_READING,S26,,,,,,,,TORQUE,0,Nm,,
4532,522915,SENSOR,,SENSOR_READING,S19,,,,,,,,VIBRATION,0.168775,g,,
4533,522915,SENSOR,,SENSOR_READING,S19,,,,,,,,TEMPERATURE,39.7153,C,,
4534,522915,SENSOR,,SENSOR_READING,S19,,,,,,,,CURRENT,2.30863,A,,
4535,522915,SENSOR,,SENSOR_READING,S19,,,,,,,,TORQUE,0,Nm,,
4536,523734,SENSOR,,SENSOR_READING,S23,,,,,,,,VIBRATION,0.138925,g,,
4537,523734,SENSOR,,SENSOR_READING,S23,,,,,,,,TEMPERATURE,39.0142,C,,
4538,523734,SENSOR,,SENSOR_READING,S23,,,,,,,,CURRENT,2.41705,A,,
4539,523734,SENSOR,,SENSOR_READING,S23,,,,,,,,TORQUE,0,Nm,,
4540,523866,SENSOR,,SENSOR_READING,S12,,,,,,,,VIBRATION,1.10802,g,,
4541,523866,SENSOR,,SENSOR_READING,S12,,,,,,,,TEMPERATURE,49.3881,C,,
4542,523866,SENSOR,,SENSOR_READING,S12,,,,,,,,CURRENT,14.6509,A,,
4543,523866,SENSOR,,SENSOR_READING,S12,,,,,,,,TORQUE,55.0111,Nm,,
4544,523946,SENSOR,,SENSOR_READING,S20,,,,,,,,VIBRATION,0.27017,g,,
4545,523946,SENSOR,,SENSOR_READING,S20,,,,,,,,TEMPERATURE,38.8903,C,,
4546,523946,SENSOR,,SENSOR_READING,S20,,,,,,,,CURRENT,2.1547,A,,
4547,523946,SENSOR,,SENSOR_READING,S20,,,,,,,,TORQUE,0,Nm,,
4548,524491,SENSOR,,SENSOR_READING,S05,,,,,,,,VIBRATION,1.29001,g,,
4549,524491,SENSOR,,SENSOR_READING,S05,,,,,,,,TEMPERATURE,61.632,C,,
4550,524491,SENSOR,,SENSOR_READING,S05,,,,,,,,CURRENT,14.6136,A,,
4551,524491,SENSOR,,SENSOR_READING,S05,,,,,,,,TORQUE,56.2611,Nm,,
4552,526119,SENSOR,,SENSOR_READING,S02,,,,,,,,VIBRATION,1.08583,g,,
4553,526119,SENSOR,,SENSOR_READING,S02,,,,,,,,TEMPERATURE,61.097,C,,
4554,526119,SENSOR,,SENSOR_READING,S02,,,,,,,,CURRENT,14.561,A,,
4555,526119,SENSOR,,SENSOR_READING,S02,,,,,,,,TORQUE,56.0142,Nm,,
4556,526232,STATION,EV000236,PROCESSING_COMPLETED,S05,U000008,1,PROCESSING,,46929,,,,,,,
4557,526232,STATION,EV000237,UNIT_ARRIVED,S06,U000008,1,,,,,,,,,,
4558,526232,STATION,EV000238,PROCESSING_STARTED,S06,U000008,0,STARVED,PROCESSING,41411,,,,,,,
4559,526232,STATION,EV000239,PROCESSING_STARTED,S05,U000009,0,IDLE,PROCESSING,50274,,,,,,,
4560,526392,SENSOR,,SENSOR_READING,S25,,,,,,,,VIBRATION,0.145883,g,,
4561,526392,SENSOR,,SENSOR_READING,S25,,,,,,,,TEMPERATURE,38.5533,C,,
4562,526392,SENSOR,,SENSOR_READING,S25,,,,,,,,CURRENT,2.27822,A,,
4563,526392,SENSOR,,SENSOR_READING,S25,,,,,,,,TORQUE,0.407545,Nm,,
4564,526460,SENSOR,,SENSOR_READING,S15,,,,,,,,VIBRATION,0.165379,g,,
4565,526460,SENSOR,,SENSOR_READING,S15,,,,,,,,TEMPERATURE,38.9806,C,,
4566,526460,SENSOR,,SENSOR_READING,S15,,,,,,,,CURRENT,2.16755,A,,
4567,526460,SENSOR,,SENSOR_READING,S15,,,,,,,,TORQUE,0,Nm,,
4568,526493,SENSOR,,SENSOR_READING,S06,,,,,,,,VIBRATION,1.10571,g,,
4569,526493,SENSOR,,SENSOR_READING,S06,,,,,,,,TEMPERATURE,57.7046,C,,
4570,526493,SENSOR,,SENSOR_READING,S06,,,,,,,,CURRENT,14.3966,A,,
4571,526493,SENSOR,,SENSOR_READING,S06,,,,,,,,TORQUE,54.855,Nm,,
4572,526693,SENSOR,,SENSOR_READING,S03,,,,,,,,VIBRATION,1.16091,g,,
4573,526693,SENSOR,,SENSOR_READING,S03,,,,,,,,TEMPERATURE,61.117,C,,
4574,526693,SENSOR,,SENSOR_READING,S03,,,,,,,,CURRENT,14.4432,A,,
4575,526693,SENSOR,,SENSOR_READING,S03,,,,,,,,TORQUE,54.481,Nm,,
4576,527226,SENSOR,,SENSOR_READING,S07,,,,,,,,VIBRATION,1.11872,g,,
4577,527226,SENSOR,,SENSOR_READING,S07,,,,,,,,TEMPERATURE,60.5478,C,,
4578,527226,SENSOR,,SENSOR_READING,S07,,,,,,,,CURRENT,14.3149,A,,
4579,527226,SENSOR,,SENSOR_READING,S07,,,,,,,,TORQUE,54.3078,Nm,,
4580,527803,SENSOR,,SENSOR_READING,S29,,,,,,,,VIBRATION,0.172265,g,,
4581,527803,SENSOR,,SENSOR_READING,S29,,,,,,,,TEMPERATURE,39.0772,C,,
4582,527803,SENSOR,,SENSOR_READING,S29,,,,,,,,CURRENT,2.07745,A,,
4583,527803,SENSOR,,SENSOR_READING,S29,,,,,,,,TORQUE,0.148069,Nm,,
4584,528016,SENSOR,,SENSOR_READING,S11,,,,,,,,VIBRATION,1.19483,g,,
4585,528016,SENSOR,,SENSOR_READING,S11,,,,,,,,TEMPERATURE,52.8314,C,,
4586,528016,SENSOR,,SENSOR_READING,S11,,,,,,,,CURRENT,14.576,A,,
4587,528016,SENSOR,,SENSOR_READING,S11,,,,,,,,TORQUE,54.8703,Nm,,
4588,529900,SENSOR,,SENSOR_READING,S04,,,,,,,,VIBRATION,1.16442,g,,
4589,529900,SENSOR,,SENSOR_READING,S04,,,,,,,,TEMPERATURE,57.2332,C,,
4590,530507,SENSOR,,SENSOR_READING,S28,,,,,,,,VIBRATION,0.243916,g,,
4591,530507,SENSOR,,SENSOR_READING,S28,,,,,,,,TEMPERATURE,39.0989,C,,
4592,530507,SENSOR,,SENSOR_READING,S28,,,,,,,,CURRENT,2.10238,A,,
4593,530507,SENSOR,,SENSOR_READING,S28,,,,,,,,TORQUE,0.104683,Nm,,
4594,530882,SENSOR,,SENSOR_READING,S17,,,,,,,,VIBRATION,0.177185,g,,
4595,530882,SENSOR,,SENSOR_READING,S17,,,,,,,,TEMPERATURE,38.9649,C,,
4596,530882,SENSOR,,SENSOR_READING,S17,,,,,,,,CURRENT,2.3263,A,,
4597,530882,SENSOR,,SENSOR_READING,S17,,,,,,,,TORQUE,0,Nm,,
4598,531533,SENSOR,,SENSOR_READING,S26,,,,,,,,VIBRATION,0.203303,g,,
4599,531533,SENSOR,,SENSOR_READING,S26,,,,,,,,TEMPERATURE,39.0377,C,,
4600,531533,SENSOR,,SENSOR_READING,S26,,,,,,,,CURRENT,2.12057,A,,
4601,531533,SENSOR,,SENSOR_READING,S26,,,,,,,,TORQUE,0,Nm,,
4602,531842,SENSOR,,SENSOR_READING,S01,,,,,,,,VIBRATION,1.23624,g,,
4603,531842,SENSOR,,SENSOR_READING,S01,,,,,,,,TEMPERATURE,61.4375,C,,
4604,531842,SENSOR,,SENSOR_READING,S01,,,,,,,,CURRENT,14.3729,A,,
4605,531842,SENSOR,,SENSOR_READING,S01,,,,,,,,TORQUE,55.1654,Nm,,
4606,531884,SENSOR,,SENSOR_READING,S19,,,,,,,,VIBRATION,0.17256,g,,
4607,531884,SENSOR,,SENSOR_READING,S19,,,,,,,,TEMPERATURE,40.0732,C,,
4608,531884,SENSOR,,SENSOR_READING,S19,,,,,,,,CURRENT,2.25008,A,,
4609,531884,SENSOR,,SENSOR_READING,S19,,,,,,,,TORQUE,0,Nm,,
4610,532607,SENSOR,,SENSOR_READING,S22,,,,,,,,VIBRATION,0.180642,g,,
4611,532607,SENSOR,,SENSOR_READING,S22,,,,,,,,TEMPERATURE,38.7147,C,,
4612,532607,SENSOR,,SENSOR_READING,S22,,,,,,,,CURRENT,2.20599,A,,
4613,532607,SENSOR,,SENSOR_READING,S22,,,,,,,,TORQUE,1.46966,Nm,,
4614,532694,SENSOR,,SENSOR_READING,S09,,,,,,,,VIBRATION,1.08509,g,,
4615,532694,SENSOR,,SENSOR_READING,S09,,,,,,,,TEMPERATURE,48.9314,C,,
4616,533108,STATION,EV000240,PROCESSING_COMPLETED,S01,U000015,0,PROCESSING,,35033,,,,,,,
4617,533108,STATION,EV000241,UNIT_ARRIVED,S02,U000015,2,,,,,,,,,,
4618,533108,STATION,EV000242,PROCESSING_STARTED,S01,U000016,0,IDLE,PROCESSING,34558,,,,,,,
4619,533296,SENSOR,,SENSOR_READING,S16,,,,,,,,VIBRATION,0.183752,g,,
4620,533296,SENSOR,,SENSOR_READING,S16,,,,,,,,TEMPERATURE,39.4051,C,,
4621,533296,SENSOR,,SENSOR_READING,S16,,,,,,,,CURRENT,2.11267,A,,
4622,533296,SENSOR,,SENSOR_READING,S16,,,,,,,,TORQUE,0.528872,Nm,,
4623,533451,SENSOR,,SENSOR_READING,S20,,,,,,,,VIBRATION,0.159103,g,,
4624,533451,SENSOR,,SENSOR_READING,S20,,,,,,,,TEMPERATURE,38.9736,C,,
4625,533451,SENSOR,,SENSOR_READING,S20,,,,,,,,CURRENT,2.30345,A,,
4626,533451,SENSOR,,SENSOR_READING,S20,,,,,,,,TORQUE,0.815216,Nm,,
4627,533537,SENSOR,,SENSOR_READING,S21,,,,,,,,VIBRATION,0.225818,g,,
4628,533537,SENSOR,,SENSOR_READING,S21,,,,,,,,TEMPERATURE,39.0879,C,,
4629,533612,SENSOR,,SENSOR_READING,S05,,,,,,,,VIBRATION,1.2463,g,,
4630,533612,SENSOR,,SENSOR_READING,S05,,,,,,,,TEMPERATURE,61.8363,C,,
4631,533612,SENSOR,,SENSOR_READING,S05,,,,,,,,CURRENT,14.4337,A,,
4632,533612,SENSOR,,SENSOR_READING,S05,,,,,,,,TORQUE,55.3935,Nm,,
4633,534147,SENSOR,,SENSOR_READING,S23,,,,,,,,VIBRATION,0.122775,g,,
4634,534147,SENSOR,,SENSOR_READING,S23,,,,,,,,TEMPERATURE,39.0039,C,,
4635,534147,SENSOR,,SENSOR_READING,S23,,,,,,,,CURRENT,2.26202,A,,
4636,534147,SENSOR,,SENSOR_READING,S23,,,,,,,,TORQUE,0.412293,Nm,,
4637,534227,SENSOR,,SENSOR_READING,S10,,,,,,,,VIBRATION,0.883801,g,,
4638,534227,SENSOR,,SENSOR_READING,S10,,,,,,,,TEMPERATURE,45.5379,C,,
4639,534338,SENSOR,,SENSOR_READING,S12,,,,,,,,VIBRATION,0.541576,g,,
4640,534338,SENSOR,,SENSOR_READING,S12,,,,,,,,TEMPERATURE,48.1812,C,,
4641,534338,SENSOR,,SENSOR_READING,S12,,,,,,,,CURRENT,3.86902,A,,
4642,534338,SENSOR,,SENSOR_READING,S12,,,,,,,,TORQUE,16.0118,Nm,,
4643,535314,SENSOR,,SENSOR_READING,S31,,,,,,,,VIBRATION,0.118147,g,,
4644,535314,SENSOR,,SENSOR_READING,S31,,,,,,,,TEMPERATURE,38.7015,C,,
4645,535637,SENSOR,,SENSOR_READING,S25,,,,,,,,VIBRATION,0.16804,g,,
4646,535637,SENSOR,,SENSOR_READING,S25,,,,,,,,TEMPERATURE,38.764,C,,
4647,535637,SENSOR,,SENSOR_READING,S25,,,,,,,,CURRENT,2.2665,A,,
4648,535637,SENSOR,,SENSOR_READING,S25,,,,,,,,TORQUE,0,Nm,,
4649,536133,SENSOR,,SENSOR_READING,S02,,,,,,,,VIBRATION,1.12342,g,,
4650,536133,SENSOR,,SENSOR_READING,S02,,,,,,,,TEMPERATURE,61.1447,C,,
4651,536133,SENSOR,,SENSOR_READING,S02,,,,,,,,CURRENT,14.4315,A,,
4652,536133,SENSOR,,SENSOR_READING,S02,,,,,,,,TORQUE,55.491,Nm,,
4653,536162,SENSOR,,SENSOR_READING,S06,,,,,,,,VIBRATION,1.09648,g,,
4654,536162,SENSOR,,SENSOR_READING,S06,,,,,,,,TEMPERATURE,57.9792,C,,
4655,536162,SENSOR,,SENSOR_READING,S06,,,,,,,,CURRENT,14.645,A,,
4656,536162,SENSOR,,SENSOR_READING,S06,,,,,,,,TORQUE,54.933,Nm,,
4657,536388,SENSOR,,SENSOR_READING,S07,,,,,,,,VIBRATION,1.13046,g,,
4658,536388,SENSOR,,SENSOR_READING,S07,,,,,,,,TEMPERATURE,60.8473,C,,
4659,536388,SENSOR,,SENSOR_READING,S07,,,,,,,,CURRENT,14.4194,A,,
4660,536388,SENSOR,,SENSOR_READING,S07,,,,,,,,TORQUE,54.0486,Nm,,
4661,536711,STATION,EV000243,PROCESSING_COMPLETED,S07,U000006,1,PROCESSING,,53940,,,,,,,
4662,536711,STATION,EV000244,UNIT_ARRIVED,S08,U000006,1,,,,,,,,,,
4663,536711,STATION,EV000245,PROCESSING_STARTED,S07,U000007,0,IDLE,PROCESSING,57190,,,,,,,
4664,536861,STATION,EV000246,PROCESSING_COMPLETED,S11,U000002,0,PROCESSING,,43018,,,,,,,
4665,536861,STATION,EV000247,DARK_ZONE_ENTERED,S12,U000002,1,,,,DZ_BODY_01,,,,,,
4666,537407,SENSOR,,SENSOR_READING,S14,,,,,,,,VIBRATION,0.160683,g,,
4667,537407,SENSOR,,SENSOR_READING,S14,,,,,,,,TEMPERATURE,39.4332,C,,
4668,537565,SENSOR,,SENSOR_READING,S15,,,,,,,,VIBRATION,0.108482,g,,
4669,537565,SENSOR,,SENSOR_READING,S15,,,,,,,,TEMPERATURE,38.8713,C,,
4670,537565,SENSOR,,SENSOR_READING,S15,,,,,,,,CURRENT,2.15443,A,,
4671,537565,SENSOR,,SENSOR_READING,S15,,,,,,,,TORQUE,0.61063,Nm,,
4672,537569,SENSOR,,SENSOR_READING,S29,,,,,,,,VIBRATION,0.191445,g,,
4673,537569,SENSOR,,SENSOR_READING,S29,,,,,,,,TEMPERATURE,39.3962,C,,
4674,537569,SENSOR,,SENSOR_READING,S29,,,,,,,,CURRENT,2.19446,A,,
4675,537569,SENSOR,,SENSOR_READING,S29,,,,,,,,TORQUE,0,Nm,,
4676,537618,SENSOR,,SENSOR_READING,S03,,,,,,,,VIBRATION,1.18058,g,,
4677,537618,SENSOR,,SENSOR_READING,S03,,,,,,,,TEMPERATURE,61.2137,C,,
4678,537618,SENSOR,,SENSOR_READING,S03,,,,,,,,CURRENT,14.2656,A,,
4679,537618,SENSOR,,SENSOR_READING,S03,,,,,,,,TORQUE,55.4567,Nm,,
4680,538681,SENSOR,,SENSOR_READING,S11,,,,,,,,VIBRATION,0.553186,g,,
4681,538681,SENSOR,,SENSOR_READING,S11,,,,,,,,TEMPERATURE,51.2492,C,,
4682,538681,SENSOR,,SENSOR_READING,S11,,,,,,,,CURRENT,3.97064,A,,
4683,538681,SENSOR,,SENSOR_READING,S11,,,,,,,,TORQUE,16.2513,Nm,,
4684,539796,SENSOR,,SENSOR_READING,S17,,,,,,,,VIBRATION,0.195635,g,,
4685,539796,SENSOR,,SENSOR_READING,S17,,,,,,,,TEMPERATURE,38.8138,C,,
4686,539796,SENSOR,,SENSOR_READING,S17,,,,,,,,CURRENT,2.12795,A,,
4687,539796,SENSOR,,SENSOR_READING,S17,,,,,,,,TORQUE,0,Nm,,
4688,540565,SENSOR,,SENSOR_READING,S28,,,,,,,,VIBRATION,0.25354,g,,
4689,540565,SENSOR,,SENSOR_READING,S28,,,,,,,,TEMPERATURE,39.0691,C,,
4690,540565,SENSOR,,SENSOR_READING,S28,,,,,,,,CURRENT,2.33856,A,,
4691,540565,SENSOR,,SENSOR_READING,S28,,,,,,,,TORQUE,0.903139,Nm,,
4692,541888,SENSOR,,SENSOR_READING,S01,,,,,,,,VIBRATION,1.11936,g,,
4693,541888,SENSOR,,SENSOR_READING,S01,,,,,,,,TEMPERATURE,61.408,C,,
4694,541888,SENSOR,,SENSOR_READING,S01,,,,,,,,CURRENT,14.3928,A,,
4695,541888,SENSOR,,SENSOR_READING,S01,,,,,,,,TORQUE,55.2561,Nm,,
4696,541954,SENSOR,,SENSOR_READING,S26,,,,,,,,VIBRATION,0.202482,g,,
4697,541954,SENSOR,,SENSOR_READING,S26,,,,,,,,TEMPERATURE,38.7505,C,,
4698,541954,SENSOR,,SENSOR_READING,S26,,,,,,,,CURRENT,2.2792,A,,
4699,541954,SENSOR,,SENSOR_READING,S26,,,,,,,,TORQUE,0.0973811,Nm,,
4700,542246,SENSOR,,SENSOR_READING,S22,,,,,,,,VIBRATION,0.24511,g,,
4701,542246,SENSOR,,SENSOR_READING,S22,,,,,,,,TEMPERATURE,38.5436,C,,
4702,542246,SENSOR,,SENSOR_READING,S22,,,,,,,,CURRENT,2.08291,A,,
4703,542246,SENSOR,,SENSOR_READING,S22,,,,,,,,TORQUE,0.595704,Nm,,
4704,542755,SENSOR,,SENSOR_READING,S19,,,,,,,,VIBRATION,0.169903,g,,
4705,542755,SENSOR,,SENSOR_READING,S19,,,,,,,,TEMPERATURE,39.9025,C,,
4706,542755,SENSOR,,SENSOR_READING,S19,,,,,,,,CURRENT,2.1912,A,,
4707,542755,SENSOR,,SENSOR_READING,S19,,,,,,,,TORQUE,0,Nm,,
4708,543102,SENSOR,,SENSOR_READING,S05,,,,,,,,VIBRATION,1.22497,g,,
4709,543102,SENSOR,,SENSOR_READING,S05,,,,,,,,TEMPERATURE,61.889,C,,
4710,543102,SENSOR,,SENSOR_READING,S05,,,,,,,,CURRENT,14.6103,A,,
4711,543102,SENSOR,,SENSOR_READING,S05,,,,,,,,TORQUE,55.633,Nm,,
4712,544007,SENSOR,,SENSOR_READING,S32,,,,,,,,VIBRATION,0.204379,g,,
4713,544007,SENSOR,,SENSOR_READING,S32,,,,,,,,TEMPERATURE,38.6333,C,,
4714,544212,SENSOR,,SENSOR_READING,S20,,,,,,,,VIBRATION,0.197862,g,,
4715,544212,SENSOR,,SENSOR_READING,S20,,,,,,,,TEMPERATURE,38.7789,C,,
4716,544212,SENSOR,,SENSOR_READING,S20,,,,,,,,CURRENT,2.23963,A,,
4717,544212,SENSOR,,SENSOR_READING,S20,,,,,,,,TORQUE,0.10599,Nm,,
4718,544241,SENSOR,,SENSOR_READING,S23,,,,,,,,VIBRATION,0.17433,g,,
4719,544241,SENSOR,,SENSOR_READING,S23,,,,,,,,TEMPERATURE,39.0612,C,,
4720,544241,SENSOR,,SENSOR_READING,S23,,,,,,,,CURRENT,2.27704,A,,
4721,544241,SENSOR,,SENSOR_READING,S23,,,,,,,,TORQUE,0.0121308,Nm,,
4722,544261,SENSOR,,SENSOR_READING,S16,,,,,,,,VIBRATION,0.192013,g,,
4723,544261,SENSOR,,SENSOR_READING,S16,,,,,,,,TEMPERATURE,39.3643,C,,
4724,544261,SENSOR,,SENSOR_READING,S16,,,,,,,,CURRENT,2.20674,A,,
4725,544261,SENSOR,,SENSOR_READING,S16,,,,,,,,TORQUE,0,Nm,,
4726,544632,SENSOR,,SENSOR_READING,S27,,,,,,,,VIBRATION,0.17243,g,,
4727,544632,SENSOR,,SENSOR_READING,S27,,,,,,,,TEMPERATURE,39.3195,C,,
4728,544791,SENSOR,,SENSOR_READING,S12,,,,,,,,VIBRATION,0.97226,g,,
4729,544791,SENSOR,,SENSOR_READING,S12,,,,,,,,TEMPERATURE,49.8948,C,,
4730,544791,SENSOR,,SENSOR_READING,S12,,,,,,,,CURRENT,13.0204,A,,
4731,544791,SENSOR,,SENSOR_READING,S12,,,,,,,,TORQUE,44.4618,Nm,,
4732,545299,SENSOR,,SENSOR_READING,S02,,,,,,,,VIBRATION,1.15434,g,,
4733,545299,SENSOR,,SENSOR_READING,S02,,,,,,,,TEMPERATURE,61.0017,C,,
4734,545299,SENSOR,,SENSOR_READING,S02,,,,,,,,CURRENT,14.3538,A,,
4735,545299,SENSOR,,SENSOR_READING,S02,,,,,,,,TORQUE,54.6998,Nm,,
4736,545739,SENSOR,,SENSOR_READING,S06,,,,,,,,VIBRATION,1.11797,g,,
4737,545739,SENSOR,,SENSOR_READING,S06,,,,,,,,TEMPERATURE,58.2784,C,,
4738,545739,SENSOR,,SENSOR_READING,S06,,,,,,,,CURRENT,14.4021,A,,
4739,545739,SENSOR,,SENSOR_READING,S06,,,,,,,,TORQUE,54.797,Nm,,
4740,545817,SENSOR,,SENSOR_READING,S07,,,,,,,,VIBRATION,1.15438,g,,
4741,545817,SENSOR,,SENSOR_READING,S07,,,,,,,,TEMPERATURE,60.8226,C,,
4742,545817,SENSOR,,SENSOR_READING,S07,,,,,,,,CURRENT,14.3972,A,,
4743,545817,SENSOR,,SENSOR_READING,S07,,,,,,,,TORQUE,54.4881,Nm,,
4744,546500,SENSOR,,SENSOR_READING,S25,,,,,,,,VIBRATION,0.163481,g,,
4745,546500,SENSOR,,SENSOR_READING,S25,,,,,,,,TEMPERATURE,38.76,C,,
4746,546500,SENSOR,,SENSOR_READING,S25,,,,,,,,CURRENT,2.06706,A,,
4747,546500,SENSOR,,SENSOR_READING,S25,,,,,,,,TORQUE,0,Nm,,
4748,547048,SENSOR,,SENSOR_READING,S15,,,,,,,,VIBRATION,0.151593,g,,
4749,547048,SENSOR,,SENSOR_READING,S15,,,,,,,,TEMPERATURE,38.8965,C,,
4750,547048,SENSOR,,SENSOR_READING,S15,,,,,,,,CURRENT,2.06696,A,,
4751,547048,SENSOR,,SENSOR_READING,S15,,,,,,,,TORQUE,0.173968,Nm,,
4752,547459,SENSOR,,SENSOR_READING,S29,,,,,,,,VIBRATION,0.219879,g,,
4753,547459,SENSOR,,SENSOR_READING,S29,,,,,,,,TEMPERATURE,39.3095,C,,
4754,547459,SENSOR,,SENSOR_READING,S29,,,,,,,,CURRENT,2.33674,A,,
4755,547459,SENSOR,,SENSOR_READING,S29,,,,,,,,TORQUE,0.663792,Nm,,
4756,547757,SENSOR,,SENSOR_READING,S11,,,,,,,,VIBRATION,0.36844,g,,
4757,547757,SENSOR,,SENSOR_READING,S11,,,,,,,,TEMPERATURE,49.901,C,,
4758,547757,SENSOR,,SENSOR_READING,S11,,,,,,,,CURRENT,2.53804,A,,
4759,547757,SENSOR,,SENSOR_READING,S11,,,,,,,,TORQUE,4.48521,Nm,,
4760,548561,SENSOR,,SENSOR_READING,S03,,,,,,,,VIBRATION,1.16877,g,,
4761,548561,SENSOR,,SENSOR_READING,S03,,,,,,,,TEMPERATURE,61.0572,C,,
4762,548561,SENSOR,,SENSOR_READING,S03,,,,,,,,CURRENT,14.485,A,,
4763,548561,SENSOR,,SENSOR_READING,S03,,,,,,,,TORQUE,54.5877,Nm,,
4764,548826,STATION,EV000248,PROCESSING_COMPLETED,S09,U000004,0,PROCESSING,,37998,,,,,,,
4765,548826,STATION,EV000249,UNIT_ARRIVED,S10,U000004,1,,,,,,,,,,
4766,550237,SENSOR,,SENSOR_READING,S17,,,,,,,,VIBRATION,0.196874,g,,
4767,550237,SENSOR,,SENSOR_READING,S17,,,,,,,,TEMPERATURE,38.9806,C,,
4768,550237,SENSOR,,SENSOR_READING,S17,,,,,,,,CURRENT,2.31694,A,,
4769,550237,SENSOR,,SENSOR_READING,S17,,,,,,,,TORQUE,0,Nm,,
4770,550717,SENSOR,,SENSOR_READING,S01,,,,,,,,VIBRATION,1.12128,g,,
4771,550717,SENSOR,,SENSOR_READING,S01,,,,,,,,TEMPERATURE,61.5302,C,,
4772,550717,SENSOR,,SENSOR_READING,S01,,,,,,,,CURRENT,14.4696,A,,
4773,550717,SENSOR,,SENSOR_READING,S01,,,,,,,,TORQUE,54.865,Nm,,
4774,551089,SENSOR,,SENSOR_READING,S28,,,,,,,,VIBRATION,0.200249,g,,
4775,551089,SENSOR,,SENSOR_READING,S28,,,,,,,,TEMPERATURE,39.0688,C,,
4776,551089,SENSOR,,SENSOR_READING,S28,,,,,,,,CURRENT,2.12885,A,,
4777,551089,SENSOR,,SENSOR_READING,S28,,,,,,,,TORQUE,0,Nm,,
4778,551440,SENSOR,,SENSOR_READING,S26,,,,,,,,VIBRATION,0.123198,g,,
4779,551440,SENSOR,,SENSOR_READING,S26,,,,,,,,TEMPERATURE,38.688,C,,
4780,551440,SENSOR,,SENSOR_READING,S26,,,,,,,,CURRENT,2.13427,A,,
4781,551440,SENSOR,,SENSOR_READING,S26,,,,,,,,TORQUE,0,Nm,,
4782,552422,SENSOR,,SENSOR_READING,S19,,,,,,,,VIBRATION,0.154382,g,,
4783,552422,SENSOR,,SENSOR_READING,S19,,,,,,,,TEMPERATURE,39.5163,C,,
4784,552422,SENSOR,,SENSOR_READING,S19,,,,,,,,CURRENT,2.22444,A,,
4785,552422,SENSOR,,SENSOR_READING,S19,,,,,,,,TORQUE,0,Nm,,
4786,552444,SENSOR,,SENSOR_READING,S22,,,,,,,,VIBRATION,0.176706,g,,
4787,552444,SENSOR,,SENSOR_READING,S22,,,,,,,,TEMPERATURE,38.4109,C,,
4788,552444,SENSOR,,SENSOR_READING,S22,,,,,,,,CURRENT,2.16085,A,,
4789,552444,SENSOR,,SENSOR_READING,S22,,,,,,,,TORQUE,1.21964,Nm,,
4790,553407,SENSOR,,SENSOR_READING,S20,,,,,,,,VIBRATION,0.202884,g,,
4791,553407,SENSOR,,SENSOR_READING,S20,,,,,,,,TEMPERATURE,38.7894,C,,
4792,553407,SENSOR,,SENSOR_READING,S20,,,,,,,,CURRENT,2.28022,A,,
4793,553407,SENSOR,,SENSOR_READING,S20,,,,,,,,TORQUE,0,Nm,,
4794,553465,SENSOR,,SENSOR_READING,S05,,,,,,,,VIBRATION,1.22096,g,,
4795,553465,SENSOR,,SENSOR_READING,S05,,,,,,,,TEMPERATURE,62.2409,C,,
4796,553465,SENSOR,,SENSOR_READING,S05,,,,,,,,CURRENT,14.3819,A,,
4797,553465,SENSOR,,SENSOR_READING,S05,,,,,,,,TORQUE,55.8075,Nm,,
4798,553934,SENSOR,,SENSOR_READING,S16,,,,,,,,VIBRATION,0.193653,g,,
4799,553934,SENSOR,,SENSOR_READING,S16,,,,,,,,TEMPERATURE,39.5629,C,,
4800,553934,SENSOR,,SENSOR_READING,S16,,,,,,,,CURRENT,2.15119,A,,
4801,553934,SENSOR,,SENSOR_READING,S16,,,,,,,,TORQUE,0,Nm,,
4802,554210,STATION,EV000250,PROCESSING_COMPLETED,S04,U000010,1,PROCESSING,,44226,,,,,,,
4803,554210,STATION,EV000251,UNIT_ARRIVED,S05,U000010,1,,,,,,,,,,
4804,554210,STATION,EV000252,PROCESSING_STARTED,S04,U000011,0,IDLE,PROCESSING,45681,,,,,,,
4805,554258,STATION,EV000253,PROCESSING_COMPLETED,S02,U000013,2,PROCESSING,,41083,,,,,,,
4806,554258,STATION,EV000254,UNIT_ARRIVED,S03,U000013,1,,,,,,,,,,
4807,554258,STATION,EV000255,PROCESSING_STARTED,S02,U000014,1,IDLE,PROCESSING,34997,,,,,,,
4808,554408,SENSOR,,SENSOR_READING,S02,,,,,,,,VIBRATION,1.16481,g,,
4809,554408,SENSOR,,SENSOR_READING,S02,,,,,,,,TEMPERATURE,60.8891,C,,
4810,554408,SENSOR,,SENSOR_READING,S02,,,,,,,,CURRENT,14.4773,A,,
4811,554408,SENSOR,,SENSOR_READING,S02,,,,,,,,TORQUE,54.8587,Nm,,
4812,555011,SENSOR,,SENSOR_READING,S07,,,,,,,,VIBRATION,1.16445,g,,
4813,555011,SENSOR,,SENSOR_READING,S07,,,,,,,,TEMPERATURE,60.7162,C,,
4814,555011,SENSOR,,SENSOR_READING,S07,,,,,,,,CURRENT,14.609,A,,
4815,555011,SENSOR,,SENSOR_READING,S07,,,,,,,,TORQUE,54.8854,Nm,,
4816,555157,SENSOR,,SENSOR_READING,S23,,,,,,,,VIBRATION,0.185145,g,,
4817,555157,SENSOR,,SENSOR_READING,S23,,,,,,,,TEMPERATURE,38.8827,C,,
4818,555157,SENSOR,,SENSOR_READING,S23,,,,,,,,CURRENT,2.07291,A,,
4819,555157,SENSOR,,SENSOR_READING,S23,,,,,,,,TORQUE,0,Nm,,
4820,555918,SENSOR,,SENSOR_READING,S12,,,,,,,,VIBRATION,1.04631,g,,
4821,555918,SENSOR,,SENSOR_READING,S12,,,,,,,,TEMPERATURE,51.2387,C,,
4822,555918,SENSOR,,SENSOR_READING,S12,,,,,,,,CURRENT,14.3505,A,,
4823,555918,SENSOR,,SENSOR_READING,S12,,,,,,,,TORQUE,52.3448,Nm,,
4824,556559,SENSOR,,SENSOR_READING,S11,,,,,,,,VIBRATION,0.257129,g,,
4825,556559,SENSOR,,SENSOR_READING,S11,,,,,,,,TEMPERATURE,48.506,C,,
4826,556559,SENSOR,,SENSOR_READING,S11,,,,,,,,CURRENT,2.29177,A,,
4827,556559,SENSOR,,SENSOR_READING,S11,,,,,,,,TORQUE,2.26865,Nm,,
4828,556568,SENSOR,,SENSOR_READING,S29,,,,,,,,VIBRATION,0.180511,g,,
4829,556568,SENSOR,,SENSOR_READING,S29,,,,,,,,TEMPERATURE,39.0894,C,,
4830,556568,SENSOR,,SENSOR_READING,S29,,,,,,,,CURRENT,2.26585,A,,
4831,556568,SENSOR,,SENSOR_READING,S29,,,,,,,,TORQUE,0,Nm,,
4832,556722,SENSOR,,SENSOR_READING,S06,,,,,,,,VIBRATION,1.09043,g,,
4833,556722,SENSOR,,SENSOR_READING,S06,,,,,,,,TEMPERATURE,58.6185,C,,
4834,556722,SENSOR,,SENSOR_READING,S06,,,,,,,,CURRENT,14.557,A,,
4835,556722,SENSOR,,SENSOR_READING,S06,,,,,,,,TORQUE,54.6102,Nm,,
4836,557331,SENSOR,,SENSOR_READING,S25,,,,,,,,VIBRATION,0.121911,g,,
4837,557331,SENSOR,,SENSOR_READING,S25,,,,,,,,TEMPERATURE,38.8069,C,,
4838,557331,SENSOR,,SENSOR_READING,S25,,,,,,,,CURRENT,2.33507,A,,
4839,557331,SENSOR,,SENSOR_READING,S25,,,,,,,,TORQUE,0.602723,Nm,,
4840,557791,SENSOR,,SENSOR_READING,S03,,,,,,,,VIBRATION,1.14141,g,,
4841,557791,SENSOR,,SENSOR_READING,S03,,,,,,,,TEMPERATURE,60.9304,C,,
4842,557791,SENSOR,,SENSOR_READING,S03,,,,,,,,CURRENT,14.6508,A,,
4843,557791,SENSOR,,SENSOR_READING,S03,,,,,,,,TORQUE,55.5363,Nm,,
4844,557903,SENSOR,,SENSOR_READING,S15,,,,,,,,VIBRATION,0.159705,g,,
4845,557903,SENSOR,,SENSOR_READING,S15,,,,,,,,TEMPERATURE,39.0231,C,,
4846,557903,SENSOR,,SENSOR_READING,S15,,,,,,,,CURRENT,2.12678,A,,
4847,557903,SENSOR,,SENSOR_READING,S15,,,,,,,,TORQUE,0,Nm,,
4848,559705,SENSOR,,SENSOR_READING,S04,,,,,,,,VIBRATION,1.14997,g,,
4849,559705,SENSOR,,SENSOR_READING,S04,,,,,,,,TEMPERATURE,57.4508,C,,
4850,560170,SENSOR,,SENSOR_READING,S28,,,,,,,,VIBRATION,0.204812,g,,
4851,560170,SENSOR,,SENSOR_READING,S28,,,,,,,,TEMPERATURE,39.1788,C,,
4852,560170,SENSOR,,SENSOR_READING,S28,,,,,,,,CURRENT,2.28769,A,,
4853,560170,SENSOR,,SENSOR_READING,S28,,,,,,,,TORQUE,0.183169,Nm,,
4854,560585,SENSOR,,SENSOR_READING,S17,,,,,,,,VIBRATION,0.194851,g,,
4855,560585,SENSOR,,SENSOR_READING,S17,,,,,,,,TEMPERATURE,39.0124,C,,
4856,560585,SENSOR,,SENSOR_READING,S17,,,,,,,,CURRENT,2.3184,A,,
4857,560585,SENSOR,,SENSOR_READING,S17,,,,,,,,TORQUE,0.378947,Nm,,
4858,560896,SENSOR,,SENSOR_READING,S01,,,,,,,,VIBRATION,1.18385,g,,
4859,560896,SENSOR,,SENSOR_READING,S01,,,,,,,,TEMPERATURE,61.039,C,,
4860,560896,SENSOR,,SENSOR_READING,S01,,,,,,,,CURRENT,14.3538,A,,
4861,560896,SENSOR,,SENSOR_READING,S01,,,,,,,,TORQUE,54.3616,Nm,,
4862,561028,SENSOR,,SENSOR_READING,S26,,,,,,,,VIBRATION,0.179638,g,,
4863,561028,SENSOR,,SENSOR_READING,S26,,,,,,,,TEMPERATURE,38.815,C,,
4864,561028,SENSOR,,SENSOR_READING,S26,,,,,,,,CURRENT,2.33683,A,,
4865,561028,SENSOR,,SENSOR_READING,S26,,,,,,,,TORQUE,0,Nm,,
4866,562065,SENSOR,,SENSOR_READING,S22,,,,,,,,VIBRATION,0.196638,g,,
4867,562065,SENSOR,,SENSOR_READING,S22,,,,,,,,TEMPERATURE,38.5448,C,,
4868,562065,SENSOR,,SENSOR_READING,S22,,,,,,,,CURRENT,2.1095,A,,
4869,562065,SENSOR,,SENSOR_READING,S22,,,,,,,,TORQUE,0,Nm,,
4870,562561,SENSOR,,SENSOR_READING,S19,,,,,,,,VIBRATION,0.154394,g,,
4871,562561,SENSOR,,SENSOR_READING,S19,,,,,,,,TEMPERATURE,39.1661,C,,
4872,562561,SENSOR,,SENSOR_READING,S19,,,,,,,,CURRENT,2.03274,A,,
4873,562561,SENSOR,,SENSOR_READING,S19,,,,,,,,TORQUE,0,Nm,,
4874,563243,SENSOR,,SENSOR_READING,S09,,,,,,,,VIBRATION,0.43822,g,,
4875,563243,SENSOR,,SENSOR_READING,S09,,,,,,,,TEMPERATURE,47.9792,C,,
4876,563564,SENSOR,,SENSOR_READING,S02,,,,,,,,VIBRATION,1.14625,g,,
4877,563564,SENSOR,,SENSOR_READING,S02,,,,,,,,TEMPERATURE,60.984,C,,
4878,563564,SENSOR,,SENSOR_READING,S02,,,,,,,,CURRENT,14.3742,A,,
4879,563564,SENSOR,,SENSOR_READING,S02,,,,,,,,TORQUE,55.0938,Nm,,
4880,563597,EVIDENCE,CE000001,RFID_CHECKPOINT,S13,U000001,,,,,,CP_ALIGN_RFID,,,,,
4881,563691,SENSOR,,SENSOR_READING,S20,,,,,,,,VIBRATION,0.207562,g,,
4882,563691,SENSOR,,SENSOR_READING,S20,,,,,,,,TEMPERATURE,39.0184,C,,
4883,563691,SENSOR,,SENSOR_READING,S20,,,,,,,,CURRENT,2.20723,A,,
4884,563691,SENSOR,,SENSOR_READING,S20,,,,,,,,TORQUE,1.17178,Nm,,
4885,563983,SENSOR,,SENSOR_READING,S16,,,,,,,,VIBRATION,0.221514,g,,
4886,563983,SENSOR,,SENSOR_READING,S16,,,,,,,,TEMPERATURE,39.5053,C,,
4887,563983,SENSOR,,SENSOR_READING,S16,,,,,,,,CURRENT,1.95969,A,,
4888,563983,SENSOR,,SENSOR_READING,S16,,,,,,,,TORQUE,0.994021,Nm,,
4889,564064,SENSOR,,SENSOR_READING,S23,,,,,,,,VIBRATION,0.169382,g,,
4890,564064,SENSOR,,SENSOR_READING,S23,,,,,,,,TEMPERATURE,39.0867,C,,
4891,564064,SENSOR,,SENSOR_READING,S23,,,,,,,,CURRENT,1.97445,A,,
4892,564064,SENSOR,,SENSOR_READING,S23,,,,,,,,TORQUE,0.332253,Nm,,
4893,564148,SENSOR,,SENSOR_READING,S05,,,,,,,,VIBRATION,1.28161,g,,
4894,564148,SENSOR,,SENSOR_READING,S05,,,,,,,,TEMPERATURE,62.289,C,,
4895,564148,SENSOR,,SENSOR_READING,S05,,,,,,,,CURRENT,14.7584,A,,
4896,564148,SENSOR,,SENSOR_READING,S05,,,,,,,,TORQUE,55.4853,Nm,,
4897,564991,SENSOR,,SENSOR_READING,S12,,,,,,,,VIBRATION,1.12215,g,,
4898,564991,SENSOR,,SENSOR_READING,S12,,,,,,,,TEMPERATURE,52.4089,C,,
4899,564991,SENSOR,,SENSOR_READING,S12,,,,,,,,CURRENT,14.409,A,,
4900,564991,SENSOR,,SENSOR_READING,S12,,,,,,,,TORQUE,54.5576,Nm,,
4901,565489,SENSOR,,SENSOR_READING,S29,,,,,,,,VIBRATION,0.222238,g,,
4902,565489,SENSOR,,SENSOR_READING,S29,,,,,,,,TEMPERATURE,39.1428,C,,
4903,565489,SENSOR,,SENSOR_READING,S29,,,,,,,,CURRENT,2.2464,A,,
4904,565489,SENSOR,,SENSOR_READING,S29,,,,,,,,TORQUE,0,Nm,,
4905,565548,STATION,EV000256,PROCESSING_COMPLETED,S03,U000012,1,PROCESSING,,44054,,,,,,,
4906,565548,STATION,EV000257,UNIT_ARRIVED,S04,U000012,1,,,,,,,,,,
4907,565548,STATION,EV000258,PROCESSING_STARTED,S03,U000013,0,IDLE,PROCESSING,33474,,,,,,,
4908,565953,SENSOR,,SENSOR_READING,S07,,,,,,,,VIBRATION,1.17478,g,,
4909,565953,SENSOR,,SENSOR_READING,S07,,,,,,,,TEMPERATURE,60.6954,C,,
4910,565953,SENSOR,,SENSOR_READING,S07,,,,,,,,CURRENT,14.4371,A,,
4911,565953,SENSOR,,SENSOR_READING,S07,,,,,,,,TORQUE,55.4605,Nm,,
4912,566109,SENSOR,,SENSOR_READING,S21,,,,,,,,VIBRATION,0.186374,g,,
4913,566109,SENSOR,,SENSOR_READING,S21,,,,,,,,TEMPERATURE,39.13,C,,
4914,566631,SENSOR,,SENSOR_READING,S03,,,,,,,,VIBRATION,1.14747,g,,
4915,566631,SENSOR,,SENSOR_READING,S03,,,,,,,,TEMPERATURE,61.0173,C,,
4916,566631,SENSOR,,SENSOR_READING,S03,,,,,,,,CURRENT,14.6423,A,,
4917,566631,SENSOR,,SENSOR_READING,S03,,,,,,,,TORQUE,55.1029,Nm,,
4918,566782,SENSOR,,SENSOR_READING,S25,,,,,,,,VIBRATION,0.196704,g,,
4919,566782,SENSOR,,SENSOR_READING,S25,,,,,,,,TEMPERATURE,38.7057,C,,
4920,566782,SENSOR,,SENSOR_READING,S25,,,,,,,,CURRENT,2.19657,A,,
4921,566782,SENSOR,,SENSOR_READING,S25,,,,,,,,TORQUE,0.670509,Nm,,
4922,567006,SENSOR,,SENSOR_READING,S31,,,,,,,,VIBRATION,0.179359,g,,
4923,567006,SENSOR,,SENSOR_READING,S31,,,,,,,,TEMPERATURE,38.7801,C,,
4924,567260,SENSOR,,SENSOR_READING,S11,,,,,,,,VIBRATION,0.180391,g,,
4925,567260,SENSOR,,SENSOR_READING,S11,,,,,,,,TEMPERATURE,47.7023,C,,
4926,567260,SENSOR,,SENSOR_READING,S11,,,,,,,,CURRENT,2.13533,A,,
4927,567260,SENSOR,,SENSOR_READING,S11,,,,,,,,TORQUE,0.798483,Nm,,
4928,567388,SENSOR,,SENSOR_READING,S06,,,,,,,,VIBRATION,1.1536,g,,
4929,567388,SENSOR,,SENSOR_READING,S06,,,,,,,,TEMPERATURE,59.043,C,,
4930,567388,SENSOR,,SENSOR_READING,S06,,,,,,,,CURRENT,14.3898,A,,
4931,567388,SENSOR,,SENSOR_READING,S06,,,,,,,,TORQUE,54.2172,Nm,,
4932,567643,STATION,EV000259,PROCESSING_COMPLETED,S06,U000008,0,PROCESSING,,41411,,,,,,,
4933,567643,STATION,EV000260,UNIT_ARRIVED,S07,U000008,1,,,,,,,,,,
4934,567647,SENSOR,,SENSOR_READING,S10,,,,,,,,VIBRATION,1.05716,g,,
4935,567647,SENSOR,,SENSOR_READING,S10,,,,,,,,TEMPERATURE,47.3471,C,,
4936,567666,STATION,EV000261,PROCESSING_COMPLETED,S01,U000016,0,PROCESSING,,34558,,,,,,,
4937,567666,STATION,EV000262,UNIT_ARRIVED,S02,U000016,2,,,,,,,,,,
4938,567666,STATION,EV000263,PROCESSING_STARTED,S01,U000017,0,IDLE,PROCESSING,38798,,,,,,,
4939,568494,STATION,EV000264,PROCESSING_COMPLETED,S10,U000003,1,PROCESSING,,57666,,,,,,,
4940,568494,STATION,EV000265,UNIT_ARRIVED,S11,U000003,1,,,,,,,,,,
4941,568494,STATION,EV000266,PROCESSING_STARTED,S11,U000003,0,STARVED,PROCESSING,37109,,,,,,,
4942,568494,STATION,EV000267,PROCESSING_STARTED,S10,U000004,0,IDLE,PROCESSING,51895,,,,,,,
4943,569097,SENSOR,,SENSOR_READING,S15,,,,,,,,VIBRATION,0.213435,g,,
4944,569097,SENSOR,,SENSOR_READING,S15,,,,,,,,TEMPERATURE,39.1583,C,,
4945,569097,SENSOR,,SENSOR_READING,S15,,,,,,,,CURRENT,2.10873,A,,
4946,569097,SENSOR,,SENSOR_READING,S15,,,,,,,,TORQUE,0,Nm,,
4947,570078,SENSOR,,SENSOR_READING,S14,,,,,,,,VIBRATION,0.140608,g,,
4948,570078,SENSOR,,SENSOR_READING,S14,,,,,,,,TEMPERATURE,39.2369,C,,
4949,570429,SENSOR,,SENSOR_READING,S28,,,,,,,,VIBRATION,0.113705,g,,
4950,570429,SENSOR,,SENSOR_READING,S28,,,,,,,,TEMPERATURE,38.9783,C,,
4951,570429,SENSOR,,SENSOR_READING,S28,,,,,,,,CURRENT,2.14151,A,,
4952,570429,SENSOR,,SENSOR_READING,S28,,,,,,,,TORQUE,0.284933,Nm,,
4953,571271,SENSOR,,SENSOR_READING,S17,,,,,,,,VIBRATION,0.182542,g,,
4954,571271,SENSOR,,SENSOR_READING,S17,,,,,,,,TEMPERATURE,38.8009,C,,
4955,571271,SENSOR,,SENSOR_READING,S17,,,,,,,,CURRENT,2.15708,A,,
4956,571271,SENSOR,,SENSOR_READING,S17,,,,,,,,TORQUE,0.419089,Nm,,
4957,571280,SENSOR,,SENSOR_READING,S01,,,,,,,,VIBRATION,1.17971,g,,
4958,571280,SENSOR,,SENSOR_READING,S01,,,,,,,,TEMPERATURE,60.7943,C,,
4959,571280,SENSOR,,SENSOR_READING,S01,,,,,,,,CURRENT,14.5285,A,,
4960,571280,SENSOR,,SENSOR_READING,S01,,,,,,,,TORQUE,55.0996,Nm,,
4961,572002,SENSOR,,SENSOR_READING,S26,,,,,,,,VIBRATION,0.187499,g,,
4962,572002,SENSOR,,SENSOR_READING,S26,,,,,,,,TEMPERATURE,39.053,C,,
4963,572002,SENSOR,,SENSOR_READING,S26,,,,,,,,CURRENT,2.48834,A,,
4964,572002,SENSOR,,SENSOR_READING,S26,,,,,,,,TORQUE,0,Nm,,
4965,572274,SENSOR,,SENSOR_READING,S27,,,,,,,,VIBRATION,0.208181,g,,
4966,572274,SENSOR,,SENSOR_READING,S27,,,,,,,,TEMPERATURE,39.4631,C,,
4967,572333,STATION,EV000268,PROCESSING_COMPLETED,S08,U000005,1,PROCESSING,,61686,,,,,,,
4968,572333,MANUAL,,MANUAL_CHECK,S08,U000005,,,,,,,,,,VISUAL_ALIGNMENT,PASS
4969,572333,STATION,EV000269,UNIT_ARRIVED,S09,U000005,1,,,,,,,,,,
4970,572333,STATION,EV000270,PROCESSING_STARTED,S09,U000005,0,STARVED,PROCESSING,40445,,,,,,,
4971,572333,STATION,EV000271,PROCESSING_STARTED,S08,U000006,0,IDLE,PROCESSING,48632,,,,,,,
4972,572350,SENSOR,,SENSOR_READING,S22,,,,,,,,VIBRATION,0.203724,g,,
4973,572350,SENSOR,,SENSOR_READING,S22,,,,,,,,TEMPERATURE,38.658,C,,
4974,572350,SENSOR,,SENSOR_READING,S22,,,,,,,,CURRENT,2.07548,A,,
4975,572350,SENSOR,,SENSOR_READING,S22,,,,,,,,TORQUE,0,Nm,,
4976,572460,SENSOR,,SENSOR_READING,S02,,,,,,,,VIBRATION,1.13474,g,,
4977,572460,SENSOR,,SENSOR_READING,S02,,,,,,,,TEMPERATURE,60.7422,C,,
4978,572460,SENSOR,,SENSOR_READING,S02,,,,,,,,CURRENT,14.5147,A,,
4979,572460,SENSOR,,SENSOR_READING,S02,,,,,,,,TORQUE,55.1499,Nm,,
4980,572593,SENSOR,,SENSOR_READING,S19,,,,,,,,VIBRATION,0.203639,g,,
4981,572593,SENSOR,,SENSOR_READING,S19,,,,,,,,TEMPERATURE,39.1697,C,,
4982,572593,SENSOR,,SENSOR_READING,S19,,,,,,,,CURRENT,2.2398,A,,
4983,572593,SENSOR,,SENSOR_READING,S19,,,,,,,,TORQUE,0.245251,Nm,,
4984,573178,SENSOR,,SENSOR_READING,S23,,,,,,,,VIBRATION,0.173737,g,,
4985,573178,SENSOR,,SENSOR_READING,S23,,,,,,,,TEMPERATURE,38.8846,C,,
4986,573178,SENSOR,,SENSOR_READING,S23,,,,,,,,CURRENT,2.30509,A,,
4987,573178,SENSOR,,SENSOR_READING,S23,,,,,,,,TORQUE,0.387473,Nm,,
4988,573239,SENSOR,,SENSOR_READING,S05,,,,,,,,VIBRATION,1.27888,g,,
4989,573239,SENSOR,,SENSOR_READING,S05,,,,,,,,TEMPERATURE,61.9964,C,,
4990,573239,SENSOR,,SENSOR_READING,S05,,,,,,,,CURRENT,14.4901,A,,
4991,573239,SENSOR,,SENSOR_READING,S05,,,,,,,,TORQUE,55.4584,Nm,,
4992,573930,SENSOR,,SENSOR_READING,S16,,,,,,,,VIBRATION,0.147156,g,,
4993,573930,SENSOR,,SENSOR_READING,S16,,,,,,,,TEMPERATURE,39.3668,C,,
4994,573930,SENSOR,,SENSOR_READING,S16,,,,,,,,CURRENT,2.24108,A,,
4995,573930,SENSOR,,SENSOR_READING,S16,,,,,,,,TORQUE,0.154315,Nm,,
4996,574260,SENSOR,,SENSOR_READING,S20,,,,,,,,VIBRATION,0.173821,g,,
4997,574260,SENSOR,,SENSOR_READING,S20,,,,,,,,TEMPERATURE,38.9639,C,,
4998,574260,SENSOR,,SENSOR_READING,S20,,,,,,,,CURRENT,2.18606,A,,
4999,574260,SENSOR,,SENSOR_READING,S20,,,,,,,,TORQUE,0.326496,Nm,,
5000,574465,SENSOR,,SENSOR_READING,S32,,,,,,,,VIBRATION,0.198091,g,,
5001,574465,SENSOR,,SENSOR_READING,S32,,,,,,,,TEMPERATURE,38.7294,C,,
5002,575022,SENSOR,,SENSOR_READING,S07,,,,,,,,VIBRATION,1.14194,g,,
5003,575022,SENSOR,,SENSOR_READING,S07,,,,,,,,TEMPERATURE,60.7847,C,,
5004,575022,SENSOR,,SENSOR_READING,S07,,,,,,,,CURRENT,14.4944,A,,
5005,575022,SENSOR,,SENSOR_READING,S07,,,,,,,,TORQUE,54.1518,Nm,,
5006,576049,SENSOR,,SENSOR_READING,S29,,,,,,,,VIBRATION,0.222031,g,,
5007,576049,SENSOR,,SENSOR_READING,S29,,,,,,,,TEMPERATURE,38.7723,C,,
5008,576049,SENSOR,,SENSOR_READING,S29,,,,,,,,CURRENT,2.11301,A,,
5009,576049,SENSOR,,SENSOR_READING,S29,,,,,,,,TORQUE,0,Nm,,
5010,576114,SENSOR,,SENSOR_READING,S12,,,,,,,,VIBRATION,1.16253,g,,
5011,576114,SENSOR,,SENSOR_READING,S12,,,,,,,,TEMPERATURE,53.2112,C,,
5012,576114,SENSOR,,SENSOR_READING,S12,,,,,,,,CURRENT,14.5444,A,,
5013,576114,SENSOR,,SENSOR_READING,S12,,,,,,,,TORQUE,56.0987,Nm,,
5014,576506,STATION,EV000272,PROCESSING_COMPLETED,S05,U000009,1,PROCESSING,,50274,,,,,,,
5015,576506,STATION,EV000273,UNIT_ARRIVED,S06,U000009,1,,,,,,,,,,
5016,576506,STATION,EV000274,PROCESSING_STARTED,S06,U000009,0,STARVED,PROCESSING,32163,,,,,,,
5017,576506,STATION,EV000275,PROCESSING_STARTED,S05,U000010,0,IDLE,PROCESSING,44971,,,,,,,
5018,576772,SENSOR,,SENSOR_READING,S03,,,,,,,,VIBRATION,1.20124,g,,
5019,576772,SENSOR,,SENSOR_READING,S03,,,,,,,,TEMPERATURE,60.8637,C,,
5020,576772,SENSOR,,SENSOR_READING,S03,,,,,,,,CURRENT,14.4963,A,,
5021,576772,SENSOR,,SENSOR_READING,S03,,,,,,,,TORQUE,56.2313,Nm,,
5022,577746,SENSOR,,SENSOR_READING,S25,,,,,,,,VIBRATION,0.202938,g,,
5023,577746,SENSOR,,SENSOR_READING,S25,,,,,,,,TEMPERATURE,38.7057,C,,
5024,577746,SENSOR,,SENSOR_READING,S25,,,,,,,,CURRENT,2.43007,A,,
5025,577746,SENSOR,,SENSOR_READING,S25,,,,,,,,TORQUE,0.344418,Nm,,
5026,578190,SENSOR,,SENSOR_READING,S11,,,,,,,,VIBRATION,0.866306,g,,
5027,578190,SENSOR,,SENSOR_READING,S11,,,,,,,,TEMPERATURE,49.4512,C,,
5028,578190,SENSOR,,SENSOR_READING,S11,,,,,,,,CURRENT,12.6094,A,,
5029,578190,SENSOR,,SENSOR_READING,S11,,,,,,,,TORQUE,38.7394,Nm,,
5030,578378,SENSOR,,SENSOR_READING,S06,,,,,,,,VIBRATION,1.14437,g,,
5031,578378,SENSOR,,SENSOR_READING,S06,,,,,,,,TEMPERATURE,59.3806,C,,
5032,578378,SENSOR,,SENSOR_READING,S06,,,,,,,,CURRENT,14.5463,A,,
5033,578378,SENSOR,,SENSOR_READING,S06,,,,,,,,TORQUE,54.6402,Nm,,
5034,579347,SENSOR,,SENSOR_READING,S28,,,,,,,,VIBRATION,0.118528,g,,
5035,579347,SENSOR,,SENSOR_READING,S28,,,,,,,,TEMPERATURE,39.4788,C,,
5036,579347,SENSOR,,SENSOR_READING,S28,,,,,,,,CURRENT,2.1785,A,,
5037,579347,SENSOR,,SENSOR_READING,S28,,,,,,,,TORQUE,0.21705,Nm,,
5038,579440,SENSOR,,SENSOR_READING,S15,,,,,,,,VIBRATION,0.21148,g,,
5039,579440,SENSOR,,SENSOR_READING,S15,,,,,,,,TEMPERATURE,38.8997,C,,
5040,579440,SENSOR,,SENSOR_READING,S15,,,,,,,,CURRENT,2.07298,A,,
5041,579440,SENSOR,,SENSOR_READING,S15,,,,,,,,TORQUE,0.19819,Nm,,
5042,580144,SENSOR,,SENSOR_READING,S01,,,,,,,,VIBRATION,1.17704,g,,
5043,580144,SENSOR,,SENSOR_READING,S01,,,,,,,,TEMPERATURE,60.7028,C,,
5044,580144,SENSOR,,SENSOR_READING,S01,,,,,,,,CURRENT,14.3833,A,,
5045,580144,SENSOR,,SENSOR_READING,S01,,,,,,,,TORQUE,55.2217,Nm,,
5046,581166,SENSOR,,SENSOR_READING,S17,,,,,,,,VIBRATION,0.1576,g,,
5047,581166,SENSOR,,SENSOR_READING,S17,,,,,,,,TEMPERATURE,38.8195,C,,
5048,581166,SENSOR,,SENSOR_READING,S17,,,,,,,,CURRENT,2.24623,A,,
5049,581166,SENSOR,,SENSOR_READING,S17,,,,,,,,TORQUE,0.114923,Nm,,
5050,582152,SENSOR,,SENSOR_READING,S19,,,,,,,,VIBRATION,0.154283,g,,
5051,582152,SENSOR,,SENSOR_READING,S19,,,,,,,,TEMPERATURE,39.3703,C,,
5052,582152,SENSOR,,SENSOR_READING,S19,,,,,,,,CURRENT,2.22546,A,,
5053,582152,SENSOR,,SENSOR_READING,S19,,,,,,,,TORQUE,0.912678,Nm,,
5054,582224,SENSOR,,SENSOR_READING,S26,,,,,,,,VIBRATION,0.232792,g,,
5055,582224,SENSOR,,SENSOR_READING,S26,,,,,,,,TEMPERATURE,38.9959,C,,
5056,582224,SENSOR,,SENSOR_READING,S26,,,,,,,,CURRENT,2.19332,A,,
5057,582224,SENSOR,,SENSOR_READING,S26,,,,,,,,TORQUE,0.118786,Nm,,
5058,582743,SENSOR,,SENSOR_READING,S05,,,,,,,,VIBRATION,1.28748,g,,
5059,582743,SENSOR,,SENSOR_READING,S05,,,,,,,,TEMPERATURE,62.1918,C,,
5060,582743,SENSOR,,SENSOR_READING,S05,,,,,,,,CURRENT,14.6181,A,,
5061,582743,SENSOR,,SENSOR_READING,S05,,,,,,,,TORQUE,54.4173,Nm,,
5062,583486,SENSOR,,SENSOR_READING,S22,,,,,,,,VIBRATION,0.197773,g,,
5063,583486,SENSOR,,SENSOR_READING,S22,,,,,,,,TEMPERATURE,38.7697,C,,
5064,583486,SENSOR,,SENSOR_READING,S22,,,,,,,,CURRENT,2.02856,A,,
5065,583486,SENSOR,,SENSOR_READING,S22,,,,,,,,TORQUE,0,Nm,,
5066,583546,SENSOR,,SENSOR_READING,S23,,,,,,,,VIBRATION,0.207798,g,,
5067,583546,SENSOR,,SENSOR_READING,S23,,,,,,,,TEMPERATURE,38.7696,C,,
5068,583546,SENSOR,,SENSOR_READING,S23,,,,,,,,CURRENT,2.32185,A,,
5069,583546,SENSOR,,SENSOR_READING,S23,,,,,,,,TORQUE,0.627514,Nm,,
5070,583560,SENSOR,,SENSOR_READING,S02,,,,,,,,VIBRATION,1.17131,g,,
5071,583560,SENSOR,,SENSOR_READING,S02,,,,,,,,TEMPERATURE,60.8318,C,,
5072,583560,SENSOR,,SENSOR_READING,S02,,,,,,,,CURRENT,14.4743,A,,
5073,583560,SENSOR,,SENSOR_READING,S02,,,,,,,,TORQUE,55.5922,Nm,,
5074,583674,SENSOR,,SENSOR_READING,S20,,,,,,,,VIBRATION,0.133598,g,,
5075,583674,SENSOR,,SENSOR_READING,S20,,,,,,,,TEMPERATURE,39.1923,C,,
5076,583674,SENSOR,,SENSOR_READING,S20,,,,,,,,CURRENT,2.25671,A,,
5077,583674,SENSOR,,SENSOR_READING,S20,,,,,,,,TORQUE,0,Nm,,
5078,585030,SENSOR,,SENSOR_READING,S16,,,,,,,,VIBRATION,0.179549,g,,
5079,585030,SENSOR,,SENSOR_READING,S16,,,,,,,,TEMPERATURE,39.5133,C,,
5080,585030,SENSOR,,SENSOR_READING,S16,,,,,,,,CURRENT,2.19746,A,,
5081,585030,SENSOR,,SENSOR_READING,S16,,,,,,,,TORQUE,0.88315,Nm,,
5082,585838,SENSOR,,SENSOR_READING,S07,,,,,,,,VIBRATION,1.18169,g,,
5083,585838,SENSOR,,SENSOR_READING,S07,,,,,,,,TEMPERATURE,60.7096,C,,
5084,585838,SENSOR,,SENSOR_READING,S07,,,,,,,,CURRENT,14.4812,A,,
5085,585838,SENSOR,,SENSOR_READING,S07,,,,,,,,TORQUE,54.6868,Nm,,
5086,586785,SENSOR,,SENSOR_READING,S29,,,,,,,,VIBRATION,0.185429,g,,
5087,586785,SENSOR,,SENSOR_READING,S29,,,,,,,,TEMPERATURE,38.7185,C,,
5088,586785,SENSOR,,SENSOR_READING,S29,,,,,,,,CURRENT,2.30569,A,,
5089,586785,SENSOR,,SENSOR_READING,S29,,,,,,,,TORQUE,0.0939146,Nm,,
5090,586835,SENSOR,,SENSOR_READING,S12,,,,,,,,VIBRATION,0.511995,g,,
5091,586835,SENSOR,,SENSOR_READING,S12,,,,,,,,TEMPERATURE,51.6332,C,,
5092,586835,SENSOR,,SENSOR_READING,S12,,,,,,,,CURRENT,3.97113,A,,
5093,586835,SENSOR,,SENSOR_READING,S12,,,,,,,,TORQUE,17.0012,Nm,,
5094,587074,SENSOR,,SENSOR_READING,S03,,,,,,,,VIBRATION,1.19263,g,,
5095,587074,SENSOR,,SENSOR_READING,S03,,,,,,,,TEMPERATURE,61.0832,C,,
5096,587074,SENSOR,,SENSOR_READING,S03,,,,,,,,CURRENT,14.6258,A,,
5097,587074,SENSOR,,SENSOR_READING,S03,,,,,,,,TORQUE,54.8143,Nm,,
5098,587804,SENSOR,,SENSOR_READING,S25,,,,,,,,VIBRATION,0.202301,g,,
5099,587804,SENSOR,,SENSOR_READING,S25,,,,,,,,TEMPERATURE,39.0055,C,,
5100,587804,SENSOR,,SENSOR_READING,S25,,,,,,,,CURRENT,2.20144,A,,
5101,587804,SENSOR,,SENSOR_READING,S25,,,,,,,,TORQUE,0,Nm,,
5102,588791,SENSOR,,SENSOR_READING,S11,,,,,,,,VIBRATION,1.11247,g,,
5103,588791,SENSOR,,SENSOR_READING,S11,,,,,,,,TEMPERATURE,50.7711,C,,
5104,588791,SENSOR,,SENSOR_READING,S11,,,,,,,,CURRENT,14.3897,A,,
5105,588791,SENSOR,,SENSOR_READING,S11,,,,,,,,TORQUE,50.1432,Nm,,
5106,588815,SENSOR,,SENSOR_READING,S15,,,,,,,,VIBRATION,0.22722,g,,
5107,588815,SENSOR,,SENSOR_READING,S15,,,,,,,,TEMPERATURE,38.686,C,,
5108,588815,SENSOR,,SENSOR_READING,S15,,,,,,,,CURRENT,2.24346,A,,
5109,588815,SENSOR,,SENSOR_READING,S15,,,,,,,,TORQUE,0,Nm,,
5110,588978,SENSOR,,SENSOR_READING,S06,,,,,,,,VIBRATION,1.12822,g,,
5111,588978,SENSOR,,SENSOR_READING,S06,,,,,,,,TEMPERATURE,59.3027,C,,
5112,588978,SENSOR,,SENSOR_READING,S06,,,,,,,,CURRENT,14.3533,A,,
5113,588978,SENSOR,,SENSOR_READING,S06,,,,,,,,TORQUE,55.8633,Nm,,
5114,589255,STATION,EV000276,PROCESSING_COMPLETED,S02,U000014,2,PROCESSING,,34997,,,,,,,
5115,589255,STATION,EV000277,UNIT_ARRIVED,S03,U000014,1,,,,,,,,,,
5116,589255,STATION,EV000278,PROCESSING_STARTED,S02,U000015,1,IDLE,PROCESSING,31047,,,,,,,
5117,590099,SENSOR,,SENSOR_READING,S01,,,,,,,,VIBRATION,1.21139,g,,
5118,590099,SENSOR,,SENSOR_READING,S01,,,,,,,,TEMPERATURE,60.4524,C,,
5119,590099,SENSOR,,SENSOR_READING,S01,,,,,,,,CURRENT,14.5046,A,,
5120,590099,SENSOR,,SENSOR_READING,S01,,,,,,,,TORQUE,55.0785,Nm,,
5121,590146,SENSOR,,SENSOR_READING,S28,,,,,,,,VIBRATION,0.191866,g,,
5122,590146,SENSOR,,SENSOR_READING,S28,,,,,,,,TEMPERATURE,39.1628,C,,
5123,590146,SENSOR,,SENSOR_READING,S28,,,,,,,,CURRENT,2.20838,A,,
5124,590146,SENSOR,,SENSOR_READING,S28,,,,,,,,TORQUE,0.525933,Nm,,
5125,590272,SENSOR,,SENSOR_READING,S04,,,,,,,,VIBRATION,1.12657,g,,
5126,590272,SENSOR,,SENSOR_READING,S04,,,,,,,,TEMPERATURE,57.9648,C,,
5127,591211,SENSOR,,SENSOR_READING,S19,,,,,,,,VIBRATION,0.135834,g,,
5128,591211,SENSOR,,SENSOR_READING,S19,,,,,,,,TEMPERATURE,39.3167,C,,
5129,591211,SENSOR,,SENSOR_READING,S19,,,,,,,,CURRENT,2.2464,A,,
5130,591211,SENSOR,,SENSOR_READING,S19,,,,,,,,TORQUE,0.356145,Nm,,
5131,591443,SENSOR,,SENSOR_READING,S09,,,,,,,,VIBRATION,0.953575,g,,
5132,591443,SENSOR,,SENSOR_READING,S09,,,,,,,,TEMPERATURE,49.6758,C,,
5133,591855,SENSOR,,SENSOR_READING,S05,,,,,,,,VIBRATION,1.24453,g,,
5134,591855,SENSOR,,SENSOR_READING,S05,,,,,,,,TEMPERATURE,62.0252,C,,
5135,591855,SENSOR,,SENSOR_READING,S05,,,,,,,,CURRENT,14.4658,A,,
5136,591855,SENSOR,,SENSOR_READING,S05,,,,,,,,TORQUE,55.5267,Nm,,
5137,592099,SENSOR,,SENSOR_READING,S17,,,,,,,,VIBRATION,0.148953,g,,
5138,592099,SENSOR,,SENSOR_READING,S17,,,,,,,,TEMPERATURE,39.0222,C,,
5139,592099,SENSOR,,SENSOR_READING,S17,,,,,,,,CURRENT,2.24199,A,,
5140,592099,SENSOR,,SENSOR_READING,S17,,,,,,,,TORQUE,0,Nm,,
5141,592571,SENSOR,,SENSOR_READING,S20,,,,,,,,VIBRATION,0.158952,g,,
5142,592571,SENSOR,,SENSOR_READING,S20,,,,,,,,TEMPERATURE,39.4187,C,,
5143,592571,SENSOR,,SENSOR_READING,S20,,,,,,,,CURRENT,2.16146,A,,
5144,592571,SENSOR,,SENSOR_READING,S20,,,,,,,,TORQUE,0,Nm,,
5145,592734,SENSOR,,SENSOR_READING,S02,,,,,,,,VIBRATION,1.22165,g,,
5146,592734,SENSOR,,SENSOR_READING,S02,,,,,,,,TEMPERATURE,60.7918,C,,
5147,592734,SENSOR,,SENSOR_READING,S02,,,,,,,,CURRENT,14.5177,A,,
5148,592734,SENSOR,,SENSOR_READING,S02,,,,,,,,TORQUE,55.3277,Nm,,
5149,593206,SENSOR,,SENSOR_READING,S26,,,,,,,,VIBRATION,0.231552,g,,
5150,593206,SENSOR,,SENSOR_READING,S26,,,,,,,,TEMPERATURE,38.7096,C,,
5151,593206,SENSOR,,SENSOR_READING,S26,,,,,,,,CURRENT,2.10525,A,,
5152,593206,SENSOR,,SENSOR_READING,S26,,,,,,,,TORQUE,0.473493,Nm,,
5153,593237,SENSOR,,SENSOR_READING,S22,,,,,,,,VIBRATION,0.179372,g,,
5154,593237,SENSOR,,SENSOR_READING,S22,,,,,,,,TEMPERATURE,38.3683,C,,
5155,593237,SENSOR,,SENSOR_READING,S22,,,,,,,,CURRENT,2.09574,A,,
5156,593237,SENSOR,,SENSOR_READING,S22,,,,,,,,TORQUE,0.479209,Nm,,
5157,593901,STATION,EV000279,PROCESSING_COMPLETED,S07,U000007,1,PROCESSING,,57190,,,,,,,
5158,593901,STATION,EV000280,UNIT_ARRIVED,S08,U000007,1,,,,,,,,,,
5159,593901,STATION,EV000281,PROCESSING_STARTED,S07,U000008,0,IDLE,PROCESSING,38394,,,,,,,
5160,594271,SENSOR,,SENSOR_READING,S23,,,,,,,,VIBRATION,0.2118,g,,
5161,594271,SENSOR,,SENSOR_READING,S23,,,,,,,,TEMPERATURE,38.923,C,,
5162,594271,SENSOR,,SENSOR_READING,S23,,,,,,,,CURRENT,2.20431,A,,
5163,594271,SENSOR,,SENSOR_READING,S23,,,,,,,,TORQUE,0,Nm,,
5164,594871,SENSOR,,SENSOR_READING,S07,,,,,,,,VIBRATION,1.19421,g,,
5165,594871,SENSOR,,SENSOR_READING,S07,,,,,,,,TEMPERATURE,60.6328,C,,
5166,594871,SENSOR,,SENSOR_READING,S07,,,,,,,,CURRENT,14.4396,A,,
5167,594871,SENSOR,,SENSOR_READING,S07,,,,,,,,TORQUE,55.0208,Nm,,
5168,595144,SENSOR,,SENSOR_READING,S16,,,,,,,,VIBRATION,0.187942,g,,
5169,595144,SENSOR,,SENSOR_READING,S16,,,,,,,,TEMPERATURE,39.5421,C,,
5170,595144,SENSOR,,SENSOR_READING,S16,,,,,,,,CURRENT,2.25328,A,,
5171,595144,SENSOR,,SENSOR_READING,S16,,,,,,,,TORQUE,0,Nm,,
5172,595615,SENSOR,,SENSOR_READING,S29,,,,,,,,VIBRATION,0.211813,g,,
5173,595615,SENSOR,,SENSOR_READING,S29,,,,,,,,TEMPERATURE,38.7357,C,,
5174,595615,SENSOR,,SENSOR_READING,S29,,,,,,,,CURRENT,2.35172,A,,
5175,595615,SENSOR,,SENSOR_READING,S29,,,,,,,,TORQUE,0.443553,Nm,,
5176,596787,SENSOR,,SENSOR_READING,S03,,,,,,,,VIBRATION,1.2067,g,,
5177,596787,SENSOR,,SENSOR_READING,S03,,,,,,,,TEMPERATURE,61.3866,C,,
5178,596787,SENSOR,,SENSOR_READING,S03,,,,,,,,CURRENT,14.5794,A,,
5179,596787,SENSOR,,SENSOR_READING,S03,,,,,,,,TORQUE,55.488,Nm,,
5180,596851,SENSOR,,SENSOR_READING,S14,,,,,,,,VIBRATION,0.19583,g,,
5181,596851,SENSOR,,SENSOR_READING,S14,,,,,,,,TEMPERATURE,39.3144,C,,
5182,597094,SENSOR,,SENSOR_READING,S10,,,,,,,,VIBRATION,1.11128,g,,
5183,597094,SENSOR,,SENSOR_READING,S10,,,,,,,,TEMPERATURE,48.8534,C,,
5184,597636,SENSOR,,SENSOR_READING,S12,,,,,,,,VIBRATION,0.305032,g,,
5185,597636,SENSOR,,SENSOR_READING,S12,,,,,,,,TEMPERATURE,50.25,C,,
5186,597636,SENSOR,,SENSOR_READING,S12,,,,,,,,CURRENT,2.31223,A,,
5187,597636,SENSOR,,SENSOR_READING,S12,,,,,,,,TORQUE,5.53341,Nm,,
5188,598024,SENSOR,,SENSOR_READING,S25,,,,,,,,VIBRATION,0.197518,g,,
5189,598024,SENSOR,,SENSOR_READING,S25,,,,,,,,TEMPERATURE,39.0141,C,,
5190,598024,SENSOR,,SENSOR_READING,S25,,,,,,,,CURRENT,2.10741,A,,
5191,598024,SENSOR,,SENSOR_READING,S25,,,,,,,,TORQUE,0.617446,Nm,,
5192,598063,SENSOR,,SENSOR_READING,S15,,,,,,,,VIBRATION,0.261849,g,,
5193,598063,SENSOR,,SENSOR_READING,S15,,,,,,,,TEMPERATURE,38.7453,C,,
5194,598063,SENSOR,,SENSOR_READING,S15,,,,,,,,CURRENT,2.33277,A,,
5195,598063,SENSOR,,SENSOR_READING,S15,,,,,,,,TORQUE,0.0815576,Nm,,
5196,598267,SENSOR,,SENSOR_READING,S31,,,,,,,,VIBRATION,0.257354,g,,
5197,598267,SENSOR,,SENSOR_READING,S31,,,,,,,,TEMPERATURE,38.676,C,,
5198,598588,SENSOR,,SENSOR_READING,S11,,,,,,,,VIBRATION,1.20021,g,,
5199,598588,SENSOR,,SENSOR_READING,S11,,,,,,,,TEMPERATURE,52.2427,C,,
5200,598588,SENSOR,,SENSOR_READING,S11,,,,,,,,CURRENT,14.4238,A,,
5201,598588,SENSOR,,SENSOR_READING,S11,,,,,,,,TORQUE,54.8359,Nm,,
5202,599022,STATION,EV000282,PROCESSING_COMPLETED,S03,U000013,1,PROCESSING,,33474,,,,,,,
5203,599022,STATION,EV000283,UNIT_ARRIVED,S04,U000013,2,,,,,,,,,,
5204,599022,STATION,EV000284,PROCESSING_STARTED,S03,U000014,0,IDLE,PROCESSING,44617,,,,,,,
5205,599367,SENSOR,,SENSOR_READING,S28,,,,,,,,VIBRATION,0.111933,g,,
5206,599367,SENSOR,,SENSOR_READING,S28,,,,,,,,TEMPERATURE,39.2327,C,,
5207,599367,SENSOR,,SENSOR_READING,S28,,,,,,,,CURRENT,1.95478,A,,
5208,599367,SENSOR,,SENSOR_READING,S28,,,,,,,,TORQUE,0.359028,Nm,,
5209,599574,SENSOR,,SENSOR_READING,S21,,,,,,,,VIBRATION,0.113897,g,,
5210,599574,SENSOR,,SENSOR_READING,S21,,,,,,,,TEMPERATURE,39.338,C,,
5211,599657,SENSOR,,SENSOR_READING,S06,,,,,,,,VIBRATION,1.11041,g,,
5212,599657,SENSOR,,SENSOR_READING,S06,,,,,,,,TEMPERATURE,59.542,C,,
5213,599657,SENSOR,,SENSOR_READING,S06,,,,,,,,CURRENT,14.4714,A,,
5214,599657,SENSOR,,SENSOR_READING,S06,,,,,,,,TORQUE,54.7338,Nm,,
5215,599891,STATION,EV000285,PROCESSING_COMPLETED,S04,U000011,2,PROCESSING,,45681,,,,,,,
5216,599891,STATION,EV000286,UNIT_ARRIVED,S05,U000011,1,,,,,,,,,,
5217,599891,STATION,EV000287,PROCESSING_STARTED,S04,U000012,1,IDLE,PROCESSING,39129,,,,,,,
