tree
version=v4
num_class=1
num_tree_per_iteration=1
label_index=0
max_feature_idx=10
objective=regression_l1
feature_names=op_frac_running op_frac_waiting sensor_recent_mean sensor_trend svc_cycle_time_ratio_to_baseline svc_cycle_time_std_seconds svc_cycle_time_trend_seconds svc_recent_cycle_time_seconds sensor_maturity station_type zone
feature_infos=[0:1] [0:0.75658623540391468] [0.94846308954440339:984.29400780122876] [-90.365770109355708:94.216271125851677] [0.32635866509834083:2.5381955519989181] [0:66.546276022964236] [-103.40459500943325:103.27728900304101] [19.58151990590045:188.1091653764197] -1:1:2:0 -1:1:2:0 -1:1:2:0
tree_sizes=2792 2932 2906 2942 2917 2883 2897 2913 2905 2948 2912 2954 2939 2965 2967 2978 2958 2990 2949 2977 2930 2966 2985 2990 2982 2969 2966 2954 2955 2955 2947 2922 2929 2922 2901 2864 2925 2882 2887 2936 2906 2847 2865 2878 2848 2870 2839 2815 2858 2846 2845 2840 2816 2836 2811 2807 2785 2808 2834 2795 2803 2814 2786 2824 2810 2806 2814

Tree=0
num_leaves=31
num_cat=3
split_feature=7 0 4 7 10 7 4 9 0 1 0 4 7 4 4 7 0 7 4 10 7 4 0 4 0 7 2 7 4 7
split_gain=18878.6 3240.53 2175.75 2971.52 1444.9 946.918 1452.24 926.663 917.716 705.747 567.992 518.015 492.101 314.666 255.044 234.863 156.896 220.285 322.125 141.324 104.321 260.769 76.4043 58.4409 55.2802 38.7581 37.8575 35.4428 33.2398 96.6887
threshold=68.549518458457314 1.0000000180025095e-35 0.95228428562210476 57.257695586291625 0 87.595485404147823 1.183510603406893 1 1.0000000180025095e-35 0.068447250128610929 0.98383953407239633 1.1425980713549853 85.491898278713862 0.91435451743339002 0.78845986633846954 47.875898269118814 1.0000000180025095e-35 82.04768943759909 1.0939145534771544 2 94.881837976680615 1.167288878983118 1.0000000180025095e-35 0.77518434899507238 0.76321686942397282 88.459076716360656 52.455293955957337 106.5298651076577 0.9334703004019429 80.406908079182031
decision_type=2 10 2 2 1 2 2 1 8 10 8 2 2 2 2 2 8 2 2 1 2 2 8 2 8 2 2 2 2 2
left_child=2 4 3 14 27 6 7 -6 -8 19 -4 13 -13 -9 15 -1 -15 28 -19 -5 21 -7 -23 -21 -16 -3 -25 -2 29 -18
right_child=1 25 10 9 5 20 8 11 -10 -11 -12 12 -14 16 24 -17 17 18 -20 23 -22 22 -24 26 -26 -27 -28 -29 -30 -31
leaf_value=51.365743446350095 50.257587051391603 50.512836265563962 50.517588043212889 50.250050354003903 49.883111190795901 49.217034149169919 49.895170783996583 49.255965042114255 51.329707336425784 50.530478477478027 51.347898292541501 51.157091522216795 50.010556030273435 50.142367172241208 50.519291305541991 50.199187469482425 50.036440658569333 49.256219863891602 50.045116806030272 49.406303024291994 49.245944595336915 49.876621818542482 50.070104598999023 50.066353988647464 51.35220375061035 49.67764320373535 50.00027770996094 48.375739097595215 50.076458740234372 49.354742813110349
leaf_weight=524 8258 6012 3068 3039 10899 2712 504 1842 1428 2730 14950 718 947 11770 275 657 1224 1819 2421 329 5399 352 1541 4399 6839 52 339 48 12945 411
leaf_count=524 8258 6012 3068 3039 10899 2712 504 1842 1428 2730 14950 718 947 11770 275 657 1224 1819 2421 329 5399 352 1541 4399 6839 52 339 48 12945 411
internal_value=50.23 50.1999 50.2878 50.2643 50.1934 50.1877 50.1937 50.19 50.2786 50.2298 50.3127 50.1981 50.2525 50.1953 50.3094 50.2663 50.1978 50.2034 50.1834 50.215 50.1598 50.1708 50.1993 50.2048 50.3165 50.2698 50.2076 50.2324 50.2092 50.1958
internal_weight=108451 71302 37149 19131 65238 56932 46928 44996 1932 10836 18018 34097 1665 32432 8295 1181 30590 18820 4240 8106 10004 4605 1893 5067 7114 6064 4738 8306 14580 1635
internal_count=108451 71302 37149 19131 65238 56932 46928 44996 1932 10836 18018 34097 1665 32432 8295 1181 30590 18820 4240 8106 10004 4605 1893 5067 7114 6064 4738 8306 14580 1635
cat_boundaries=0 1 2 3
cat_threshold=1 4 1
is_linear=0
shrinkage=1


Tree=1
num_leaves=31
num_cat=3
split_feature=7 0 4 7 10 7 4 0 9 1 0 4 7 4 4 7 0 7 4 10 7 4 0 4 0 4 7 7 2 7
split_gain=16650 2723.54 1967.36 2677.75 1231.93 878.394 1268.97 805.115 793.391 560.188 555.19 472.21 426.676 296.109 226.784 235.368 129.94 199.392 270.487 116.729 97.3397 230.417 67.8177 56.1821 50.2765 36.9912 103.793 35.2339 33.0897 32.3113
threshold=68.549518458457314 1.0000000180025095e-35 0.95228428562210476 57.257695586291625 0 87.595485404147823 1.183510603406893 1.0000000180025095e-35 1 0.068447250128610929 0.9999061868571123 1.1425980713549853 85.491898278713862 0.91435451743339002 0.79883955048869848 47.875898269118814 1.0000000180025095e-35 82.243599304807006 1.0954359165510699 2 94.881837976680615 1.167288878983118 1.0000000180025095e-35 0.75909325682424555 0.39609404243161001 0.93691249547578959 80.406908079182031 106.5298651076577 52.627892386333521 88.459076716360656
decision_type=2 10 2 2 1 2 2 8 1 10 8 2 2 2 2 2 8 2 2 1 2 2 8 2 10 2 2 2 2 2
left_child=2 4 3 14 27 6 8 -8 -6 19 -4 13 -13 -10 15 -1 -15 25 -19 -5 21 -7 -23 -21 -16 26 -18 -2 -25 -3
right_child=1 29 10 9 5 20 7 -9 11 -11 -12 12 -14 16 24 -17 17 18 -20 23 -22 22 -24 28 -26 -27 -28 -29 -30 -31
leaf_value=0.99446355819702181 0.024825325012206891 0.25454961776733426 0.25834213256835953 0.018042297363281536 -0.31220294952392608 -0.9116722869873044 -0.30134931564331069 0.98973358154296853 -0.87663448333740213 0.27042760848999026 1.0062784385681156 0.83437934875488295 -0.19750259399414036 -0.078872566223144258 1.0169156646728517 -0.0031039428710940343 -0.17018344879150363 -0.87640514373779299 -0.16455387115478504 -0.92209526062011737 -0.88565288543701193 -0.3180433845520021 -0.14390888214111328 -0.15439350128173857 0.24026828765869157 -0.13822982788085911 -0.79182270050048809 -1.6688378334045411 -0.23562881469726593 -0.49712413787841786
leaf_weight=649 8258 6012 3071 3039 10899 2712 504 1428 1842 2730 14947 718 947 11770 6672 739 1456 1759 2263 164 5399 352 1541 4582 235 12871 471 48 321 52
leaf_count=649 8258 6012 3071 3039 10899 2712 504 1428 1842 2730 14947 718 947 11770 6672 739 1456 1759 2263 164 5399 352 1541 4582 235 12871 471 48 321 52
internal_value=0.000358687 -0.0279235 0.0546421 0.0323088 -0.0338821 -0.0391309 -0.0333958 0.0459627 -0.0368033 -0.000424511 0.078355 -0.0292958 0.0226426 -0.0319623 0.0750693 0.0381844 -0.0296175 -0.0244633 -0.0442069 -0.0136195 -0.0660336 -0.0553529 -0.028579 -0.022913 0.0824815 -0.0190972 -0.0320187 0.00209487 -0.0209872 0.0361807
internal_weight=108451 71302 37149 19131 65238 56932 46928 1932 44996 10836 18018 34097 1665 32432 8295 1388 30590 18820 4022 8106 10004 4605 1893 5067 6907 14798 1927 8306 4903 6064
internal_count=108451 71302 37149 19131 65238 56932 46928 1932 44996 10836 18018 34097 1665 32432 8295 1388 30590 18820 4022 8106 10004 4605 1893 5067 6907 14798 1927 8306 4903 6064
cat_boundaries=0 1 2 3
cat_threshold=1 4 1
is_linear=0
shrinkage=0.1


Tree=2
num_leaves=31
num_cat=4
split_feature=7 0 4 7 10 7 4 9 0 1 4 7 4 4 7 0 7 4 4 10 7 4 4 0 0 2 7 7 4 10
split_gain=14378.1 2185.49 1800.72 2601.28 1057.94 748.878 1098.15 690.91 540.337 485.525 463.523 401.024 300.256 223.675 206.502 134.899 182.703 373.483 218.338 106.648 87.1222 220.671 64.2452 58.99 50.3166 45.7559 36.5018 28.5508 26.6377 21.3934
threshold=69.094893528984372 1.0000000180025095e-35 0.95890732177577176 57.507019306188646 0 87.595485404147823 1.1961958885190405 1 0.9999061868571123 0.13892627843662925 1.167288878983118 85.830566791963079 0.92048949438445293 0.79883955048869848 47.875898269118814 1.0000000180025095e-35 80.93432925922906 1.078799005423245 1.1513942223174933 2 95.863161733858576 1.0883358011045474 0.78845986633846954 1.0000000180025095e-35 0.76738535386256157 52.835002114567466 59.532509608153312 106.5298651076577 1.2945314488736328 3
decision_type=2 10 2 2 1 2 2 1 8 10 2 2 2 2 2 8 2 2 2 1 2 2 2 8 8 2 2 2 2 1
left_child=2 4 3 13 27 6 7 -6 -4 19 12 -8 -9 14 -1 -14 18 -18 -17 -5 21 -7 26 -23 -15 -24 -21 -2 -3 -10
right_child=1 28 8 9 5 20 11 10 29 -11 -12 -13 15 24 -16 16 17 -19 -20 22 -22 23 25 -25 -26 -27 -28 -29 -30 -31
leaf_value=0.89501720237731996 0.02234279251098599 0.22837577629089412 0.23674642944335958 0.018710214614868194 -0.28098265457153321 -0.81962042999267559 0.89744242858886669 -0.78815926742553666 0.90261867332458512 0.24104319572448746 0.79213198852539013 -0.26696595573425269 -0.071392147064208447 0.23633232498168938 -0.0015728454589847729 -0.12995799255371096 -0.78225999450683581 -0.14463122558593752 0.67408975982665997 -0.16569044876098646 -0.8081734886169436 -0.28623904609680156 -0.11500757980346706 -0.13202367782592789 0.92042333984375024 -0.21289849090576213 -0.82988573455810555 -1.5019540500640873 -0.39260348892211927 -0.27122944259643589
leaf_weight=649 7982 5591 3164 3268 11071 3011 1136 1919 14751 2975 447 268 11608 285 786 12721 2106 4369 270 207 4991 360 4942 1642 7139 388 278 48 54 25
leaf_count=649 7982 5591 3164 3268 11071 3011 1136 1919 14751 2975 447 268 11608 285 786 12721 2106 4369 270 207 4991 360 4942 1642 7139 388 278 48 54 25
internal_value=0.000423233 -0.0267839 0.049152 0.0292155 -0.032049 -0.036923 -0.0315213 -0.0342679 0.0723969 -0.00101178 -0.0270993 0.0555556 -0.0284697 0.0703578 0.034216 -0.026099 -0.021011 -0.0347336 -0.0141713 -0.0124959 -0.0617153 -0.0524038 -0.0206191 -0.0266733 0.0773438 -0.0174484 -0.0554639 0.0018929 0.0328609 0.0804277
internal_weight=108451 69594 38857 20917 63949 55919 45915 44511 17940 12058 33440 1404 32993 8859 1435 31074 19466 6475 12991 9083 10004 5013 5815 2002 7424 5330 485 8030 5645 14776
internal_count=108451 69594 38857 20917 63949 55919 45915 44511 17940 12058 33440 1404 32993 8859 1435 31074 19466 6475 12991 9083 10004 5013 5815 2002 7424 5330 485 8030 5645 14776
cat_boundaries=0 1 2 3 4
cat_threshold=1 4 1 2
is_linear=0
shrinkage=0.1


Tree=3
num_leaves=31
num_cat=2
split_feature=7 0 4 7 10 7 4 2 0 1 4 7 7 4 4 7 10 0 7 4 4 7 4 0 0 2 7 4 7 0
split_gain=12272.3 1817.41 1604.48 2213.03 889.815 694.919 960.985 602.361 499.545 399.283 386.615 364.796 284.489 257.214 186.851 175.993 91.2095 84.1626 137.942 252.481 83.1657 296.719 63.5377 62.3577 50.2142 37.7497 28.3661 23.2473 49.8889 19.3862
threshold=69.094893528984372 1.0000000180025095e-35 0.95890732177577176 57.507019306188646 0 87.595485404147823 1.1961958885190405 52.989397245862428 0.9999061868571123 0.068447250128610929 1.1513942223174933 85.830566791963079 71.743700657515618 0.92048949438445293 0.79883955048869848 47.875898269118814 1 1.0000000180025095e-35 82.04768943759909 1.0939145534771544 1.1565441457961871 101.84050461418111 0.77518434899507238 1.0000000180025095e-35 0.76738535386256157 52.835002114567466 106.5298651076577 0.9334703004019429 80.93432925922906 0.56119133357475237
decision_type=2 10 2 2 1 2 2 2 8 10 2 2 2 2 2 2 1 8 2 2 2 2 2 8 8 2 2 2 2 8
left_child=2 4 3 14 26 6 7 10 -4 16 13 -8 -12 -6 15 -1 -5 -15 27 -20 -7 23 -18 -22 -16 -24 -2 28 -19 -17
right_child=1 -3 8 9 5 20 11 -9 -10 -11 12 -13 -14 17 24 29 22 18 19 -21 21 -23 25 -25 -26 -27 -28 -29 -30 -31
leaf_value=0.80551548213958812 0.020108513259887675 0.20287439556121856 0.21307178649902384 0.016839193153381161 -0.70934334068298321 -0.74335803184509297 0.80769818572997998 -0.24613142127990742 0.81169381160736132 0.21488828563690207 0.68204202384948731 -0.24026936016082773 -0.16872191314697249 -0.063481409835814878 0.21269909248352051 0.43046500854492181 -0.65332752552032503 -0.15067593460082948 -0.71053862991333006 -0.13772490768432563 -0.26165471515655486 -0.74283942375183121 -0.11036198348999059 -0.10006043815612814 0.82838100585937513 -0.19160864181518564 -1.3517586450576786 -0.11136832122802716 -0.63308844223022409 -0.034858716201782158
leaf_weight=649 7982 5645 3164 3268 1919 4919 1136 11356 14776 3024 692 268 588 11323 285 50 304 798 1819 2786 370 2906 5074 1809 7139 388 48 12943 287 736
leaf_count=649 7982 5645 3164 3268 1919 4919 1136 11356 14776 3024 692 268 588 11323 285 50 304 798 1819 2786 370 2906 5074 1809 7139 388 48 12943 287 736
internal_value=0.000452739 -0.0246832 0.0454719 0.026653 -0.0294844 -0.0339545 -0.028751 -0.0313203 0.0674136 -0.0012274 -0.0245121 0.0527066 0.029375 -0.0266761 0.064601 0.0315679 -0.0117556 -0.0244025 -0.0202705 -0.0352877 -0.0578369 -0.0488692 -0.0193202 -0.0209729 0.070986 -0.0168436 0.00164384 -0.0153407 -0.0294009 -0.000254453
internal_weight=108451 69594 38857 20917 63949 55919 45915 44511 17940 12058 33155 1404 1280 31875 8859 1435 9034 29956 18633 4605 10004 5085 5766 2179 7424 5462 8030 14028 1085 786
internal_count=108451 69594 38857 20917 63949 55919 45915 44511 17940 12058 33155 1404 1280 31875 8859 1435 9034 29956 18633 4605 10004 5085 5766 2179 7424 5462 8030 14028 1085 786
cat_boundaries=0 1 2
cat_threshold=1 1
is_linear=0
shrinkage=0.1


Tree=4
num_leaves=31
num_cat=4
split_feature=7 0 4 7 10 7 4 9 1 4 1 7 4 4 7 4 4 7 0 7 4 4 0 2 10 0 10 4 7 7
split_gain=10462.1 1457.99 1400.29 1956.18 742.882 630.645 812.722 507.921 436.652 342.288 318.177 304.465 227.407 149.483 115.171 84.761 81.5836 254.958 81.5495 134.098 218.247 179.337 55.1326 54.6563 50.7539 53.4277 34.8347 36.7698 33.7427 25.2786
threshold=69.094893528984372 1.0000000180025095e-35 0.96018491784977378 57.507019306188646 0 87.595485404147823 1.1961958885190405 1 0.068447250128610929 1.167288878983118 0.068447250128610929 85.830566791963079 0.92048949438445293 0.77518434899507238 47.875898269118814 0.78845986633846954 1.167288878983118 101.84050461418111 1.0000000180025095e-35 82.04768943759909 0.99469920675231227 1.0939145534771544 1.0000000180025095e-35 52.989397245862428 2 0.79201052919556192 3 0.95757689626214593 59.532509608153312 106.5298651076577
decision_type=2 10 2 2 1 2 2 1 10 2 10 2 2 2 2 2 2 2 8 2 2 2 8 2 1 8 1 2 2 2
left_child=2 4 3 13 29 6 7 -6 -4 12 15 -8 -9 14 -1 28 -7 22 -14 21 -21 -20 -18 26 25 -15 -17 -28 -5 -2
right_child=1 -3 8 10 5 16 11 9 -10 -11 -12 -13 18 24 -16 23 17 -19 19 20 -22 -23 -24 -25 -26 -27 27 -29 -30 -31
leaf_value=0.71219919393539477 0.018097661933899192 0.18258695600509683 0.73052443044662496 -0.13522776840210043 -0.22827124698638956 -0.6642072121047975 0.72692836715698173 -0.63840900661468469 0.19122937435150222 0.65108756549835156 0.1954500475883485 -0.21624242414474468 -0.057131742973326995 0.2026765357780459 -0.044757768516540612 0.013262579364776884 -0.23548924364089957 -0.67418387645721445 -0.11230996505737281 -0.64205625434875491 -0.13395466377258317 0.52715246189117415 -0.088799740409851335 -0.18106309974670368 0.056087949867248459 0.74675655120849604 -0.094874073486328578 0.74225615248680121 -0.68871315122604393 -1.2165827805519109
leaf_weight=401 7982 5645 14664 207 11071 5206 1136 1919 3076 447 3083 268 11608 330 576 3293 370 2635 14022 1797 3371 276 1793 381 161 7450 4887 70 278 48
leaf_count=401 7982 5645 14664 207 11071 5206 1136 1919 3076 447 3083 268 11608 330 576 3293 370 2635 14022 1797 3371 276 1793 381 161 7450 4887 70 278 48
internal_value=0.000585518 -0.0226226 0.042152 0.0247526 -0.026923 -0.0310073 -0.0260503 -0.0284132 0.0628636 -0.0222667 -0.0012706 0.0488604 -0.0234444 0.0603499 0.0234391 -0.0106626 -0.0537585 -0.0443518 -0.0213812 -0.0174253 -0.0312307 -0.0124353 -0.0189089 -0.00837678 0.0648911 0.0660411 -0.00666667 -0.0119629 -0.0513402 0.0015193
internal_weight=108451 69594 38857 21117 63949 55919 45915 44511 17740 33440 12199 1404 32993 8918 977 9116 10004 4798 31074 19466 5168 14298 2163 8631 7941 7780 8250 4957 485 8030
internal_count=108451 69594 38857 21117 63949 55919 45915 44511 17740 33440 12199 1404 32993 8918 977 9116 10004 4798 31074 19466 5168 14298 2163 8631 7941 7780 8250 4957 485 8030
cat_boundaries=0 1 2 3 4
cat_threshold=1 4 2 1
is_linear=0
shrinkage=0.1


Tree=5
num_leaves=31
num_cat=6
split_feature=7 0 4 7 7 9 4 7 0 10 1 7 4 10 4 4 7 4 7 0 7 4 0 2 10 10 7 5 10 4
split_gain=8802.77 1228.42 1182.33 1642.91 647.004 708.843 723.314 555.578 389.424 316.54 258.063 213.719 185.146 127.733 76.283 63.679 175.438 63.2243 92.223 61.2105 77.1377 221.73 54.9878 43.9314 32.4839 31.3937 29.6361 26.8963 21.3438 20.2909
threshold=69.094893528984372 1.0000000180025095e-35 0.95890732177577176 57.507019306188646 91.859471087063284 0 1.1513942223174933 83.134050993345099 0.9999061868571123 1 0.14146778334431856 86.459849631450211 0.92048949438445293 2 0.78845986633846954 1.2238827851971583 103.1335028791995 0.75909325682424555 45.958946014595931 1.0000000180025095e-35 80.93432925922906 1.078799005423245 0.79201052919556192 911.94052636046251 3 4 59.532509608153312 28.68064462371893 5 1.2945314488736328
decision_type=2 10 2 2 2 1 2 2 8 1 10 2 2 1 2 2 2 2 2 8 2 2 8 2 1 1 2 2 1 2
left_child=2 4 3 13 5 -2 9 -8 -4 -7 14 12 -11 17 26 -6 27 18 -1 -14 -21 -22 -19 24 -16 -9 -5 -17 -10 -3
right_child=1 29 8 10 15 6 7 25 28 11 -12 -13 19 -15 23 16 -18 22 -20 20 21 -23 -24 -25 -26 -27 -28 -29 -30 -31
leaf_value=0.61661060693931591 -0.20520341489028981 0.16699206350517315 0.17210643691635213 -0.1217049915618901 -0.59962914390182509 0.0038279500617981912 0.60315845177650407 -0.11170499720954866 0.6581349817867278 -0.57456810595321606 0.17590504282951402 -0.59377571818923947 -0.051418568675994439 0.022751837070465089 0.013829015901565357 -0.022319745006561222 -0.61861927909469616 0.17736795049858112 -0.13769753426742568 -0.094396763351440427 -0.57418508631134058 -0.098176100700378299 0.66926965493774382 -0.22815948371124295 -0.081814640838623387 0.064799400867462262 -0.61984183610343924 -1.2447930368766784 -0.32660213743400635 -0.3918892751865386
leaf_weight=247 11637 5591 3164 207 4794 6517 1874 1746 14751 1919 2967 1965 11608 434 3268 889 1506 348 262 12721 1715 3806 7568 289 5049 1223 278 29 25 54
leaf_count=247 11637 5591 3164 207 4794 6517 1874 1746 14751 1919 2967 1965 11608 434 3268 889 1506 348 262 12721 1715 3806 7568 289 5049 1223 278 29 25 54
internal_value=0.000539414 -0.0207489 0.0386674 0.0225128 -0.0246962 -0.0211084 -0.01543 0.021082 0.0575028 -0.0198231 -0.00150937 -0.0237209 -0.0217413 0.0552094 -0.0098669 -0.0528955 -0.0396865 0.0579347 0.0237721 -0.0198057 -0.0161934 -0.0260641 0.0601314 -0.00769231 -0.00636047 -0.00582688 -0.0484536 -0.00522876 0.0643205 0.0239681
internal_weight=108451 69594 38857 20917 63949 56731 45094 4843 17940 40251 12058 33734 31769 8859 9091 7218 2424 8425 509 29850 18242 5521 7916 8606 8317 2969 485 918 14776 5645
internal_count=108451 69594 38857 20917 63949 56731 45094 4843 17940 40251 12058 33734 31769 8859 9091 7218 2424 8425 509 29850 18242 5521 7916 8606 8317 2969 485 918 14776 5645
cat_boundaries=0 1 2 3 4 5 6
cat_threshold=4 1 2 1 2 2
is_linear=0
shrinkage=0.1


Tree=6
num_leaves=31
num_cat=6
split_feature=7 0 4 7 7 9 4 7 0 10 1 7 4 10 10 4 0 7 4 4 7 0 10 4 7 7 2 7 0 10
split_gain=7365.9 1016.79 1010.89 1364.59 569.415 583.536 618.782 441.202 342.858 254.05 211.187 155.427 163.221 104.974 81.0306 70.1098 49.7281 58.0008 189.675 48.7022 91.2809 43.783 36.8787 33.1048 133.155 30.5205 24.1189 23.9377 21.9967 18.4418
threshold=69.094893528984372 1.0000000180025095e-35 0.95890732177577176 57.507019306188646 90.597181868261274 0 1.1513942223174933 83.134050993345099 0.9999061868571123 1 0.14146778334431856 86.121149098471207 0.92048949438445293 2 3 0.78845986633846954 1.0000000180025095e-35 79.466396297967563 1.0588075485487338 0.77518434899507238 50.612096845305295 0.79201052919556192 4 1.205921381922934 103.1335028791995 59.532509608153312 911.94052636046251 103.1335028791995 1.0000000180025095e-35 5
decision_type=2 10 2 2 2 1 2 2 8 1 10 2 2 1 1 2 8 2 2 2 2 8 1 2 2 2 2 2 8 1
left_child=2 4 3 13 5 -2 9 -8 -4 -7 15 12 -11 19 23 25 -14 -18 -19 20 -1 -21 26 -6 28 -5 -17 -16 -25 -9
right_child=1 -3 8 10 14 6 7 29 -10 11 -12 -13 16 -15 27 22 17 18 -20 21 -22 -23 -24 24 -26 -27 -28 -29 -30 -31
leaf_value=0.59141671696071618 -0.18458484494667077 0.14773968027477338 0.154895793224717 -0.10953449240570096 -0.53643327327385004 0.0034451550556184431 0.54284260659885397 -0.096094981625174825 0.59165848922328912 -0.51711129535789413 0.15831453854656274 -0.49910176994552596 -0.046276711808395279 0.020476653363418508 0.095723239381790393 -0.087743303250122306 -0.077333566165161127 -0.51306134186706565 -0.099195118380737315 0.16467208715038348 -0.10753423508853928 0.60431069176330543 0.0068377139665606991 -0.31828059637908912 -0.556426616932297 -0.55785765249309527 -0.20534353534011843 -0.92112276288070738 -0.063121622129440169 0.045868288905715815
leaf_weight=410 11590 5645 3164 207 4946 6517 1874 1492 14776 1919 2967 1752 11608 434 271 4727 11256 1586 5154 330 294 7391 3590 110 1759 278 289 54 925 1136
leaf_count=410 11590 5645 3164 207 4946 6517 1874 1492 14776 1919 2967 1752 11608 434 271 4727 11256 1586 5154 330 294 7391 3590 110 1759 278 289 54 925 1136
internal_value=0.000526505 -0.018947 0.0354042 0.0204666 -0.0225383 -0.0189535 -0.0137265 0.0214127 0.0528205 -0.0177021 -0.00142644 -0.0212382 -0.0196269 0.0502653 -0.0473776 -0.00898691 -0.0177949 -0.0145032 -0.0218398 0.0527359 0.0275568 0.0550317 -0.00690216 -0.0494315 -0.0407301 -0.0459794 -0.0124402 0.00153846 -0.0122705 -0.00502283
internal_weight=108451 69594 38857 20917 63949 55884 44294 4502 17940 39792 12058 33275 31523 8859 8065 9091 29604 17996 6740 8425 704 7721 8606 7740 2794 485 5016 325 1035 2628
internal_count=108451 69594 38857 20917 63949 55884 44294 4502 17940 39792 12058 33275 31523 8859 8065 9091 29604 17996 6740 8425 704 7721 8606 7740 2794 485 5016 325 1035 2628
cat_boundaries=0 1 2 3 4 5 6
cat_threshold=4 1 2 2 2 2
is_linear=0
shrinkage=0.1


Tree=7
num_leaves=31
num_cat=4
split_feature=7 4 7 0 7 9 4 7 0 10 1 7 4 4 10 7 4 7 4 7 6 0 7 4 7 10 7 7 5 0
split_gain=6114.95 889.099 1111.75 823.468 508.379 486.592 490.642 340.646 281.557 209.389 155.033 136.95 127.15 87.9383 70.6252 65.1417 59.36 47.6339 35.7206 108.614 33.2658 44.7915 37.6565 121.464 35.055 30.5781 25.1862 23.9377 20.7888 18.8007
threshold=69.094893528984372 0.95890732177577176 57.507019306188646 1.0000000180025095e-35 90.597181868261274 0 1.1513942223174933 78.049355011809197 0.93223649322236579 1 0.068447250128610929 86.121149098471207 0.91232968373710677 0.77518434899507238 2 47.875898269118814 0.78845986633846954 55.9569814717958 1.205921381922934 103.1335028791995 -16.840203034824295 1.0000000180025095e-35 75.891429380468267 1.0118929842608808 80.93432925922906 3 60.16688382652422 103.1335028791995 27.31106298215801 0.54684859647313122
decision_type=2 2 2 10 2 1 2 2 8 1 10 2 2 2 1 2 2 2 2 2 10 8 2 2 2 1 2 2 2 10
left_child=1 2 13 4 5 -2 9 -8 -3 -7 16 12 -11 15 18 -1 26 29 -6 28 24 -22 -23 -24 -14 -18 -4 -16 -20 -15
right_child=3 8 10 -5 14 6 7 -9 -10 11 -12 -13 20 17 27 -17 25 -19 19 -21 21 22 23 -25 -26 -27 -28 -29 -30 -31
leaf_value=0.52017654215185161 -0.16612636045200377 0.13988498988033343 -0.099714198987884833 0.13296571224729589 -0.48278994594646502 0.0031006395500568829 0.52173781870775215 -0.026707017802171509 0.53243847159978797 -0.47433628490169472 0.14072489072217992 -0.44919159295097338 -0.15144667656677271 0.55858821360609101 0.086150915443611364 -0.040287918449478259 -0.08899933791534452 0.32979371516248723 -0.068457021562004172 -0.50078395523906705 -0.041649040627555679 -0.048640585258178964 -0.43546662330307062 -0.09572764223678619 -0.47864706864227319 0.0061539425699045584 -0.50092881320814087 -0.82901048659263665 -1.139537734431763 0.027318167371959846
leaf_weight=401 11590 3141 210 5645 4946 6517 1740 2762 14799 1734 3024 1752 607 6507 271 576 4959 1288 1005 1759 11608 6758 1293 9091 432 3590 275 54 30 87
leaf_count=401 11590 3141 210 5645 4946 6517 1740 2762 14799 1734 3024 1752 607 6507 271 576 4959 1288 1005 1759 11608 6758 1293 9091 432 3590 275 54 30 87
internal_value=0.000316272 0.0320946 0.0180858 -0.0174268 -0.0206586 -0.0172715 -0.0124983 0.0187916 0.0484281 -0.0160384 -0.00167524 -0.0192487 -0.0177363 0.0449825 -0.044129 0.0166837 -0.00823555 0.0484902 -0.0460465 -0.0370079 -0.016204 -0.0155687 -0.0123206 -0.0161017 -0.0337825 -0.00630483 -0.042268 0.00153846 -0.0113043 0.051926
internal_weight=108451 38857 20917 69594 63949 55884 44294 4502 17940 39792 12058 33275 31523 8859 8065 977 9034 7882 7740 2794 29789 28750 17142 10384 1039 8549 485 325 1035 6594
internal_count=108451 38857 20917 69594 63949 55884 44294 4502 17940 39792 12058 33275 31523 8859 8065 977 9034 7882 7740 2794 29789 28750 17142 10384 1039 8549 485 325 1035 6594
cat_boundaries=0 1 2 3 4
cat_threshold=4 1 2 2
is_linear=0
shrinkage=0.1


Tree=8
num_leaves=31
num_cat=5
split_feature=7 4 7 1 7 9 4 7 0 10 1 7 4 10 10 4 7 4 4 7 6 0 7 4 7 10 5 4 7 2
split_gain=5026.16 743.36 904.968 664.477 425.438 405.375 410.694 293.365 238.7 170.122 132.924 119.923 105.767 75.2343 60.367 49.4443 42.3427 33.6049 32.3012 92.192 29.1789 33.6266 32.1255 112.26 28.2887 25.106 24.0092 20.4355 35.2948 20.1675
threshold=69.094893528984372 0.95890732177577176 57.507019306188646 1.0000000180025095e-35 90.597181868261274 0 1.1513942223174933 83.134050993345099 0.9999061868571123 1 0.14146778334431856 86.459849631450211 0.91232968373710677 2 3 0.78845986633846954 55.658187234495934 0.84427477418953611 1.205921381922934 103.1335028791995 -16.840203034824295 1.0000000180025095e-35 75.891429380468267 0.98211718921920166 80.93432925922906 4 28.68064462371893 0.73374109826575074 45.958946014595931 901.4481835567932
decision_type=2 2 2 10 2 1 2 2 8 1 10 2 2 1 1 2 2 2 2 2 10 8 2 2 2 1 2 2 2 2
left_child=1 2 13 4 5 -2 9 -8 -3 -7 15 12 -11 16 18 -4 27 -18 -6 29 24 -22 -23 -24 -14 -17 -16 28 -1 -20
right_child=3 8 10 -5 14 6 7 -9 -10 11 -12 -13 20 -15 26 25 17 -19 19 -21 21 22 23 -25 -26 -27 -28 -29 -30 -31
leaf_value=0.41569955260951802 -0.1495137244068033 0.12476314433468261 -0.30341581164806897 0.12069968148887469 -0.43451095135181855 0.0027905755950513368 0.44230682706105218 -0.038570868001324143 0.47924879314098096 -0.42690265641152508 0.12841059561968821 -0.43589086971201285 -0.13410150079241986 -0.0026897267508907419 0.062579013639240344 0.011146948657762579 -0.0047723796813983199 0.37866682211564823 -0.049794588313923076 -0.45059226320637152 -0.037484136564800256 -0.043445983214294874 -0.40351507406327802 -0.086433820353958177 -0.43235956872155801 -0.064168274668243444 -1.048849153509545 0.49922780958818225 -0.12694608733746762 -0.30504108322618467
leaf_weight=128 11590 3164 485 5552 4946 6517 1888 2640 14776 1734 2967 1506 610 434 300 3268 329 1133 951 1769 11608 6782 1385 9236 460 5338 25 6712 123 95
leaf_count=128 11590 3164 485 5552 4946 6517 1888 2640 14776 1734 2967 1506 610 434 300 3268 329 1133 951 1769 11608 6782 1385 9236 460 5338 25 6712 123 95
internal_value=0.000334713 0.0291453 0.016336 -0.0157514 -0.0186284 -0.0155301 -0.0111797 0.0173587 0.0440803 -0.0144234 -0.00149278 -0.0173134 -0.0160082 0.0406028 -0.0400693 -0.00749093 0.0426944 0.027223 -0.0418374 -0.033286 -0.0146238 -0.0140257 -0.0112452 -0.0146785 -0.0308411 -0.00574018 0.00215385 0.0459428 0.0179283 -0.00975143
internal_weight=108451 38857 20917 69594 64042 55956 44366 4528 17940 39838 12058 33321 31815 8859 8086 9091 8425 1462 7761 2815 30081 29011 17403 10621 1070 8606 325 6963 251 1046
internal_count=108451 38857 20917 69594 64042 55956 44366 4528 17940 39838 12058 33321 31815 8859 8086 9091 8425 1462 7761 2815 30081 29011 17403 10621 1070 8606 325 6963 251 1046
cat_boundaries=0 1 2 3 4 5
cat_threshold=4 1 2 2 1
is_linear=0
shrinkage=0.1


Tree=9
num_leaves=31
num_cat=3
split_feature=7 4 7 0 7 9 4 7 1 10 1 7 4 4 7 4 7 4 0 5 10 2 6 0 7 4 2 7 4 4
split_gain=4076.46 606.257 733.66 551.651 360.189 324.976 335.229 242.827 193.586 141.217 104.578 103.028 93.2288 65.9962 61.6216 50.2412 99.0532 40.8638 28.8261 24.9219 22.7918 21.2032 20.5209 23.8952 27.977 98.0143 15.8507 14.9615 22.4108 15.6119
threshold=69.094893528984372 0.95890732177577176 57.507019306188646 1.0000000180025095e-35 90.597181868261274 0 1.1513942223174933 78.049355011809197 0.45202400236374168 1 0.15836120263810397 86.459849631450211 0.9224362365317158 0.79883955048869848 47.875898269118814 1.2177527512240129 103.1335028791995 0.77518434899507238 0.79201052919556192 28.68064462371893 2 901.4481835567932 -22.741390451838772 1.0000000180025095e-35 78.716247424764404 1.0486658761687184 0.99952705417664189 57.999863451551057 0.96018491784977378 0.99795222475236034
decision_type=2 2 2 10 2 1 2 2 8 1 10 2 2 2 2 2 2 2 8 2 1 2 10 8 2 2 2 2 2 2
left_child=1 2 13 4 5 -2 9 -8 -3 -7 17 12 -11 14 -1 -6 19 -4 -15 21 -19 -17 -14 -24 -25 -26 -27 -10 -29 -30
right_child=3 8 10 -5 15 6 7 -9 27 11 -12 -13 22 18 -16 16 -18 20 -20 -21 -22 -23 23 24 25 26 -28 28 29 -31
leaf_value=0.42735924026394301 -0.13456235196612312 0.10680243964242493 -0.36999271803208988 0.10761672048110071 -0.38393564842053929 0.0025115180355463453 0.42533335413087131 -0.026154259446599326 0.52222509790891392 -0.3545697134632434 0.11676086601377378 -0.39230178274081173 -0.29340368947220802 0.094409959299925114 -0.018969928327266673 0.022751249647141949 -0.41456128090428879 -0.073054190172824468 0.44065157861715676 -1.0562445459005165 0.0067576852342476458 -0.23779768018081812 -0.033735722908320297 -0.052948700473713473 -0.36810785445474503 -0.088880041929554218 0.026018536901164426 -0.32486428710508763 0.29739771296018347 0.42641001154416786
leaf_weight=649 11590 2962 304 5645 5298 6517 1740 2762 2065 2051 2897 1506 390 286 786 1032 1614 5267 7138 30 3590 91 11608 10284 1416 5297 723 31 1464 11418
leaf_count=649 11590 2962 304 5645 5298 6517 1740 2762 2065 2051 2897 1506 390 286 786 1032 1614 5267 7138 30 3590 91 11608 10284 1416 5297 723 31 1464 11418
internal_value=0.000198246 0.0261446 0.0145767 -0.0142886 -0.0169338 -0.0140827 -0.010182 0.0156819 0.0396321 -0.0131082 -0.0014762 -0.0157446 -0.014533 0.0364262 0.0167944 -0.0366894 -0.025768 -0.00671324 0.0402209 -0.00338248 -0.00547589 -0.000979519 -0.0131099 -0.0128069 -0.0104966 -0.0151694 -0.00960133 0.0442516 0.0429877 0.0431921
internal_weight=108451 38857 20917 69594 63949 55884 44294 4502 17940 39792 12058 33275 31769 8859 1435 8065 2767 9161 7424 1153 8857 1123 29718 29328 17720 7436 6020 14978 12913 12882
internal_count=108451 38857 20917 69594 63949 55884 44294 4502 17940 39792 12058 33275 31769 8859 1435 8065 2767 9161 7424 1153 8857 1123 29718 29328 17720 7436 6020 14978 12913 12882
cat_boundaries=0 1 2 3
cat_threshold=4 1 2
is_linear=0
shrinkage=0.1


Tree=10
num_leaves=31
num_cat=4
split_feature=7 4 7 1 7 9 4 7 0 7 4 1 10 4 7 4 4 7 7 7 4 0 5 7 4 10 2 10 0 6
split_gain=3358.35 493.622 599.408 431.729 308.928 272.452 277.84 202.955 164.617 123.56 103.301 71.6434 67.1953 52.1595 48.625 45.4266 41.8264 78.4944 40.5608 37.6852 31.2817 27.6148 21.3444 20.5997 55.0218 18.6683 18.4809 18.1494 17.5288 16.183
threshold=69.094893528984372 0.95890732177577176 56.506460254181555 1.0000000180025095e-35 91.181808649484694 0 1.1513942223174933 82.47428081260766 0.9999061868571123 85.491898278713862 0.94177425368574863 0.068447250128610929 1 0.75909325682424555 58.449777677205638 0.78845986633846954 1.2177527512240129 103.1335028791995 70.50784171328921 45.958946014595931 1.1403836395573281 1.0000000180025095e-35 28.68064462371893 75.596662345638251 0.97135004255518997 2 0.99092464129367841 3 0.74103652578987533 16.63136589149887
decision_type=2 2 2 10 2 1 2 2 8 2 2 10 1 2 2 2 2 2 2 2 2 8 2 2 2 1 2 1 8 8
left_child=1 2 13 4 5 -2 9 -8 -3 10 18 14 -12 19 -4 -16 -6 22 -7 -1 -11 -14 29 -23 -25 -17 -13 28 -15 -18
right_child=3 8 11 -5 16 6 7 -9 -10 20 12 26 21 27 15 25 17 -19 -20 -21 -22 23 -24 24 -26 -27 -28 -29 -30 -31
leaf_value=0.34160087570047754 -0.12084957837839738 0.1002748751215421 0.1802322202015475 0.097868041291877719 -0.3520490919155066 -0.091378114805821309 0.37441651426902922 -0.02883915614467867 0.38890740760654768 -0.35274888736805932 0.0022603662319916396 0.0956645752497991 -0.030362150617488481 0.1093269045573166 -0.32215625035507467 -0.068853277634820395 -0.11554995598533112 -0.37215739127821551 -0.31749594525794755 -0.094553963920408546 -0.076309098207179821 -0.026730060682896097 -0.95062009131046465 -0.34542510386409547 -0.068690102237407666 0.0042527693719556225 0.2289348389216741 0.023730656176358878 0.41155872605329269 0.060086392146421023
leaf_weight=253 11614 3164 1041 5552 4948 1345 1834 2871 14776 2098 6517 3046 11608 205 364 4941 425 1624 2482 408 440 5509 30 816 9246 3502 114 148 6895 635
leaf_count=253 11614 3164 1041 5552 4948 1345 1834 2871 14776 2098 6517 3046 11608 205 364 4941 425 1624 2482 408 440 5509 30 816 9246 3502 114 148 6895 635
internal_value=8.75972e-05 0.023638 0.0131998 -0.0130615 -0.0153805 -0.0128201 -0.00927936 0.0137088 0.0358082 -0.0119792 -0.0105349 0 -0.00876662 0.0349096 -0.0042039 -0.00661973 -0.0342208 -0.0242447 -0.026104 0.00801815 -0.0333333 -0.0109533 -0.00348624 -0.00820114 -0.0108925 -0.00512851 0.0131013 0.037362 0.0380845 -0.00113208
internal_weight=108451 38857 20917 69594 64042 56380 44766 4705 17940 40061 37523 13008 33696 7909 9848 8807 7662 2714 3827 661 2538 27179 1090 15571 10062 8443 3160 7248 7100 1060
internal_count=108451 38857 20917 69594 64042 56380 44766 4705 17940 40061 37523 13008 33696 7909 9848 8807 7662 2714 3827 661 2538 27179 1090 15571 10062 8443 3160 7248 7100 1060
cat_boundaries=0 1 2 3 4
cat_threshold=4 1 2 2
is_linear=0
shrinkage=0.1


Tree=11
num_leaves=31
num_cat=3
split_feature=7 4 7 1 7 9 4 1 7 10 7 4 1 7 4 4 4 4 4 7 7 6 7 0 7 4 2 0 6 10
split_gain=2743.26 400.646 496.479 359.004 255.759 221.705 231.893 133.127 115.121 101.635 73.3353 73.9076 59.4693 46.8694 43.8601 43.3347 38.3908 37.5264 33.1182 65.2724 32.447 21.1601 19.8028 16.7469 19.5481 64.0488 16.8173 16.1106 15.7329 15.1637
threshold=69.094893528984372 0.96018491784977378 56.506460254181555 1.0000000180025095e-35 91.181808649484694 0 1.1702371172766124 0.45202400236374168 84.338750469730584 1 85.491898278713862 0.9224362365317158 0.14146778334431856 58.449777677205638 0.78845986633846954 1.148973985170846 0.75909325682424555 1.1403836395573281 1.2238827851971583 104.68157395814647 45.958946014595931 16.63136589149887 57.76024046634992 1.0000000180025095e-35 78.716247424764404 0.97135004255518997 0.99655528810269145 0.55031688410498047 -11.456175232686286 2
decision_type=2 2 2 10 2 1 2 8 2 1 2 2 10 2 2 2 2 2 2 2 2 8 2 8 2 2 2 10 10 1
left_child=1 2 16 4 5 -2 9 -3 -8 -7 11 -11 13 28 -15 23 20 -12 -6 21 -1 -20 -9 -13 -25 26 -26 29 -4 -18
right_child=3 7 12 -5 18 6 8 22 -10 10 17 15 -14 14 -16 -17 27 -19 19 -21 -22 -23 -24 24 25 -27 -28 -29 -30 -31
leaf_value=0.30744078813042963 -0.10876462054055765 0.082790035924817582 -0.030732667468021193 0.088081237162690229 -0.31459972923655999 0.0037482730902375751 0.36304635557213133 0.45790971417865695 -0.00024179155170180879 -0.29479570374346836 -0.31747399863125347 -0.027325935555739991 0.094445874110622441 -0.28994062531956749 -0.034723514698513473 0.20201520697059935 0.36746553655343206 -0.099658060245384664 -0.16497203735056801 -0.32730520042920264 -0.085098567528367405 0.055373063096001832 0.33433845181903765 -0.041498944248356297 -0.32785538600603631 -0.061437714938471902 -0.14395913051287224 -0.015948450866286025 0.25444840381341188 0.021357590558722706
leaf_weight=253 11614 2904 339 5552 5140 6856 1550 1613 1840 2051 2098 11608 3160 364 8532 317 7045 1100 414 1494 408 614 13223 10448 999 5582 317 114 754 148
leaf_count=253 11614 2904 339 5552 5140 6856 1550 1613 1840 2051 2098 11608 3160 364 8532 317 7045 1100 414 1494 408 614 13223 10448 999 5582 317 114 754 148
internal_value=2.67402e-05 0.0213115 0.0120045 -0.0118573 -0.0139721 -0.0116424 -0.00844838 0.0323901 0.0166962 -0.0105085 -0.0127173 -0.0112445 6.84463e-05 -0.00371409 -0.00611511 -0.00995866 0.0317018 -0.027142 -0.0311146 -0.0217288 0.0086233 -0.00233463 0.0362227 -0.0103613 -0.00839387 -0.0125254 -0.0323708 0.0337895 0.015828 0.0343806
internal_weight=108451 38857 21117 69594 64042 56380 44766 17740 3390 41376 34520 31322 13149 9989 8896 29271 7968 3198 7662 2522 661 1028 14836 28954 17346 6898 1316 7307 1093 7193
internal_count=108451 38857 21117 69594 64042 56380 44766 17740 3390 41376 34520 31322 13149 9989 8896 29271 7968 3198 7662 2522 661 1028 14836 28954 17346 6898 1316 7307 1093 7193
cat_boundaries=0 1 2 3
cat_threshold=4 1 2
is_linear=0
shrinkage=0.1


Tree=12
num_leaves=31
num_cat=4
split_feature=7 4 7 1 7 9 4 0 10 7 7 4 4 1 4 4 7 4 4 7 7 6 10 0 10 4 7 0 7 4
split_gain=2248.8 332.609 409.478 297.011 215.466 187.899 192.204 111.717 83.031 66.5869 60.1437 67.7055 58.4092 47.2571 35.6766 32.4945 31.234 31.4682 25.7944 55.033 23.2415 18.8845 15.8491 14.4636 13.5921 13.4017 15.1277 13.2843 16.1515 54.6263
threshold=69.094893528984372 0.95890732177577176 56.506460254181555 1.0000000180025095e-35 91.181808649484694 0 1.183510603406893 0.9999061868571123 1 78.049355011809197 85.491898278713862 1.148973985170846 0.9224362365317158 0.15836120263810397 1.1403836395573281 0.75909325682424555 57.507019306188646 0.77518434899507238 1.2238827851971583 104.68157395814647 45.958946014595931 16.63136589149887 2 0.74103652578987533 3 1.1616395317071759 57.76024046634992 1.0000000180025095e-35 78.716247424764404 0.97135004255518997
decision_type=2 2 2 10 2 1 2 8 1 2 2 2 2 10 2 2 2 2 2 2 2 8 1 8 1 2 2 8 2 2
left_child=1 2 15 4 5 -2 8 -3 -7 -8 11 12 -10 16 -12 20 -4 -18 -6 21 -1 -20 -19 -17 -25 26 -9 -14 -29 -30
right_child=3 7 13 -5 18 6 9 25 10 -11 14 -13 27 -15 -16 23 17 22 19 -21 -22 -23 -24 24 -26 -27 -28 28 29 -31
leaf_value=0.27669670931738682 -0.097888158486502175 0.079283158479647051 0.18737792500920919 0.079273113446421212 -0.28313975631290378 0.0036755698046512467 0.33779112797581023 0.40927870064653366 -0.26531613336912158 0.031846105491432297 -0.28572659876812845 0.21133181371494558 -0.024593342000166274 0.083124973490026843 -0.090139524714599878 0.062608921447012023 -0.28295231678214494 -0.055568075622467461 -0.14847483361551142 -0.29457468038628248 -0.07658871077553045 0.049835756786401932 0.0085729135020606861 0.33365629979262013 0.019221831502850506 0.49150099640764183 0.29761718636430706 -0.03734904982352099 -0.27853138078177014 -0.055293943444624821
leaf_weight=253 11614 3164 814 5552 5140 7055 1236 1724 2051 1425 2098 510 11608 3033 1437 205 304 5267 414 1494 408 614 3590 6895 148 410 12642 10448 1316 5582
leaf_count=253 11614 3164 814 5552 5140 7055 1236 1724 2051 1425 2098 510 11608 3033 1437 205 304 5267 414 1494 408 614 3590 6895 148 410 12642 10448 1316 5582
internal_value=-8.29868e-06 0.0192629 0.0106947 -0.0107682 -0.0126917 -0.0105534 -0.00761292 0.0292531 -0.00926018 0.0184517 -0.0112525 -0.00986514 -0.0104596 -0.000215252 -0.0236209 0.0286383 -0.00353885 -0.00520686 -0.028426 -0.0201427 0.00741301 -0.00233463 -0.00412103 0.030574 0.0313361 0.0329047 0.0323959 -0.00930441 -0.00755217 -0.0113076
internal_weight=108451 38857 20917 69594 64042 56380 44766 17940 42105 2661 35050 31515 31005 13008 3535 7909 9975 9161 7662 2522 661 1028 8857 7248 7043 14776 14366 28954 17346 6898
internal_count=108451 38857 20917 69594 64042 56380 44766 17940 42105 2661 35050 31515 31005 13008 3535 7909 9975 9161 7662 2522 661 1028 8857 7248 7043 14776 14366 28954 17346 6898
cat_boundaries=0 1 2 3 4
cat_threshold=4 1 2 2
is_linear=0
shrinkage=0.1


Tree=13
num_leaves=31
num_cat=2
split_feature=7 4 7 1 7 2 4 0 10 7 1 4 7 4 4 10 4 7 5 4 7 7 0 2 0 6 6 4 7 2
split_gain=1836.17 263.419 332.207 242.047 180.025 154.91 150.331 103.193 66.3988 47.5366 45.8935 45.1065 51.9757 44.957 28.4729 27.1564 26.1203 20.0839 19.5202 18.485 24.1678 17.3469 15.7905 17.1221 15.1715 14.7255 14.317 12.8985 38.1801 15.9715
threshold=69.217990276097694 0.95633080241835611 56.746122132788223 1.0000000180025095e-35 90.597181868261274 52.989397245862428 1.183510603406893 0.9999061868571123 0 85.179229762716744 0.15836120263810397 0.94177425368574863 85.491898278713862 1.148973985170846 0.75909325682424555 1 1.1403836395573281 45.958946014595931 30.656820796899272 0.78845986633846954 59.532509608153312 70.715040979276566 1.0000000180025095e-35 0.99893390581101682 0.56119133357475237 -20.67227081808187 -17.333756694079355 1.2117303840479683 104.68157395814647 901.4481835567932
decision_type=2 2 2 10 2 2 2 8 1 2 10 2 2 2 2 1 2 2 2 2 2 2 8 2 10 10 10 2 2 2
left_child=1 2 14 4 5 6 8 -3 -2 -8 19 21 13 22 17 27 -14 -1 -17 20 -4 -10 -13 26 -16 -9 -24 -6 29 -29
right_child=3 7 10 -5 15 -7 9 25 11 -11 -12 12 16 -15 24 18 -18 -19 -20 -21 -22 -23 23 -25 -26 -27 -28 28 -30 -31
leaf_value=0.24902703838564832 0.0036604908515300849 0.06740244546501728 -0.0010413429658775897 0.070687003884005867 -0.25688157913589793 -0.085277992540195413 0.29651942029905104 -0.039914774963163785 -0.093414756171385352 0.021353974937845521 0.078477065069246524 -0.022134007800149649 -0.25837513724675676 0.18700792219216 0.2853389638807407 0.057405916180961469 -0.081125572243139751 -0.078729780907318775 -0.87711465965322555 -0.021367623664536595 -0.30501005713457019 -0.25213372179864529 -0.19228185843358256 0.020533143352150774 -0.060917698191678943 0.28648575089285444 -0.051343070828677999 -0.011175625699527814 -0.26225161176171669 -0.24762410281013417
leaf_weight=253 7010 3462 264 5444 5105 11847 1326 117 1344 1143 2872 11270 1875 465 7251 304 1437 428 21 9172 286 2350 506 2240 107 15072 12824 911 1648 97
leaf_count=253 7010 3462 264 5444 5105 11847 1326 117 1344 1143 2872 11270 1875 465 7251 304 1437 428 21 9172 286 2350 506 2240 107 15072 12824 911 1648 97
internal_value=-7.2844e-05 0.0171928 0.00940726 -0.00987899 -0.0116081 -0.00958175 -0.00683718 0.0258056 -0.0082694 0.0171324 -0.000730507 -0.0100813 -0.0088219 -0.00738693 0.0252892 -0.0255503 -0.0206522 0.00572687 0.00276923 -0.00401152 -0.0218182 -0.0205198 -0.00792101 -0.00585742 0.0270998 0.0293568 -0.0072168 -0.0267362 -0.0210843 -0.00575397
internal_weight=108451 39284 20633 69167 63723 55637 43790 18651 41321 2469 12594 34311 30617 27305 8039 8086 3312 681 325 9722 550 3694 26840 15570 7358 15189 13330 7761 2656 1008
internal_count=108451 39284 20633 69167 63723 55637 43790 18651 41321 2469 12594 34311 30617 27305 8039 8086 3312 681 325 9722 550 3694 26840 15570 7358 15189 13330 7761 2656 1008
cat_boundaries=0 1 2
cat_threshold=1 2
is_linear=0
shrinkage=0.1


Tree=14
num_leaves=31
num_cat=2
split_feature=7 0 4 7 7 9 4 0 4 10 4 7 7 1 7 1 4 7 4 4 7 3 7 4 2 5 6 0 4 4
split_gain=1474.73 220.344 187.139 233.136 159.552 142.151 205.586 89.0377 50.5854 49.085 34.9742 66.8928 27.0577 26.6142 25.3815 22.6852 20.1709 50.7189 19.7335 19.4885 16.0398 15.3032 15.1319 14.7256 12.6019 12.5764 12.4667 11.4562 12.2134 10.9302
threshold=68.006636478933927 0.46250897280011155 0.9334703004019429 54.35830204993902 86.853257102926065 0 1.1616395317071759 0.87272246855727653 0.91040517475040483 1 1.0735026253817332 80.743266869405446 77.905254592846049 0.15836120263810397 83.832740459985331 0.55060041351867028 1.1590592044248831 103.1335028791995 0.73374109826575074 0.75909325682424555 55.9569814717958 0.011506870044341368 56.746122132788223 0.95633080241835611 0.98178156959123897 30.656820796899272 22.160581199292061 1.0000000180025095e-35 1.1764526831645883 1.1297614814117478
decision_type=2 10 2 2 2 1 2 8 2 1 2 2 2 10 2 8 2 2 2 2 2 10 2 2 2 2 8 8 2 2
left_child=2 4 3 18 5 -2 8 -4 -7 16 11 15 -12 19 -8 -10 -6 27 21 -5 -9 -1 -21 -22 -15 -11 29 -18 -29 -25
right_child=1 -3 7 13 9 6 14 20 10 25 12 -13 -14 24 -16 -17 17 -19 -20 22 23 -23 -24 26 -26 -27 -28 28 -30 -31
leaf_value=-0.036537007540694333 -0.079828081774945769 0.065573599844423222 0.052642993788455786 -0.21960163412374956 -0.2392431690597448 -0.22131498330156418 0.27815392079868534 0.40653460545653392 -0.01976534884142396 0.060694476741820581 0.14197971268282927 -0.23134506713228689 -0.015707714843149746 0.016847849162908091 0.040520691564600857 -0.033547255301977684 -0.091088998793796713 -0.23635642403775919 0.27106822056883856 0.12804937205428182 0.15414238762969107 0.45016591146565332 -0.027211177642708154 0.24840251603641833 0.12083344486603309 -0.78940319368790313 -0.00087118870219882183 -0.11164235262167069 -0.0093832514487139917 0.34963161149540273
leaf_weight=290 11356 6480 3305 324 5291 1959 1923 1151 11833 687 869 1893 6636 1172 570 18033 490 2489 5104 1018 1186 34 6698 13115 980 21 173 918 1562 891
leaf_count=290 11356 6480 3305 324 5291 1959 1923 1151 11833 687 869 1893 6636 1172 570 18033 490 2489 5104 1018 1186 34 6698 13115 980 21 173 918 1562 891
internal_value=-0.000126324 -0.00825092 0.0166107 0.0084251 -0.00996543 -0.0077317 -0.00514228 0.0230614 -0.00682871 -0.0207017 -0.00604625 -0.00749709 9.32712e-05 -0.000490581 0.0227437 -0.00634166 -0.0223814 -0.0181169 0.0251658 -0.00313433 0.0260596 0.00123457 -0.00212545 0.0252066 0.00938662 0.00480226 0.026102 -0.00929293 -0.00653226 0.0264315
internal_weight=108451 73010 35441 15620 66530 55072 43716 19821 41223 11458 39264 31759 7505 10192 2493 29866 10750 5459 5428 8040 16516 324 7716 15365 2152 708 14179 2970 2480 14006
internal_count=108451 73010 35441 15620 66530 55072 43716 19821 41223 11458 39264 31759 7505 10192 2493 29866 10750 5459 5428 8040 16516 324 7716 15365 2152 708 14179 2970 2480 14006
cat_boundaries=0 1 2
cat_threshold=4 2
is_linear=0
shrinkage=0.1


Tree=15
num_leaves=31
num_cat=1
split_feature=7 4 7 7 0 4 4 1 0 10 5 7 5 7 4 4 4 7 1 4 7 4 4 2 2 6 7 4 3 4
split_gain=1192.6 175.463 207.117 168.386 169.638 132.259 79.5897 53.0124 48.6736 47.1782 31.5986 25.2124 24.6104 24.2417 40.7616 23.9332 17.5979 30.9508 19.6229 17.3197 14.4921 13.4763 12.9589 12.2145 12.0979 12.0977 11.797 11.3755 11.3018 11.2341
threshold=68.549518458457314 0.95368222049827789 55.3505245321738 84.888843538114699 1.0000000180025095e-35 1.1616395317071759 0.94943333241351369 0.12144443982847029 0.46250897280011155 0 3.6850206918634183 71.117358193220085 18.619804682594872 64.457525124865398 0.8579218062040419 0.8617760149683551 1.1258509582373422 99.527695023568739 0.14400390617906098 0.73374109826575074 57.257695586291625 1.1425980713549853 1.2605127277502228 0.9768897210674613 930.5569776722931 -11.219248192324718 70.822951554953164 1.1382713414130932 0.013661712744368672 0.98771555708882985
decision_type=2 2 2 2 8 2 2 10 10 1 2 2 2 2 2 2 2 2 8 2 2 2 2 2 2 10 2 2 10 2
left_child=1 2 19 4 10 6 11 20 -8 12 -2 -6 16 14 -4 -15 -5 18 -18 28 -3 29 -20 -13 -12 -11 -7 -10 -1 -22
right_child=3 7 13 9 5 26 8 -9 27 25 24 23 -14 15 -16 -17 17 -19 22 -21 21 -23 -24 -25 -26 -27 -28 -29 -30 -31
leaf_value=-0.030665062610938067 -0.018547929652458352 0.33987402018534002 -0.033809174563496212 -0.20458503681661391 -0.054498658239465675 0.31148745017334889 -0.020245992692321125 0.055701219434024556 0.062001930144464271 -0.90879745035276471 -0.044483403785439184 0.088696268141384857 -0.2211318076349599 -0.23879690436615988 0.084944931427070006 -0.024353507166221533 -0.073363311921805521 -0.20365798590817655 -0.040274944051861897 0.23928858509642767 0.13264879702554994 0.36958559512125294 0.09739599087669859 -0.21364977067697455 -0.095078687293739972 0.042084457391509747 0.15162480917278459 -0.073569358918035732 0.41934152002611924 0.22565863131510044
leaf_weight=332 10906 1426 3088 3042 2413 655 21704 2817 5145 27 8471 52 3885 275 4287 4841 1003 2234 2626 6452 1467 659 260 2532 3178 1007 1843 319 21 11484
leaf_count=332 10906 1426 3088 3042 2413 655 21704 2817 5145 27 8471 52 3885 275 4287 4841 1003 2234 2626 6452 1467 659 260 2532 3178 1007 1843 319 21 11484
internal_value=-0.00010235 0.0144257 0.00781509 -0.00767159 -0.00526058 -0.000868361 -0.00258977 0.0215706 -0.000456419 -0.0174666 -0.0120106 -0.0141885 -0.0190958 0.000168121 0.00383729 -0.00512119 -0.0162684 -0.0131798 -0.00779121 0.0218516 0.0239292 0.0229243 -0.0036036 -0.0210526 -0.0156322 0.00309478 0.021297 0.0079795 0.000283286 0.0222145
internal_weight=108451 37149 19296 71302 57218 34663 32165 17853 27168 14084 22555 4997 13050 12491 7375 5116 9165 6123 3889 6805 15036 13610 2886 2584 11649 1034 2498 5464 353 12951
internal_count=108451 37149 19296 71302 57218 34663 32165 17853 27168 14084 22555 4997 13050 12491 7375 5116 9165 6123 3889 6805 15036 13610 2886 2584 11649 1034 2498 5464 353 12951
cat_boundaries=0 1
cat_threshold=2
is_linear=0
shrinkage=0.1


Tree=16
num_leaves=31
num_cat=2
split_feature=7 4 7 7 9 4 7 7 1 1 4 0 4 4 7 2 5 10 7 7 4 5 6 7 4 3 0 1 3 2
split_gain=973.268 144.756 176.005 133.571 118.327 89.2099 80.2206 63.8087 53.6821 49.3114 28.2668 27.94 17.1063 16.7122 22.0291 15.0481 14.015 17.3036 12.2046 12.1834 17.6206 12.1054 11.5076 17.319 11.4481 11.413 11.2014 10.4549 10.2963 10.138
threshold=69.217990276097694 0.95633080241835611 57.257695586291625 91.181808649484694 0 1.0735026253817332 79.777148930864783 75.117923156671068 0.44113622498152233 0.027874587714541123 0.88374290389883614 0.59443626351324619 0.75909325682424555 0.82284738030246019 49.056058086478977 0.9786230998777774 33.788948618226868 1 80.57878962869141 57.257695586291625 0.98771555708882985 2.7540051674877457 1.1417511721694853 59.744226809533309 1.1961958885190405 -0.012671750808381175 0.66621532310807818 0.087082146918974118 0.023284712312205028 0.99655528810269145
decision_type=2 2 2 2 1 2 2 2 8 10 2 10 2 2 2 2 2 1 2 2 2 2 10 2 2 8 8 10 10 2
left_child=1 2 13 4 -2 6 9 24 15 10 -6 12 -4 14 25 -3 17 -5 -9 28 -21 -12 23 -22 -7 -1 -15 -17 -10 -8
right_child=3 8 11 16 5 7 29 18 19 -11 21 -13 -14 26 -16 27 -18 -19 -20 20 22 -23 -24 -25 -26 -27 -28 -29 -30 -31
leaf_value=-0.07184045927797271 -0.065742212912510214 0.10960833137734056 -0.23148450203100523 -0.1724132067214022 -0.21234784412545374 0.095790339707431116 -0.18684558335136076 0.042676203072400658 0.27960995754345641 0.055145799935193911 -0.019426757808442122 0.063421081174711708 -0.01868355060340008 -0.047816245651548434 -0.018312134671788629 -0.13498470072607915 -0.30862136429822162 0.036454791336299766 -0.012436979967402097 0.10392557194829309 0.27393188714111005 -0.017976475165651352 0.22976967095458678 0.13711357354247725 0.24754702094911496 0.24293629446370205 0.21978076998278129 0.023077353007342084 0.76864697125518477 -0.10604022034046921
leaf_weight=91 11587 1061 164 7145 1080 1724 3309 3143 1292 2792 6455 2305 9656 124 864 106 275 259 8072 1616 1229 21254 7769 3509 859 910 6519 2048 21 1213
leaf_count=91 11587 1061 164 7145 1080 1724 3309 3143 1292 2792 6455 2305 9656 124 864 106 275 259 8072 1616 1229 21254 7769 3509 859 910 6519 2048 21 1213
internal_value=-7.65323e-05 0.0124936 0.00672224 -0.00721587 -0.00566289 -0.00354903 -0.00616292 0.00329033 0.0188783 -0.00437922 -0.00560978 -0.00101443 -0.00334012 0.017748 0.00938338 0.00712286 -0.019651 -0.0188277 2.67499e-05 0.0213268 0.0204702 -0.00499116 0.0217398 0.0178556 0.0174603 0.0194805 0.0200963 0.00232126 0.0305407 -0.0186201
internal_weight=108451 39284 20633 69167 61488 49901 36103 13798 18651 31581 28789 12125 9820 8508 1865 3215 7679 7404 11215 15436 14123 27709 12507 4738 2583 1001 6643 2154 1313 4522
internal_count=108451 39284 20633 69167 61488 49901 36103 13798 18651 31581 28789 12125 9820 8508 1865 3215 7679 7404 11215 15436 14123 27709 12507 4738 2583 1001 6643 2154 1313 4522
cat_boundaries=0 1 2
cat_threshold=4 2
is_linear=0
shrinkage=0.1


Tree=17
num_leaves=31
num_cat=1
split_feature=7 7 4 7 4 10 7 0 4 2 1 4 3 7 4 4 4 4 7 4 0 6 7 2 4 7 4 7 4 7
split_gain=781.836 118.209 114.405 135.954 113.255 80.7448 45.058 34.0539 33.558 50.6626 32.7342 23.2808 20.8464 19.8177 21.9524 18.8373 16.6197 16.577 26.9889 13.2284 14.0837 13.0322 11.6752 11.485 11.0292 13.6717 12.5652 12.3851 25.8846 12.9723
threshold=68.549518458457314 75.211053401018091 0.95368222049827789 55.027036683628168 1.0425650124245098 0 92.515026598546996 1.0000000180025095e-35 1.0052721162437905 52.317914637728897 0.10698850791675189 0.77518434899507238 -0.95417408268757231 64.457525124865398 0.8864220805773072 1.1468639058542009 0.73374109826575074 1.1764526831645883 86.853257102926065 0.91638388423465211 0.93223649322236579 13.443236031917573 57.257695586291625 0.99939605695575862 1.1297614814117478 65.435702830760746 1.0896823589500579 62.938025743350302 1.044565511760301 60.554147358597
decision_type=2 2 2 2 2 1 2 10 2 2 10 2 10 2 2 2 2 2 2 2 8 10 2 2 2 2 2 2 2 2
left_child=2 4 3 16 10 -3 8 22 -7 17 12 -5 -2 14 -13 21 -1 18 -10 23 -21 -6 -4 -14 25 26 27 28 29 -24
right_child=1 5 7 11 15 6 -8 -9 9 -11 -12 13 19 -15 -16 -17 -18 -19 -20 20 -22 -23 24 -25 -26 -27 -28 -29 -30 -31
leaf_value=-0.011266099326351054 -0.055572378114142396 0.01855910187740939 0.27546018356968677 -0.14285290068933421 0.066870027619896896 -0.17119973606440766 -0.16347801187996611 0.045348146738120577 -0.026036269776939493 -0.056510768873456386 0.051516590210065875 -0.0060005626483093273 -0.18961835512959058 -0.02393150925343264 0.085395456295198013 0.18854967914955836 0.20146264991011975 0.02813990991923845 -0.13536297011481935 -0.01414812926880913 -0.0078236833280875828 -0.083649046718655029 0.18927967285326874 0.20041891627934236 0.26025794910601407 0.08397646545580742 0.28970461486986993 0.10252475952319032 0.28098974823168632 0.070450929872311371
leaf_weight=352 2011 4840 1426 537 2631 3939 6631 3008 12239 9109 1750 3806 681 4942 3606 1767 6053 1659 2141 11405 10161 259 4796 79 1239 1140 1125 1759 1808 1552
leaf_count=352 2011 4840 1426 537 2631 3939 6631 3008 12239 9109 1750 3806 681 4942 3606 1767 6053 1659 2141 11405 10161 259 4796 79 1239 1140 1125 1759 1808 1552
internal_value=-5.07141e-05 -0.00617935 0.0117123 0.00637438 -0.00150273 -0.00972435 -0.0113668 0.0174817 -0.00967099 -0.00832671 -0.00406716 0.000457684 -0.00501705 0.00134369 0.00461414 0.0128624 0.0182826 -0.0049442 -0.00603616 -0.00413867 -0.00368172 0.00788927 0.0194476 -0.0171053 0.0185334 0.017619 0.0186957 0.0175593 0.0192006 0.0161941
internal_weight=108451 71302 37149 19296 30744 40558 35718 17853 29087 25148 26087 12891 24337 12354 7412 4657 6405 16039 14380 22326 21566 2890 14845 760 13419 12180 11040 9915 8156 6348
internal_count=108451 71302 37149 19296 30744 40558 35718 17853 29087 25148 26087 12891 24337 12354 7412 4657 6405 16039 14380 22326 21566 2890 14845 760 13419 12180 11040 9915 8156 6348
cat_boundaries=0 1
cat_threshold=1
is_linear=0
shrinkage=0.1


Tree=18
num_leaves=31
num_cat=2
split_feature=7 7 4 4 7 10 7 0 1 4 2 4 4 4 2 0 2 4 3 7 7 2 4 4 7 7 10 1 4 7
split_gain=629.999 103.498 102.654 80.7076 105.907 65.4567 39.544 37.898 36.512 28.2204 37.8022 19.07 18.6119 16.0032 16.3133 15.7357 13.7875 12.5617 12.3852 13.3546 11.2387 11.2085 10.71 14.6123 15.2604 12.7355 10.5659 10.4097 10.349 11.6459
threshold=68.006636478933927 75.211053401018091 1.044565511760301 0.9334703004019429 54.35830204993902 0 91.181808649484694 0.87272246855727653 0.25067708239839254 1.0036628236179082 916.85219208916658 1.1642329294230545 0.75909325682424555 0.79883955048869848 52.989397245862428 0.7046302999341244 905.00212815444081 1.2945314488736328 -0.0091412872535634997 55.9569814717958 78.049355011809197 0.98881793833747766 1.3960839222993859 1.2238827851971583 106.5298651076577 95.863161733858576 1 0.40373038541628686 1.1297614814117478 65.435702830760746
decision_type=2 2 2 2 2 1 2 8 10 2 2 2 2 2 2 10 2 2 10 2 2 2 2 2 2 2 1 8 2 2
left_child=3 2 8 4 26 -3 9 -5 13 -7 15 -4 -6 -2 -15 17 27 -11 -9 -20 -19 -17 23 -8 25 -25 -1 -14 29 -21
right_child=1 5 11 7 12 6 22 18 -10 10 -12 -13 16 14 -16 21 -18 20 19 28 -22 -23 -24 24 -26 -27 -28 -29 -30 -31
leaf_value=0.17765642799349096 -0.27475116283868461 0.01670319168966863 0.059074526812166184 0.031763425538408545 -0.15608705727272396 -0.15566896350257695 -0.15542112653174842 0.14329260505647881 0.070267940019039798 -0.035349469373650778 -0.0624889001878298 0.20874837978858737 0.050027998594713102 -0.011436835767126752 -0.04685436076036531 0.063781489222834872 -0.19466288440820279 0.41695086503418682 0.30729846047999065 0.16936104013215073 0.078963325426130382 -0.14322301974933324 -0.32679612079712045 -0.036746165021037315 -0.13074919644663438 0.14833537876147035 -0.037613566960379076 -0.0058484761432133327 0.24569292289505995 0.064443336122140954
leaf_weight=5255 134 4840 3068 3305 324 3777 5140 2761 1585 17339 5796 1578 1587 22409 3678 1122 132 62 943 10678 121 98 329 560 1167 207 173 8149 761 1373
leaf_count=5255 134 4840 3068 3305 324 3777 5140 2761 1585 17339 5796 1578 1587 22409 3678 1122 132 62 943 10678 121 98 329 560 1167 207 173 8149 761 1373
internal_value=-4.51817e-05 -0.00535543 -0.00114631 0.0108942 0.00551857 -0.00872331 -0.0102021 0.0151304 -0.0034453 -0.00850079 -0.00726221 0.012613 -0.000490581 -0.00433622 -0.00415916 -0.0050795 0.000283745 -0.00584408 0.0170865 0.0183133 0.0202186 0.00590164 -0.0167094 -0.0158892 -0.00847983 0.00247718 0.0168018 0.000718981 0.017468 0.0167538
internal_weight=108451 73010 32452 35441 15620 40558 35718 19821 27806 28315 24538 4646 10192 26221 26087 18742 9868 17522 16516 13755 183 1220 7403 7074 1934 767 5428 9736 12812 12051
internal_count=108451 73010 32452 35441 15620 40558 35718 19821 27806 28315 24538 4646 10192 26221 26087 18742 9868 17522 16516 13755 183 1220 7403 7074 1934 767 5428 9736 12812 12051
cat_boundaries=0 1 2
cat_threshold=1 2
is_linear=0
shrinkage=0.1


Tree=19
num_leaves=31
num_cat=1
split_feature=7 7 4 4 7 10 5 1 0 0 4 2 7 4 4 2 3 4 4 4 7 3 6 5 6 2 4 5 3 4
split_gain=507.771 89.2776 92.2903 67.1603 80.0366 51.7825 32.6226 30.8931 27.4823 22.3902 18.9271 18.7861 17.3152 17.6535 16.2648 16.4803 15.4056 14.1105 13.3344 12.3314 16.5494 11.8345 11.5828 10.8443 10.7369 10.9487 10.7227 10.4598 9.90236 9.764
threshold=67.571261044000209 75.021373937504407 1.0414931412738586 0.9334703004019429 53.996439738465902 0 17.203875886118023 0.20127819733521998 0.83685385525349998 0.55808293435777767 1.1642329294230545 930.5569776722931 94.040944601047173 1.2945314488736328 0.79883955048869848 52.989397245862428 -5.0508125011021425 1.0393552148200567 0.75909325682424555 1.2238827851971583 111.75431028787771 -0.026909920670626693 -9.921546447990897 3.111550423234553 1.7240333838137725 0.98067611062509485 0.8579218062040419 33.788948618226868 -0.002020835908056406 0.89158590596580123
decision_type=2 2 2 2 2 1 2 10 8 10 2 2 2 2 2 2 8 2 2 2 2 8 10 2 10 2 2 2 10 2
left_child=3 2 7 4 26 -3 9 14 -5 11 -4 12 13 16 22 -16 -7 -18 -6 -14 -21 -20 28 -13 -22 -26 -1 -8 -2 -23
right_child=1 5 10 8 18 6 27 -9 -10 -11 -12 23 19 -15 15 -17 17 -19 21 20 24 29 -24 -25 25 -27 -28 -29 -30 -31
leaf_value=0.1096910197556845 -0.52800750469939894 0.01434989358796912 0.053167074130949392 0.026809249516073663 -0.11811445920391393 -0.056136770115076479 -0.12497798421753892 0.049936487512546535 0.15224631150803491 0.031484188994399177 0.19347893144840533 0.0028944512785535892 -0.14969290208647265 0.25731731153855647 -0.010148731125532606 -0.045609462381275279 -0.053062030367804172 -0.019849428623535916 -0.12641782884244748 0.023750283744904267 -0.52015955207052544 -0.01355044235380376 0.24021771745386999 -0.070766559871380252 -0.32956659552755668 -0.10358354804220511 0.18296455380986459 -0.24586931402722811 -0.16432431010462098 0.041180289114836913
leaf_weight=2264 52 4947 3354 2692 358 3160 6786 2050 16228 1487 1682 381 2127 161 22117 3512 6477 11711 109 633 29 5665 23 2733 27 372 2860 381 89 3984
leaf_count=2264 52 4947 3354 2692 358 3160 6786 2050 16228 1487 1682 381 2127 161 22117 3512 6477 11711 109 633 29 5665 23 2733 27 372 2860 381 89 3984
internal_value=-3.22726e-05 -0.00467217 -0.000781654 0.0100585 0.00511811 -0.00776104 -0.00906349 -0.00303487 0.0140381 -0.00758414 0.0116759 -0.00822336 -0.00730048 -0.00628109 -0.00397395 -0.00377307 -0.00652989 -0.00541016 -3.95413e-05 -0.0141782 -0.00537229 0.000655872 -0.0353659 -0.0155427 -0.0205607 -0.0162907 0.0153005 -0.0151109 -0.0460993 0.00102601
internal_weight=108451 74291 32879 34160 15240 41412 36465 27843 18920 29298 5036 27811 24697 21509 25793 25629 21348 18188 10116 3188 1061 9758 164 3114 428 399 5124 7167 141 9649
internal_count=108451 74291 32879 34160 15240 41412 36465 27843 18920 29298 5036 27811 24697 21509 25793 25629 21348 18188 10116 3188 1061 9758 164 3114 428 399 5124 7167 141 9649
cat_boundaries=0 1
cat_threshold=1
is_linear=0
shrinkage=0.1


Tree=20
num_leaves=31
num_cat=3
split_feature=7 7 9 4 4 7 1 4 0 10 4 7 4 5 0 0 7 10 4 7 7 6 2 7 3 6 6 2 4 7
split_gain=409.768 65.4193 64.2829 61.5814 61.4334 74.3329 30.2369 24.0537 20.7741 19.0911 15.2111 16.4912 14.4745 13.8339 12.3766 10.6421 10.355 10.3138 10.0439 13.8085 13.0893 15.7285 10.2612 9.39391 9.26928 9.16801 11.3197 9.14047 9.0388 9.60623
threshold=68.549518458457314 84.888843538114699 0 1.1616395317071759 0.95368222049827789 58.682024324479023 0.240036488346935 0.94177425368574863 0.54684859647313122 1 0.8579218062040419 49.957110775246143 0.77518434899507238 18.619804682594872 0.59443626351324619 0.9617627853999694 51.803179996126353 2 1.2238827851971583 92.515026598546996 108.73164359202171 31.756615108480826 0.98649464145269083 111.75431028787771 -0.012671750808381175 -19.845561631641882 -15.050234702660566 0.99101697219689744 1.1425980713549853 57.257695586291625
decision_type=2 2 1 2 2 2 10 2 10 1 2 2 2 2 10 8 2 1 2 2 2 8 2 2 8 8 8 2 2 2
left_child=4 2 -2 6 5 10 7 -4 28 13 11 17 -7 18 -14 -15 -12 24 19 22 21 -20 -3 -11 -1 -26 -27 -16 29 -6
right_child=1 9 3 -5 8 12 -8 -9 -10 23 16 -13 14 15 27 -17 -18 -19 20 -21 -22 -23 -24 -25 25 26 -28 -29 -30 -31
leaf_value=-0.042902365575270808 -0.045258316430381744 0.025323953253342069 -0.082539227188939537 0.12289850309973005 0.21671946995600955 -0.16663061011130795 0.045741626200659982 -0.0088395888923137999 0.030852996016400881 0.038388546614154966 0.23682157132926848 -0.0025979023353038147 -0.017629243638442916 -0.60335546511026061 0.0367186419268851 -0.13593624299661686 0.13067305334895138 -0.36727853331604621 0.0019305655735774253 -0.13472361187782553 -0.12020935080024026 0.2800621230698816 -0.065253739801101315 -0.65785806689860216 0.40988758102392853 -0.052921850506527694 0.19372675099979803 0.20365312153393661 0.2504016392252581 0.12593718698717496
leaf_weight=144 10785 748 4348 2498 1426 232 3258 36329 2803 994 904 1794 8058 42 2032 3843 4571 34 1052 2755 710 79 3821 40 194 268 996 69 659 12965
leaf_count=144 10785 748 4348 2498 1426 232 3258 36329 2803 994 904 1794 8058 42 2032 3843 4571 34 1052 2755 710 79 3821 40 194 268 996 69 659 12965
internal_value=-2.30519e-05 -0.0044599 -0.00295711 -0.00134172 0.00849283 0.00458126 -0.00221008 -0.00295253 0.0127206 -0.0105652 0.0112858 0.00606414 -0.00116447 -0.0116015 -0.000600453 -0.0166023 0.0145571 0.0133252 -0.00948172 -0.0111415 -0.00287887 0.00380195 -0.00776975 0.00251451 0.0144819 0.0168724 0.0137658 0.00623513 0.0141927 0.0136683
internal_weight=108451 71302 57218 46433 37149 19296 43935 40677 17853 14084 8905 3430 10391 13050 10159 3885 5475 1636 9165 7324 1841 1131 4569 1034 1602 1458 1264 2101 15050 14391
internal_count=108451 71302 57218 46433 37149 19296 43935 40677 17853 14084 8905 3430 10391 13050 10159 3885 5475 1636 9165 7324 1841 1131 4569 1034 1602 1458 1264 2101 15050 14391
cat_boundaries=0 1 2 3
cat_threshold=4 2 2
is_linear=0
shrinkage=0.1


Tree=21
num_leaves=31
num_cat=1
split_feature=7 4 7 7 9 4 4 1 4 4 7 7 0 4 0 5 6 5 3 5 7 4 7 4 5 7 6 4 3 3
split_gain=329.164 53.7983 78.3542 52.8532 44.2922 39.903 26.6696 19.3787 16.7742 21.9341 21.5772 16.5761 14.3873 13.5168 12.6354 12.4643 10.5766 10.457 11.3737 10.4243 10.1734 14.2447 17.7939 10.0588 15.999 10.9748 10.0551 10.0541 9.8736 9.56094
threshold=69.217990276097694 0.9839969689707585 58.682024324479023 86.853257102926065 0 1.1616395317071759 0.97636841633211224 0.240036488346935 1.3960839222993859 1.1590592044248831 103.1335028791995 73.152727836613408 0.59443626351324619 0.82284738030246019 0.77377149845679016 10.082656409692728 -19.076130311617508 8.4917630457128812 0.00033884317069909914 33.788948618226868 59.115777722388586 1.0266784464654948 61.502169269951146 1.0735026253817332 16.682115361330535 62.938025743350302 -7.4218182864979658 0.78845986633846954 0.0071242775715023585 -14.041692447375963
decision_type=2 2 2 2 1 2 2 10 2 2 2 2 10 2 10 2 8 2 10 2 2 2 2 2 2 2 8 2 10 10
left_child=1 2 13 4 -2 6 11 -8 9 -5 15 -6 27 -1 16 28 -3 18 -16 -10 -18 -22 -23 -24 25 -25 -17 -4 -11 -28
right_child=3 14 12 8 5 -7 7 -9 19 10 -12 -13 -14 -15 17 26 20 -19 -20 -21 21 22 23 24 -26 -27 29 -29 -30 -31
leaf_value=0.04592874315244018 -0.039703775610344397 -0.32310203543277966 -0.12073169818398775 -0.12505577491322342 -0.018305789846147037 0.089746278330783025 -0.0074363146794460995 0.040460486553303102 -0.22692006764058092 -0.016201877952152444 -0.10797099704956246 -0.11861478383938043 0.032803363292100589 0.13005905540188678 -0.04641641212667267 -0.38952188371513546 0.18730450875561999 -0.075055338864807197 0.20286365556654076 -0.67712564027078559 0.047833923534429348 0.23180556240466857 0.068395286373174005 0.27441238918689453 -0.060886887975756566 0.14257790253070618 -0.25237915619046308 -0.013601119693309727 -0.12734296128821398 0.039849036032673979
leaf_weight=2175 11183 30 354 5291 6724 2743 30887 2910 359 1256 2216 3198 3510 8972 154 59 1622 257 148 51 3522 1395 2467 411 220 4432 26 9615 481 1783
leaf_count=2175 11183 30 354 5291 6724 2743 30887 2910 359 1256 2216 3198 3510 8972 154 59 1622 257 148 51 3522 1395 2467 411 220 4432 26 9615 481 1783
internal_value=-4.51817e-05 0.00726504 0.00440997 -0.00419709 -0.00296123 -0.00160131 -0.00233537 -0.00099713 -0.0103801 -0.00964723 -0.00541144 -0.00689377 -0.000719638 0.0106127 0.0120617 -0.000638003 0.0126463 -0.00268336 0.00993377 -0.0302439 0.0127728 0.011802 0.0139272 0.0120053 0.0145566 0.0157547 0.00503212 -0.00265824 -0.00673575 0.0063571
internal_weight=108451 39284 24626 69167 57645 46462 43719 33797 11522 11112 5821 9922 13479 11147 14658 3605 14099 559 302 410 14069 12447 8925 7530 5063 4843 1868 9969 1737 1809
internal_count=108451 39284 24626 69167 57645 46462 43719 33797 11522 11112 5821 9922 13479 11147 14658 3605 14099 559 302 410 14069 12447 8925 7530 5063 4843 1868 9969 1737 1809
cat_boundaries=0 1
cat_threshold=4
is_linear=0
shrinkage=0.1


Tree=22
num_leaves=31
num_cat=1
split_feature=7 7 4 4 7 10 5 1 4 2 4 3 5 2 2 7 4 2 3 6 7 1 4 7 2 6 3 2 4 7
split_gain=269.263 54.004 48.2538 37.5436 52.745 33.3981 20.6816 17.3871 13.6334 13.3816 11.6905 11.0226 17.6263 10.6071 10.2152 12.978 11.6156 11.1987 11.229 10.0095 9.90584 9.86303 10.8121 11.7349 11.1356 9.77912 9.5776 11.4442 9.57026 9.26114
threshold=67.571261044000209 75.505098112038525 1.0685338322577489 0.9839969689707585 57.507019306188646 0 17.203875886118023 0.10698850791675189 0.82284738030246019 0.98494568775540714 0.82284738030246019 0.0061678017721231168 7.9596732408989208 884.67638242035025 934.88920651404908 88.936049387465815 1.1220576134253142 0.98555140156345378 -5.0508125011021425 -5.4098912809425732 73.152727836613408 0.075167699768229193 0.89158590596580123 66.366870497991314 0.98704478931241935 -8.5842391424897269 -0.017784172316531895 0.97558275401028605 1.0060695554717156 47.875898269118814
decision_type=2 2 2 2 2 1 2 10 2 2 2 8 2 2 2 2 2 2 8 10 2 8 2 2 2 10 8 2 2 2
left_child=3 2 7 4 10 -3 9 8 25 26 29 12 20 -10 15 17 -17 19 -19 -11 -4 -6 23 -23 -25 -2 27 -7 -15 -1
right_child=1 5 11 -5 21 6 -8 -9 13 14 -12 -13 -14 28 -16 16 -18 18 -20 -21 -22 22 -24 24 -26 -27 -28 -29 -30 -31
leaf_value=0.13098392089206001 -0.21042411034282688 0.014050601180174028 0.19429652183841598 0.10933674232829489 -0.086309882307897115 0.042591229521924845 -0.099320675144197068 0.026432464599665906 -0.0061564718017393721 -0.3202420219109513 0.12524620059155822 0.001723723436757041 0.050277110726216989 -0.059410692856440767 -0.057756980507806338 -0.1271961485990154 -0.059161850530641408 -0.043956822969502346 -0.019646755191334367 -0.10847834000430723 0.062528090502186731 -0.0090643653502390006 0.025872476662699029 0.063185665671041849 -0.20141740878231787 0.12258833440428135 0.015821618363508351 -0.20607577905779381 -0.015973479504616962 -0.021903300305448428
leaf_weight=830 288 4688 862 12324 215 202 7056 3610 23357 41 8015 1027 1500 1420 2144 1630 2879 3104 14169 219 573 4841 6459 83 311 51 2873 272 2326 1082
leaf_count=830 288 4688 862 12324 215 202 7056 3610 23357 41 8015 1027 1500 1420 2144 1630 2879 3104 14169 219 573 4841 6459 83 311 51 2873 272 2326 1082
internal_value=-7.65323e-05 -0.00345533 -0.00059976 0.00727166 0.0047811 -0.00600097 -0.0070745 -0.0019258 -0.00278405 -0.00583663 0.0101642 0.00979303 0.0129131 -0.00253477 -0.00665674 -0.00601579 -0.0108006 -0.00478526 -0.00447519 -0.0253846 0.0208362 0.000293895 0.000684112 -0.00269341 -0.0192893 -0.0227139 8.96325e-05 -0.0130802 -0.00747464 0.00313808
internal_weight=108451 74291 35014 34160 21836 39277 34589 31052 27442 27533 9927 3962 2935 27103 24186 22042 4509 17533 17273 260 1435 11909 11694 5235 394 339 3347 474 3746 1912
internal_count=108451 74291 35014 34160 21836 39277 34589 31052 27442 27533 9927 3962 2935 27103 24186 22042 4509 17533 17273 260 1435 11909 11694 5235 394 339 3347 474 3746 1912
cat_boundaries=0 1
cat_threshold=1
is_linear=0
shrinkage=0.1


Tree=23
num_leaves=31
num_cat=2
split_feature=7 7 4 4 7 10 1 1 5 4 2 7 4 3 4 2 4 5 3 2 5 6 2 4 7 5 4 4 10 6
split_gain=216.577 41.7108 40.9136 30.3059 39.1096 25.9919 21.1461 16.4798 15.7615 13.5984 10.8889 10.6664 12.3128 10.8703 14.8384 10.5982 10.0164 9.85145 9.77967 9.69025 9.52304 10.5902 9.14103 10.222 11.1954 9.01887 8.88255 11.2003 8.57948 9.97608
threshold=67.571261044000209 75.505098112038525 1.1468639058542009 0.9334703004019429 53.217928626861372 0 0.240036488346935 0.16346390696680832 17.203875886118023 0.90373121222139086 934.88920651404908 92.515026598546996 1.3243082252195368 -5.0508125011021425 1.0393552148200567 884.67638242035025 0.73374109826575074 5.4578191799625211 0.0045806527684160167 0.9786230998777774 1.4518110485915854 3.6440468999311055 905.00212815444081 0.89158590596580123 66.366870497991314 3.5134568474061321 1.2117303840479683 1.3960839222993859 1 -21.589003273598639
decision_type=2 2 2 2 2 1 10 10 2 2 2 2 2 8 2 2 2 2 10 2 2 8 2 2 2 2 2 2 1 10
left_child=3 2 6 4 28 -3 9 -5 10 -2 11 12 13 -7 17 20 -6 18 -15 -8 21 -11 23 24 -18 -12 -13 -28 -1 -30
right_child=1 5 -4 7 16 8 19 -9 -10 15 25 26 -14 14 -16 -17 22 -19 -20 -21 -22 -23 -24 -25 -26 -27 27 -29 29 -31
leaf_value=0.12219223648558497 -0.1178775224698999 0.012645541062156696 0.12581584496848564 0.10197619498374025 -0.17854111646833318 -0.041039475503318462 0.076693830035952718 0.016330147663239102 -0.089388607629777184 -0.024137338765702766 0.016680035374180592 -0.10714111455788036 0.37259617609023937 0.029420277311006517 -0.0074230073127715462 -0.031836954217018133 -0.0063199912707563762 -0.082950021713892499 -0.038144841503082463 0.011783188053493633 -0.0023380037989294777 0.032522155221024467 -0.16756060031490067 0.032309657804542272 -0.11858817553348047 -0.060537266954096225 -0.001430668382672451 -0.22184032075747986 0.12964649354216853 -0.31800370831301594
leaf_weight=4152 856 4688 2047 16257 139 3182 1259 2663 7056 1679 338 2346 78 614 12990 3746 5690 4390 409 2230 23016 181 132 4615 394 1806 1240 140 60 58
leaf_count=4152 856 4688 2047 16257 139 3182 1259 2663 7056 1679 338 2346 78 614 12990 3746 5690 4390 409 2230 23016 181 132 4615 394 1806 1240 140 60 58
internal_value=-5.62466e-05 -0.00308651 -0.000576912 0.00653396 0.00321522 -0.00532373 -0.0014287 0.00920719 -0.00627078 -0.00230002 -0.00519014 -0.00461223 -0.00376218 -0.00390549 -0.00297234 -0.00192859 5.46946e-05 -0.00737114 0.00146628 0.00593293 -0.00118186 -0.00806452 0.000397009 0.000719693 -0.00197239 -0.0120336 -0.00955448 -0.00318841 0.0113349 -0.0152542
internal_weight=108451 74291 35014 34160 15240 39277 32967 18920 34589 29478 27533 25389 21663 21585 18403 28622 10970 5413 1023 3489 24876 1860 10831 10699 6084 2144 3726 1380 4270 118
internal_count=108451 74291 35014 34160 15240 39277 32967 18920 34589 29478 27533 25389 21663 21585 18403 28622 10970 5413 1023 3489 24876 1860 10831 10699 6084 2144 3726 1380 4270 118
cat_boundaries=0 1 2
cat_threshold=1 2
is_linear=0
shrinkage=0.1


Tree=24
num_leaves=31
num_cat=1
split_feature=7 7 4 4 10 4 7 2 4 7 3 5 2 4 5 3 2 4 3 7 5 4 6 6 6 6 5 2 2 5
split_gain=181.907 47.6262 54.9156 28.5327 22.348 19.4341 16.5902 16.5591 14.5334 16.8379 18.2836 14.1404 12.9068 12.3231 12.1392 15.5852 10.8942 10.5349 10.3033 10.1275 9.76118 9.67351 12.9943 9.41113 9.54086 8.84561 8.66737 8.40504 17.2313 8.91855
threshold=64.457525124865398 75.505098112038525 1.1079297673777504 0.8579218062040419 0 0.8617760149683551 49.957110775246143 0.9786230998777774 1.0735026253817332 60.945081000021837 0.018325063207153106 17.203875886118023 884.67638242035025 1.038313957234277 8.2606521785307887 0.0068032422850853322 0.98494568775540714 1.0060695554717156 0.023284712312205028 51.25217312834139 0.87061571174758978 0.95500039238529866 -7.5735782321319354 15.220061412600289 -0.91233085335598207 1.4006786907874231 9.6958493711722067 0.99978335475393287 0.99828512409514403 15.274594465143235
decision_type=2 2 2 2 1 2 2 2 2 2 10 2 2 2 2 8 2 2 10 2 2 2 8 10 10 10 2 2 2 2
left_child=3 2 5 6 11 -2 25 21 9 13 23 16 -9 18 15 -4 -3 -14 19 -5 -18 -7 -23 24 -11 -1 -22 28 -16 -29
right_child=1 4 14 8 -6 7 -8 12 -10 10 -12 -13 17 -15 27 -17 20 -19 -20 -21 26 22 -24 -25 -26 -27 -28 29 -30 -31
leaf_value=0.12004564593642685 -0.11153118059032643 0.0031357160691605659 0.17471401400198339 0.19544352847382954 0.0041100771847737859 -0.079036818057002023 -0.020126618216426098 -0.0032659132099269075 0.16839808013548208 -0.0027969403464116029 0.28061612781319528 -0.080449746866799288 -0.054912296712649328 0.24244318409742649 0.051143106529849547 0.0021196640468438945 0.090444068781180678 -0.011192436132453311 0.32451532277226747 0.08878716879513214 -0.043050161468201509 0.14366061912686412 0.040192405880495843 -0.18714011810585163 0.084206571035813485 -0.18190259964981836 -0.029028355623510294 0.24797040423854355 -0.25347907265824576 -0.15776693624091997
leaf_weight=1586 926 3347 1558 558 6020 334 3925 31264 1296 2934 152 7056 1577 518 1768 483 169 2326 147 11628 12916 334 2581 144 2682 50 9769 202 161 40
leaf_count=1586 926 3347 1558 558 6020 334 3925 31264 1296 2934 152 7056 1577 518 1768 483 169 2326 147 11628 12916 334 2581 144 2682 50 9769 202 161 40
internal_value=-7.2844e-05 -0.00235057 -7.3472e-05 0.00729118 -0.00487563 -0.00123532 0.000953066 -0.000890254 0.00904831 0.00834088 0.00392422 -0.00589049 -0.00152131 0.0103727 0.0107787 0.0163155 -0.00482043 -0.00694338 0.0097381 0.00942065 -0.00560077 0.00594029 0.00778731 0.00302083 0.00366809 0.0094132 -0.00577915 0.00557347 0.00336962 0.0231405
internal_weight=108451 82831 43554 25620 39277 39342 5561 38416 20059 18763 5912 33257 35167 12851 4212 2041 26201 3903 12333 12186 22854 3249 2915 5760 5616 1636 22685 2171 1929 242
internal_count=108451 82831 43554 25620 39277 39342 5561 38416 20059 18763 5912 33257 35167 12851 4212 2041 26201 3903 12333 12186 22854 3249 2915 5760 5616 1636 22685 2171 1929 242
cat_boundaries=0 1
cat_threshold=2
is_linear=0
shrinkage=0.1


Tree=25
num_leaves=31
num_cat=1
split_feature=7 7 4 4 10 2 4 7 7 4 2 5 4 2 4 4 3 4 7 3 4 6 7 7 5 4 7 6 6 3
split_gain=143.69 38.5143 43.5586 22.5844 17.9062 15.7155 16.1177 13.9157 13.6095 14.5757 16.2137 11.1002 10.7557 10.3378 10.1249 10.8823 9.80326 9.60048 12.4228 11.944 11.7586 9.99754 9.36249 9.29957 9.37181 8.92229 10.6086 14.3768 9.283 8.67008
threshold=64.457525124865398 75.505098112038525 1.1079297673777504 0.8579218062040419 0 0.9786230998777774 0.8617760149683551 49.957110775246143 86.853257102926065 1.0102151955142367 916.85219208916658 16.227311708060768 1.0530507367314315 884.67638242035025 1.3960839222993859 1.1590592044248831 0.023284712312205028 1.0735026253817332 60.945081000021837 0.018325063207153106 1.0353238803962657 2.4132843110838 59.744226809533309 103.1335028791995 25.250647843988251 0.99292512705088176 57.999863451551057 -10.763348601947298 13.192993741394242 -0.016436247775690301
decision_type=2 2 2 2 1 2 2 2 2 2 2 2 2 2 2 2 10 2 2 10 2 10 2 2 2 2 2 10 10 8
left_child=3 2 5 7 -3 -2 -7 -1 9 -6 -11 -4 -12 -8 15 -10 17 18 20 -20 22 -22 25 24 -17 26 28 -28 -5 -24
right_child=1 4 11 16 8 6 13 -9 14 10 12 -13 -14 -15 -16 23 -18 -19 19 -21 21 -23 29 -25 -26 -27 27 -29 -30 -31
leaf_value=0.097274727070183795 0.037673263174070826 0.010969979237463436 0.10385351744752357 0.10105305794678117 -0.088498908229888693 -0.11046535514874059 -0.0029393218889339325 -0.018113956394783772 -0.087664782392981533 -0.008350453028977611 0.025501730193110819 -0.077654216899759376 -0.035782367682271145 -0.027388966771639645 -0.21312573348033936 -0.0119391434068298 0.24756162800177572 0.15240441775181673 0.025837239192498987 0.26217564152179523 0.082951431514077717 0.31374859408123901 0.27060550883796886 -0.074883428663391524 0.15529299204146982 0.15309655157146551 0.17442601439062813 -0.042253419266349825 -0.19361092289503007 -0.0036276690507015988
leaf_weight=1636 3279 4688 3993 7421 3437 896 31264 3925 5291 15030 190 219 5118 3903 344 2859 232 1274 5760 92 330 298 46 2216 104 1735 235 1159 62 1415
leaf_count=1636 3279 4688 3993 7421 3437 896 31264 3925 5291 15030 190 219 5118 3903 344 2859 232 1274 5760 92 330 298 46 2216 104 1735 235 1159 62 1415
internal_value=-9.68179e-05 -0.00212119 -7.3472e-05 0.00644809 -0.00439188 -0.00110823 -0.00171089 0.000809207 -0.00517795 -0.00384017 -0.0028223 0.00959164 -0.00757347 -0.00137345 -0.0081191 -0.00756447 0.00801137 0.00777223 0.0071956 0.00338346 0.00895205 0.022293 0.0082581 -0.00430585 -0.000641242 0.00929137 0.00800946 0 0.00950154 0.000752909
internal_weight=108451 82831 43554 25620 39277 39342 36063 5561 34589 23775 20338 4212 5308 35167 10814 10470 20059 19827 18553 5852 12701 628 12073 5179 2963 10612 8877 1394 7483 1461
internal_count=108451 82831 43554 25620 39277 39342 36063 5561 34589 23775 20338 4212 5308 35167 10814 10470 20059 19827 18553 5852 12701 628 12073 5179 2963 10612 8877 1394 7483 1461
cat_boundaries=0 1
cat_threshold=1
is_linear=0
shrinkage=0.1


Tree=26
num_leaves=31
num_cat=2
split_feature=7 7 4 4 10 7 4 4 7 2 5 4 2 3 4 5 5 4 7 3 2 7 3 5 3 3 5 10 3 3
split_gain=120.327 31.6298 35.416 18.1601 14.5001 12.0939 11.5079 10.5159 12.8027 13.671 11.1487 10.8557 10.2054 9.65593 9.22405 9.17905 10.6005 8.92623 11.6746 10.3574 9.12199 8.77714 8.72623 9.15279 9.54878 8.60426 8.43307 8.42021 8.43945 17.2854
threshold=64.457525124865398 75.211053401018091 1.0883358011045474 0.8579218062040419 0 49.957110775246143 0.8617760149683551 1.0052721162437905 88.936049387465815 916.85219208916658 30.656820796899272 1.3243082252195368 884.67638242035025 0.023284712312205028 1.3960839222993859 6.6341644941012108 8.4325317381882865 1.1590592044248831 103.1335028791995 0.0083341806350850107 0.99043591039056167 86.853257102926065 0.0037555075247588947 8.1970208819712624 -0.012974984292706658 0.033659229960957056 24.453557315540149 1 -0.0091412872535634997 -0.0045664619420437971
decision_type=2 2 2 2 1 2 2 2 2 2 2 2 2 10 2 2 2 2 2 10 2 2 8 2 10 10 2 1 8 8
left_child=3 2 6 5 7 27 -2 15 9 10 11 -9 -8 26 17 -3 21 20 19 -19 -10 -17 23 24 -4 -16 -5 28 -1 -30
right_child=1 4 22 13 -6 -7 12 8 14 -11 -12 -13 -14 -15 25 16 -18 18 -20 -21 -22 -23 -24 -25 -26 -27 -28 -29 29 -31
leaf_value=-0.05992094859788466 -0.095870507069557229 0.039844589271108788 0.2418203137800024 0.065084895535323289 0.0015255132933589266 -0.016302560755305253 -0.0012284014460682614 -0.010424774709564134 -0.035216863322260754 -0.029644183464282037 -0.37936436951498503 0.29502924137994313 -0.025285643782719802 0.22280546520159811 -0.16840209327165923 -0.29733668562856369 -0.089199654595583419 0.028647218004534382 -0.067395085797052445 -0.076659975347771345 -0.091503025879871566 0.23247284345895133 0.013422351343972849 0.059530761692181147 0.1030100948716985 -0.63691514542552885 0.60734019572700582 -0.36055612295101086 0.29810608263677096 0.085449195176504136
leaf_weight=267 890 327 214 19794 6525 3925 32427 15343 1540 5712 28 83 3619 232 312 200 3388 1488 2216 395 2954 24 1807 1830 1486 23 33 34 222 1113
leaf_count=267 890 327 214 19794 6525 3925 32427 15343 1540 5712 28 83 3619 232 312 200 3388 1488 2216 395 2954 24 1807 1830 1486 23 33 34 222 1113
internal_value=-8.75972e-05 -0.00194009 -2.60213e-05 0.00590164 -0.00393511 0.000845172 -0.00112627 -0.00476302 -0.00412707 -0.00278749 -0.0012424 -0.00112797 -0.000848915 0.00730345 -0.00730287 -0.00962173 -0.0110742 -0.00666822 -0.00329349 0.00249602 -0.00974633 -0.0321429 0.00758853 0.0104816 0.0157647 -0.0235821 0.00706612 0.00806846 0.00911361 0.0123596
internal_weight=108451 82831 42273 25620 40558 5561 36936 34033 30094 21166 15454 15426 36046 20059 8928 3939 3612 8593 4099 1883 4494 224 5337 3530 1700 335 19827 1636 1602 1335
internal_count=108451 82831 42273 25620 40558 5561 36936 34033 30094 21166 15454 15426 36046 20059 8928 3939 3612 8593 4099 1883 4494 224 5337 3530 1700 335 19827 1636 1602 1335
cat_boundaries=0 1 2
cat_threshold=2 2
is_linear=0
shrinkage=0.1


Tree=27
num_leaves=31
num_cat=1
split_feature=7 7 4 4 5 10 1 4 4 7 2 2 7 2 4 6 5 3 4 2 2 5 6 3 4 5 4 7 5 5
split_gain=96.9448 25.666 28.0149 15.1374 12.3822 12.529 9.93337 9.81031 9.44555 9.19291 10.6782 8.72174 8.60892 8.54186 9.41333 11.9562 12.7826 8.75865 8.72144 7.87577 11.6197 8.062 7.734 7.716 8.32761 8.35746 7.6875 7.56371 8.17933 7.56162
threshold=64.457525124865398 75.211053401018091 1.0425650124245098 0.8579218062040419 33.788948618226868 0 0.19772344135156653 1.3960839222993859 1.0052721162437905 91.181808649484694 916.85219208916658 916.85219208916658 49.957110775246143 0.98178156959123897 1.0774285251762989 14.902555393844525 16.080857990078901 -0.014858687552209147 1.0814055416426152 0.98825207514623548 0.98716057645654509 1.8744471814732522 1.4006786907874231 -0.95417408268757231 0.86536293672548115 1.4518110485915854 0.91232968373710677 60.945081000021837 15.143810471987662 6.6341644941012108
decision_type=2 2 2 2 2 1 10 2 2 2 2 2 2 2 2 10 2 10 2 2 2 2 10 8 2 2 2 2 2 2
left_child=3 2 6 12 5 -3 23 -6 29 10 -10 -11 22 17 15 -15 -17 27 -16 20 -14 -21 -1 26 -25 -26 -2 -5 -29 -7
right_child=1 4 -4 13 7 8 -8 -9 9 11 -12 -13 19 14 18 16 -18 -19 -20 21 -22 -23 -24 24 25 -27 -28 28 -30 -31
leaf_value=0.088382838138946346 -0.29548838369718455 0.010819382072410379 0.044679895659651692 0.16306566880797746 -0.1101525436062282 0.035860130343998264 0.020542263435878994 -0.6003216330664245 -0.0089323688328278202 -0.055453582878061528 -0.02620022521669654 -0.18871176650928306 0.0049367667585151764 0.068866869917547299 0.29122594019278697 -0.16706766137544238 0.30004704780943925 -0.027198195874581544 0.12527407970198753 -0.17976615691588124 0.14343897887748511 -0.038931358031417319 -0.18198473190950537 -0.07506622529800816 -0.017020324605210392 -0.0027624136274752688 -0.02416575357492903 0.006100084942085005 -0.25404551401241521 -0.089084449605036309
leaf_weight=1586 23 4816 8062 495 353 327 4059 52 18539 7076 5796 69 1095 16117 137 271 26 1820 876 37 169 2624 50 1024 1766 25210 2129 293 24 3530
leaf_count=1586 23 4816 8062 495 353 327 4059 52 18539 7076 5796 69 1095 16117 137 271 26 1820 876 37 169 2624 50 1024 1766 25210 2129 293 24 3530
internal_value=-0.000130013 -0.00179281 -6.86017e-05 0.0052459 -0.00358992 -0.00341444 -0.00131829 -0.0209877 -0.00406656 -0.00349428 -0.00256832 -0.00664801 0.000629383 0.00652575 0.00732771 0.00675034 -0.0131313 0.00121581 0.0166831 -0.00191083 0.00458861 -0.00499812 0.00672372 -0.00194349 -0.0015 -0.001164 -0.00771375 0.00985222 -0.0022082 -0.00873736
internal_weight=108451 82831 42273 25620 40558 40153 34211 405 35337 31480 24335 7145 5561 20059 17427 16414 297 2632 1013 3925 1264 2661 1636 30152 28000 26976 2152 812 317 3857
internal_count=108451 82831 42273 25620 40558 40153 34211 405 35337 31480 24335 7145 5561 20059 17427 16414 297 2632 1013 3925 1264 2661 1636 30152 28000 26976 2152 812 317 3857
cat_boundaries=0 1
cat_threshold=1
is_linear=0
shrinkage=0.1


Tree=28
num_leaves=31
num_cat=1
split_feature=7 7 4 4 5 10 5 2 4 3 4 7 3 4 6 1 3 3 7 0 5 6 2 6 6 3 6 7 6 3
split_gain=81.9372 20.4423 22.7843 12.3782 10.4646 9.50064 9.18883 8.6811 8.68425 8.4756 8.46009 10.4159 9.0313 8.93498 9.69092 8.67204 13.5035 9.81853 8.44237 8.66712 8.82578 11.595 8.38504 7.76984 9.84914 7.68992 7.66576 7.51231 8.67605 7.51392
threshold=64.457525124865398 75.211053401018091 1.101555040113029 0.8579218062040419 8.9785668664878369 0 0.87061571174758978 0.9786230998777774 0.8617760149683551 0.023284712312205028 1.0735026253817332 60.945081000021837 -0.017101627241649649 1.0353238803962657 2.4132843110838 0.19772344135156653 -0.0083957172296037479 0.011506870044341368 59.744226809533309 0.66083252054295694 8.8565066189036656 -3.465202138688745 0.9745001589265383 -0.91233085335598207 14.902555393844525 -0.014858687552209147 7.3990403342678883 49.957110775246143 -0.58619516453727261 -0.0091412872535634997
decision_type=2 2 2 2 2 1 2 2 2 10 2 2 10 2 10 8 10 10 2 8 2 8 2 8 10 8 10 2 10 8
left_child=3 2 7 26 25 6 -3 -2 -9 10 11 13 -12 18 -15 16 -13 -18 -5 20 -20 -22 -8 -17 -25 -4 27 29 -29 -1
right_child=1 5 4 9 -6 -7 22 8 -10 -11 12 15 -14 14 -16 23 17 -19 19 -21 21 -23 -24 24 -26 -27 -28 28 -30 -31
leaf_value=-0.062767137551990967 0.025918590646229946 0.084170421560199327 0.26598665030445262 0.071569026830858459 0.012377681255581053 0.0013986559894071605 0.057643227449607794 -0.085513562960483833 -0.0044526498397132741 0.19363823168968361 -0.17267746134301057 0.24673375003224651 0.13358943778727764 0.061261111817383099 0.26696934369691905 -0.022530199302277155 0.011030262059141194 0.39912278335966322 0.018628530319551473 -0.029190569462312157 0.28190689169174948 -0.019914558843657205 -0.028739043888764828 0.060544203714277246 -0.1244376788587843 0.087236998729022741 -0.17962842440746238 -0.018540214898239427 0.14375476084473995 0.10090445359085223
leaf_weight=273 3197 201 152 10612 2028 6525 541 861 33768 232 50 39 1224 330 298 2754 171 22 142 1230 60 29 33291 2709 157 2267 44 3636 256 1352
leaf_count=273 3197 201 152 10612 2028 6525 541 861 33768 232 50 39 1224 330 298 2754 171 22 142 1230 60 29 33291 2709 157 2267 44 3636 256 1352
internal_value=-0.00010235 -0.00163103 -9.22575e-05 0.00483997 0.00667866 -0.00323487 -0.00390503 -0.000888278 -0.00134858 0.00599731 0.00577495 0.00523365 0.0136578 0.00684198 0.0184713 0.00174299 0.0206897 0.00984456 0.00623706 -0.000889802 0.0168831 0.041573 -0.00403169 0.000960854 0.00460572 0.0111203 0.000665348 0.000996919 -0.00138746 0.00670769
internal_weight=108451 82831 42273 25620 4447 40558 34033 37826 34629 20059 19827 18553 1274 12701 628 5852 232 193 12073 1461 231 89 33832 5620 2866 2419 5561 5517 3892 1625
internal_count=108451 82831 42273 25620 4447 40558 34033 37826 34629 20059 19827 18553 1274 12701 628 5852 232 193 12073 1461 231 89 33832 5620 2866 2419 5561 5517 3892 1625
cat_boundaries=0 1
cat_threshold=2
is_linear=0
shrinkage=0.1


Tree=29
num_leaves=31
num_cat=0
split_feature=7 7 2 4 4 0 4 4 3 7 5 6 3 7 2 7 4 3 5 4 6 7 4 6 2 5 5 4 3 5
split_gain=67.4689 18.3089 18.7019 21.1433 10.6623 9.97584 9.34637 10.4586 9.55147 9.1912 9.72821 10.7558 8.73426 9.58834 8.54796 7.73537 8.26428 7.67741 9.04886 7.49869 9.45547 8.02439 9.37848 9.09426 7.36963 7.17675 7.27856 7.04477 10.0894 8.52447
threshold=64.293100133356361 86.853257102926065 916.85219208916658 1.1096082594424115 0.8579218062040419 0.64962016385253041 1.3960839222993859 1.1590592044248831 0.033659229960957056 103.1335028791995 10.082656409692728 -7.4218182864979658 0.0040236383575107957 82.674732842389417 0.9745001589265383 66.51102863292023 1.1616395317071759 -14.041692447375963 25.250647843988251 0.880931240303784 0.65734985380671429 69.825110513983745 0.93691249547578959 -10.996900981794488 0.98178156959123897 6.1600912228702596 6.3983334246670749 1.1797936002825262 -0.0089661937278009401 18.619804682594872
decision_type=2 2 2 2 2 10 2 2 10 2 2 10 8 2 2 2 2 10 2 2 10 2 2 10 2 2 2 2 10 2
left_child=4 2 3 5 -1 12 7 -3 -8 10 -9 -12 13 14 -2 -5 -17 -13 27 20 -14 -21 23 -23 -6 -7 -27 28 -19 -30
right_child=1 6 -4 15 24 25 8 9 -10 -11 11 17 19 -15 -16 16 -18 18 -20 21 -22 22 -24 -25 -26 26 -28 -29 29 -31
leaf_value=0.0049428958140055107 0.067161536139762751 -0.063964051148853687 -0.022484168222431579 0.11064677866354913 0.0025185877755014019 0.038056862289474226 -0.14449950908519399 -0.022309295004244237 -0.55009429705700874 -0.052502648853296918 -0.32428810805550728 -0.20160606223420638 -0.10922222366926598 -0.077687531011147115 -0.012108617836707936 0.0066623838142213293 0.059204775583245356 -0.17424932071231256 0.18583824914841465 0.036785718863551864 0.3715913606160573 0.0057286556015387902 0.00074214443376661174 -0.15895562500265115 0.060333190961523543 -0.097660534798526308 0.008995025946590119 0.060172123301862258 0.085507676470254534 -0.16405972092555388
leaf_weight=5541 543 5291 8040 921 2549 2090 387 1737 23 2216 59 26 616 1199 28087 6451 3461 90 110 2806 52 234 12563 278 17103 159 4236 1150 314 119
leaf_count=5541 543 5291 8040 921 2549 2090 387 1737 23 2216 59 26 616 1199 28087 6451 3461 90 110 2806 52 234 12563 278 17103 159 4236 1150 314 119
internal_value=-0.000100506 -0.00147253 -0.00087822 -0.000304572 0.00443377 -0.00112933 -0.00517271 -0.00462563 -0.02 -0.00170074 0.0014147 0.00642398 -0.00164302 -0.00266519 -0.00229829 0.00372011 0.00290557 0.00779436 0.00858104 0.000199408 -0.0101796 0.00063598 -0.000405354 -0.0136719 0.00552616 0.00254433 0.000250284 0.00675433 -0.00286807 0.0034642
internal_weight=108451 83258 71736 63696 25193 52863 11522 11112 410 5821 3605 1868 46378 29829 28630 10833 9912 1809 1783 16549 668 15881 13075 512 19652 6485 4395 1673 523 433
internal_count=108451 83258 71736 63696 25193 52863 11522 11112 410 5821 3605 1868 46378 29829 28630 10833 9912 1809 1783 16549 668 15881 13075 512 19652 6485 4395 1673 523 433
is_linear=0
shrinkage=0.1


Tree=30
num_leaves=31
num_cat=1
split_feature=7 7 2 4 4 6 4 4 4 3 6 5 5 5 7 4 5 3 3 4 3 6 3 3 5 6 5 10 7 6
split_gain=54.1708 15.9398 15.4651 16.7758 9.35724 8.89641 8.87357 8.36218 11.4292 9.96536 8.17709 8.13188 7.92026 7.92754 7.69842 7.61557 9.27761 10.4309 10.3442 9.88053 15.0384 8.42187 8.04857 7.80607 7.46405 7.60958 7.22572 9.04955 7.71718 8.43353
threshold=64.293100133356361 86.121149098471207 916.85219208916658 1.1128878034988261 0.89395993813584551 -16.338604353718434 0.8579218062040419 1.3960839222993859 1.1539379980526487 0.033659229960957056 -2.1040399348389722 5.9230941580327832 2.2980575687911755 3.3947293309563733 103.1335028791995 0.99119679956539264 8.3204081158330236 0.033659229960957056 -35.381535923441724 1.0077086627911556 -29.708983108971378 -3.0632727922928207 0.0036235918719267905 0.12620504818268688 10.082656409692728 -10.332545980005156 8.7940650615618239 0 65.278367268847447 -6.3818569841287021
decision_type=2 2 2 2 2 8 2 2 2 10 10 2 2 2 2 2 2 10 8 2 8 10 8 10 2 10 2 1 2 10
left_child=6 2 3 4 12 -5 -1 8 -3 11 15 -9 -2 -14 24 -6 17 18 -17 22 -21 26 -20 -19 -10 -26 27 -18 29 -28
right_child=1 7 -4 5 10 -7 -8 9 14 -11 -12 -13 13 -15 -16 16 21 23 19 20 -22 -23 -24 -25 25 -27 28 -29 -30 -31
leaf_value=0.0044486062326051018 0.14837754633531192 -0.05996767398197847 -0.021050190994380102 -0.40280547973117325 -0.0036359541501749248 0.030155572846462777 0.045303163583691131 0.15339433488382001 -0.018745230939858717 -0.49508486735130791 -0.0067187123299245147 -0.16914158339430616 -0.26009857071406234 -0.046708003870152483 -0.047252383967967049 -0.078341172053719543 -0.11829305682316829 -0.062220066665864951 0.027454431272212077 0.14466378796592425 0.035087491351111666 0.076582717782551421 0.22980044194185645 -0.0010113416902790106 -0.32252300176064352 0.039064262544562571 -0.39772446009977647 0.25183517533170774 0.00072913605311271119 0.11030806571762214
leaf_weight=5541 53 5575 7943 29 10786 9691 19652 37 2021 23 32156 353 57 3009 2216 123 160 55 617 51 1940 470 172 411 53 2098 30 31 3071 27
leaf_count=5541 53 5575 7943 29 10786 9691 19652 37 2021 23 32156 353 57 3009 2216 123 160 55 617 51 1940 470 172 411 53 2098 30 31 3071 27
internal_value=-0.000113415 -0.00134281 -0.000764651 -0.000239915 -0.000937635 0.00358025 0.00394951 -0.00465417 -0.00417119 -0.0186441 -0.000606786 -0.0148718 -0.006252 -0.00691455 -0.00128366 0.00110343 0.0036323 0.00745028 0.00967964 0.0109353 0.00718232 0.00023753 0.0204056 -0.00643777 0.0012464 0.00534635 -0.00153661 -0.0204188 -0.000383632 -0.0368421
internal_weight=108451 83258 70882 62939 53219 9720 25193 12376 11963 413 50100 390 3119 3066 6388 17944 7158 3369 2903 2780 1991 3789 789 466 4172 2151 3319 191 3128 57
internal_count=108451 83258 70882 62939 53219 9720 25193 12376 11963 413 50100 390 3119 3066 6388 17944 7158 3369 2903 2780 1991 3789 789 466 4172 2151 3319 191 3128 57
cat_boundaries=0 1
cat_threshold=2
is_linear=0
shrinkage=0.1


Tree=31
num_leaves=31
num_cat=0
split_feature=7 7 4 6 7 0 7 4 6 6 7 5 3 6 4 4 4 6 7 6 2 6 5 4 5 4 2 2 2 5
split_gain=45.9829 12.0908 13.2213 9.52536 12.1605 8.62643 8.39042 7.84972 13.4601 10.2073 9.23603 12.0412 8.8833 11.6232 9.69423 7.57171 9.8649 9.74004 9.7087 7.70793 9.76037 7.53044 8.92008 7.45301 7.37353 7.35693 8.12375 12.2148 7.35081 10.0937
threshold=68.006636478933927 86.121149098471207 1.1876322299353339 3.7423710579514631 58.682024324479023 0.63711712198103376 71.580589967407903 1.0403703314073116 3.5442994102959848 2.5910300505582211 65.90204302074504 4.0988397378863448 -0.0026302168034352254 -10.996900981794488 1.0530507367314315 1.3960839222993859 1.1539379980526487 25.266097967236654 111.75431028787771 3.7423710579514631 0.97558275401028605 2.0689101525680091 0.87061571174758978 1.0334486989927378 4.5746070779950756 0.88374290389883614 0.97797602272544171 0.98610324956761397 0.9786230998777774 4.8214359764040244
decision_type=2 2 2 10 2 10 2 2 8 10 2 2 10 10 2 2 2 8 2 10 2 10 2 2 2 2 2 2 2 2
left_child=3 2 5 4 -1 25 -4 21 9 10 12 -12 -9 14 -14 16 19 -17 -19 20 -3 22 -6 -24 -22 26 -2 -28 29 -7
right_child=1 15 6 -5 7 28 -8 8 -10 -11 11 -13 13 -15 -16 17 -18 18 -20 -21 24 -23 23 -25 -26 -27 27 -29 -30 -31
leaf_value=0.045083124717501734 0.35232245830997261 0.18615667447781592 0.15187721883347294 0.055299121270986268 0.21756921093571435 0.10664537220890935 0.026754309475478168 -0.023126100971847665 -0.23527816804142285 0.23961175556477024 0.34635924539267227 -0.1184611795685612 0.098945165016351311 0.12226279939279082 -0.392826231967916 -0.29931544602440996 -0.0084630219508845528 0.46369087897838174 -0.11313539983724397 -0.082880391157610242 -0.22120452463773077 -0.072367380628362454 0.00034282289040064032 -0.14989763926717714 -0.024514707078689926 -0.0062157010065632791 -0.21205751681973803 -0.05062748883290951 -0.00015365773952566997 0.031213634007688996
leaf_weight=10954 33 30 453 7901 71 369 1406 908 124 336 36 335 20 1278 32 211 6388 41 161 2672 96 854 12301 291 2777 52245 158 956 3505 1509
leaf_count=10954 33 30 453 7901 71 369 1406 908 124 336 36 335 20 1278 32 211 6388 41 161 2672 96 854 12301 291 2777 52245 158 956 3505 1509
internal_value=-8.02206e-05 -0.00151486 -0.00093347 0.0028752 0.0019971 -0.00119609 0.00736955 0.000289401 0.004855 0.00621392 0.00410119 -0.0105121 0.00652368 0.0117293 -0.0346154 -0.00436328 -0.0039037 -0.0176755 -0.0019802 -0.00697758 -0.00341027 -0.000747207 -0.000134249 -0.000333545 -0.00400278 -0.00158076 -0.00950305 -0.0109515 0.00261936 0.00766773
internal_weight=108451 73010 60634 35441 27540 58775 1859 16586 3069 2945 2609 371 2238 1330 52 12376 11963 413 202 5575 2903 13517 12663 12592 2873 53392 1147 1114 5383 1878
internal_count=108451 73010 60634 35441 27540 58775 1859 16586 3069 2945 2609 371 2238 1330 52 12376 11963 413 202 5575 2903 13517 12663 12592 2873 53392 1147 1114 5383 1878
is_linear=0
shrinkage=0.1


Tree=32
num_leaves=31
num_cat=1
split_feature=7 7 4 6 7 6 3 5 2 2 4 7 5 3 2 2 4 3 6 2 7 5 3 6 7 4 5 5 5 10
split_gain=37.3398 11.8996 11.7431 11.3616 11.374 10.7433 9.00921 8.56744 8.46132 12.912 7.95949 8.74992 9.66363 7.94557 7.84767 7.66983 10.2716 7.45763 7.30976 7.23741 7.37652 7.2111 10.1007 8.70652 9.45483 7.18904 7.55528 11.2132 8.82492 8.58551
threshold=65.435702830760746 75.505098112038525 1.1297614814117478 -2.6577759418457272 53.617230338320958 -30.500958449404298 -0.026909920670626693 8.9785668664878369 0.99978335475393287 0.99860266321838864 1.0393552148200567 96.905278184125436 9.6958493711722067 -0.011564422376890147 0.98046553735506459 0.98870867050710809 1.0735026253817332 -0.011836317676804263 21.373751770950872 0.97763607664348751 80.090552465057115 5.4578191799625211 0.0045806527684160167 -1.0724465075091556 76.767581357180148 1.2945314488736328 9.0975322584184717 7.844463366178025 7.5664441088802521 0
decision_type=2 2 2 10 2 8 8 2 2 2 2 2 2 10 2 2 2 10 8 2 2 2 10 10 2 2 2 2 2 1
left_child=3 2 -2 4 5 -1 -6 -4 9 -9 21 12 18 17 -13 16 19 -14 -12 -15 -21 22 -3 24 -24 26 27 28 -20 -28
right_child=1 10 7 -5 6 -7 -8 8 -10 -11 11 14 13 15 -16 -17 -18 -19 25 20 -22 -23 23 -25 -26 -27 29 -29 -30 -31
leaf_value=-0.20097353133248141 -0.0018065014555318727 0.037702351916929548 0.091036631385449596 0.048254557962129498 -0.15535843971301233 0.064078334535350487 -0.0010513523085439404 -0.0018719442890734685 0.1878529994421225 -0.26561585289614947 -0.016006650525522303 -0.13232432601931662 -0.021430308810649026 0.072212521659514556 -0.036302798925309077 0.0055602716332415984 0.091561706205565946 -0.13997825536597119 0.026177557425542376 -0.091270514579514392 0.023657349344601643 -0.05204159362460814 -0.1721664224176884 -0.0015613467315784392 -0.15041854349511929 0.21135474822186107 -0.27442930844307906 0.27184053259849178 -0.20634540896246564 0.11816306592786568
leaf_weight=50 37857 614 1719 12700 44 3690 11698 1170 172 74 13849 270 1867 21 4420 7893 1539 44 509 286 171 7079 35 310 64 70 36 143 35 22
leaf_count=50 37857 614 1719 12700 44 3690 11698 1170 172 74 13849 270 1867 21 4420 7893 1539 44 509 286 171 7079 35 310 64 70 36 143 35 22
internal_value=-7.2844e-05 -0.00117231 1.9516e-05 0.00305869 0.00124015 0.00604278 -0.000289559 0.00590112 0.000141243 -0.00273312 -0.00241617 -0.00169046 -0.000985463 0.00114204 -0.00567164 0.00228052 0.00778384 -0.0047619 -0.00270049 -0.00502092 -0.00765864 -0.00520859 0.0026393 -0.00953545 -0.0353535 0.00650307 0.00362416 0.00655022 0 -0.0310345
internal_weight=108451 80269 40992 28182 15482 3740 11742 3135 1416 1244 39277 31175 26485 11821 4690 9910 2017 1911 14664 478 457 8102 1023 409 99 815 745 687 544 58
internal_count=108451 80269 40992 28182 15482 3740 11742 3135 1416 1244 39277 31175 26485 11821 4690 9910 2017 1911 14664 478 457 8102 1023 409 99 815 745 687 544 58
cat_boundaries=0 1
cat_threshold=2
is_linear=0
shrinkage=0.1


Tree=33
num_leaves=31
num_cat=0
split_feature=7 4 7 2 7 4 6 4 5 4 6 5 5 2 6 7 2 6 2 2 3 4 0 5 5 3 3 5 7 5
split_gain=30.0554 12.099 14.0733 15.1603 11.6187 14.9154 9.86565 8.69115 8.23099 7.81412 11.0631 20.7035 8.15237 8.03943 7.79953 7.62279 9.19735 10.1055 11.3469 7.52602 13.3139 8.62881 7.20399 9.48994 8.16833 6.95988 6.91707 9.09439 8.17451 6.96593
threshold=62.938025743350302 1.0393552148200567 60.16688382652422 0.9946966024649081 78.575749367157201 1.0896823589500579 -6.9520403165825 0.84427477418953611 18.619804682594872 1.0774285251762989 3.1530249748165748 5.2196074956536096 4.8774694165861208 0.997304897722601 14.902555393844525 96.905278184125436 0.99255769027361618 4.044028535812374 0.99425600467639152 0.9819809537411478 -0.018635190809130394 0.75909325682424555 0.63975891516856198 6.222386569412933 6.5745429489549378 -0.019666114137163456 0.005882148715468106 22.138839111780616 80.93432925922906 16.522480146131461
decision_type=2 2 2 2 2 2 10 2 2 2 10 2 2 2 10 2 2 8 2 2 8 2 10 2 2 10 10 2 2 2
left_child=1 2 19 -4 5 22 -3 -5 14 10 13 12 -12 -6 -8 16 -11 18 -18 20 21 -1 -2 -24 -25 -26 27 -15 29 -28
right_child=4 6 3 7 9 -7 8 -9 -10 15 11 -13 -14 26 -16 -17 17 -19 -20 -21 -22 -23 23 24 25 -27 28 -29 -30 -31
leaf_value=-0.30864175578415964 -0.0046802085955135906 -0.060284167525506409 0.0065071844962979247 -0.1441914308067517 -0.039167952902062098 0.037575359950130151 0.1158647992759633 -0.060761339986650148 0.38413624036904293 0.022102164136392589 0.05601015048355578 -0.088477880043819832 0.30861704931219908 0.080759107403540753 -0.041329783547196901 -0.03618084898046732 -0.17126138112134903 0.00058237656687616386 -0.019954897521503059 0.044914874603025012 -0.053630633900994346 0.18849685191737217 0.043817854322813335 -0.11811282531971941 -0.25713961267116903 0.0089167541274569832 0.23284241120328844 0.25022273643695742 -0.1439299321938364 -0.12679117622671007
leaf_weight=20 44712 178 2949 370 3739 7223 1913 847 32 5216 223 2713 39 404 116 4690 280 6796 3468 13768 1230 354 2153 244 55 4112 120 96 347 44
leaf_count=20 44712 178 2949 370 3739 7223 1913 847 32 5216 223 2713 39 404 116 4690 280 6796 3468 13768 1230 354 2153 244 55 4112 120 96 347 44
internal_value=-5.62466e-05 0.00326491 0.00246699 -0.00268843 -0.000890694 -8.7181e-05 0.0102278 -0.0120789 0.0121786 -0.00255901 -0.00526861 -0.0100504 0.0167939 -0.00227368 0.0113849 -0.00153545 -0.000482234 -0.00218134 -0.00635005 0.00386417 -0.00261845 0.0139037 -0.000686481 0.00240707 -0.000249377 0.000791937 0.00563798 0.014 -0.00254403 0.0158537
internal_weight=108451 21777 19538 4166 86674 58499 2239 1217 2061 28175 7725 2975 262 4750 2029 20450 15760 10544 3748 15372 1604 374 51276 6564 4411 4167 1011 500 511 164
internal_count=108451 21777 19538 4166 86674 58499 2239 1217 2061 28175 7725 2975 262 4750 2029 20450 15760 10544 3748 15372 1604 374 51276 6564 4411 4167 1011 500 511 164
is_linear=0
shrinkage=0.1


Tree=34
num_leaves=31
num_cat=0
split_feature=7 4 7 2 7 4 6 2 4 4 3 6 4 0 0 4 3 2 3 3 4 3 2 6 1 2 7 0 7 2
split_gain=23.3627 10.4587 11.2792 12.705 9.13394 9.6712 9.10077 8.39548 7.30193 7.16576 6.91586 6.67137 6.99272 6.40716 6.71277 6.39004 7.73561 7.64104 7.18066 9.21988 7.6624 7.52163 9.41187 8.12798 7.71306 7.21991 6.83803 6.38587 6.40688 6.38157
threshold=62.938025743350302 1.0393552148200567 60.16688382652422 0.9946966024649081 84.338750469730584 1.1590592044248831 -6.9520403165825 918.38431485463491 0.89158590596580123 0.84427477418953611 0.003004220823376869 15.547127066366707 1.0685338322577489 0.80964070036418601 0.76011973368929842 1.0102151955142367 -0.016436247775690301 0.98348606816092177 -0.018635190809130394 -0.0085914905789482004 0.75909325682424555 -0.0038340095114769985 0.9786230998777774 -18.465346412766731 0.44113622498152233 0.97606864437520879 55.9569814717958 0.95262556047933999 69.58864645234091 0.97763607664348751
decision_type=2 2 2 2 2 2 10 2 2 2 10 10 2 10 10 2 10 2 8 10 2 10 2 10 10 2 2 10 2 2
left_child=1 2 15 13 5 7 -3 8 -2 10 -5 29 -13 14 -4 17 -17 18 20 -20 -1 22 24 -23 -21 -22 -24 28 -7 -8
right_child=4 6 3 9 -6 27 11 -9 -10 -11 -12 12 -14 -15 -16 16 -18 -19 19 21 25 23 26 -25 -26 -27 -28 -29 -30 -31
leaf_value=-0.27777758020574378 -0.040297089953004323 -0.054255750772955483 0.0061261779879849603 -0.20308600079980721 -0.02282688565526101 0.16305493192074608 -0.14910509540671768 -0.016748562335210694 0.00029809944122547453 -0.054685205987985347 -0.070597700924228235 -0.18566872771118917 0.23701246977889384 0.19052440575948354 -0.21738965416022077 0.35749319860003653 0.097603475023840508 0.039729856863181826 -0.10883560137312537 -0.12030565842540285 -0.0096948156269082379 0.35929545654931588 0.37909638636643805 -0.088370016894359804 0.1654122034743935 0.25669234052530426 0.02877918943503879 0.35920780974253719 0.024949167750897772 0.11519817002652388
leaf_weight=20 3820 178 2766 135 14938 547 70 6913 57769 847 235 70 32 93 90 45 1132 12214 846 97 162 43 104 406 24 165 114 29 2658 1889
leaf_count=20 3820 178 2766 135 14938 547 70 6913 57769 847 235 70 32 93 90 45 1132 12214 846 97 162 43 104 406 24 165 114 29 2658 1889
internal_value=-6.73115e-05 0.00286082 0.00211895 -0.0024964 -0.000803009 -0.00033456 0.00933452 -0.000586844 -0.000215948 -0.0110929 -0.0227027 0.0112082 -0.0137255 0.0010512 0.000210084 0.00336976 0.0104503 0.00278267 -0.00297829 -0.00575275 0.0100865 0.00203046 0.0132743 -0.0064588 -0.00909091 0.0137615 0.0256881 0.00500928 0.00458658 0.0125064
internal_weight=108451 21777 19538 4166 86674 71736 2239 68502 61589 1217 370 2061 102 2949 2856 15372 1177 14195 1981 1634 347 788 339 449 121 327 218 3234 3205 1959
internal_count=108451 21777 19538 4166 86674 71736 2239 68502 61589 1217 370 2061 102 2949 2856 15372 1177 14195 1981 1634 347 788 339 449 121 327 218 3234 3205 1959
is_linear=0
shrinkage=0.1


Tree=35
num_leaves=31
num_cat=0
split_feature=7 2 6 6 4 5 5 0 0 0 0 4 0 3 6 5 6 1 3 3 7 3 3 4 7 4 7 6 6 5
split_gain=20.331 8.29338 7.98455 14.0615 8.48241 7.86043 8.42225 8.02215 9.72386 17.18 8.52358 7.53632 7.50697 7.41446 6.69546 6.32543 8.02875 6.23006 6.09306 6.03111 7.31512 6.39433 6.97412 6.00502 6.85714 8.58257 8.77547 11.0297 9.15258 7.53535
threshold=68.006636478933927 0.97763607664348751 -5.4098912809425732 -4.7855193175589923 1.1403836395573281 6.1600912228702596 6.9236974032731284 0.62427976200453184 0.69675238451059773 0.7046302999341244 0.77256332225529845 1.1318180319804529 0.78594755405030436 0.015800374511182994 1.1417511721694853 9.0364199462712858 0.41855319154716858 0.49025369685450648 -0.011836317676804263 -0.011320921453924713 71.491296732331264 -0.012974984292706658 -0.016436247775690301 0.73374109826575074 58.682024324479023 1.0266784464654948 61.502169269951146 13.958966119906465 -14.670415820265665 14.786040152121284
decision_type=2 2 8 8 2 2 2 8 8 8 8 2 8 8 10 2 10 10 10 10 2 10 10 2 2 2 2 10 10 2
left_child=11 2 4 -4 -2 7 -7 -5 14 -10 -11 23 -12 15 -9 -13 -17 -3 -18 21 -21 22 -14 -1 -25 -26 27 -27 -28 -30
right_child=1 17 3 5 -6 6 -8 8 9 10 12 13 19 -15 -16 16 18 -19 -20 20 -22 -23 -24 24 25 26 28 -29 29 -31
leaf_value=-0.078955949521194668 0.11743680881089347 -0.0061905738495703138 -0.19826818953980663 -0.072148674700389395 -0.253856176240075 -0.16037431280174702 0.0067191550061508568 0.16023023994579122 -0.27247989093932151 0.13330561416189399 -0.38094415766614348 0.14573721540427656 0.22185112091749914 0.26630304597426041 0.19682604568044867 -0.3507278934169229 -0.34719387898060106 0.17042324461385264 0.065978194899349071 0.27142070863359502 -0.07626949270989343 0.28914201781944515 -0.14319188956665557 0.04146324070938974 -0.0040470240421690562 0.11925737885634789 -0.24504551631674262 -0.13725306546160496 0.032897517732882166 -0.056143083894590974
leaf_weight=427 395 69733 49 109 26 171 1706 36 34 175 21 426 124 42 78 39 27 142 277 40 103 25 43 12017 14749 1335 65 63 5403 571
leaf_count=427 395 69733 49 109 26 171 1706 36 34 175 21 426 124 42 78 39 27 142 277 40 103 25 43 12017 14749 1335 65 63 5403 571
internal_value=-2.67402e-05 -0.000980688 0.00405104 0.00206338 0.0168646 0.0030394 -0.000479489 0.0114213 0.0154639 0.0100885 0.0145009 0.00193843 0.00561798 0.0114673 0.0421053 0.00923277 -0.000874636 -0.00120644 0.00460526 0.00925373 -0.00629371 0.0208333 0.0137725 0.00171528 0.00186241 0.000820337 0.00359016 0.0107296 0.00193741 0.00234349
internal_weight=108451 73010 3135 2714 421 2665 1877 788 679 565 531 35441 356 811 114 769 343 69875 304 335 143 192 167 34630 34203 22186 7437 1398 6039 5974
internal_count=108451 73010 3135 2714 421 2665 1877 788 679 565 531 35441 356 811 114 769 343 69875 304 335 143 192 167 34630 34203 22186 7437 1398 6039 5974
is_linear=0
shrinkage=0.1


Tree=36
num_leaves=31
num_cat=0
split_feature=7 6 2 7 4 3 6 2 6 2 6 3 4 7 5 4 7 3 2 7 4 3 2 6 7 3 5 7 5 6
split_gain=16.4369 7.80356 7.28681 6.55949 8.15279 6.67229 7.21389 6.57216 9.32041 8.96617 7.65598 15.9007 13.0503 14.4591 10.6109 7.68316 7.16752 6.47119 5.88228 7.74772 5.88058 9.76095 9.1217 5.80699 9.78915 5.90007 5.78728 5.66721 5.65589 5.97163
threshold=65.435702830760746 -2.2008435584026063 0.9786230998777774 86.853257102926065 1.1876322299353339 -19.135565926925604 12.934359460037895 0.98046553735506459 28.8031533380688 0.98257777577246086 23.10101627719845 0.014013146365558728 1.2310316004387973 106.5298651076577 5.5738857864931255 1.3960839222993859 111.75431028787771 -0.026909920670626693 0.98950421977352854 69.341511265953173 0.97636841633211224 -0.00089871284380965688 0.99189099545529846 10.648557741857536 84.606920878546831 0.0045806527684160167 25.250647843988251 53.217928626861372 33.788948618226868 -5.5388920908033787
decision_type=2 10 2 2 2 8 10 2 10 2 8 10 2 2 2 2 2 8 2 2 2 8 2 10 2 10 2 2 2 10
left_child=1 17 28 4 5 6 -4 8 26 16 15 12 -12 -14 -15 -11 -9 -1 19 -6 21 -7 -23 -24 25 -25 -5 -19 29 -2
right_child=2 -3 3 7 18 20 -8 9 -10 10 11 -13 13 14 -16 -17 -18 27 -20 -21 -22 22 23 24 -26 -27 -28 -29 -30 -31
leaf_value=-0.12561974077642368 0.06651117563648512 0.03454469645375724 -0.021886034775734232 -0.14818880364715242 0.61269346645916622 -0.026149159727300031 -0.15460919122508587 0.14132196640598452 -0.30215447356552372 -0.029578387846198241 -0.022713217280969644 -0.24439328916648437 0.20605859308675109 0.16864083719177431 -0.0098025962976230133 -0.28874333840518746 -0.29081573318851284 0.040172686942326764 0.013687185280388548 0.10697404837612012 -6.0261979180964431e-05 -0.051705099940824797 0.011209943618399621 -0.074845145378911584 0.2737530377921395 -0.21133166160560535 0.12008721189736954 -0.002080132330541318 -0.19210355766243162 0.0073592390260927235
leaf_weight=52 765 12131 2301 153 22 6993 55 323 26 8571 832 133 327 47 486 172 28 3518 1436 519 44738 1660 6495 92 23 113 26 12481 20 3913
leaf_count=52 765 12131 2301 153 22 6993 55 323 26 8571 832 133 327 47 486 172 28 3518 1436 519 44738 1660 6495 92 23 113 26 12481 20 3913
internal_value=-2.67402e-05 0.00205095 -0.000756207 -0.000993767 -0.0006067 -0.000806787 -0.00602716 -0.00323625 -0.0209756 -0.0029032 -0.00342544 0.00246575 0.00508274 0.0137209 0.00356473 -0.00465515 0.0128205 0.000604324 0.00571573 0.0146026 -0.000602189 -0.00228928 1.19289e-05 0.00165105 -0.0140351 -0.0209756 -0.0128492 0.000718795 0.00306513 0.00329201
internal_weight=108451 28182 80269 75571 64447 62470 2356 11124 205 10919 10568 1825 1692 860 533 8743 351 16051 1977 541 60114 15376 8383 6723 228 205 179 15999 4698 4678
internal_count=108451 28182 80269 75571 64447 62470 2356 11124 205 10919 10568 1825 1692 860 533 8743 351 16051 1977 541 60114 15376 8383 6723 228 205 179 15999 4698 4678
is_linear=0
shrinkage=0.1


Tree=37
num_leaves=31
num_cat=0
split_feature=7 4 7 2 3 4 3 5 6 3 6 6 0 4 3 5 2 7 7 4 6 3 3 4 2 3 6 6 3 3
split_gain=13.8083 8.32859 9.99355 8.25567 8.21561 7.78984 6.78759 7.22523 6.58727 6.529 9.40668 6.28833 5.98887 5.97987 11.8218 9.65183 7.41052 7.59277 5.87043 5.84476 7.73383 6.84883 8.44226 9.17782 7.58533 7.24718 6.94247 6.65791 6.25233 6.53877
threshold=74.848993664070989 1.0266784464654948 58.682024324479023 0.9745001589265383 -5.0508125011021425 1.1382713414130932 -0.020997159359441128 11.776939693750139 4.9175365338190042 -11.666162209042566 0.16628313102410533 2.5001294186105629 0.71610491614637206 0.82284738030246019 0.018325063207153106 6.5168596225428388 0.9946966024649081 59.532509608153312 60.554147358597 0.97840052026961877 13.443236031917573 -0.016436247775690301 -0.011564422376890147 0.99964189297505135 0.99390850104137207 0.0079762099427875283 -11.219248192324718 -8.2240017554302778 -0.026909920670626693 -0.020997159359441128
decision_type=2 2 2 2 10 2 10 2 10 10 10 10 10 2 10 2 2 2 2 2 10 8 8 2 2 10 8 8 8 8
left_child=1 2 19 5 8 6 -2 -8 9 -4 -11 -7 -13 14 15 16 17 -6 -19 20 28 -21 23 -23 -24 26 -26 -28 -1 -30
right_child=3 -3 4 -5 13 11 7 -9 -10 10 -12 12 -14 -15 -16 -17 -18 18 -20 21 -22 22 24 -25 25 -27 27 -29 29 -31
leaf_value=-0.14181655436689342 0.0043561278717270113 0.022595122135573222 -0.021243998703108249 -0.0094736825803806834 -0.12583068679022277 -0.3059468362488833 0.11927458129176927 0.17922385372725388 0.12522762686583172 -0.060803278374041272 -0.18145241900606807 -0.071175462203474996 0.10052424521514283 -0.00012476413605568836 0.31246048999467108 -0.073705590645722907 -0.081171773228737726 0.52396125298542062 0.14477282703318367 0.24998209624603016 -0.19909752290099192 0.00066508210995976926 0.17987839647037945 -0.25892974520542039 0.44213196702702007 0.10566089476947199 -0.30033675378723257 -0.070324054756800078 0.29469461005337722 0.021855369528113046
leaf_weight=21 137 14832 893 41598 25 22 161 93 22 238 24 176 79 36553 28 1015 85 33 54 64 58 67 675 36 37 224 22 359 109 10711
leaf_count=21 137 14832 893 41598 25 22 161 93 22 238 24 176 79 36553 28 1015 85 33 54 64 58 67 675 36 37 224 22 359 109 10711
internal_value=-3.59609e-05 0.000865755 0.000262886 -0.00144797 -0.00052348 0.00958084 0.0186701 0.0283465 -0.00875106 -0.00978355 -0.0236641 -0.0032491 0.00117647 -0.000267245 -0.00709677 -0.00858086 0.0116751 0.0285714 0.0425287 0.00273762 0.00193596 0.00862534 0.0071831 -0.0203883 0.00933941 0.00155763 -0.0062201 -0.0102362 0.0021308 0.0022366
internal_weight=108451 66185 51353 42266 38970 668 391 254 1177 1155 262 277 255 37793 1240 1212 197 112 87 12383 10899 1484 1420 103 1317 642 418 381 10841 10820
internal_count=108451 66185 51353 42266 38970 668 391 254 1177 1155 262 277 255 37793 1240 1212 197 112 87 12383 10899 1484 1420 103 1317 642 418 381 10841 10820
is_linear=0
shrinkage=0.1


Tree=38
num_leaves=31
num_cat=0
split_feature=7 5 5 2 4 4 7 2 5 5 2 1 5 6 2 4 3 2 7 7 6 3 2 5 7 5 3 3 6 6
split_gain=11.2068 5.84364 6.32409 5.966 5.84117 5.56117 6.50435 6.40103 7.72966 8.48535 8.49552 7.73297 6.82243 9.64823 7.75127 8.54745 6.62621 8.11801 6.29239 6.15778 6.65253 6.1388 13.5299 7.21107 5.81533 5.68276 5.65756 5.6242 8.39828 6.95291
threshold=68.006636478933927 17.203875886118023 17.364957116731258 0.96797464124031962 1.0553545457638642 0.89158590596580123 51.803179996126353 0.98893637683170721 10.149531054425175 10.082656409692728 0.99594429949997798 0.37994360111207554 4.4553061376514425 24.089728006758083 0.9978750975234244 1.0507956237939806 -0.002989954468629374 0.98927352941579949 52.349559550210422 59.115777722388586 -10.548424942253552 -0.018635190809130394 0.97233847331749279 4.038400298695966 61.502169269951146 19.383363896730732 0.017546337735470267 0.0044399580565018257 -19.845561631641882 -27.593219985519834
decision_type=2 2 2 2 2 2 2 2 2 2 2 8 2 8 2 2 10 2 2 2 8 10 2 2 2 2 10 8 8 10
left_child=5 -2 4 -4 -3 6 27 21 9 12 -11 -10 14 -14 15 16 17 -9 -8 -16 -21 22 -7 -24 -17 -23 -13 29 -29 -1
right_child=1 2 3 -5 -6 7 18 8 11 10 -12 26 13 -15 19 24 -18 -19 -20 20 -22 25 23 -25 -26 -27 -28 28 -30 -31
leaf_value=-0.24475769063507116 -0.0019043827401038272 -0.20317949403621327 -0.43934127121454447 -0.017256493415589703 -0.0029088383892101888 -0.13743480885781167 -0.13211175071153819 0.67061300861367779 -0.096426983164116464 -0.03248954928802128 -0.48851524760952292 0.053503024102481339 0.0048966123821486468 -0.35845394297306615 0.09420050514783683 0.39723654208952475 0.011505073000027011 0.13326358782762002 -0.011716622906399011 -0.17960401078072935 -0.011601575727108583 -0.0003758387358516302 0.36664231114549539 0.12914255312851922 0.21642703772730842 -0.11895800409907552 0.16171474427856083 0.27842391448686854 -0.051185569055720852 0.0644967843497085
leaf_weight=40 62820 163 22 9866 139 160 195 20 84 44 39 5571 7075 47 245 22 724 284 6648 59 474 9499 61 390 425 145 282 109 816 1983
leaf_count=40 62820 163 22 9866 139 160 195 20 84 44 39 5571 7075 47 245 22 724 284 6648 59 474 9499 61 390 425 145 282 109 816 1983
internal_value=-3.41168e-05 -0.000742364 -0.00296369 -0.00252832 -0.0172185 0.0014249 -0.000602594 0.00219883 0.00348815 0.00171284 -0.0301205 0.00631632 0.00199467 0.000477394 0.00679095 0.0110508 0.00603113 0.0184211 -0.00229432 -0.00128535 -0.00731707 0.000263286 0.00998363 0.018847 0.0225951 -0.000352551 0.00674868 0.00332429 -0.00313514 0.00627781
internal_weight=108451 73010 10190 9888 302 35441 9791 25650 15395 9458 83 5937 9375 7122 2253 1475 1028 304 6843 778 533 10255 611 451 447 9644 5853 2948 925 2023
internal_count=108451 73010 10190 9888 302 35441 9791 25650 15395 9458 83 5937 9375 7122 2253 1475 1028 304 6843 778 533 10255 611 451 447 9644 5853 2948 925 2023
is_linear=0
shrinkage=0.1


Tree=39
num_leaves=31
num_cat=0
split_feature=7 4 6 7 7 6 4 3 6 5 0 4 6 4 4 5 7 6 4 3 0 3 6 6 3 2 2 3 2 2
split_gain=10.5862 6.15124 8.88778 8.59037 8.25852 10.3585 7.30267 6.59775 6.34349 5.96088 8.3235 5.46781 7.13638 8.29084 10.3284 6.28731 7.86978 6.93628 8.09777 6.4587 9.00269 6.39388 6.64166 6.43427 7.73819 6.38767 6.25285 9.30917 8.0367 6.51431
threshold=75.505098112038525 0.99292512705088176 13.443236031917573 57.507019306188646 59.744226809533309 16.26350486081482 0.93163482059400404 0.0038872410864284061 18.849065511698431 1.7138252490119363 0.63323910107241177 1.038313957234277 -14.670415820265665 1.2310316004387973 1.066038669245468 9.6958493711722067 94.040944601047173 1.3165206499975073 1.1096082594424115 -0.020997159359441128 0.9999061868571123 0.023284712312205028 14.257079218684078 2.9641467912174595 0.0055651475543047066 0.98046553735506459 0.97319444307240144 -0.011564422376890147 0.98540436761892691 922.50234725369478
decision_type=2 2 10 2 2 10 2 8 10 2 8 2 8 2 2 2 2 8 2 10 8 10 10 10 10 2 2 10 2 2
left_child=1 2 3 6 5 -3 -1 -5 -4 10 -9 -2 13 14 -13 -14 17 -17 26 -18 -21 22 23 -22 -25 -24 -19 28 -28 -30
right_child=11 4 8 7 -6 -7 -8 9 -10 -11 -12 12 15 -15 -16 16 19 18 -20 20 21 -23 25 24 -26 -27 27 -29 29 -31
leaf_value=0.0046491855584996243 -0.028395629162221072 0.072243974650247372 -0.14985150598175495 -0.010012608646941602 0.0059813303497492148 0.58275679904643496 0.069190106057614997 -0.025944679336034684 0.052705313095866305 0.010243314992805353 0.17555391586430957 -0.1942787506206699 -0.0097538544095098004 -0.54465767912341578 0.028556145180249362 0.039203529321875409 0.10665938499024215 0.325963814841494 0.019718605300215589 -0.37394737383256005 -0.0067378129034544546 0.17674616335406981 -0.094620114505103464 -0.09514386240792555 0.037223988263162512 0.01847590001534485 -0.16814002317590707 -0.013063933589471688 0.027995968127327943 -0.11415476035197827
leaf_weight=6861 7921 1745 354 17473 29314 20 3333 589 106 9297 82 235 15628 68 347 2881 76 26 4307 29 981 41 95 970 311 1909 218 3004 178 52
leaf_count=6861 7921 1745 354 17473 29314 20 3333 589 106 9297 82 235 15628 68 347 2881 76 26 4307 29 981 41 95 970 311 1909 218 3004 178 52
internal_value=1.01428e-05 0.000754619 -9.71256e-05 7.17417e-05 0.00179864 0.00844193 0.00255052 -0.000849094 -0.013913 0.00120385 -0.00789866 -0.00130102 -0.000707998 -0.0110769 -0.00721649 -0.000488504 0.000968298 0.00243765 0.00088632 -0.00258386 -0.00309041 -0.00271651 -0.00309423 -0.00680813 -0.0114754 0.0010978 -0.0027027 -0.00307068 -0.0165179 -0.00347826
internal_weight=108451 69174 38095 37635 31079 1765 10194 27441 460 9968 671 39277 31356 650 582 30706 15078 10666 7785 4412 4336 4307 4266 2262 1281 2004 3478 3452 448 230
internal_count=108451 69174 38095 37635 31079 1765 10194 27441 460 9968 671 39277 31356 650 582 30706 15078 10666 7785 4412 4336 4307 4266 2262 1281 2004 3478 3452 448 230
is_linear=0
shrinkage=0.1


Tree=40
num_leaves=31
num_cat=0
split_feature=7 4 3 5 2 6 7 5 2 4 4 2 4 5 6 7 2 5 5 6 6 6 2 5 7 4 4 3 7 3
split_gain=9.75743 7.01976 7.23836 6.8166 5.79443 10.0596 5.5949 7.06526 7.15136 6.34977 6.28435 8.86645 5.52481 9.13653 12.0639 6.53871 6.2568 9.02448 6.21891 6.64368 9.10548 6.21246 6.00364 5.66204 8.26081 8.95479 5.88 5.20871 6.78718 5.73003
threshold=78.575749367157201 1.0722215432848337 -11.666162209042566 0.87061571174758978 942.82893014795116 5.8545747671155377 60.554147358597 21.362887497664612 0.99711416581925572 1.0102151955142367 0.83939156150502747 0.97648314305863659 1.0774285251762989 5.2196074956536096 3.1530249748165748 78.716247424764404 0.99916584955507015 27.31106298215801 5.1069874367874801 -14.670415820265665 -21.589003273598639 7.9929632091146567 0.97971620759788969 33.788948618226868 98.095119699340032 1.3960839222993859 1.0985321377839361 -14.041692447375963 96.905278184125436 0.0091338856964355303
decision_type=2 2 10 2 2 10 2 2 2 2 2 2 2 2 10 2 2 2 2 10 8 10 2 2 2 2 2 8 2 10
left_child=1 6 -3 -2 -4 -6 7 9 -9 -1 11 -8 13 18 16 -14 -15 -18 19 20 -5 -16 -23 27 26 -26 -25 -17 29 -29
right_child=3 2 4 12 5 -7 10 8 -10 -11 -12 -13 15 14 21 23 17 -19 -20 -21 -22 22 -24 24 25 -27 -28 28 -30 -31
leaf_value=0.012426887824302924 0.089492034136345572 -0.051409947264978231 0.027482637746695817 0.054723667145242419 -0.042729544327183788 -0.12420786444364823 0.31347126330546832 -0.24886296914704398 0.19203996668953138 0.086186834416627889 -0.00058738732098646558 -0.054110257293470458 -0.067254306117373736 -0.025784705493026295 -0.11162382838127841 -0.025384268537025179 0.056039812865779484 0.23337696221612916 0.30757592481972473 0.06912309500798984 -0.46106449409777106 0.10764086885607008 -0.060901188538635513 -0.15112324303796998 0.023130694059733517 -0.31952140321505668 -0.97373401411812111 0.013038344650325939 -0.023805737423245432 -0.0102053627849088
leaf_weight=14625 156 488 10384 22 141 24 25 122 43 1436 51643 1345 224 3952 985 1426 454 48 24 464 26 78 1650 20 152 47 30 9882 4447 4088
leaf_count=14625 156 488 10384 22 141 24 25 122 43 1436 51643 1345 224 3952 985 1426 454 48 24 464 26 78 1650 20 152 47 30 9882 4447 4088
internal_value=-1.38311e-05 0.000548109 0.00289028 -0.00161491 0.00344108 -0.0151515 0.000174757 0.00179958 -0.0187879 0.00201108 -0.000322562 -0.0070073 -0.00173097 -0.00401142 -0.00495326 -0.000866312 -0.00175123 0.00876494 0.00858209 0.00625 -0.0291667 -0.0102101 -0.00659722 -0.000676886 -0.0156627 -0.00653266 -0.052 -0.000488837 -3.80084e-05 0.0010451
internal_weight=108451 80276 11037 28175 10549 165 69239 16226 165 16061 53013 1370 28019 7703 7167 20316 4454 502 536 512 48 2713 1728 20092 249 199 50 19843 18417 13970
internal_count=108451 80276 11037 28175 10549 165 69239 16226 165 16061 53013 1370 28019 7703 7167 20316 4454 502 536 512 48 2713 1728 20092 249 199 50 19843 18417 13970
is_linear=0
shrinkage=0.1


Tree=41
num_leaves=31
num_cat=0
split_feature=7 6 6 5 4 4 2 6 4 5 3 7 4 2 5 6 5 2 7 6 4 5 5 4 6 3 2 2 6 7
split_gain=8.15175 8.40215 16.1248 9.64802 6.13298 6.01851 9.37184 9.63376 6.15909 5.91446 6.82435 5.5102 5.62492 5.47552 5.35677 5.57602 4.90059 4.63231 4.63546 4.90872 4.5352 4.50823 5.70175 5.84151 5.30348 4.29682 5.07722 4.10256 4.06614 6.83286
threshold=81.670269842468187 -14.670415820265665 -13.985213561054399 3.570212145556956 1.2310316004387973 1.1128878034988261 933.27551037612864 -0.33547195988924722 1.0004612452282176 4.5140383598346343 -0.95417408268757231 71.824407636572218 0.99469920675231227 0.99531667295825621 4.5140383598346343 -2.6577759418457272 2.3639739495367089 0.9940790336807469 94.040944601047173 -25.524752462656121 1.0599605109153618 8.4917630457128812 10.800780469481408 1.0842223812484029 2.0689101525680091 9.1491080409269347 940.51224872274986 0.99338416002742125 -3.0632727922928207 77.521284718571238
decision_type=2 8 10 2 2 2 2 10 2 2 10 2 2 2 2 10 2 2 2 10 2 2 2 2 10 10 2 2 10 2
left_child=5 3 -3 -2 13 6 -1 8 11 -9 -11 12 16 17 15 -10 -8 18 -5 -20 -16 24 23 -23 -12 -26 -27 -6 -22 -30
right_child=1 2 -4 4 27 -7 7 9 14 10 21 -13 -14 -15 20 -17 -18 -19 19 -21 28 22 -24 -25 25 26 -28 -29 29 -31
leaf_value=0.001456277668122752 -0.38150189709002619 0.23459203719233701 -0.0092517760039822153 -0.078262064436864523 -0.64678702870847404 0.024015885824587004 -0.23621286281712736 -0.0066207379427488892 0.028202849726958593 0.020608743428849153 -0.072358789563089942 -0.14990557007597829 0.12220365233613109 0.024153128633106747 0.016209994855024234 0.13278340575787695 -0.045624702343112139 -0.20597324975180059 0.24212728706548675 -0.062995758610319544 -0.0088895629136679592 -0.055112321095637642 -0.084314297218766404 0.092083555773935899 -0.20157798267424704 -0.072529634504107682 -0.16722463427372816 -0.42486972421431024 -0.16171179920278966 -0.017170968286056621
leaf_weight=78896 23 86 18702 598 26 7057 20 282 214 107 160 27 23 364 463 87 294 97 34 93 199 83 107 44 40 66 93 39 48 79
leaf_count=78896 23 86 18702 598 26 7057 20 282 214 107 160 27 23 364 463 87 294 97 34 93 199 83 107 44 40 66 93 39 48 79
internal_value=-5.44024e-05 -0.00187419 -0.00134128 -0.00973312 -0.00855316 0.000358642 0.000115576 -0.00599343 -0.000825309 -0.0136456 -0.0185714 -0.0120879 -0.00860534 -0.006914 0.00293578 0.0142857 -0.0121019 -0.0114355 -0.00868966 0.00866142 -0.00139417 -0.0227656 -0.0119658 0.0023622 -0.029805 -0.0407035 -0.0333333 -0.0384615 -0.0104294 -0.0244094
internal_weight=108451 20062 18788 1274 1251 88389 81332 2436 1454 982 700 364 337 1186 1090 301 314 822 725 127 789 593 234 127 359 199 159 65 326 127
internal_count=108451 20062 18788 1274 1251 88389 81332 2436 1454 982 700 364 337 1186 1090 301 314 822 725 127 789 593 234 127 359 199 159 65 326 127
is_linear=0
shrinkage=0.1


Tree=42
num_leaves=31
num_cat=0
split_feature=7 4 5 6 5 6 4 2 6 6 4 6 7 3 3 6 4 2 6 4 4 6 2 5 7 7 5 7 2 5
split_gain=7.59972 6.2511 8.34862 11.3614 6.38253 6.91892 11.614 6.08161 7.15921 5.99635 5.8354 5.61215 5.85011 6.0393 8.09799 13.887 7.75088 5.51112 5.7639 6.01192 5.41897 5.5527 8.32094 7.44288 8.60167 7.804 7.28636 9.31034 7.50946 7.46549
threshold=78.575749367157201 1.0774285251762989 5.2196074956536096 3.1530249748165748 5.1069874367874801 -14.670415820265665 0.94333384322286984 933.27551037612864 0.89942923715322121 7.9929632091146567 1.0576628701022501 -9.168834250666654 62.760904769172164 0.0041596236286692298 -1.0000000180025095e-35 -3.1678578076497099 1.0774285251762989 0.99871202405221615 0.24291043743657073 1.071000354295681 1.2945314488736328 7.6841781344120195 0.9701023841013906 19.107348163118001 71.580589967407903 76.203064619979571 15.143810471987662 65.278367268847447 0.99871202405221615 17.739482229186574
decision_type=2 2 2 10 2 10 2 2 10 10 2 10 2 10 10 10 2 2 10 2 2 10 2 2 2 2 2 2 2 2
left_child=7 2 4 -4 5 6 -2 10 -9 -5 -1 -12 13 14 15 -13 -16 -15 -19 -20 21 26 -23 24 -24 -25 -14 28 -28 -29
right_child=1 -3 3 9 -6 -7 -8 8 -10 -11 11 12 20 17 16 -17 -18 18 19 -21 -22 22 23 25 -26 -27 27 29 -30 -31
leaf_value=0.00062171584419914441 0.049105672663905864 -0.0027224947327599835 -0.012314256574822836 -0.099536267942752235 0.27720810725454542 0.061579205340346735 -0.35010006918462722 -0.0049094449434655026 -0.062722865885802295 -0.045910168012403579 -0.069709612090824186 -0.23293939056983926 0.028642294277286595 0.28146764137908636 -0.18693133603637976 0.17274015270927523 0.2253606971157204 0.23842419374877652 0.22041799169405962 -0.24221147141153027 0.13230532940200349 0.15207367692749296 0.019703974190054652 -0.029596803722775178 -0.047584651866421274 0.27106065507355054 -0.1069441935817011 -0.060094118761222504 -0.27519718422952055 0.103196961155259
leaf_weight=64369 20 20450 4454 985 24 483 31 1473 564 1728 469 62 6708 187 135 417 36 27 31 30 83 72 2826 63 2155 62 107 194 23 183
leaf_count=64369 20 20450 4454 985 24 483 31 1473 564 1728 469 62 6708 187 135 417 36 27 31 30 83 72 2826 63 2155 62 107 194 23 183
internal_value=-5.99349e-05 -0.00147294 -0.00389644 -0.00481373 0.0078853 0.00561798 -0.0294118 0.000435996 -0.00495827 -0.00991522 0.000576439 0.00243691 0.00281322 0.0104865 0.00523077 0.0118998 -0.0134503 0.0229091 0.00227273 -0.0147541 0.00224431 0.00207375 -0.000424874 -0.000900901 -0.00150572 0.0232 0.00386694 -0.00769231 -0.0307692 0.000265252
internal_weight=108451 28175 7725 7167 558 534 51 80276 2037 2713 78239 13870 13401 925 650 479 171 275 88 61 12476 12393 5178 5106 4981 125 7215 507 130 377
internal_count=108451 28175 7725 7167 558 534 51 80276 2037 2713 78239 13870 13401 925 650 479 171 275 88 61 12476 12393 5178 5106 4981 125 7215 507 130 377
is_linear=0
shrinkage=0.1


Tree=43
num_leaves=31
num_cat=0
split_feature=7 5 3 5 5 3 2 7 6 6 7 4 6 5 4 2 3 3 6 3 2 5 5 7 4 4 2 5 6 2
split_gain=6.45175 6.18785 5.85664 5.84763 6.145 9.83343 8.46298 8.25143 6.50027 7.23258 5.89481 10.791 9.22348 5.70787 5.5678 6.28721 8.38439 6.1165 10.3209 11.0882 9.86967 9.07891 11.9651 7.4337 7.49192 6.63757 6.09908 5.91332 5.78596 5.7603
threshold=76.767581357180148 0.87061571174758978 -16.562702751383195 1.4518110485915854 0.87061571174758978 0.83342921093879607 52.751508918352606 74.58312512668364 -8.5842391424897269 -1.1553926038827738 70.715040979276566 0.87201244759710328 -13.050961154825698 1.3554514743023696 1.0722215432848337 0.97319444307240144 -0.023019032049978013 -0.003336793193856213 -2.6577759418457272 -0.0023758993141567149 0.99141924651869673 16.370648510313451 12.652599688296741 77.642311936525545 1.054190066801767 0.8864220805773072 0.99218458979110302 33.788948618226868 10.440422005533039 0.98114294778724898
decision_type=2 2 8 2 2 10 2 2 10 10 2 2 10 2 2 2 10 10 10 10 2 2 2 2 2 2 2 2 10 2
left_child=3 -2 13 4 5 -1 10 -7 -8 -10 11 -6 -13 -3 15 16 -4 20 29 -20 25 22 26 -23 -25 -17 -22 -27 -28 -19
right_child=1 2 14 -5 6 7 8 -9 9 -11 -12 12 -14 -15 -16 17 -18 18 19 -21 21 23 -24 24 -26 27 28 -29 -30 -31
leaf_value=0.013177272448778511 0.083812459090910715 -0.10264639787985815 -0.078931626214519574 0.0034514305406148083 -0.22383277613750821 -0.066715106949765263 -0.08645400257168348 0.032914664895047706 0.090141034996181091 0.0041274156143799702 -0.029120706039128665 0.47374886674361394 0.0057612860900839282 -0.0256701679294455 -0.0006848955051019346 -0.14555570855772046 0.32720293329491529 -0.13132520277795054 0.080752519878548423 -0.033853836109075532 -0.40285772493174826 -0.45159375346621716 0.11914753804111521 -0.12109691011208526 -0.20347905939225017 -0.010065131090494717 -0.06233931777356716 -0.32025438690213837 0.047399220257337053 0.030053916790756221
leaf_weight=1036 218 23 38 71351 56 50 25 20 68 111 1096 20 465 1666 21750 74 33 20 237 3764 78 23 182 261 59 2462 469 35 71 2690
leaf_count=1036 218 23 38 71351 56 50 25 20 68 111 1096 20 465 1666 21750 74 33 20 237 3764 78 23 182 261 59 2462 469 35 71 2690
internal_value=-5.99349e-05 -0.00119755 -0.00130544 0.000463 -0.00390227 0.00198915 -0.00744161 -0.0342857 0.0117647 0.0184358 -0.00983506 -0.0012939 0.00350515 -0.00704559 -0.00100478 -0.00289634 0.0267606 -0.00309832 -0.00129638 -0.00452387 -0.00635433 -0.0140857 -0.00825 -0.0276968 -0.02375 -0.00291715 -0.0148867 -0.00204245 -0.0111111 0.00346863
internal_weight=108451 34153 33935 74298 2947 1106 1841 70 204 179 1637 541 485 1689 32246 10496 71 10425 6711 4001 3714 1143 800 343 320 2571 618 2497 540 2710
internal_count=108451 34153 33935 74298 2947 1106 1841 70 204 179 1637 541 485 1689 32246 10496 71 10425 6711 4001 3714 1143 800 343 320 2571 618 2497 540 2710
is_linear=0
shrinkage=0.1


Tree=44
num_leaves=31
num_cat=0
split_feature=2 7 3 7 6 4 5 5 4 0 5 7 7 7 3 6 6 4 2 3 2 3 3 6 3 2 2 7 4 5
split_gain=5.73479 5.95842 9.83281 11.2912 7.14068 9.55833 5.898 5.5282 5.15004 9.29084 7.03792 6.37954 5.09854 5.05328 9.51362 4.94549 7.62025 4.9027 10.6882 9.23118 7.45948 7.53448 7.23957 7.11036 7.39607 6.97955 4.75254 7.68192 9.58427 12.638
threshold=916.85219208916658 84.888843538114699 0.023284712312205028 86.853257102926065 -15.47535807489445 1.2310316004387973 8.2606521785307887 12.098517807345731 1.1616395317071759 0.95262556047933999 20.611176021334298 80.406908079182031 70.616341990920048 91.181808649484694 -2.6610096921661461 -13.985213561054399 -14.670415820265665 1.2488356372348286 0.98157697033825753 0.010004936644487263 0.98238157794579017 -0.026909920670626693 -0.020997159359441128 5.9835020512750825 0.00092080407794542529 0.99023820297783749 0.98091845051279536 99.527695023568739 1.0599605109153618 11.709453860332962
decision_type=2 2 8 2 10 2 2 2 2 10 2 2 2 2 8 10 10 2 2 10 2 10 10 10 10 2 2 2 2 2
left_child=1 8 4 -4 5 6 -3 -5 -1 10 12 -12 -10 -2 -15 16 -6 20 22 23 21 -17 -19 24 -20 -21 27 28 29 -23
right_child=13 2 3 7 15 -7 -8 -9 9 -11 11 -13 -14 14 -16 17 -18 18 19 25 -22 26 -24 -25 -26 -27 -28 -29 -30 -31
leaf_value=0.001568978731787496 -0.0091717474822253561 -0.23969127510536198 0.34137620574892691 -0.055612632697043557 -0.025037621640979779 -0.48574052257535172 -0.042936239133253201 0.18074580116063146 0.092532121985671983 0.4406204756965828 0.020880091192837825 0.55720928636706479 0.0063949080918469297 0.091693892024279938 -0.25171339222190031 -0.21024049329114336 0.21337077223963519 0.060940777456029598 -0.23309109585849941 0.13060555060971879 -0.023395868650617758 0.2449851517529229 -0.1872234941990133 0.068483743234656211 0.066529888985922631 -0.14775483341530168 0.11316345856143749 -0.072663068342436077 0.16181006263555986 -0.18717219644032285
leaf_weight=83722 8327 89 42 78 69 51 718 65 863 27 21 22 1997 20 53 31 58 41 107 23 9439 48 144 1367 58 212 238 146 289 86
leaf_count=83722 8327 89 42 78 69 51 718 65 863 27 21 22 1997 20 53 31 58 41 107 23 9439 48 144 1367 58 212 238 146 289 86
internal_value=-6.17791e-05 0.000148924 -0.00181357 0.0210811 -0.0021341 -0.0109557 -0.00830235 0.00769231 0.000452384 0.00457338 0.00403031 0.044186 0.00342657 -0.00257143 -0.0287671 -0.00152153 0.0181102 -0.00172541 0.00286885 0.00526316 -0.00259803 0.00644391 -0.02 0.00809399 -0.0115152 -0.0131915 0.00830235 0.00333919 0.0101655 -0.0119403
internal_weight=108451 100051 13399 185 13214 858 807 143 86652 2930 2903 43 2860 8400 73 12356 127 12229 1952 1767 10277 838 185 1532 165 235 807 569 423 134
internal_count=108451 100051 13399 185 13214 858 807 143 86652 2930 2903 43 2860 8400 73 12356 127 12229 1952 1767 10277 838 185 1532 165 235 807 569 423 134
is_linear=0
shrinkage=0.1


Tree=45
num_leaves=31
num_cat=0
split_feature=7 4 2 2 4 2 4 5 6 6 4 2 6 1 2 2 2 2 3 5 7 6 2 4 2 4 7 1 7 1
split_gain=4.79696 5.50227 5.49154 7.51917 9.11423 6.89443 6.65439 5.31432 9.90717 6.1017 6.95008 5.80033 8.7444 8.72146 5.57716 7.2404 7.18964 6.78014 5.48705 5.33907 7.79714 7.46843 10.7649 5.81316 7.46065 6.30715 5.15333 5.11459 6.48698 5.57379
threshold=69.341511265953173 0.97636841633211224 0.97648314305863659 0.98624923950380872 0.8966578803173566 0.98257777577246086 0.96500991197413033 33.788948618226868 -7.5735782321319354 -2.1040399348389722 1.2605127277502228 0.98381141936748118 -2.2008435584026063 0.39973983341065195 0.9901298596242607 0.98753910753300134 0.99531667295825621 0.98431591066680513 16.553478691482557 25.250647843988251 96.905278184125436 3.4463102239645029 0.99860266321838864 1.0068919313705813 0.99594429949997798 1.1468639058542009 74.931844509628988 0.38673565567041507 73.529705315934748 0.087082146918974118
decision_type=2 2 2 2 2 2 2 2 10 10 2 2 10 10 2 2 2 2 10 2 2 10 2 2 2 2 2 10 2 10
left_child=-1 2 6 4 5 -4 -2 9 -9 11 19 27 13 -13 15 17 -16 -10 -12 20 -11 22 23 -21 25 -25 -23 28 29 -3
right_child=1 7 3 -5 -6 -7 -8 8 14 10 18 12 -14 -15 16 -17 -18 -19 -20 21 -22 26 -24 24 -26 -27 -28 -29 -30 -31
leaf_value=0.0057491304721395409 0.18149892146354532 0.23150395660110698 -0.039993993097469628 -0.0091445822929621563 -0.042908875979473043 -0.19659324744213649 -0.13704258234216057 -0.3242798801733493 -0.19765262798198471 -0.0029570502999327177 0.038978783905952247 0.0034696706285771485 0.058395965564861291 0.27485374874611068 0.13605188675141733 -0.27881466009093997 -0.11605276320223652 0.2053654067037087 -0.20481419037310147 -0.17152012200628911 -0.042627653548665739 -0.16801695215657234 0.30600752704305595 0.35517803914914481 -0.16277719218633671 -0.061375338645754597 0.030804459177603861 -0.080087666630538484 0.021698947829638729 0.082393973135858556
leaf_weight=39711 101 154 74 8571 1046 128 43 73 34 39642 1881 12012 186 22 81 35 112 21 29 30 2399 27 37 59 30 25 684 41 808 355
leaf_count=39711 101 154 74 8571 1046 128 43 73 34 39642 1881 12012 186 22 81 35 112 21 29 30 2399 27 37 59 30 25 684 41 808 355
internal_value=-4.14934e-05 -0.000546989 -0.00272006 -0.00300438 -0.0102564 -0.029703 0.0166667 -0.000178641 -0.0123596 -0.000104415 -0.000666771 0.00175284 0.00106383 0.000731261 -0.00388693 -0.0244444 0.00569948 -0.00181818 0.0052356 -0.000929355 -0.00109179 0.00672646 0.0248619 0.0125 0.022807 0.0380952 0.0021097 0.00795287 0.00903569 0.0178782
internal_weight=108451 68740 9963 9819 1248 202 144 58777 356 58421 44843 13578 12220 12034 283 90 193 55 1910 42933 42041 892 181 144 114 84 711 1358 1317 509
internal_count=108451 68740 9963 9819 1248 202 144 58777 356 58421 44843 13578 12220 12034 283 90 193 55 1910 42933 42041 892 181 144 114 84 711 1358 1317 509
is_linear=0
shrinkage=0.1


Tree=46
num_leaves=31
num_cat=1
split_feature=7 3 5 2 4 5 3 2 7 2 3 7 6 6 10 3 6 5 5 3 3 2 2 5 5 6 2 6 3 7
split_gain=4.61735 6.00147 4.69444 4.92196 4.6517 6.96307 6.29697 6.77404 7.60076 6.52136 5.82608 4.28655 8.30874 6.075 4.12067 4.01088 8.77144 8.65936 3.87546 3.82281 7.44988 5.74601 7.19172 8.16525 6.97954 7.68805 6.5688 4.37255 4.28184 6.5314
threshold=58.682024324479023 0.02605880221383822 10.53291759592692 0.99905061852038324 0.82284738030246019 9.1516878420269787 0.018325063207153106 0.99329408279534404 69.703536937991444 0.99255769027361618 -0.0010148873830542746 68.006636478933927 -24.017390884764001 -17.333756694079355 0 -35.381535923441724 14.566033818085325 15.143810471987662 18.184365438041748 -0.026909920670626693 -0.020997159359441128 0.98178156959123897 0.98046553735506459 3.0502861914243606 7.0393841562187101 -1.3161291008664688 0.98021330883113611 2.0689101525680091 -0.016436247775690301 56.506460254181555
decision_type=2 10 2 2 2 2 10 2 2 2 10 2 10 10 1 8 10 2 2 8 8 2 2 2 2 8 2 10 8 2
left_child=1 19 3 -3 5 14 7 9 10 11 -9 -7 18 -14 -2 16 17 -6 -13 -1 -21 22 26 -24 25 -25 27 -22 29 -23
right_child=4 2 -4 -5 15 6 -8 8 -10 -11 -12 12 13 -15 -16 -17 -18 -19 -20 20 21 28 23 24 -26 -27 -28 -29 -30 -31
leaf_value=-0.10021470485523594 0.04828022143927875 0.74606830892427212 0.3585140502376003 -0.04844359765060844 -0.02651823028483449 -0.0063962320567604539 0.28047506207465744 -0.42606256647199675 0.15048708002847777 0.28808470408882342 -0.11813916907430128 -0.10552471690944927 0.15125837773830533 -0.14820516645268356 -0.31088220877043543 -0.00065586111919557766 -0.20329670612940021 0.19412489741626651 -0.34616487518252725 0.25578310994910186 -0.035788392653240922 -0.30064932799817118 -0.28147435695355372 -0.028701781997693843 -0.21660225280216139 0.56290810129934243 0.30817038048473866 0.25133709397285919 0.024863584786335838 0.15537105055734132
leaf_weight=23 340 27 24 21 801 293 21 57 73 35 261 28 32 48 29 93973 33 20 24 129 621 49 24 65 177 21 37 88 11054 23
leaf_count=23 340 27 24 21 801 293 21 57 73 35 261 28 32 48 29 93973 33 20 24 129 621 49 24 65 177 21 37 88 11054 23
internal_value=-4.887e-05 0.00176855 0.0305556 0.0125 -0.000283133 -0.00636583 -0.0112385 -0.0125734 -0.0222506 -0.00434783 -0.0289308 -0.00776471 -0.0227273 -0.0025 0.00514905 -0.000203529 -0.00702576 -0.00499391 -0.0538462 0.00160019 0.00167643 0.00142281 -0.00571152 -0.0191638 -0.0140684 0.00930233 -0.000536193 -0.00267983 0.00208521 -0.0222222
internal_weight=108451 12383 72 48 96068 1241 872 851 391 460 318 425 132 80 369 94827 854 821 52 12311 12288 12159 1033 287 263 86 746 709 11126 72
internal_count=108451 12383 72 48 96068 1241 872 851 391 460 318 425 132 80 369 94827 854 821 52 12311 12288 12159 1033 287 263 86 746 709 11126 72
cat_boundaries=0 1
cat_threshold=2
is_linear=0
shrinkage=0.1


Tree=47
num_leaves=31
num_cat=0
split_feature=2 3 5 4 2 7 4 5 3 6 7 3 5 7 5 6 5 4 5 6 6 3 3 4 6 7 2 2 0 3
split_gain=4.25194 4.80205 5.58273 4.16346 4.2256 3.96857 7.58806 11.3405 8.4534 6.50661 6.15416 7.62286 7.19896 6.00198 7.96962 5.88939 9.63123 8.20862 6.72087 6.09495 12.9085 6.58181 6.8396 5.25622 4.97185 22.7536 7.41747 4.87974 6.37614 10.7261
threshold=918.38431485463491 43.773184597577036 12.098517807345731 0.9830376031684519 938.36400514796389 104.68157395814647 1.191737494738393 30.656820796899272 7.0698745406127168 21.373751770950872 84.338750469730584 0.023284712312205028 26.182343848744129 86.853257102926065 12.177094530260765 19.362493459897077 10.466208191356762 1.2605127277502228 6.1045719055256109 -10.548424942253552 -1.1553926038827738 0.0052881596338700274 -0.010829725562073398 1.2394239728008276 17.049588133458283 100.68858438733484 0.99237539325169699 0.98859251641773371 0.82423839447744296 -0.00055212050973985061
decision_type=2 10 2 2 2 2 2 2 10 10 2 10 2 2 2 10 2 2 2 8 8 10 10 2 10 2 2 2 10 10
left_child=5 -2 3 -3 -5 6 10 8 9 15 -1 12 -12 -13 -15 19 18 -18 -17 -8 21 22 -21 -20 -14 26 -26 28 -22 -30
right_child=1 2 -4 4 -6 -7 7 -9 -10 -11 11 13 24 14 -16 16 17 -19 23 20 27 -23 -24 -25 25 -27 -28 -29 29 -31
leaf_value=0.0018374958578476709 -0.010683071923303089 -0.12355282185404236 -0.16860260635651445 0.10083360208621386 0.026627820962443139 -0.025356262212574879 -0.37219160733520912 -0.84535762119504909 0.16450098357064605 0.090911502032893318 -0.024555529502759299 0.26458324350362189 0.040934811927152738 -0.18730859361900087 0.16699957251135375 -0.034927416117356815 -0.040980495818517683 0.18455737821343804 -0.21816204820795093 0.10568892518336029 0.095529320574904375 -0.15671035066533251 0.28877454893935733 -0.154211368217959 -0.031824116388776247 0.21665335156594523 -0.2522748102176024 0.0020961466405310602 -0.21735641755931426 0.17904216599478318
leaf_weight=84882 7586 25 30 82 277 2110 47 34 32 920 8504 56 802 31 41 74 80 36 46 22 588 25 50 40 53 53 57 1785 39 44
leaf_count=84882 7586 25 30 82 277 2110 47 34 32 920 8504 56 802 31 41 74 80 36 46 22 588 25 50 40 53 53 57 1785 39 44
internal_value=-5.62466e-05 -0.002275 0.00821256 0.0114583 0.0142061 0.000120457 0.000212526 0.00455722 0.00506792 0.00463646 3.49284e-05 -0.00236532 -0.002693 0.021875 0.00277778 0.00229485 -0.0115942 0.0103448 -0.0275 0.00376923 0.00442617 0.0402062 0.0555556 -0.0465116 0.00549223 -0.0104294 -0.0363636 0.00301303 0.0102832 -0.0156627
internal_weight=108451 8000 414 384 359 100451 98341 3862 3828 3796 94479 9597 9469 128 72 2876 276 116 160 2600 2553 97 72 86 965 163 110 2456 671 83
internal_count=108451 8000 414 384 359 100451 98341 3862 3828 3796 94479 9597 9469 128 72 2876 276 116 160 2600 2553 97 72 86 965 163 110 2456 671 83
is_linear=0
shrinkage=0.1


Tree=48
num_leaves=31
num_cat=0
split_feature=4 3 2 7 3 2 2 5 6 6 7 6 2 5 7 5 3 3 2 5 0 4 6 4 5 7 6 5 4 3
split_gain=3.88054 5.77309 4.6733 4.65649 4.53664 7.6096 5.31631 6.00979 5.82212 6.29415 4.93791 4.53859 5.97949 4.50936 10.0513 5.07269 5.20911 4.23532 3.76281 3.89118 3.76179 3.69993 5.74297 9.49804 6.66845 7.36851 8.9306 6.89083 10.8537 6.80915
threshold=0.73374109826575074 0.013661712744368672 0.99939605695575862 58.682024324479023 -0.018635190809130394 0.98178156959123897 0.98046553735506459 3.9730749909319543 -16.338604353718434 0.8170367196457492 51.803179996126353 0.57601699820254748 0.97763607664348751 15.806933632041547 53.217928626861372 14.341500162864014 -0.009737203037828877 0.00079164492838801348 0.97648314305863659 9.0364199462712858 0.6321620489850891 0.99292512705088176 -15.47535807489445 1.2310316004387973 10.336747606453509 59.744226809533309 -7.4218182864979658 10.873911817362062 1.1468639058542009 0.011234204110778858
decision_type=2 10 2 2 10 2 2 2 10 10 2 10 2 2 2 2 10 10 2 2 10 2 8 2 2 2 8 2 2 10
left_child=1 2 13 4 11 6 10 -8 -9 -10 18 -2 -13 15 -15 16 -1 -12 -6 -20 -7 -5 23 -23 -24 26 -26 28 29 -27
right_child=3 -3 -4 21 5 20 7 8 9 -11 17 12 -14 14 -16 -17 -18 -19 19 -21 -22 22 24 -25 25 27 -28 -29 -30 -31
leaf_value=-0.18623566783243251 0.056489822034613016 0.23852804656209017 -0.17041339365090061 -0.0066187255119892546 0.075465172407459147 0.024625927362189517 -0.2075573413130897 0.19005684018676838 -0.22806298380311532 0.15143423225583633 -0.072314222887261789 0.22639662231707441 0.44737990768874991 0.44351017672417259 -0.18775816997936162 -0.34636094174236942 -0.032567004792369403 0.24259257345969304 0.28114552469857446 -0.19387550843925397 0.16679172500536979 -0.032026573911563362 -0.0020899343610167875 -0.40213726996730448 -0.24090625472956972 0.051452310980487331 0.26983995557877949 0.0054665921973416692 0.1164404650756211 -0.050370340110689686
leaf_weight=52 318 23 48 29826 25 10721 31 30 135 47 458 38 28 39 39 24 202 57 34 30 65 1144 40684 67 41 1290 276 21965 417 297
leaf_count=52 318 23 48 29826 25 10721 31 30 135 47 458 38 28 39 39 24 202 57 34 30 65 1144 40684 67 41 1290 276 21965 417 297
internal_value=-8.75972e-05 -0.00960187 -0.0123762 -4.99889e-05 0.00180578 0.00145276 -0.00767414 -0.0201646 -0.0141509 -0.0208791 -0.00264901 0.0125 0.0363636 -0.00842697 0.0128205 -0.0143885 -0.0102362 -0.00640777 0.0191011 0.00625 0.00216948 -0.000282271 0.00013448 -0.00668869 0.000261659 0.00157292 0.0167192 0.00137261 0.00698603 0.00321361
internal_weight=108451 427 404 108024 12017 11633 847 243 212 182 604 384 66 356 78 278 254 515 89 64 10786 96007 66181 1211 64970 24286 317 23969 2004 1587
internal_count=108451 427 404 108024 12017 11633 847 243 212 182 604 384 66 356 78 278 254 515 89 64 10786 96007 66181 1211 64970 24286 317 23969 2004 1587
is_linear=0
shrinkage=0.1


Tree=49
num_leaves=31
num_cat=0
split_feature=3 6 5 7 6 5 6 4 4 5 5 7 4 7 6 6 6 1 7 2 4 7 2 4 2 2 0 6 4 5
split_gain=4.13922 8.77144 6.19969 3.82215 7.03424 10.0293 9.74501 5.41791 5.47647 4.34209 8.4414 9.01523 6.5898 5.53418 6.62396 8.4002 6.07173 5.51341 5.30324 4.30896 4.29854 7.04079 5.21641 4.84089 5.67243 7.01539 5.9727 5.18714 4.2683 4.14638
threshold=-35.381535923441724 14.566033818085325 15.143810471987662 81.670269842468187 -14.670415820265665 3.570212145556956 -14.334548998202555 1.205921381922934 1.1797936002825262 1.4518110485915854 0.87061571174758978 80.090552465057115 0.87201244759710328 70.181419027585761 14.257079218684078 3.6440468999311055 -13.050961154825698 0.3350748076679308 74.757587040202324 52.751508918352606 0.8966578803173566 51.803179996126353 0.97319444307240144 0.97039508782412109 0.98927352941579949 0.98329463036333609 0.67269169273264817 7.1024832127162307 1.078799005423245 4.4553061376514425
decision_type=8 10 2 2 8 2 10 2 2 2 2 2 2 2 10 10 10 8 2 2 2 2 2 2 2 2 8 8 2 2
left_child=1 2 -1 9 5 -5 -6 8 -7 10 11 20 -12 16 15 19 -14 18 -17 -15 21 -2 -22 -24 25 26 -25 -27 -21 -11
right_child=3 -3 -4 4 6 7 -8 -9 -10 29 12 -13 13 14 -16 17 -18 -19 -20 28 22 -23 23 24 -26 27 -28 -29 -30 -31
leaf_value=-0.023756836109244974 -0.041362221471878513 -0.18167818983952416 0.17398199886912061 -0.29002885659201283 0.28090847496356874 -0.04259002492577544 -0.0050355225120391374 -0.29075983986255383 0.32337673438418907 0.0061405980234532365 -0.2044758053058022 0.11778075341169512 0.37798594853920381 -0.026904547821396108 -0.35204751490026215 0.06952898666223177 0.0028356656258608838 -0.13903002732745406 0.012295355331682601 0.013198940345321831 -0.18349392616690921 0.35477422180996715 -0.031399128922868162 0.20300507520885774 0.0077584796257283983 0.60617941202429226 -0.10080072850448403 0.10891543824781494 -0.12121840733463501 6.8643643170673838e-05
leaf_weight=801 30 33 20 23 47 1152 18541 75 24 18278 60 23 22 978 34 72 433 56 166 151 20 31 174 20 831 29 29 30 25 66243
leaf_count=801 30 33 20 23 47 1152 18541 75 24 18278 60 23 22 978 34 72 433 56 166 151 20 31 174 20 831 29 29 30 25 66243
internal_value=-9.12855e-05 -0.00702576 -0.00499391 -3.62464e-05 -0.00128889 -0.00847724 -0.000796213 -0.00727418 -0.00561224 0.000247336 -0.0033603 0.0032046 -0.00736104 -0.00635003 -0.00931174 -0.00828729 0.0032967 0.00680272 0.0134454 -0.0121317 0.00201005 0.0278689 0.000617829 0.0015274 0.00436635 0.0259259 -0.00204082 0.0491525 0.00227273 0.00038452
internal_weight=108451 854 821 107597 19862 1274 18588 1251 1176 87735 3214 1217 1997 1937 1482 1448 455 294 238 1154 1194 61 1133 1113 939 108 49 59 176 84521
internal_count=108451 854 821 107597 19862 1274 18588 1251 1176 87735 3214 1217 1997 1937 1482 1448 455 294 238 1154 1194 61 1133 1113 939 108 49 59 176 84521
is_linear=0
shrinkage=0.1


Tree=50
num_leaves=31
num_cat=1
split_feature=7 4 6 5 2 3 7 3 5 7 6 7 5 2 6 4 2 6 3 3 2 6 2 6 2 7 10 3 2 2
split_gain=3.37488 6.16924 5.80934 5.25603 9.82538 9.66563 7.688 6.23343 5.97553 5.94461 5.75104 6.17326 5.07255 7.4625 11.1891 4.89283 5.12837 6.00325 9.14502 5.28073 4.84482 6.29972 4.80953 5.22216 7.09343 8.54069 5.30975 6.84046 4.62438 8.48652
threshold=77.769432701211613 1.0722215432848337 -10.548424942253552 15.274594465143235 0.99828512409514403 0.015293349350554876 76.203064619979571 0.0010496880634497387 18.184365438041748 62.760904769172164 -4.2067413030445513 74.086688329639415 20.970765602247237 0.99893390581101682 1.6467715407214885 1.078799005423245 0.99711416581925572 3.1530249748165748 0.002391066635086148 0.00033884317069909914 954.95368124945151 6.2468697702498739 0.99860266321838864 -15.47535807489445 0.98510629164471963 73.300618282146175 0 -0.0049769159519484898 0.99092464129367841 0.99399535209104706
decision_type=2 2 8 2 2 10 2 10 2 2 10 2 2 2 10 2 2 10 10 10 2 10 2 10 2 2 1 8 2 2
left_child=1 12 -3 9 5 6 10 -6 -8 15 -5 -12 -1 22 -15 16 17 18 -4 -19 -2 -22 23 24 -14 26 27 -26 -29 -30
right_child=20 2 3 4 7 -7 8 -9 -10 -11 11 -13 13 14 -16 -17 -18 19 -20 -21 21 -23 -24 -25 25 -27 -28 28 29 -31
leaf_value=0.00032920799769300404 -0.0039699314866524565 -0.068986833967895941 -0.17212335895334085 -0.13997729735512579 0.073624731548535036 0.23016569644608964 -0.0035575689777807896 -0.23436993578388085 0.27444763562877555 0.024401386383409121 -0.01162113396418576 -0.23575924040918964 -0.25287557572270813 -0.028736322655290893 0.26451502762258133 0.1855141346147775 -0.21413897424521872 0.50207056905998648 0.24785952521163709 0.11194661266558158 -0.073322331775360544 0.018333931420332305 -0.1956977432975272 -0.02010680013774362 0.0092058070330146794 0.14850136024729182 0.024538799505943842 -0.35198460365663142 0.019958718489184693 -0.26847292410676432
leaf_weight=66279 30525 119 56 29 25 28 51 90 49 8505 383 39 45 188 91 104 58 56 21 43 133 79 22 1158 39 76 52 25 27 56
leaf_count=66279 30525 119 56 29 25 28 51 90 49 8505 383 39 45 188 91 104 58 56 21 43 133 79 22 1158 39 76 52 25 27 56
internal_value=-8.5753e-05 0.000265075 0.00263049 0.00290448 -0.0054755 -0.000172712 -0.0030853 -0.0321739 0.022 0.00356214 -0.00864745 -0.0056872 -7.05281e-05 -0.00534008 0.00967742 0.016568 0.00854701 0.0170455 -0.0038961 0.0333333 -0.000972769 -0.0160377 -0.00813333 -0.00744249 -0.01875 -0.0127273 -0.0236181 -0.0333333 -0.0462963 -0.0349398
internal_weight=108451 77714 9656 9537 694 579 551 115 100 8843 451 422 68058 1779 279 338 234 176 77 99 30737 212 1500 1478 320 275 199 147 108 83
internal_count=108451 77714 9656 9537 694 579 551 115 100 8843 451 422 68058 1779 279 338 234 176 77 99 30737 212 1500 1478 320 275 199 147 108 83
cat_boundaries=0 1
cat_threshold=2
is_linear=0
shrinkage=0.1


Tree=51
num_leaves=31
num_cat=0
split_feature=7 4 5 6 3 5 3 3 5 2 2 2 4 3 7 6 2 3 5 2 6 2 7 4 5 5 7 7 5 4
split_gain=3.17867 4.77416 9.97679 7.43496 7.22464 7.50944 6.67179 5.15714 4.64783 7.33635 7.93043 6.51779 3.88873 4.92035 8.81211 10.5153 6.81369 7.02736 6.75954 6.19185 7.65085 6.41833 6.61647 7.75545 5.80987 9.01261 6.38521 7.58785 6.01609 5.96793
threshold=69.341511265953173 1.1590592044248831 8.5500434233469864 19.908497197747398 0.0089330412088876616 7.2749656007615666 -0.0093351432596163724 0.01236823418681038 11.484838001038856 0.9978750975234244 0.99319509885750556 0.99647503868376608 0.97636841633211224 -0.003336793193856213 69.58864645234091 -5.8079525944286479 0.99160751299123906 0.0050156918274225646 30.656820796899272 0.99043591039056167 -11.219248192324718 0.9872920545517746 84.338750469730584 0.8690494672831961 5.1624778492130057 12.0194372088891 70.402373406776192 72.000425235255605 5.9230941580327832 0.8617760149683551
decision_type=2 2 2 10 10 2 10 10 2 2 2 2 2 10 2 10 2 10 2 2 10 2 2 2 2 2 2 2 2 2
left_child=1 -1 3 4 5 -3 -4 -6 11 10 -10 -8 13 -2 15 -15 19 18 -18 21 -21 22 23 -16 -19 26 -26 -28 -29 -30
right_child=12 2 6 -5 7 -7 8 -9 9 -11 -12 -13 -14 14 16 -17 17 24 -20 20 -22 -23 -24 -25 25 -27 27 28 29 -31
leaf_value=0.0034508559501752246 -0.019129681596684378 0.25583864046496424 -0.48848092226291445 -0.31044726006056966 -0.28213831690172952 0.57056061779723355 0.028035142468159791 0.19397667498564816 0.31605292771883176 0.46046200053986514 -0.28360887798499024 -0.19702465584861742 -0.00081438653095062825 0.050214350776415985 -0.24945073543998861 -0.1384302105407052 0.038349679507600598 0.0083322523056128979 0.3086112889640667 0.029687846259814424 -0.17149502204791534 0.042459624171168997 -0.24692568554227848 -0.028880706278456361 -0.12545019633480478 0.0088874063350303355 0.024281675565689654 -0.22527957513846886 -0.56548648301080318 -0.081916156910839533
leaf_weight=39224 3954 162 20 25 21 28 67 24 46 26 30 38 58777 135 29 169 1893 992 33 91 172 489 23 265 184 994 226 27 22 265
leaf_count=39224 3954 162 20 25 21 28 67 24 46 26 30 38 58777 135 29 169 1893 992 33 91 172 489 23 265 184 994 226 27 22 265
internal_value=-8.02206e-05 0.000632067 0.0104723 0.0238462 0.0293617 0.0378947 -0.00484581 -0.00666667 0.000483092 0.0156863 0 -0.0142857 -0.000491708 -0.00231858 -0.000515893 -0.0171053 0.000368098 0.00202761 0.0066459 -0.00682881 -0.0201521 -0.00248139 -0.0135647 -0.00952381 -0.00125461 -0.00477299 -0.0132597 -0.00777778 -0.0178344 -0.0135889
internal_weight=108451 39711 487 260 235 190 227 45 207 102 76 105 68740 9963 6009 304 5705 4636 1926 1069 263 806 317 294 2710 1718 724 540 314 287
internal_count=108451 39711 487 260 235 190 227 45 207 102 76 105 68740 9963 6009 304 5705 4636 1926 1069 263 806 317 294 2710 1718 724 540 314 287
is_linear=0
shrinkage=0.1


Tree=52
num_leaves=31
num_cat=0
split_feature=4 3 2 2 7 3 2 2 4 3 2 2 3 3 6 6 5 6 4 2 5 2 3 2 6 5 5 2 3 2
split_gain=3.15944 5.55327 4.99459 4.56151 3.70013 7.15632 5.94798 8.98172 5.99287 9.82097 6.42296 5.50538 4.30303 4.1284 9.92365 5.20748 9.1592 7.8775 7.29908 5.14446 5.09179 6.52671 4.26332 4.17406 4.1034 4.42914 4.24561 5.92982 5.24801 6.78899
threshold=0.73374109826575074 0.013661712744368672 0.99939605695575862 0.98178156959123897 50.612096845305295 0.0057186725924243684 0.98447881989596719 0.98365696415358295 0.82867376211407107 -0.0089661937278009401 0.98257777577246086 0.97831139233096909 0.0054294099503633406 0.00079164492838801348 -20.67227081808187 -15.050234702660566 2.6296373994992468 -8.4030960485015722 0.78845986633846954 0.99319509885750556 12.897884446675056 0.99683741305975981 -0.0013410546736879467 0.98778388470605727 -22.741390451838772 2.7540051674877457 9.0364199462712858 0.99170361037507238 0.0079762099427875283 0.9972097372165033
decision_type=2 10 2 2 2 10 2 2 2 10 2 2 10 10 10 8 2 8 2 2 2 2 10 2 10 2 2 2 10 2
left_child=1 2 3 -1 5 6 7 8 9 11 -10 -2 13 15 -15 18 -17 20 22 -20 21 23 -8 -18 -7 -26 -27 -28 29 -29
right_child=4 -3 -4 -5 -6 24 12 -9 10 -11 -12 -13 -14 14 -16 16 17 -19 19 -21 -22 -23 -24 -25 25 26 27 28 -30 -31
leaf_value=-0.29647576261927355 0.023147521737011803 0.21719692421207598 -0.15406052276392829 -0.031588921931024319 -0.00058110035626910415 0.23021084124024327 0.10027658021065307 -0.5719467116189243 0.29482027795210258 0.18248993635668073 -0.077850160323095358 -0.28368084430427914 0.22599066970367332 0.6797830039324666 -0.096203576910549773 -0.16594796412103963 0.49986635762237097 0.073928106439059602 0.0047252104750899809 -0.25080679941388517 -0.067452862458334553 0.32822663679080222 0.56212485513553223 0.2082087054716297 -0.20616975311183339 0.036995426006749099 0.1903724911124762 -0.096679853781002842 -0.082300886744795326 -0.44907929203042407
leaf_weight=37 31 23 48 319 106087 22 46 26 71 37 32 62 25 28 287 37 52 299 102 44 33 27 25 163 32 228 32 29 145 22
leaf_count=37 31 23 48 319 106087 22 46 26 71 37 32 62 25 28 287 37 52 299 102 44 33 27 25 163 32 228 32 29 145 22
internal_value=-8.02206e-05 -0.00866511 -0.0113861 -0.00730337 -4.6286e-05 0.00428498 0.00791871 -0.00579151 0.000429185 -0.0138462 0.0184466 -0.0311828 0.0109589 0.0100612 0.00031746 0.0137681 0.0184943 0.0216028 0.000460829 -0.0123288 0.0338182 0.038843 0.0267606 0.0330233 -0.00588235 -0.00778689 -0.00526316 -0.0149123 -0.0214286 -0.0490196
internal_weight=108451 427 404 356 108024 1937 1427 259 233 130 103 93 1168 1143 315 828 611 574 217 146 275 242 71 215 510 488 456 228 196 51
internal_count=108451 427 404 356 108024 1937 1427 259 233 130 103 93 1168 1143 315 828 611 574 217 146 275 242 71 215 510 488 456 228 196 51
is_linear=0
shrinkage=0.1


Tree=53
num_leaves=31
num_cat=0
split_feature=3 4 6 5 5 7 4 5 5 7 6 4 3 7 4 6 6 2 2 0 2 5 4 5 6 5 5 3 5 5
split_gain=3.08524 3.4747 3.5121 4.46465 4.76451 6.33276 3.68427 5.81074 10.4954 6.79956 5.22064 5.09562 3.57376 3.25918 4.09692 5.41029 6.59674 4.87435 11.5276 4.08847 4.07551 6.51449 4.91405 4.81413 6.09167 5.6543 4.39918 4.83675 4.0451 8.16389
threshold=-19.135565926925604 0.9351678191728986 12.934359460037895 9.7616825451814826 7.4503856520886993 85.830566791963079 1.183510603406893 2.1040071832523011 1.6297358875145964 68.683194434590902 -2.5733155293320702 1.1112474142225148 -29.708983108971378 84.338750469730584 0.96830887460092463 10.840665809482973 5.1392691114858389 0.99849443155049178 0.9963889241384779 0.85686114569309524 933.27551037612864 4.5140383598346343 1.071000354295681 2.1696958006857838 2.4132843110838 1.950672623569615 4.8214359764040244 16.553478691482557 10.600814763907961 9.5789412115073329
decision_type=8 2 10 2 2 2 2 2 2 2 10 2 10 2 2 10 10 2 2 10 2 2 2 2 10 2 2 10 2 2
left_child=1 -1 6 4 5 -4 7 8 11 -9 -10 -3 -8 20 15 16 17 18 -15 -16 22 23 -2 24 25 -22 27 -23 29 -28
right_child=13 2 3 -5 -6 -7 12 9 10 -11 -12 -13 -14 14 19 -17 -18 -19 -20 -21 21 26 -24 -25 -26 -27 28 -29 -30 -31
leaf_value=-0.13289478919743161 -0.00013347248343187346 0.067029183286231128 -0.24329139127601496 -0.12667065511096284 0.016200532512042544 0.013360863739260509 0.11197184670895624 0.095488391551707963 0.056710275513923138 -0.020326155339589747 0.22147065779155639 -0.11852438252963503 -0.0059072833505926072 -0.13596206099439173 -0.0056529025102953767 0.22145709096132934 -0.33520905531655815 -0.3839095758937397 0.26980803478728321 -0.38308423598803359 -0.049077275867593785 -0.13617586997734107 0.011134507430984897 0.038307768772407158 0.061994150400551722 -0.24034813133982313 -0.032416003835386675 -0.032603259307692416 -0.049041308785916018 0.046668950874847327
leaf_weight=29 69636 63 29 27 25 41 73 31 31 2098 25 20 70 182 14316 28 21 26 31 51 93 39 18472 690 67 21 1536 76 379 225
leaf_count=29 69636 63 29 27 25 41 73 31 31 2098 25 20 70 182 14316 28 21 26 31 51 93 39 18472 690 67 21 1536 76 379 225
internal_value=-8.39089e-05 -0.00351288 -0.00311883 -0.0196721 -0.00947368 -0.0228571 -0.00228121 -0.00326279 0.0165468 -0.00455613 0.05 -0.0060241 0.0132867 -9.44385e-07 -0.00138519 -0.0131944 -0.0176923 -0.0129707 -0.00798122 -0.00114847 0.000221409 -0.00332694 0.000347301 0.00401837 -0.0104972 -0.0245614 -0.00616408 -0.0252174 -0.00514019 -0.00312323
internal_weight=108451 2562 2533 122 95 70 2411 2268 139 2129 56 83 143 105889 14655 288 260 239 213 14367 91234 3126 88108 871 181 114 2255 115 2140 1761
internal_count=108451 2562 2533 122 95 70 2411 2268 139 2129 56 83 143 105889 14655 288 260 239 213 14367 91234 3126 88108 871 181 114 2255 115 2140 1761
is_linear=0
shrinkage=0.1


Tree=54
num_leaves=31
num_cat=0
split_feature=4 5 7 4 6 2 2 3 5 5 5 5 7 7 6 7 7 3 6 2 3 6 2 4 6 6 3 2 7 2
split_gain=2.6873 5.50276 6.51743 5.45219 8.00524 4.39265 3.48285 4.81806 4.5418 7.49213 3.88367 3.18423 3.73194 3.51232 3.26132 4.36545 2.63703 8.14818 5.14649 6.51813 6.15685 5.2492 4.4318 4.40707 6.00139 8.32786 8.99125 3.99528 8.2572 4.32321
threshold=1.3960839222993859 33.788948618226868 88.936049387465815 1.3243082252195368 6.2468697702498739 0.98067611062509485 0.99111978301214265 0.020279196637099099 23.761238748161482 17.554513679296942 6.4581181522469207 3.3428409270312378 117.1794455213337 101.84050461418111 23.10101627719845 80.090552465057115 104.68157395814647 -0.010598057687479066 1.9825149861486937 0.97831139233096909 -0.012097691307523582 17.895409478348181 0.97995092265812167 1.1876322299353339 -11.946393811221542 -0.82456281073560678 0.0052881596338700274 0.97319444307240144 85.491898278713862 0.98636466388669175
decision_type=2 2 2 2 10 2 2 10 2 2 2 2 2 2 10 2 2 10 10 2 10 10 2 2 8 8 10 2 2 2
left_child=3 2 -2 16 -5 -6 8 -8 9 10 -4 -7 13 14 15 -13 23 18 -18 21 -21 -20 -19 -1 -25 26 -26 28 -27 -29
right_child=1 -3 6 4 5 11 7 -9 -10 -11 -12 12 -14 -15 -16 -17 17 22 19 20 -22 -23 -24 24 25 27 -28 29 -30 -31
leaf_value=-0.00061120596727093357 0.3935432045581479 -0.23740376486057502 0.099245963721330099 -0.37002315150864862 -0.19278657525720391 -0.22307746232796433 0.057543883702476255 -0.34329963140190789 -0.52601860293518787 0.06406792303532996 -0.22940018278356009 0.39341195800887052 0.089123683736521297 0.38289294179570704 0.21748057194852352 -0.15037775094623812 0.25272607231810085 -0.21251519052713094 0.017707375351818655 -0.12819231982761323 0.42976206223930125 0.47930390393649847 -0.034365199840074467 -0.41770140922873367 0.18329482522497501 0.020927207625177503 -0.10116708587441536 0.059388201105701914 -0.22749347583275892 0.0098880069261369392
leaf_weight=101626 23 52 22 47 22 20 181 31 36 30 51 22 160 48 57 50 30 21 21 89 26 23 1363 33 94 40 37 708 33 3455
leaf_count=101626 23 52 22 47 22 20 181 31 36 30 51 22 160 48 57 50 30 21 21 89 26 23 1363 33 94 40 37 708 33 3455
internal_value=-5.44024e-05 -0.00798122 -0.00374332 -2.31428e-05 0.0112676 0.016095 -0.00712251 0.000943396 -0.0194245 -0.00873786 -0.0260274 0.0187675 0.0210682 0.0310734 0.0224806 0.00833333 -6.78445e-05 -0.00413223 0.0153439 0.0081761 -0.00434783 0.0409091 -0.00679191 -7.54532e-06 0.00309091 0.00341195 0.0282443 0.002644 -0.0205479 0.00305068
internal_weight=108451 426 374 108025 426 379 351 212 139 103 73 357 337 177 129 72 107599 1573 189 159 115 44 1384 106026 4400 4367 131 4236 73 4163
internal_count=108451 426 374 108025 426 379 351 212 139 103 73 357 337 177 129 72 107599 1573 189 159 115 44 1384 106026 4400 4367 131 4236 73 4163
is_linear=0
shrinkage=0.1


Tree=55
num_leaves=31
num_cat=0
split_feature=2 6 5 3 5 4 4 5 5 5 5 4 5 5 4 5 5 4 6 7 3 5 5 5 2 2 3 6 7 2
split_gain=2.63752 4.16651 5.40485 3.4818 5.25748 3.88713 3.61912 6.23594 5.35455 4.08805 3.37535 5.03027 5.72567 4.7773 5.42183 4.84476 5.79011 5.25641 7.41064 5.23676 5.02503 9.45637 6.74088 5.20441 13.5495 5.507 4.8676 5.89993 7.08405 5.3499
threshold=916.85219208916658 18.345104155477056 7.1590939956454323 43.773184597577036 12.098517807345731 0.9830376031684519 1.038313957234277 9.6958493711722067 3.9730749909319543 2.8142654117217107 3.2314690531168142 0.96018491784977378 1.950672623569615 3.6260565484649536 1.1616395317071759 4.3345461878992149 4.159554191656917 1.0052721162437905 1.5597189580685156 73.152727836613408 22.890423981030725 8.4917630457128812 10.735198042493328 5.809939605203934 933.27551037612864 923.82618605648042 35.841616595451519 -1.2359741638370065 75.307071026896352 954.95368124945151
decision_type=2 10 2 10 2 2 2 2 2 2 2 2 2 2 2 2 2 2 10 2 10 2 2 2 2 2 10 10 2 2
left_child=-1 3 -3 10 5 -5 -7 8 9 -8 11 12 -2 14 -12 16 19 18 20 -15 21 23 -23 -17 25 -25 29 28 -28 -19
right_child=1 2 -4 4 -6 6 7 -9 -10 -11 13 -13 -14 15 -16 17 -18 26 -20 -21 -22 22 -24 24 -26 -27 27 -29 -30 -31
leaf_value=0.00042684436422320006 -0.31051742182098041 0.12834375369591769 -0.053287432770681424 -0.11629194894135537 -0.14551042032070391 0.11808086162411442 0.012804319033272549 0.043299044783812239 -0.054546847830787476 0.099432697661040959 -0.045276926202353712 0.019122095548783594 0.034375254524634614 0.04632583523331562 -0.14812425863401443 -0.079345218390393768 0.10851926042402767 -0.0052046777053202931 -0.27997385955155496 -0.021763146347261397 0.055977083913620621 -0.17017090477519617 -0.00058853290897786792 0.0023676933088893296 -0.10129075347669812 0.12074895888119813 -0.20952953249273565 -0.069663619297735832 0.061300807100373333 -0.062317914923430355
leaf_weight=100051 20 25 29 25 30 84 26 47 176 27 297 1081 21 107 28 163 137 4822 27 321 148 92 39 87 72 80 40 158 63 128
leaf_count=100051 20 25 29 25 30 84 26 47 176 27 297 1081 21 107 28 163 137 4822 27 321 148 92 39 87 72 80 40 158 63 128
internal_value=-5.99349e-05 -0.0017619 0.0259259 -0.00194105 0.00698795 0.0101299 0.0127778 0.00724638 0.000436681 0.0283019 -0.00240827 0.0026738 -0.0317073 -0.0032457 -0.0150769 -0.00265268 0.00619469 -0.00349721 -0.0115819 0.00046729 -0.00954479 -0.0140713 -0.0374046 -0.00646766 0.00292887 0.0185629 -0.00239877 -0.0157088 0.00291262 -0.00169697
internal_weight=108451 8400 54 8346 415 385 360 276 229 53 7931 1122 41 6809 325 6484 565 5919 708 428 681 533 131 402 239 167 5211 261 103 4950
internal_count=108451 8400 54 8346 415 385 360 276 229 53 7931 1122 41 6809 325 6484 565 5919 708 428 681 533 131 402 239 167 5211 261 103 4950
is_linear=0
shrinkage=0.1


Tree=56
num_leaves=31
num_cat=0
split_feature=3 4 6 7 6 5 7 3 6 5 6 5 5 5 5 4 5 5 3 4 6 5 5 6 7 6 7 2 6 4
split_gain=2.94347 4.602 6.21892 7.70292 8.4313 7.94999 6.54961 6.64258 6.8596 5.42 7.70371 6.35245 5.29079 4.47937 4.29335 4.14848 4.1447 3.94061 3.88525 8.99717 4.29267 4.54632 7.27389 4.64435 4.02498 3.98975 3.74658 3.72363 3.69948 3.68694
threshold=-5.0508125011021425 1.0077086627911556 -1.3999058367656614 77.642311936525545 -5.6756711207717663 3.9730749909319543 77.905254592846049 -14.041692447375963 -2.6577759418457272 4.9343510852643506 -4.2067413030445513 5.2196074956536096 1.800709301307114 3.3428409270312378 2.6296373994992468 1.080034970510942 2.6934956030266339 1.8744471814732522 -1.2736749834458256 1.0814055416426152 4.7002234043823892 6.1045719055256109 5.4578191799625211 -6.085912891323157 74.848993664070989 -4.6659875173373697 75.99595449497842 929.1998286266388 1.0559431384554048 0.98771555708882985
decision_type=8 2 10 2 10 2 2 10 10 2 10 2 2 2 2 2 2 2 8 2 8 2 2 10 2 10 2 2 10 2
left_child=1 29 3 4 12 16 15 -8 -9 10 -6 -11 -3 14 -14 -7 17 -5 19 20 21 22 23 -2 27 -23 -26 -25 -27 -1
right_child=18 2 -4 5 9 6 7 8 -10 11 -12 -13 13 -15 -16 -17 -18 -19 -20 -21 -22 25 -24 24 26 28 -28 -29 -30 -31
leaf_value=-0.008612589592013364 0.067365831017175998 0.12089828019685706 -0.013942774368307199 -0.17375638642720262 0.16091580357050683 -0.056123741169923497 -0.0098376664675939203 0.1210897917714668 -0.025404789091678738 -0.20449613903400632 0.07852722802786688 0.043927426288708916 -0.020314911615005118 0.0066644502258967012 -0.10525088943402992 -0.15920574044234925 -0.18857837218496024 0.036092276026027652 9.8261847946190531e-05 0.049634192104163338 0.076218495337538175 -0.1416736624205889 0.17989185759727208 -0.018810007855605451 -0.23775645865216505 0.022821181142308689 -0.064711532634988342 0.16611509680756598 -0.093389110337296452 -0.066188729942155786
leaf_weight=408 60 20 2870 21 44 24 234 85 31 21 135 332 32 428 22 20 50 26 102473 340 33 71 26 153 22 68 31 20 30 321
leaf_count=408 60 20 2870 21 44 24 234 85 31 21 135 332 32 428 22 20 50 26 102473 340 33 71 26 153 22 68 31 20 30 321
internal_value=-4.14934e-05 -0.00238095 -0.00116041 0.004 0.00889749 -0.00631365 0 0.00457143 0.0241379 0.0176692 0.0318436 0.0104816 -0.000398406 -0.00248963 -0.0296296 -0.0363636 -0.0319588 -0.0106383 7.45207e-05 0.00679157 -0.00155642 -0.0039501 0.00320513 -0.0013986 -0.0079646 -0.0171598 -0.0320755 -0.000578035 -0.00408163 -0.00973937
internal_weight=108451 5124 4395 1525 1034 491 394 350 116 532 179 353 502 482 54 44 97 47 103327 854 514 481 312 286 226 169 53 173 98 729
internal_count=108451 5124 4395 1525 1034 491 394 350 116 532 179 353 502 482 54 44 97 47 103327 854 514 481 312 286 226 169 53 173 98 729
is_linear=0
shrinkage=0.1


Tree=57
num_leaves=31
num_cat=0
split_feature=7 4 5 6 6 3 2 6 4 1 5 4 6 2 0 5 2 7 3 3 5 6 2 4 3 4 6 2 5 6
split_gain=2.58495 4.81025 9.36647 5.31849 4.64786 8.09256 4.61437 4.56371 5.75625 6.03209 5.39323 5.20172 5.1689 8.72495 7.91538 6.36074 7.05057 5.65806 6.01555 8.38544 4.97588 4.81353 6.17837 8.8738 6.14179 6.11127 5.64576 4.34259 5.26489 5.01333
threshold=104.68157395814647 1.1876322299353339 33.788948618226868 -22.741390451838772 -0.82456281073560678 0.0052881596338700274 896.37024777653266 21.373751770950872 1.3243082252195368 0.45952080334627082 21.724019439517075 1.3960839222993859 10.840665809482973 0.98649464145269083 0.82812082323469005 6.4581181522469207 942.82893014795116 94.881837976680615 0.0069652501611395809 -0.0040819952993528244 10.149531054425175 8.625080619324498 0.99319509885750556 1.2238827851971583 0.0041596236286692298 1.1961958885190405 9.6935969340424197 0.98540436761892691 19.107348163118001 28.8031533380688
decision_type=2 2 2 8 8 10 2 10 2 8 2 2 8 2 10 2 2 2 10 10 2 10 2 2 10 2 10 2 2 10
left_child=1 -1 3 -3 5 6 -5 11 9 -9 27 12 13 14 -6 -15 21 -14 19 -19 -21 25 -23 26 -25 -17 -24 29 -29 -11
right_child=-2 2 -4 4 7 -7 -8 8 -10 10 -12 -13 17 15 -16 16 -18 18 -20 20 -22 22 23 24 -26 -27 -28 28 -30 -31
leaf_value=-0.00038770788390003476 -0.019129317589205642 -0.54207926745135138 -0.89243023782337838 0.23719459298455947 0.19738182601867893 -0.12916073985685231 -0.083428320240532372 0.13167672780204356 0.17946336972285196 -0.0066842167822741775 0.22598257694344498 -0.2676805319468496 -0.01742380557101093 0.068112128388772675 -0.20147646975357603 -0.19228782998793223 0.14440080163973903 -0.062271612841674796 -0.037213294272225993 0.56494732538580128 0.12720680977586554 0.23095230987120985 0.24562131495219219 -0.026274585590272181 -0.52487053643575055 -0.018976217181384314 -0.010665275958102427 0.071957634611376164 -0.18983003092741699 -0.16258363429531855
leaf_weight=101626 2130 27 27 101 195 49 20 50 122 109 27 30 1942 408 21 119 32 38 28 23 35 71 47 37 23 394 48 607 21 44
leaf_count=101626 2130 27 27 101 195 49 20 50 122 109 27 30 1942 408 21 119 32 38 28 23 35 71 47 37 23 394 48 607 21 44
internal_value=-2.4896e-05 4.42058e-05 0.00317359 0.00351328 0.00377074 0.02 0.0338843 0.00315366 0.00918367 0.00629371 0.00420792 0.0014609 0.00182028 0.0065233 0.025 0.00313825 -0.00220493 -0.00135528 0.0193548 0.03125 0.0551724 -0.00419486 0.0079646 -0.00322581 -0.0333333 -0.00955166 0.0157895 0.00268886 0.00636943 -0.0124183
internal_weight=108451 106321 4695 4668 4641 170 121 4471 980 858 808 3491 3461 1395 216 1179 771 2066 124 96 58 739 226 155 60 513 95 781 628 153
internal_count=108451 106321 4695 4668 4641 170 121 4471 980 858 808 3491 3461 1395 216 1179 771 2066 124 96 58 739 226 155 60 513 95 781 628 153
is_linear=0
shrinkage=0.1


Tree=58
num_leaves=31
num_cat=0
split_feature=7 6 5 6 3 2 5 2 4 2 2 3 2 3 2 6 5 6 4 2 3 1 2 7 5 3 3 2 3 2
split_gain=2.60204 5.70986 10.3201 9.50884 5.26897 5.40516 6.65559 6.25848 3.7143 8.1241 3.43013 3.28746 3.0918 6.61029 4.63801 2.88494 6.97226 13.0948 8.80848 7.9355 9.37859 7.67897 7.18402 6.46154 6.38899 6.79715 7.18589 6.27205 5.83099 5.50004
threshold=81.670269842468187 -14.670415820265665 3.570212145556956 -13.985213561054399 -0.0046988852175482423 0.99179889404445809 16.370648510313451 0.99092464129367841 1.3243082252195368 0.99122099880349668 0.99023820297783749 -0.004309113177301648 0.97831139233096909 -0.013638413115891755 0.98494568775540714 -19.845561631641882 6.3385183020842488 -20.67227081808187 0.73374109826575074 0.99828512409514403 0.020279196637099099 0.34349269541147204 0.99434353859147195 49.056058086478977 8.1354541084389354 -0.0040819952993528244 0.00022079629709026441 0.9956831342975766 -0.002020835908056406 0.99122099880349668
decision_type=2 8 2 10 10 2 2 2 2 2 2 10 2 10 2 8 2 10 2 2 10 8 2 2 2 10 10 2 10 2
left_child=8 2 -2 -3 5 7 -7 10 15 -10 12 -6 -4 14 -14 16 17 18 -1 20 22 -20 24 -24 25 -18 -27 -23 -19 -28
right_child=1 3 4 -5 11 6 -8 -9 9 -11 -12 -13 13 -15 -16 -17 19 28 21 -21 -22 27 23 -25 -26 26 29 -29 -30 -31
leaf_value=-0.1598491648366448 -0.26379316468434982 0.1816210389104839 -0.3305499712461597 -0.0038202258633532439 0.24594712451803177 -0.12285809342472193 -0.30057937233910936 0.25837041678507972 0.49470798299183161 -0.14360250376153447 -0.14863031917654582 -0.017745678925713548 0.34715573105565911 -0.13952207027435579 -0.047825809219777686 0.00035805850978505306 -0.15528923746906786 0.036595393603408154 -0.28024671838220211 0.067671400574995752 0.34704272551951476 0.14871689378837302 0.11966391802962734 -0.10501112585536064 0.028037197217078359 0.19685751856685202 -0.10209039005440063 -0.030954385689904742 0.50925076776156575 0.10448760596287202
leaf_weight=34 23 86 25 18702 22 47 45 28 25 27 24 819 36 182 23 85222 78 20 22 441 22 244 41 544 1403 26 40 120 47 33
leaf_count=34 23 86 25 18702 22 47 45 28 25 27 24 819 36 182 23 85222 78 20 22 441 22 244 41 544 1403 26 40 120 47 33
internal_value=-2.85843e-05 -0.00105672 -0.00753532 -0.000617415 -0.00631495 -0.0156098 -0.0369565 -0.00943396 0.000204777 0.0269231 -0.0137931 -0.00178359 -0.0105263 -0.00705394 0.0220339 0.000189049 0.00317817 0.0141684 0.00761905 0.00114155 -0.00132602 0.0119171 -0.00198614 -0.011453 0.00151899 -0.0163842 0.0010101 0.0153846 0.0552239 -0.0150685
internal_weight=108451 20062 1274 18788 1251 410 92 318 88389 52 290 841 266 241 59 88337 3115 487 420 2628 2187 386 2165 585 1580 177 99 364 67 73
internal_count=108451 20062 1274 18788 1251 410 92 318 88389 52 290 841 266 241 59 88337 3115 487 420 2628 2187 386 2165 585 1580 177 99 364 67 73
is_linear=0
shrinkage=0.1


Tree=59
num_leaves=31
num_cat=0
split_feature=7 6 3 2 3 3 5 5 6 4 6 6 3 4 3 5 6 3 2 2 4 5 6 7 6 5 5 4 3 2
split_gain=2.59879 4.03333 6.71621 7.38683 6.91805 5.413 4.80836 5.69188 4.5848 5.6626 4.29183 3.61152 9.64033 3.7176 3.57693 13.1963 6.44476 5.4592 4.36987 4.02286 3.56486 7.03447 5.20581 4.0269 5.81486 5.33032 4.39479 4.31034 6.13812 5.25952
threshold=104.68157395814647 14.257079218684078 0.010964998405224415 0.99916584955507015 -0.020997159359441128 -0.017101627241649649 11.555584913228666 15.143810471987662 21.373751770950872 1.3243082252195368 31.756615108480826 12.934359460037895 -0.0016774550951573761 1.2394239728008276 0.0083341806350850107 20.280999134061382 1.3165206499975073 0.0060253604589629592 0.99594429949997798 0.99871202405221615 1.1876322299353339 33.788948618226868 -22.741390451838772 96.905278184125436 24.089728006758083 6.5168596225428388 17.963556973389206 1.3960839222993859 -0.0040819952993528244 0.99310396933055312
decision_type=2 10 10 2 10 10 2 2 10 2 10 10 10 2 10 2 10 10 2 2 2 2 8 2 8 2 2 2 10 2
left_child=20 11 3 4 -3 -6 -5 -8 -4 -10 -11 14 13 -13 17 16 -16 -2 -19 -17 -1 22 -22 26 27 -26 -24 28 -25 -30
right_child=1 2 8 6 5 -7 7 -9 9 10 -12 12 -14 -15 15 19 -18 18 -20 -21 21 -23 23 24 25 -27 -28 -29 29 -31
leaf_value=-0.00027961562884755154 -0.038720375552143339 0.45935351498729671 0.044524326218974869 -0.11014680378779147 -0.31454746973489378 -0.0023943803409174793 0.50979897222871173 0.10746065496478607 -0.30611447472114151 0.10490926603647743 -0.20948450923871534 -0.25072355260950946 -0.26986265471261428 0.32636351838698235 -0.0050975063255044974 -0.4328850255947998 0.43565786771585879 -0.056495108443948894 -0.21990152281873707 0.018972689929722009 -0.48609677281364516 -0.80280519145470564 0.01040413210884239 -0.16286873072364116 -0.034718143262158212 0.21277382882867713 0.077031415610810339 -0.21497986238426281 0.28543098965013308 0.13771701247238186
leaf_weight=101626 532 22 36 47 21 950 20 113 58 22 34 25 54 22 26 28 55 20 23 22 27 27 4089 36 25 68 314 29 24 56
leaf_count=101626 532 22 36 47 21 950 20 113 58 22 34 25 54 22 26 28 55 20 23 22 27 27 4089 36 25 68 314 29 24 56
internal_value=-1.56753e-05 -0.00347418 -7.55858e-05 0.00247229 -0.000906344 -0.00216272 0.0211111 0.0308271 -0.02 -0.0298246 -0.00714286 -0.00904585 -0.0267327 0.00638298 -0.00651558 0.00839695 0.0333333 -0.00991304 -0.044186 -0.032 5.36112e-05 0.0027476 0.00304199 0.0032967 0.0159664 0.0354839 0.00261186 0.00344828 0.012069 0.0275
internal_weight=108451 2130 1323 1173 993 971 180 133 150 114 56 807 101 47 706 131 81 575 43 50 106321 4695 4668 4641 238 93 4403 145 116 80
internal_count=108451 2130 1323 1173 993 971 180 133 150 114 56 807 101 47 706 131 81 575 43 50 106321 4695 4668 4641 238 93 4403 145 116 80
is_linear=0
shrinkage=0.1


Tree=60
num_leaves=31
num_cat=0
split_feature=4 6 2 5 7 7 5 5 2 4 6 2 5 5 2 5 5 7 5 5 5 6 6 4 4 4 7 6 7 4
split_gain=2.70484 6.38411 4.95939 4.69389 5.63788 5.27424 5.18192 6.51669 4.96208 4.56014 9.42733 4.00674 4.14376 5.9645 3.44712 3.4381 3.03913 2.7427 5.43239 4.59767 5.72594 5.13387 5.46454 4.91749 4.28535 5.59515 8.82506 5.7305 13.5287 6.60571
threshold=1.3960839222993859 -11.456175232686286 0.99373366148513276 25.250647843988251 94.881837976680615 101.84050461418111 15.535161558813366 19.383363896730732 0.99818465898785147 1.3243082252195368 6.2468697702498739 0.99797015691126623 5.9230941580327832 9.4561980215142629 0.98046553735506459 12.259721045208636 3.3428409270312378 84.338750469730584 25.250647843988251 18.619804682594872 19.383363896730732 4.3591952808951655 4.8075042413437723 0.96727087552445179 1.2605127277502228 1.1961958885190405 91.181808649484694 7.8317000404938861 93.23824782428575 1.167288878983118
decision_type=2 8 2 2 2 2 2 2 2 2 10 2 2 2 2 2 2 2 2 2 2 10 10 2 2 2 2 10 2 2
left_child=9 2 -2 4 -3 -6 11 -8 -5 17 -11 12 -7 -14 -12 -15 -16 -1 19 23 24 -22 -23 -19 25 27 -27 -21 29 -29
right_child=1 3 -4 8 5 6 7 -9 -10 10 14 -13 13 15 16 -17 -18 18 -20 20 21 22 -24 -25 -26 26 -28 28 -30 -31
leaf_value=0.00075709309664020454 -0.49165919577389661 0.31511104275017704 -0.14711163559193388 -0.29026776877499572 -0.44705707915398601 0.21502948463019181 0.33275370246891606 0.014491940629935486 0.10030488119994914 -0.3269063550785305 -0.19853249249901667 -0.19156277052736501 -0.44224888531146828 0.19653444277694129 -0.19828783433703734 -0.11522433007691966 0.13240513167531562 -0.23132343768630009 0.01877872003514014 -0.19577829505487332 0.0084230515746362752 -0.27260372703796137 -0.040044888217698832 -0.0042168969495058667 -0.18023788904455851 0.46329397741579226 -0.12240381461460643 -0.064625197476774338 0.18834845661352873 -0.37219035874183426
leaf_weight=93446 20 24 31 79 20 25 30 62 32 47 21 33 22 20 20 28 338 144 1473 168 851 23 1113 10183 24 22 34 50 48 20
leaf_count=93446 20 24 31 79 20 25 30 62 32 47 21 33 22 20 20 28 338 144 1473 168 851 23 1113 10183 24 22 34 50 48 20
internal_value=-2.85843e-05 -0.00798122 -0.0411765 -0.00346667 0.00378788 -0.000833333 0.00363636 0.0217391 -0.0207207 2.77713e-06 0.0103286 -0.009375 0.00105263 -0.0114286 0.0155673 0.00833333 0.0178771 -3.81044e-05 -0.00133541 -0.00200315 -0.00599235 -0.00387519 -0.00827465 -0.00109422 -0.0174863 -0.0146199 0.0142857 -0.0202797 -0.00338983 -0.0314286
internal_weight=108451 426 51 375 264 240 220 92 111 108025 426 128 95 70 379 48 358 107599 14153 12680 2353 1987 1136 10327 366 342 56 286 118 70
internal_count=108451 426 51 375 264 240 220 92 111 108025 426 128 95 70 379 48 358 107599 14153 12680 2353 1987 1136 10327 366 342 56 286 118 70
is_linear=0
shrinkage=0.1


Tree=61
num_leaves=31
num_cat=0
split_feature=3 4 4 6 3 4 7 5 5 5 5 6 6 6 3 3 6 3 6 6 3 4 3 5 5 3 6 4 6 6
split_gain=2.5457 4.17041 5.74835 9.1149 6.54618 6.13022 6.62419 4.41184 5.40143 4.21749 5.16552 6.30385 8.62656 5.80731 5.9645 6.62604 4.72896 4.3055 4.27539 4.33844 5.65049 5.57768 5.12821 4.22098 5.45356 4.13314 8.73359 5.71593 6.75021 4.53746
threshold=-5.0508125011021425 1.0077086627911556 1.0735026253817332 5.2512062456297963 -14.041692447375963 1.0314866558175415 74.162771588058362 4.271810869323331 7.6759345281295071 1.8744471814732522 6.6341644941012108 3.7423710579514631 -3.2575990139548447 -0.50432943665796859 -9.4421411852359238 -19.135565926925604 -3.777444418447558 -14.041692447375963 3.6440468999311055 -5.2713442651936822 -29.708983108971378 1.0623282402746457 -35.381535923441724 4.9343510852643506 3.0502861914243606 -1.2736749834458256 -10.548424942253552 1.074755943951283 -7.8957822115202196 4.7002234043823892
decision_type=8 2 2 10 10 2 2 2 2 2 2 10 10 10 10 10 10 10 10 10 10 2 10 2 2 8 10 2 10 10
left_child=1 -1 3 5 7 6 -3 -5 -9 16 18 12 -12 -14 15 -15 -7 -17 19 21 22 -11 -21 24 -22 26 -2 28 -28 -30
right_child=25 2 -4 4 -6 9 -8 8 -10 10 11 -13 13 14 -16 17 -18 -19 -20 20 23 -23 -24 -25 -26 -27 27 -29 29 -31
leaf_value=-0.036126704047109118 -0.18346928511789962 -0.0065179085326604993 -0.012674576405018456 -0.018575773924769834 0.020364225600538435 0.17183767152404139 -0.13730155316841816 -0.19802051554289976 -0.10192829893861842 -0.014763554006992764 0.078282806219304751 0.16738808469296773 -0.049435136244768078 0.00076447546111921847 -0.065714209184706718 0.18037399015826525 0.068584569544477961 0.034382092264612397 -0.088623735655028568 0.021419159560969094 -0.07705008292584524 -0.16989848468896263 0.13758147266667678 -0.038881936487151596 0.078796995740817277 0.00014763939981037312 0.20852563924645864 0.043289758905693893 -0.021936147929178775 0.064121023034311622
leaf_weight=729 44 465 2693 25 42 22 31 28 29 102 237 42 114 61 30 27 32 22 26 49 47 26 26 116 103 102473 38 364 382 26
leaf_count=729 44 465 2693 25 42 22 31 28 29 102 237 42 114 61 30 27 32 22 26 49 47 26 26 116 103 102473 38 364 382 26
internal_value=-1.01428e-05 -0.00218579 -0.00102389 0.00352526 -0.0225806 0.00557668 -0.00362903 -0.0390244 -0.054386 0.00979667 0.00836576 0.015197 0.0120163 -0.000787402 0.0128571 0.0236364 0.037037 0.0510204 0.0010101 0.00319829 0.00909091 -0.0125 0.0333333 0.00225564 0.0133333 9.77479e-05 0.00702576 0.00938272 0.00179372 -0.00196078
internal_weight=108451 5124 4395 1702 124 1578 496 82 57 1082 1028 533 491 254 140 110 54 49 495 469 341 128 75 266 150 103327 854 810 446 408
internal_count=108451 5124 4395 1702 124 1578 496 82 57 1082 1028 533 491 254 140 110 54 49 495 469 341 128 75 266 150 103327 854 810 446 408
is_linear=0
shrinkage=0.1


Tree=62
num_leaves=31
num_cat=0
split_feature=4 7 3 2 6 5 5 2 2 1 1 3 6 3 1 6 7 3 6 7 7 2 5 5 2 7 3 4 6 7
split_gain=2.42608 3.91586 10.5445 7.21427 4.90236 4.70792 8.00874 4.11744 6.74437 4.07849 6.3913 4.45472 7.17074 7.71459 7.06426 5.13191 5.38906 7.25041 7.13813 4.83138 4.42493 8.74098 7.53886 5.66876 5.2 4.72127 5.35515 4.86931 4.37916 9.96014
threshold=0.82284738030246019 45.958946014595931 -0.012369685958831254 0.99292593549471342 -19.845561631641882 12.413163123554403 4.8214359764040244 0.99074236518784631 0.98678082786347221 0.48526977070726091 0.55060041351867028 0.0027527649422268157 -4.5459522261651903 0.0051555915672431571 0.31720907117841918 -19.076130311617508 54.70497497278371 0.013661712744368672 -10.996900981794488 62.938025743350302 55.027036683628168 0.98276303908800611 3.111550423234553 4.8214359764040244 0.97508759798793843 59.115777722388586 -0.002020835908056406 0.78845986633846954 -13.371754141489758 53.617230338320958
decision_type=2 2 10 2 10 2 2 2 2 10 10 10 10 10 8 10 2 10 10 2 2 2 2 2 2 2 10 2 8 2
left_child=1 2 -1 5 -5 6 -4 8 -8 11 -11 14 15 -14 -3 -13 18 19 -17 -18 21 24 -23 25 -16 27 -27 -22 29 -24
right_child=-2 9 3 4 -6 -7 7 -9 -10 10 -12 12 13 -15 20 16 17 -19 -20 -21 23 22 28 -25 -26 26 -28 -29 -30 -31
leaf_value=-0.16305512409637971 0.00030534583805064131 -0.3009817901321199 0.39575834980256774 0.19504531023284352 -0.095417018797950004 0.34507999439734505 0.1847076513702561 0.096442300118928875 -0.38084801422858661 0.31191930875536117 -0.23650106150137021 -0.013629095745487164 -0.34941745667113011 0.30795671331417512 0.13489106110874474 -0.2680148071551699 -0.083375846823521726 0.1574216519463022 -0.072621149287771664 -0.14181252602065655 -0.11102814471600198 -0.24641814160029726 -0.030872294322865913 -0.03406972348463029 -0.15196032828233186 0.29097896842480359 0.017834674305313315 0.17520250499754583 0.1480979832263003 0.21271945370262416
leaf_weight=55 105035 23 45 54 154 25 23 35 36 25 23 342 20 82 26 131 283 69 92 51 31 31 203 1121 104 30 25 21 199 57
leaf_count=55 105035 23 45 54 154 25 23 35 36 25 23 342 20 82 26 131 283 69 92 51 31 31 203 1121 104 30 25 21 199 57
internal_value=-1.1987e-05 -0.00263466 0.00632319 0.0123656 0 0.0280488 0.0208633 0.00425532 -0.0118644 -0.00391435 0.025 -0.00438626 -0.00953271 0.0156863 -0.00144308 -0.0121901 -0.0175719 -0.01067 -0.0300448 -0.0167665 -0.000757576 0.00612903 0.0122449 -0.00423453 -0.0169231 0.017757 0.0381818 -0.00384615 0.0154684 0.00692308
internal_weight=108451 3416 427 372 208 164 139 94 59 2989 48 2941 1070 102 1871 968 626 403 223 334 1848 620 490 1228 130 107 55 52 459 260
internal_count=108451 3416 427 372 208 164 139 94 59 2989 48 2941 1070 102 1871 968 626 403 223 334 1848 620 490 1228 130 107 55 52 459 260
is_linear=0
shrinkage=0.1


Tree=63
num_leaves=31
num_cat=0
split_feature=7 4 6 6 3 5 5 5 4 6 7 5 5 3 6 2 5 6 6 2 5 6 2 2 6 5 5 5 5 6
split_gain=2.65307 9.95919 8.75238 7.27104 7.27049 10.9447 6.075 6.06284 5.75391 5.72629 6.42979 8.39461 6.86306 6.3024 7.35781 7.98687 13.7939 7.20356 6.80061 5.96774 8.06671 6.07978 6.00175 7.48558 6.97758 5.81888 5.36958 8.43247 7.47083 6.12696
threshold=55.9569814717958 0.93163482059400404 -19.845561631641882 -27.593219985519834 0.0093386174349483504 11.484838001038856 5.9230941580327832 4.2164254979009135 0.91638388423465211 -15.050234702660566 53.617230338320958 2.6296373994992468 16.080857990078901 0.0069652501611395809 -10.126634690176155 0.99346754737763954 5.5143287034366653 5.7287369245130373 -1.6623854483050307 0.9998988140636893 10.666107459358871 -8.0618193555704547 0.99683741305975981 0.99818465898785147 -7.7368682933323134 10.94389973401193 6.9807373245955455 9.0364199462712858 9.516386686272293 -8.9745060847298337
decision_type=2 2 8 10 8 2 2 2 2 8 2 2 2 10 8 2 2 10 10 2 2 10 2 2 8 2 2 2 2 10
left_child=1 2 3 6 -3 7 -1 -6 -5 -4 13 -12 -13 14 15 16 -11 18 26 22 21 -21 -16 24 -24 -26 -15 29 -29 -28
right_child=-2 4 9 8 5 -7 -8 -9 -10 10 11 12 -14 17 19 -17 -18 -19 -20 20 -22 -23 23 -25 25 -27 27 28 -30 -31
leaf_value=-0.59432802110069682 -0.00061268400368916795 0.056613040242943669 -0.091057578010770621 0.12807739549180575 0.66532471763086187 0.45095730992168015 -0.0089047010119465142 0.098647231875323635 0.49105522582748018 -0.15409684360192488 0.15768225449779152 -0.094052954032629546 0.11250960626075823 -0.089855514165296316 0.0059482111998477201 0.17883259244949487 0.10470166007016531 0.24866570146971229 -0.21800325638194737 0.30023127537511984 -0.47335192388143171 -0.17694092929810382 0.33685698608241099 0.0045024146167726544 0.10320542397942845 0.58607355667099703 0.006383861790068935 -0.37925381218409981 -0.00072434786722652689 0.31919645156933357
leaf_weight=20 100765 1058 784 448 31 43 108 127 20 128 63 1234 100 221 1659 313 368 21 149 32 32 78 24 122 69 30 46 21 272 65
leaf_count=20 100765 1058 784 448 31 43 108 127 20 128 63 1234 100 221 1659 313 368 21 149 32 32 78 24 122 69 30 46 21 272 65
internal_value=4.61038e-06 0.00179547 0.000202272 0.011745 0.00992851 0.0273632 -0.009375 0.0151899 0.0175214 -0.000977534 0.000257579 -0.00551181 -0.0071964 0.00246575 0.00465849 0.0127318 0.00483871 -0.00540881 -0.00697674 0.00146628 -0.0183099 -0.00545455 0.00294118 0.017551 0.0349593 0.0232323 -0.0024 0.00445545 -0.00443686 0.0279279
internal_weight=108451 7686 6427 596 1259 201 128 158 468 5831 5047 1397 1334 3650 2855 809 496 795 774 2046 142 110 1904 245 123 99 625 404 293 111
internal_count=108451 7686 6427 596 1259 201 128 158 468 5831 5047 1397 1334 3650 2855 809 496 795 774 2046 142 110 1904 245 123 99 625 404 293 111
is_linear=0
shrinkage=0.1


Tree=64
num_leaves=31
num_cat=0
split_feature=4 3 5 7 5 7 2 2 7 2 3 3 7 4 6 5 3 3 3 5 5 2 6 6 2 5 6 3 7 3
split_gain=5.65153 6.22552 4.48113 8.49677 4.84076 3.88658 3.75766 6.51131 3.29141 4.47274 3.47816 6.44175 3.16997 8.30703 8.5415 6.91977 6.48041 8.65774 6.22086 7.41104 5.79261 5.10779 4.87855 6.96579 6.62295 5.62342 4.5446 4.29762 4.26755 6.41598
threshold=0.73374109826575074 0.013661712744368672 15.806933632041547 53.217928626861372 20.280999134061382 51.25217312834139 0.98157697033825753 0.98431591066680513 45.958946014595931 0.99496321289757506 -0.0055072083186991075 -0.0082302251419296684 55.9569814717958 0.93163482059400404 -19.845561631641882 9.393702174400163 -1.0000000180025095e-35 -0.0046988852175482423 0.0093386174349483504 11.484838001038856 8.6728565411920275 0.98067611062509485 -8.0618193555704547 -1.4862952228931261 0.9791828508265239 6.5168596225428388 5.9835020512750825 0.010964998405224415 56.234782058799588 0.0087333226225966305
decision_type=2 10 2 2 2 2 2 2 2 2 10 10 2 2 8 2 8 10 10 2 2 2 10 10 2 2 8 10 2 10
left_child=1 2 6 5 -5 -4 -1 -8 -9 10 11 -10 13 14 20 16 17 22 21 -20 27 -17 -15 24 -24 -26 -25 -2 29 -14
right_child=12 -3 3 4 -6 -7 7 8 9 -11 -12 -13 28 15 -16 18 -18 -19 19 -21 -22 -23 23 26 25 -27 -28 -29 -30 -31
leaf_value=-0.29018095968360741 0.18770813965796798 0.20505377893189236 0.080292401364764746 -0.51967483596038022 0.033418520735945381 0.47394345852439951 0.37215129919068635 -0.016019591840602133 -0.082188024600340984 -0.16000520715579258 -0.058776758467566387 -0.31879617147792771 -0.033847401470819709 0.3043935340285579 -0.0043665484531633329 0.50282555943816198 0.13809299620237142 -0.21930047282970977 0.083474746867258892 0.4058615789295118 0.018428772751089183 0.090435829036099591 -0.39121868032085277 0.41385867167471846 0.044348627780357225 -0.45528363862433285 -0.19346499147687979 0.60327708482053666 -0.00022780691154764555 -0.17650308332054332
leaf_weight=27 168 23 22 23 22 20 24 96 23 52 74 21 359 56 5654 21 352 153 33 43 228 422 21 71 35 27 25 24 100264 68
leaf_count=27 168 23 22 23 22 20 24 96 23 52 74 21 359 56 5654 21 352 153 33 43 228 422 21 71 35 27 25 24 100264 68
internal_value=6.45453e-06 -0.0114754 -0.0143564 0.00574713 -0.0244444 0.0380952 -0.0198738 -0.0165517 -0.0210526 -0.0294118 -0.0186441 -0.0409091 5.18403e-05 0.00205918 0.000526836 0.00945195 0.00324324 -0.0056701 0.0183044 0.0447368 0.0142857 0.0137698 0.00638298 -0.00167598 -0.0228916 -0.00645161 0.0166667 0.0270833 -9.43481e-05 -0.0100703
internal_weight=108451 427 404 87 45 42 317 290 266 170 118 44 108024 7333 6074 1259 740 388 519 76 420 443 235 179 83 62 96 192 100691 427
internal_count=108451 427 404 87 45 42 317 290 266 170 118 44 108024 7333 6074 1259 740 388 519 76 420 443 235 179 83 62 96 192 100691 427
is_linear=0
shrinkage=0.1


Tree=65
num_leaves=31
num_cat=0
split_feature=5 5 4 3 7 6 6 3 2 6 2 7 4 2 1 6 2 2 4 4 4 5 2 7 7 2 2 2 1 6
split_gain=2.40457 6.71287 4.59807 5.29573 4.94707 5.91788 4.46349 7.01392 6.59541 5.91692 4.92631 7.33039 6.02504 5.97853 4.46025 5.97823 9.02622 9.79418 6.37248 6.15659 5.1265 5.1748 3.76326 3.66667 3.58573 3.4444 3.38142 3.34103 3.30187 3.2995
threshold=1.4518110485915854 0.87061571174758978 0.87201244759710328 -0.0015629801505644412 70.181419027585761 -13.050961154825698 -1.4862952228931261 0.23061768125242568 52.154966185965634 -3.0632727922928207 0.99452539067874535 71.491296732331264 0.98679409888554515 0.98294025670686025 0.29154381808241253 4.044028535812374 0.99964604210866503 0.98753910753300134 1.1147203531610799 1.0497542373250994 1.0239745460165988 1.0081559106996008 52.751508918352606 70.822951554953164 76.420611333684619 52.087545633020774 0.98479411673045802 0.99523077675400962 0.39018832968498535 10.244270875475801
decision_type=2 2 2 10 2 10 10 10 2 10 2 2 2 2 10 10 2 2 2 2 2 2 2 2 2 2 2 2 10 10
left_child=1 6 3 -3 5 -4 7 8 9 -1 13 -12 -13 -8 15 18 17 26 19 22 -18 -22 -6 -10 -19 -23 -17 -26 -7 -14
right_child=-2 2 4 -5 14 28 10 -9 23 -11 11 12 29 -15 -16 16 20 24 -20 -21 21 25 -24 -25 27 -27 -28 -29 -30 -31
leaf_value=0.010574791943406582 0.00045854786780168415 0.012400519081914751 0.33988338230834714 -0.23746740612536926 -0.024209466784294878 0.013785169784013363 -0.0086736290021157455 -0.054735170548287831 -0.059595091294536218 -0.057406370954873158 -0.038828768057285148 0.08391134395442422 0.024206205448836473 0.20701438550846307 -0.16802175514577941 -0.077655882311738367 0.075524948078840748 -0.52767534922958603 -0.11507785357534531 0.073121056074214152 -0.046297737815093144 0.064143899009481947 0.005257810635577443 0.079467597800285006 -0.13618997946343933 0.020032883411688119 0.27342131486270205 0.038705128406657963 -0.18364425471293588 -0.14098363861749022
leaf_weight=184 104992 23 22 37 978 412 63 96 24 63 100 29 523 139 27 29 42 22 37 78 35 49 138 64 36 105 20 23 22 39
leaf_count=184 104992 23 22 37 978 412 63 96 24 63 100 29 523 139 27 29 42 22 37 78 35 49 138 64 36 105 20 23 22 39
internal_value=2.12077e-05 -0.002573 -0.00604215 -0.0333333 -0.00525301 0.00394737 0.00302115 -0.00533643 0.00149254 -0.00688259 0.00705487 0.00303907 0.0072758 0.0207921 -0.00784435 -0.0071608 0.00415512 -0.0169231 -0.0104793 -0.00921273 0.0160173 0.00899471 -0.0111111 0.025 -0.0382716 0.0168831 0.0183673 -0.0254237 0.00138249 0.00498221
internal_weight=108451 3459 2135 60 2075 456 1324 431 335 247 893 691 591 202 1619 1592 361 130 1231 1194 231 189 1116 88 81 154 49 59 434 562
internal_count=108451 3459 2135 60 2075 456 1324 431 335 247 893 691 591 202 1619 1592 361 130 1231 1194 231 189 1116 88 81 154 49 59 434 562
is_linear=0
shrinkage=0.1


Tree=66
num_leaves=31
num_cat=0
split_feature=7 2 7 0 0 7 5 4 5 2 2 6 3 2 1 4 5 0 5 0 3 6 0 5 6 5 6 6 6 4
split_gain=2.47681 4.7241 5.85623 6.19381 11.429 5.16942 4.64755 4.41868 4.29432 4.10676 7.21657 6.02571 5.64746 5.26753 4.91379 5.09924 7.00691 6.81708 9.78103 7.45808 7.45093 4.79819 4.15994 4.80961 4.74708 4.05587 6.13404 11.2291 5.25931 5.57589
threshold=74.848993664070989 0.9745001589265383 83.355058798919359 0.71087461477216429 0.751611463340637 79.777148930864783 18.184365438041748 1.1360749322228159 14.234102590147263 0.98046553735506459 0.98276303908800611 31.756615108480826 -0.017784172316531895 0.9786230998777774 0.42783831512064058 1.0969647314392075 5.3369609428136204 0.77474599256007581 19.383363896730732 0.78904370032527982 0.0026242552641480015 12.171919128574777 0.83870656117927955 5.5143287034366653 25.266097967236654 7.844463366178025 2.9641467912174595 5.8545747671155377 -0.58619516453727261 1.0353238803962657
decision_type=2 2 2 8 8 2 2 2 2 2 2 10 8 2 10 2 2 10 2 10 10 10 10 2 8 2 10 10 10 2
left_child=-1 2 3 7 -5 -6 8 -2 -4 11 12 22 -11 -13 15 25 21 18 -18 -19 -21 -17 24 -24 -3 -14 28 -28 29 -27
right_child=1 9 6 4 5 -7 -8 -9 -10 10 -12 13 14 -15 -16 16 17 19 -20 20 -22 -23 23 -25 -26 26 27 -29 -30 -31
leaf_value=0.0019051103853769292 0.060065615229554226 -0.052996475424671986 -0.0090318741090573695 0.34854894854239266 0.031498029239570256 0.15408640938190532 -0.16487292321775338 -0.27945786751287721 0.065166835304727763 -0.12669976124816884 -0.0031039364759777757 -0.01712263104312477 0.17649290349345537 -0.2179827992335035 -0.18860675351663475 0.079085129004050722 0.21193991455523858 -0.35183711119938083 -0.025163150204951992 -0.052870241352839645 0.23297562240547337 -0.2530944048438144 -0.11093042583813571 0.087200304240913351 0.16326459200990656 0.034604398197650002 -0.38091394151952684 -0.012177415393608016 0.1835376703722279 -0.12032989760850299
leaf_weight=66185 27 1497 128 33 236 104 64 42 34 141 38550 22 100 20 20 63 370 22 79 52 29 49 23 124 61 122 42 118 38 56
leaf_count=66185 27 1497 128 33 236 104 64 42 34 141 38550 22 100 20 20 63 370 22 79 52 29 49 23 124 61 122 42 118 38 56
internal_value=3.96492e-05 -0.000558368 0.00778443 0.0144796 0.019571 0.0141176 -0.00530973 -0.0130435 0.0037037 -0.000692341 -0.000484304 -0.00543789 0.00684089 -0.0428571 0.00913793 0.01 0.0156627 0.0202899 0.0256125 -0.00291262 0.0111111 -0.00714286 -0.00451613 0.0115646 -0.00603338 0.00210084 -0.00265957 -0.0175 0.00833333 0.0011236
internal_weight=108451 42266 668 442 373 340 226 69 162 41598 39851 1747 1301 42 1160 1140 664 552 449 103 81 112 1705 147 1558 476 376 160 216 178
internal_count=108451 42266 668 442 373 340 226 69 162 41598 39851 1747 1301 42 1160 1140 664 552 449 103 81 112 1705 147 1558 476 376 160 216 178
is_linear=0
shrinkage=0.1


end of trees

feature_importances:
svc_cycle_time_ratio_to_baseline=419
svc_recent_cycle_time_seconds=404
svc_cycle_time_std_seconds=258
svc_cycle_time_trend_seconds=246
sensor_recent_mean=245
sensor_trend=203
op_frac_running=100
zone=63
op_frac_waiting=56
station_type=16

parameters:
[boosting: gbdt]
[objective: regression_l1]
[metric: l1]
[tree_learner: serial]
[device_type: cpu]
[data_sample_strategy: bagging]
[data: ]
[valid: ]
[num_iterations: 400]
[learning_rate: 0.1]
[num_leaves: 31]
[num_threads: 0]
[seed: 20260830]
[deterministic: 0]
[force_col_wise: 0]
[force_row_wise: 0]
[histogram_pool_size: -1]
[max_depth: -1]
[min_data_in_leaf: 20]
[min_sum_hessian_in_leaf: 0.001]
[bagging_fraction: 1]
[pos_bagging_fraction: 1]
[neg_bagging_fraction: 1]
[bagging_freq: 0]
[bagging_seed: 3520]
[bagging_by_query: 0]
[feature_fraction: 1]
[feature_fraction_bynode: 1]
[feature_fraction_seed: 25582]
[extra_trees: 0]
[extra_seed: 14767]
[early_stopping_round: 0]
[early_stopping_min_delta: 0]
[first_metric_only: 0]
[max_delta_step: 0]
[lambda_l1: 0]
[lambda_l2: 0]
[linear_lambda: 0]
[min_gain_to_split: 0]
[drop_rate: 0.1]
[max_drop: 50]
[skip_drop: 0.5]
[xgboost_dart_mode: 0]
[uniform_drop: 0]
[drop_seed: 20645]
[top_rate: 0.2]
[other_rate: 0.1]
[min_data_per_group: 100]
[max_cat_threshold: 32]
[cat_l2: 10]
[cat_smooth: 10]
[max_cat_to_onehot: 4]
[top_k: 20]
[monotone_constraints: ]
[monotone_constraints_method: basic]
[monotone_penalty: 0]
[feature_contri: ]
[forcedsplits_filename: ]
[refit_decay_rate: 0.9]
[cegb_tradeoff: 1]
[cegb_penalty_split: 0]
[cegb_penalty_feature_lazy: ]
[cegb_penalty_feature_coupled: ]
[path_smooth: 0]
[interaction_constraints: ]
[verbosity: -1]
[saved_feature_importance_type: 0]
[use_quantized_grad: 0]
[num_grad_quant_bins: 4]
[quant_train_renew_leaf: 0]
[stochastic_rounding: 1]
[linear_tree: 0]
[max_bin: 255]
[max_bin_by_feature: ]
[min_data_in_bin: 3]
[bin_construct_sample_cnt: 200000]
[data_random_seed: 4792]
[is_enable_sparse: 1]
[enable_bundle: 1]
[use_missing: 1]
[zero_as_missing: 0]
[feature_pre_filter: 1]
[pre_partition: 0]
[two_round: 0]
[header: 0]
[label_column: ]
[weight_column: ]
[group_column: ]
[ignore_column: ]
[categorical_feature: 8,9,10]
[forcedbins_filename: ]
[precise_float_parser: 0]
[parser_config_file: ]
[objective_seed: 28250]
[num_class: 1]
[is_unbalance: 0]
[scale_pos_weight: 1]
[sigmoid: 1]
[boost_from_average: 1]
[reg_sqrt: 0]
[alpha: 0.9]
[fair_c: 1]
[poisson_max_delta_step: 0.7]
[tweedie_variance_power: 1.5]
[lambdarank_truncation_level: 30]
[lambdarank_norm: 1]
[label_gain: ]
[lambdarank_position_bias_regularization: 0]
[eval_at: ]
[multi_error_top_k: 1]
[auc_mu_weights: ]
[num_machines: 1]
[local_listen_port: 12400]
[time_out: 120]
[machine_list_filename: ]
[machines: ]
[gpu_platform_id: -1]
[gpu_device_id: -1]
[gpu_device_id_list: ]
[gpu_use_dp: 0]
[num_gpu: 1]

end of parameters

pandas_categorical:[["partial", "poor", "rich"], ["CURING_ENVIRONMENTAL", "MANUAL_ASSEMBLY", "ROBOTIC_HANDLING_ASSEMBLY"], ["body_joining", "final_assembly", "paint_surface"]]
