headway_seconds,station_id,station_name,zone,station_type,mechanism,applicable,baseline_rho,mild_severity_value,mild_physical_parameter,mild_effective_rho,moderate_severity_value,moderate_physical_parameter,moderate_effective_rho,severe_severity_value,severe_physical_parameter,severe_effective_rho,classification,highest_workload_variant,equation_source,buffer_capacity_used_in_classification,notes
100.0,S01,Underbody Framing,body_joining,WELDING_BODY_JOINING,MANUAL_VARIATION,False,0.46966,0.25,cycle_multiplier=1.2750,0.46966,0.5,cycle_multiplier=1.4000,0.46966,0.8,cycle_multiplier=1.5500,0.46966,INCAPABLE,,current Flow-v2 physical equation,False,capacity classification uses service/demand deficit only
100.0,S01,Underbody Framing,body_joining,WELDING_BODY_JOINING,MICRO_STOPS,True,0.46966,0.25,expected_extra_seconds_per_visit=7.5672,0.545331875,0.5,expected_extra_seconds_per_visit=15.8813,0.6284725,0.8,expected_extra_seconds_per_visit=29.8800,0.76846,INCAPABLE,,current Flow-v2 physical equation,False,capacity classification uses service/demand deficit only
100.0,S01,Underbody Framing,body_joining,WELDING_BODY_JOINING,VEHICLE_MIX_OVERLOAD,True,0.46966,0.25,shift_toward_actual_slowest_variant=0.25,0.47414500000000004,0.5,shift_toward_actual_slowest_variant=0.60,0.480424,0.8,shift_toward_actual_slowest_variant=1.00,0.48760000000000003,INCAPABLE,ICE_SUV,current Flow-v2 physical equation,False,capacity classification uses service/demand deficit only
100.0,S01,Underbody Framing,body_joining,WELDING_BODY_JOINING,ARRIVAL_BURST,True,0.46966,0.25,arrival_headway_multiplier=0.95,0.4943789473684211,0.5,arrival_headway_multiplier=0.88,0.5337045454545455,0.8,arrival_headway_multiplier=0.78,0.6021282051282051,INCAPABLE,,provisional Phase-D demand-side design; not yet implemented,False,capacity classification uses service/demand deficit only
100.0,S01,Underbody Framing,body_joining,WELDING_BODY_JOINING,EQUIPMENT_DEGRADATION_UNSEEN,True,0.46966,0.25,cycle_multiplier=1.4000,0.657524,0.5,cycle_multiplier=1.6000,0.7514560000000001,0.8,cycle_multiplier=1.8400,0.8641744000000001,INCAPABLE,,current Flow-v2 physical equation,False,UNSEEN robustness only; excluded from supervised development
100.0,S02,Floor-Pan Welding,body_joining,WELDING_BODY_JOINING,MANUAL_VARIATION,False,0.5105,0.25,cycle_multiplier=1.2750,0.5105,0.5,cycle_multiplier=1.4000,0.5105,0.8,cycle_multiplier=1.5500,0.5105,INCAPABLE,,current Flow-v2 physical equation,False,capacity classification uses service/demand deficit only
100.0,S02,Floor-Pan Welding,body_joining,WELDING_BODY_JOINING,MICRO_STOPS,True,0.5105,0.25,expected_extra_seconds_per_visit=7.5672,0.586171875,0.5,expected_extra_seconds_per_visit=15.8813,0.6693125,0.8,expected_extra_seconds_per_visit=29.8800,0.8092999999999999,INCAPABLE,,current Flow-v2 physical equation,False,capacity classification uses service/demand deficit only
100.0,S02,Floor-Pan Welding,body_joining,WELDING_BODY_JOINING,VEHICLE_MIX_OVERLOAD,True,0.5105,0.25,shift_toward_actual_slowest_variant=0.25,0.515375,0.5,shift_toward_actual_slowest_variant=0.60,0.5222,0.8,shift_toward_actual_slowest_variant=1.00,0.53,INCAPABLE,ICE_SUV,current Flow-v2 physical equation,False,capacity classification uses service/demand deficit only
100.0,S02,Floor-Pan Welding,body_joining,WELDING_BODY_JOINING,ARRIVAL_BURST,True,0.5105,0.25,arrival_headway_multiplier=0.95,0.5373684210526316,0.5,arrival_headway_multiplier=0.88,0.5801136363636363,0.8,arrival_headway_multiplier=0.78,0.6544871794871794,INCAPABLE,,provisional Phase-D demand-side design; not yet implemented,False,capacity classification uses service/demand deficit only
100.0,S02,Floor-Pan Welding,body_joining,WELDING_BODY_JOINING,EQUIPMENT_DEGRADATION_UNSEEN,True,0.5105,0.25,cycle_multiplier=1.4000,0.7146999999999999,0.5,cycle_multiplier=1.6000,0.8168,0.8,cycle_multiplier=1.8400,0.9393199999999999,HARD_NEGATIVE,,current Flow-v2 physical equation,False,UNSEEN robustness only; excluded from supervised development
100.0,S03,Body Side Panel Joining,body_joining,WELDING_BODY_JOINING,MANUAL_VARIATION,False,0.5654,0.25,cycle_multiplier=1.2750,0.5654,0.5,cycle_multiplier=1.4000,0.5654,0.8,cycle_multiplier=1.5500,0.5654,INCAPABLE,,current Flow-v2 physical equation,False,capacity classification uses service/demand deficit only
100.0,S03,Body Side Panel Joining,body_joining,WELDING_BODY_JOINING,MICRO_STOPS,True,0.5654,0.25,expected_extra_seconds_per_visit=7.5672,0.6410718750000001,0.5,expected_extra_seconds_per_visit=15.8813,0.7242125,0.8,expected_extra_seconds_per_visit=29.8800,0.8642000000000001,INCAPABLE,,current Flow-v2 physical equation,False,capacity classification uses service/demand deficit only
100.0,S03,Body Side Panel Joining,body_joining,WELDING_BODY_JOINING,VEHICLE_MIX_OVERLOAD,True,0.5654,0.25,shift_toward_actual_slowest_variant=0.25,0.57255,0.5,shift_toward_actual_slowest_variant=0.60,0.5825600000000001,0.8,shift_toward_actual_slowest_variant=1.00,0.5940000000000001,INCAPABLE,ICE_SUV,current Flow-v2 physical equation,False,capacity classification uses service/demand deficit only
100.0,S03,Body Side Panel Joining,body_joining,WELDING_BODY_JOINING,ARRIVAL_BURST,True,0.5654,0.25,arrival_headway_multiplier=0.95,0.5951578947368421,0.5,arrival_headway_multiplier=0.88,0.6425,0.8,arrival_headway_multiplier=0.78,0.7248717948717949,INCAPABLE,,provisional Phase-D demand-side design; not yet implemented,False,capacity classification uses service/demand deficit only
100.0,S03,Body Side Panel Joining,body_joining,WELDING_BODY_JOINING,EQUIPMENT_DEGRADATION_UNSEEN,True,0.5654,0.25,cycle_multiplier=1.4000,0.7915599999999999,0.5,cycle_multiplier=1.6000,0.9046400000000001,0.8,cycle_multiplier=1.8400,1.0403360000000001,BORDERLINE,,current Flow-v2 physical equation,False,UNSEEN robustness only; excluded from supervised development
100.0,S04,Roof Joining,body_joining,WELDING_BODY_JOINING,MANUAL_VARIATION,False,0.42882000000000003,0.25,cycle_multiplier=1.2750,0.42882000000000003,0.5,cycle_multiplier=1.4000,0.42882000000000003,0.8,cycle_multiplier=1.5500,0.42882000000000003,INCAPABLE,,current Flow-v2 physical equation,False,capacity classification uses service/demand deficit only
100.0,S04,Roof Joining,body_joining,WELDING_BODY_JOINING,MICRO_STOPS,True,0.42882000000000003,0.25,expected_extra_seconds_per_visit=7.5672,0.504491875,0.5,expected_extra_seconds_per_visit=15.8813,0.5876325,0.8,expected_extra_seconds_per_visit=29.8800,0.72762,INCAPABLE,,current Flow-v2 physical equation,False,capacity classification uses service/demand deficit only
100.0,S04,Roof Joining,body_joining,WELDING_BODY_JOINING,VEHICLE_MIX_OVERLOAD,True,0.42882000000000003,0.25,shift_toward_actual_slowest_variant=0.25,0.432915,0.5,shift_toward_actual_slowest_variant=0.60,0.43864800000000004,0.8,shift_toward_actual_slowest_variant=1.00,0.44520000000000004,INCAPABLE,ICE_SUV,current Flow-v2 physical equation,False,capacity classification uses service/demand deficit only
100.0,S04,Roof Joining,body_joining,WELDING_BODY_JOINING,ARRIVAL_BURST,True,0.42882000000000003,0.25,arrival_headway_multiplier=0.95,0.45138947368421056,0.5,arrival_headway_multiplier=0.88,0.4872954545454546,0.8,arrival_headway_multiplier=0.78,0.5497692307692308,INCAPABLE,,provisional Phase-D demand-side design; not yet implemented,False,capacity classification uses service/demand deficit only
100.0,S04,Roof Joining,body_joining,WELDING_BODY_JOINING,EQUIPMENT_DEGRADATION_UNSEEN,True,0.42882000000000003,0.25,cycle_multiplier=1.4000,0.600348,0.5,cycle_multiplier=1.6000,0.686112,0.8,cycle_multiplier=1.8400,0.7890288000000001,INCAPABLE,,current Flow-v2 physical equation,False,UNSEEN robustness only; excluded from supervised development
100.0,S05,Structural Adhesive / Body Bonding,body_joining,ADHESIVE_SEALING,MANUAL_VARIATION,False,0.32,0.25,cycle_multiplier=1.2750,0.32,0.5,cycle_multiplier=1.4000,0.32,0.8,cycle_multiplier=1.5500,0.32,INCAPABLE,,current Flow-v2 physical equation,False,capacity classification uses service/demand deficit only
100.0,S05,Structural Adhesive / Body Bonding,body_joining,ADHESIVE_SEALING,MICRO_STOPS,True,0.32,0.25,expected_extra_seconds_per_visit=7.5672,0.395671875,0.5,expected_extra_seconds_per_visit=15.8813,0.47881250000000003,0.8,expected_extra_seconds_per_visit=29.8800,0.6188,INCAPABLE,,current Flow-v2 physical equation,False,capacity classification uses service/demand deficit only
100.0,S05,Structural Adhesive / Body Bonding,body_joining,ADHESIVE_SEALING,VEHICLE_MIX_OVERLOAD,True,0.32,0.25,shift_toward_actual_slowest_variant=0.25,0.32,0.5,shift_toward_actual_slowest_variant=0.60,0.32,0.8,shift_toward_actual_slowest_variant=1.00,0.32,INCAPABLE,ICE_SEDAN,current Flow-v2 physical equation,False,capacity classification uses service/demand deficit only
100.0,S05,Structural Adhesive / Body Bonding,body_joining,ADHESIVE_SEALING,ARRIVAL_BURST,True,0.32,0.25,arrival_headway_multiplier=0.95,0.33684210526315794,0.5,arrival_headway_multiplier=0.88,0.36363636363636365,0.8,arrival_headway_multiplier=0.78,0.41025641025641024,INCAPABLE,,provisional Phase-D demand-side design; not yet implemented,False,capacity classification uses service/demand deficit only
100.0,S05,Structural Adhesive / Body Bonding,body_joining,ADHESIVE_SEALING,EQUIPMENT_DEGRADATION_UNSEEN,True,0.32,0.25,cycle_multiplier=1.4000,0.44799999999999995,0.5,cycle_multiplier=1.6000,0.512,0.8,cycle_multiplier=1.8400,0.5888,INCAPABLE,,current Flow-v2 physical equation,False,UNSEEN robustness only; excluded from supervised development
100.0,S06,Robotic Body Handling / Positioning,body_joining,ROBOTIC_HANDLING_ASSEMBLY,MANUAL_VARIATION,False,0.3,0.25,cycle_multiplier=1.2750,0.3,0.5,cycle_multiplier=1.4000,0.3,0.8,cycle_multiplier=1.5500,0.3,INCAPABLE,,current Flow-v2 physical equation,False,capacity classification uses service/demand deficit only
100.0,S06,Robotic Body Handling / Positioning,body_joining,ROBOTIC_HANDLING_ASSEMBLY,MICRO_STOPS,True,0.3,0.25,expected_extra_seconds_per_visit=7.5672,0.375671875,0.5,expected_extra_seconds_per_visit=15.8813,0.4588125,0.8,expected_extra_seconds_per_visit=29.8800,0.5988,INCAPABLE,,current Flow-v2 physical equation,False,capacity classification uses service/demand deficit only
100.0,S06,Robotic Body Handling / Positioning,body_joining,ROBOTIC_HANDLING_ASSEMBLY,VEHICLE_MIX_OVERLOAD,True,0.3,0.25,shift_toward_actual_slowest_variant=0.25,0.3,0.5,shift_toward_actual_slowest_variant=0.60,0.3,0.8,shift_toward_actual_slowest_variant=1.00,0.3,INCAPABLE,ICE_SEDAN,current Flow-v2 physical equation,False,capacity classification uses service/demand deficit only
100.0,S06,Robotic Body Handling / Positioning,body_joining,ROBOTIC_HANDLING_ASSEMBLY,ARRIVAL_BURST,True,0.3,0.25,arrival_headway_multiplier=0.95,0.3157894736842105,0.5,arrival_headway_multiplier=0.88,0.3409090909090909,0.8,arrival_headway_multiplier=0.78,0.3846153846153846,INCAPABLE,,provisional Phase-D demand-side design; not yet implemented,False,capacity classification uses service/demand deficit only
100.0,S06,Robotic Body Handling / Positioning,body_joining,ROBOTIC_HANDLING_ASSEMBLY,EQUIPMENT_DEGRADATION_UNSEEN,True,0.3,0.25,cycle_multiplier=1.4000,0.42,0.5,cycle_multiplier=1.6000,0.48,0.8,cycle_multiplier=1.8400,0.552,INCAPABLE,,current Flow-v2 physical equation,False,UNSEEN robustness only; excluded from supervised development
100.0,S07,Closure Panel Fitting,body_joining,ROBOTIC_HANDLING_ASSEMBLY,MANUAL_VARIATION,False,0.48,0.25,cycle_multiplier=1.2750,0.48,0.5,cycle_multiplier=1.4000,0.48,0.8,cycle_multiplier=1.5500,0.48,INCAPABLE,,current Flow-v2 physical equation,False,capacity classification uses service/demand deficit only
100.0,S07,Closure Panel Fitting,body_joining,ROBOTIC_HANDLING_ASSEMBLY,MICRO_STOPS,True,0.48,0.25,expected_extra_seconds_per_visit=7.5672,0.555671875,0.5,expected_extra_seconds_per_visit=15.8813,0.6388125,0.8,expected_extra_seconds_per_visit=29.8800,0.7787999999999999,INCAPABLE,,current Flow-v2 physical equation,False,capacity classification uses service/demand deficit only
100.0,S07,Closure Panel Fitting,body_joining,ROBOTIC_HANDLING_ASSEMBLY,VEHICLE_MIX_OVERLOAD,True,0.48,0.25,shift_toward_actual_slowest_variant=0.25,0.48,0.5,shift_toward_actual_slowest_variant=0.60,0.48,0.8,shift_toward_actual_slowest_variant=1.00,0.48,INCAPABLE,ICE_SEDAN,current Flow-v2 physical equation,False,capacity classification uses service/demand deficit only
100.0,S07,Closure Panel Fitting,body_joining,ROBOTIC_HANDLING_ASSEMBLY,ARRIVAL_BURST,True,0.48,0.25,arrival_headway_multiplier=0.95,0.5052631578947369,0.5,arrival_headway_multiplier=0.88,0.5454545454545454,0.8,arrival_headway_multiplier=0.78,0.6153846153846153,INCAPABLE,,provisional Phase-D demand-side design; not yet implemented,False,capacity classification uses service/demand deficit only
100.0,S07,Closure Panel Fitting,body_joining,ROBOTIC_HANDLING_ASSEMBLY,EQUIPMENT_DEGRADATION_UNSEEN,True,0.48,0.25,cycle_multiplier=1.4000,0.6719999999999999,0.5,cycle_multiplier=1.6000,0.768,0.8,cycle_multiplier=1.8400,0.8832,INCAPABLE,,current Flow-v2 physical equation,False,UNSEEN robustness only; excluded from supervised development
100.0,S08,Body Geometry Inspection,body_joining,DIMENSIONAL_INSPECTION,MANUAL_VARIATION,False,0.26,0.25,cycle_multiplier=1.2750,0.26,0.5,cycle_multiplier=1.4000,0.26,0.8,cycle_multiplier=1.5500,0.26,INCAPABLE,,current Flow-v2 physical equation,False,capacity classification uses service/demand deficit only
100.0,S08,Body Geometry Inspection,body_joining,DIMENSIONAL_INSPECTION,MICRO_STOPS,True,0.26,0.25,expected_extra_seconds_per_visit=7.5672,0.335671875,0.5,expected_extra_seconds_per_visit=15.8813,0.41881250000000003,0.8,expected_extra_seconds_per_visit=29.8800,0.5588,INCAPABLE,,current Flow-v2 physical equation,False,capacity classification uses service/demand deficit only
100.0,S08,Body Geometry Inspection,body_joining,DIMENSIONAL_INSPECTION,VEHICLE_MIX_OVERLOAD,True,0.26,0.25,shift_toward_actual_slowest_variant=0.25,0.26,0.5,shift_toward_actual_slowest_variant=0.60,0.26,0.8,shift_toward_actual_slowest_variant=1.00,0.26,INCAPABLE,ICE_SEDAN,current Flow-v2 physical equation,False,capacity classification uses service/demand deficit only
100.0,S08,Body Geometry Inspection,body_joining,DIMENSIONAL_INSPECTION,ARRIVAL_BURST,True,0.26,0.25,arrival_headway_multiplier=0.95,0.2736842105263158,0.5,arrival_headway_multiplier=0.88,0.29545454545454547,0.8,arrival_headway_multiplier=0.78,0.3333333333333333,INCAPABLE,,provisional Phase-D demand-side design; not yet implemented,False,capacity classification uses service/demand deficit only
100.0,S08,Body Geometry Inspection,body_joining,DIMENSIONAL_INSPECTION,EQUIPMENT_DEGRADATION_UNSEEN,True,0.26,0.25,cycle_multiplier=1.4000,0.364,0.5,cycle_multiplier=1.6000,0.41600000000000004,0.8,cycle_multiplier=1.8400,0.47840000000000005,INCAPABLE,,current Flow-v2 physical equation,False,UNSEEN robustness only; excluded from supervised development
100.0,S09,Additional Spot Welding / Reinforcement,body_joining,WELDING_BODY_JOINING,MANUAL_VARIATION,False,0.38,0.25,cycle_multiplier=1.2750,0.38,0.5,cycle_multiplier=1.4000,0.38,0.8,cycle_multiplier=1.5500,0.38,INCAPABLE,,current Flow-v2 physical equation,False,capacity classification uses service/demand deficit only
100.0,S09,Additional Spot Welding / Reinforcement,body_joining,WELDING_BODY_JOINING,MICRO_STOPS,True,0.38,0.25,expected_extra_seconds_per_visit=7.5672,0.455671875,0.5,expected_extra_seconds_per_visit=15.8813,0.5388125,0.8,expected_extra_seconds_per_visit=29.8800,0.6788000000000001,INCAPABLE,,current Flow-v2 physical equation,False,capacity classification uses service/demand deficit only
100.0,S09,Additional Spot Welding / Reinforcement,body_joining,WELDING_BODY_JOINING,VEHICLE_MIX_OVERLOAD,True,0.38,0.25,shift_toward_actual_slowest_variant=0.25,0.38,0.5,shift_toward_actual_slowest_variant=0.60,0.38,0.8,shift_toward_actual_slowest_variant=1.00,0.38,INCAPABLE,ICE_SEDAN,current Flow-v2 physical equation,False,capacity classification uses service/demand deficit only
100.0,S09,Additional Spot Welding / Reinforcement,body_joining,WELDING_BODY_JOINING,ARRIVAL_BURST,True,0.38,0.25,arrival_headway_multiplier=0.95,0.4,0.5,arrival_headway_multiplier=0.88,0.4318181818181818,0.8,arrival_headway_multiplier=0.78,0.48717948717948717,INCAPABLE,,provisional Phase-D demand-side design; not yet implemented,False,capacity classification uses service/demand deficit only
100.0,S09,Additional Spot Welding / Reinforcement,body_joining,WELDING_BODY_JOINING,EQUIPMENT_DEGRADATION_UNSEEN,True,0.38,0.25,cycle_multiplier=1.4000,0.5319999999999999,0.5,cycle_multiplier=1.6000,0.6080000000000001,0.8,cycle_multiplier=1.8400,0.6992,INCAPABLE,,current Flow-v2 physical equation,False,UNSEEN robustness only; excluded from supervised development
100.0,S10,Seam / Body Joining,body_joining,WELDING_BODY_JOINING,MANUAL_VARIATION,False,0.44,0.25,cycle_multiplier=1.2750,0.44,0.5,cycle_multiplier=1.4000,0.44,0.8,cycle_multiplier=1.5500,0.44,INCAPABLE,,current Flow-v2 physical equation,False,capacity classification uses service/demand deficit only
100.0,S10,Seam / Body Joining,body_joining,WELDING_BODY_JOINING,MICRO_STOPS,True,0.44,0.25,expected_extra_seconds_per_visit=7.5672,0.515671875,0.5,expected_extra_seconds_per_visit=15.8813,0.5988125,0.8,expected_extra_seconds_per_visit=29.8800,0.7388,INCAPABLE,,current Flow-v2 physical equation,False,capacity classification uses service/demand deficit only
100.0,S10,Seam / Body Joining,body_joining,WELDING_BODY_JOINING,VEHICLE_MIX_OVERLOAD,True,0.44,0.25,shift_toward_actual_slowest_variant=0.25,0.44,0.5,shift_toward_actual_slowest_variant=0.60,0.44,0.8,shift_toward_actual_slowest_variant=1.00,0.44,INCAPABLE,ICE_SEDAN,current Flow-v2 physical equation,False,capacity classification uses service/demand deficit only
100.0,S10,Seam / Body Joining,body_joining,WELDING_BODY_JOINING,ARRIVAL_BURST,True,0.44,0.25,arrival_headway_multiplier=0.95,0.4631578947368421,0.5,arrival_headway_multiplier=0.88,0.5,0.8,arrival_headway_multiplier=0.78,0.5641025641025641,INCAPABLE,,provisional Phase-D demand-side design; not yet implemented,False,capacity classification uses service/demand deficit only
100.0,S10,Seam / Body Joining,body_joining,WELDING_BODY_JOINING,EQUIPMENT_DEGRADATION_UNSEEN,True,0.44,0.25,cycle_multiplier=1.4000,0.616,0.5,cycle_multiplier=1.6000,0.7040000000000001,0.8,cycle_multiplier=1.8400,0.8096,INCAPABLE,,current Flow-v2 physical equation,False,UNSEEN robustness only; excluded from supervised development
100.0,S11,Body Finishing / Manual Inspection,body_joining,MANUAL_ASSEMBLY,MANUAL_VARIATION,True,0.72,0.25,cycle_multiplier=1.2750,0.9179999999999999,0.5,cycle_multiplier=1.4000,1.008,0.8,cycle_multiplier=1.5500,1.1159999999999999,POSITIVE-CAPABLE,,current Flow-v2 physical equation,False,capacity classification uses service/demand deficit only
100.0,S11,Body Finishing / Manual Inspection,body_joining,MANUAL_ASSEMBLY,MICRO_STOPS,False,0.72,0.25,expected_extra_seconds_per_visit=7.5672,0.72,0.5,expected_extra_seconds_per_visit=15.8813,0.72,0.8,expected_extra_seconds_per_visit=29.8800,0.72,INCAPABLE,,current Flow-v2 physical equation,False,capacity classification uses service/demand deficit only
100.0,S11,Body Finishing / Manual Inspection,body_joining,MANUAL_ASSEMBLY,VEHICLE_MIX_OVERLOAD,True,0.72,0.25,shift_toward_actual_slowest_variant=0.25,0.72,0.5,shift_toward_actual_slowest_variant=0.60,0.72,0.8,shift_toward_actual_slowest_variant=1.00,0.72,INCAPABLE,ICE_SEDAN,current Flow-v2 physical equation,False,capacity classification uses service/demand deficit only
100.0,S11,Body Finishing / Manual Inspection,body_joining,MANUAL_ASSEMBLY,ARRIVAL_BURST,True,0.72,0.25,arrival_headway_multiplier=0.95,0.7578947368421053,0.5,arrival_headway_multiplier=0.88,0.8181818181818181,0.8,arrival_headway_multiplier=0.78,0.923076923076923,HARD_NEGATIVE,,provisional Phase-D demand-side design; not yet implemented,False,capacity classification uses service/demand deficit only
100.0,S11,Body Finishing / Manual Inspection,body_joining,MANUAL_ASSEMBLY,EQUIPMENT_DEGRADATION_UNSEEN,False,0.72,0.25,cycle_multiplier=1.4000,0.72,0.5,cycle_multiplier=1.6000,0.72,0.8,cycle_multiplier=1.8400,0.72,INCAPABLE,,current Flow-v2 physical equation,False,UNSEEN robustness only; excluded from supervised development
100.0,S12,Body-Out Dimensional Check,body_joining,DIMENSIONAL_INSPECTION,MANUAL_VARIATION,False,0.25,0.25,cycle_multiplier=1.2750,0.25,0.5,cycle_multiplier=1.4000,0.25,0.8,cycle_multiplier=1.5500,0.25,INCAPABLE,,current Flow-v2 physical equation,False,capacity classification uses service/demand deficit only
100.0,S12,Body-Out Dimensional Check,body_joining,DIMENSIONAL_INSPECTION,MICRO_STOPS,True,0.25,0.25,expected_extra_seconds_per_visit=7.5672,0.325671875,0.5,expected_extra_seconds_per_visit=15.8813,0.4088125,0.8,expected_extra_seconds_per_visit=29.8800,0.5488,INCAPABLE,,current Flow-v2 physical equation,False,capacity classification uses service/demand deficit only
100.0,S12,Body-Out Dimensional Check,body_joining,DIMENSIONAL_INSPECTION,VEHICLE_MIX_OVERLOAD,True,0.25,0.25,shift_toward_actual_slowest_variant=0.25,0.25,0.5,shift_toward_actual_slowest_variant=0.60,0.25,0.8,shift_toward_actual_slowest_variant=1.00,0.25,INCAPABLE,ICE_SEDAN,current Flow-v2 physical equation,False,capacity classification uses service/demand deficit only
100.0,S12,Body-Out Dimensional Check,body_joining,DIMENSIONAL_INSPECTION,ARRIVAL_BURST,True,0.25,0.25,arrival_headway_multiplier=0.95,0.2631578947368421,0.5,arrival_headway_multiplier=0.88,0.2840909090909091,0.8,arrival_headway_multiplier=0.78,0.3205128205128205,INCAPABLE,,provisional Phase-D demand-side design; not yet implemented,False,capacity classification uses service/demand deficit only
100.0,S12,Body-Out Dimensional Check,body_joining,DIMENSIONAL_INSPECTION,EQUIPMENT_DEGRADATION_UNSEEN,True,0.25,0.25,cycle_multiplier=1.4000,0.35,0.5,cycle_multiplier=1.6000,0.4,0.8,cycle_multiplier=1.8400,0.46,INCAPABLE,,current Flow-v2 physical equation,False,UNSEEN robustness only; excluded from supervised development
100.0,S13,Pretreatment,paint_surface,PAINT_COATING,MANUAL_VARIATION,False,0.4,0.25,cycle_multiplier=1.2750,0.4,0.5,cycle_multiplier=1.4000,0.4,0.8,cycle_multiplier=1.5500,0.4,INCAPABLE,,current Flow-v2 physical equation,False,capacity classification uses service/demand deficit only
100.0,S13,Pretreatment,paint_surface,PAINT_COATING,MICRO_STOPS,True,0.4,0.25,expected_extra_seconds_per_visit=7.5672,0.475671875,0.5,expected_extra_seconds_per_visit=15.8813,0.5588125,0.8,expected_extra_seconds_per_visit=29.8800,0.6988000000000001,INCAPABLE,,current Flow-v2 physical equation,False,capacity classification uses service/demand deficit only
100.0,S13,Pretreatment,paint_surface,PAINT_COATING,VEHICLE_MIX_OVERLOAD,True,0.4,0.25,shift_toward_actual_slowest_variant=0.25,0.4,0.5,shift_toward_actual_slowest_variant=0.60,0.4,0.8,shift_toward_actual_slowest_variant=1.00,0.4,INCAPABLE,ICE_SEDAN,current Flow-v2 physical equation,False,capacity classification uses service/demand deficit only
100.0,S13,Pretreatment,paint_surface,PAINT_COATING,ARRIVAL_BURST,True,0.4,0.25,arrival_headway_multiplier=0.95,0.4210526315789474,0.5,arrival_headway_multiplier=0.88,0.4545454545454546,0.8,arrival_headway_multiplier=0.78,0.5128205128205129,INCAPABLE,,provisional Phase-D demand-side design; not yet implemented,False,capacity classification uses service/demand deficit only
100.0,S13,Pretreatment,paint_surface,PAINT_COATING,EQUIPMENT_DEGRADATION_UNSEEN,True,0.4,0.25,cycle_multiplier=1.4000,0.5599999999999999,0.5,cycle_multiplier=1.6000,0.6400000000000001,0.8,cycle_multiplier=1.8400,0.7360000000000001,INCAPABLE,,current Flow-v2 physical equation,False,UNSEEN robustness only; excluded from supervised development
100.0,S14,E-Coat Application,paint_surface,PAINT_COATING,MANUAL_VARIATION,False,0.55,0.25,cycle_multiplier=1.2750,0.55,0.5,cycle_multiplier=1.4000,0.55,0.8,cycle_multiplier=1.5500,0.55,INCAPABLE,,current Flow-v2 physical equation,False,capacity classification uses service/demand deficit only
100.0,S14,E-Coat Application,paint_surface,PAINT_COATING,MICRO_STOPS,True,0.55,0.25,expected_extra_seconds_per_visit=7.5672,0.6256718750000001,0.5,expected_extra_seconds_per_visit=15.8813,0.7088125000000001,0.8,expected_extra_seconds_per_visit=29.8800,0.8488,INCAPABLE,,current Flow-v2 physical equation,False,capacity classification uses service/demand deficit only
100.0,S14,E-Coat Application,paint_surface,PAINT_COATING,VEHICLE_MIX_OVERLOAD,True,0.55,0.25,shift_toward_actual_slowest_variant=0.25,0.55,0.5,shift_toward_actual_slowest_variant=0.60,0.55,0.8,shift_toward_actual_slowest_variant=1.00,0.55,INCAPABLE,ICE_SEDAN,current Flow-v2 physical equation,False,capacity classification uses service/demand deficit only
100.0,S14,E-Coat Application,paint_surface,PAINT_COATING,ARRIVAL_BURST,True,0.55,0.25,arrival_headway_multiplier=0.95,0.5789473684210527,0.5,arrival_headway_multiplier=0.88,0.625,0.8,arrival_headway_multiplier=0.78,0.7051282051282052,INCAPABLE,,provisional Phase-D demand-side design; not yet implemented,False,capacity classification uses service/demand deficit only
100.0,S14,E-Coat Application,paint_surface,PAINT_COATING,EQUIPMENT_DEGRADATION_UNSEEN,True,0.55,0.25,cycle_multiplier=1.4000,0.77,0.5,cycle_multiplier=1.6000,0.8800000000000001,0.8,cycle_multiplier=1.8400,1.0120000000000002,BORDERLINE,,current Flow-v2 physical equation,False,UNSEEN robustness only; excluded from supervised development
100.0,S15,E-Coat Cure,paint_surface,CURING_ENVIRONMENTAL,MANUAL_VARIATION,False,0.62,0.25,cycle_multiplier=1.2750,0.62,0.5,cycle_multiplier=1.4000,0.62,0.8,cycle_multiplier=1.5500,0.62,INCAPABLE,,current Flow-v2 physical equation,False,capacity classification uses service/demand deficit only
100.0,S15,E-Coat Cure,paint_surface,CURING_ENVIRONMENTAL,MICRO_STOPS,True,0.62,0.25,expected_extra_seconds_per_visit=7.5672,0.695671875,0.5,expected_extra_seconds_per_visit=15.8813,0.7788125,0.8,expected_extra_seconds_per_visit=29.8800,0.9188000000000001,HARD_NEGATIVE,,current Flow-v2 physical equation,False,capacity classification uses service/demand deficit only
100.0,S15,E-Coat Cure,paint_surface,CURING_ENVIRONMENTAL,VEHICLE_MIX_OVERLOAD,True,0.62,0.25,shift_toward_actual_slowest_variant=0.25,0.62,0.5,shift_toward_actual_slowest_variant=0.60,0.62,0.8,shift_toward_actual_slowest_variant=1.00,0.62,INCAPABLE,ICE_SEDAN,current Flow-v2 physical equation,False,capacity classification uses service/demand deficit only
100.0,S15,E-Coat Cure,paint_surface,CURING_ENVIRONMENTAL,ARRIVAL_BURST,True,0.62,0.25,arrival_headway_multiplier=0.95,0.6526315789473685,0.5,arrival_headway_multiplier=0.88,0.7045454545454546,0.8,arrival_headway_multiplier=0.78,0.7948717948717948,INCAPABLE,,provisional Phase-D demand-side design; not yet implemented,False,capacity classification uses service/demand deficit only
100.0,S15,E-Coat Cure,paint_surface,CURING_ENVIRONMENTAL,EQUIPMENT_DEGRADATION_UNSEEN,True,0.62,0.25,cycle_multiplier=1.4000,0.868,0.5,cycle_multiplier=1.6000,0.992,0.8,cycle_multiplier=1.8400,1.1408,POSITIVE-CAPABLE,,current Flow-v2 physical equation,False,UNSEEN robustness only; excluded from supervised development
100.0,S16,Sealer Application,paint_surface,ADHESIVE_SEALING,MANUAL_VARIATION,False,0.34,0.25,cycle_multiplier=1.2750,0.34,0.5,cycle_multiplier=1.4000,0.34,0.8,cycle_multiplier=1.5500,0.34,INCAPABLE,,current Flow-v2 physical equation,False,capacity classification uses service/demand deficit only
100.0,S16,Sealer Application,paint_surface,ADHESIVE_SEALING,MICRO_STOPS,True,0.34,0.25,expected_extra_seconds_per_visit=7.5672,0.415671875,0.5,expected_extra_seconds_per_visit=15.8813,0.49881250000000005,0.8,expected_extra_seconds_per_visit=29.8800,0.6388,INCAPABLE,,current Flow-v2 physical equation,False,capacity classification uses service/demand deficit only
100.0,S16,Sealer Application,paint_surface,ADHESIVE_SEALING,VEHICLE_MIX_OVERLOAD,True,0.34,0.25,shift_toward_actual_slowest_variant=0.25,0.34,0.5,shift_toward_actual_slowest_variant=0.60,0.34,0.8,shift_toward_actual_slowest_variant=1.00,0.34,INCAPABLE,ICE_SEDAN,current Flow-v2 physical equation,False,capacity classification uses service/demand deficit only
100.0,S16,Sealer Application,paint_surface,ADHESIVE_SEALING,ARRIVAL_BURST,True,0.34,0.25,arrival_headway_multiplier=0.95,0.3578947368421053,0.5,arrival_headway_multiplier=0.88,0.3863636363636364,0.8,arrival_headway_multiplier=0.78,0.4358974358974359,INCAPABLE,,provisional Phase-D demand-side design; not yet implemented,False,capacity classification uses service/demand deficit only
100.0,S16,Sealer Application,paint_surface,ADHESIVE_SEALING,EQUIPMENT_DEGRADATION_UNSEEN,True,0.34,0.25,cycle_multiplier=1.4000,0.476,0.5,cycle_multiplier=1.6000,0.544,0.8,cycle_multiplier=1.8400,0.6256,INCAPABLE,,current Flow-v2 physical equation,False,UNSEEN robustness only; excluded from supervised development
100.0,S17,Primer Application,paint_surface,PAINT_COATING,MANUAL_VARIATION,False,0.46482999999999997,0.25,cycle_multiplier=1.2750,0.46482999999999997,0.5,cycle_multiplier=1.4000,0.46482999999999997,0.8,cycle_multiplier=1.5500,0.46482999999999997,INCAPABLE,,current Flow-v2 physical equation,False,capacity classification uses service/demand deficit only
100.0,S17,Primer Application,paint_surface,PAINT_COATING,MICRO_STOPS,True,0.46482999999999997,0.25,expected_extra_seconds_per_visit=7.5672,0.540501875,0.5,expected_extra_seconds_per_visit=15.8813,0.6236425,0.8,expected_extra_seconds_per_visit=29.8800,0.76363,INCAPABLE,,current Flow-v2 physical equation,False,capacity classification uses service/demand deficit only
100.0,S17,Primer Application,paint_surface,PAINT_COATING,VEHICLE_MIX_OVERLOAD,True,0.46482999999999997,0.25,shift_toward_actual_slowest_variant=0.25,0.4670725,0.5,shift_toward_actual_slowest_variant=0.60,0.470212,0.8,shift_toward_actual_slowest_variant=1.00,0.4738,INCAPABLE,ICE_SUV,current Flow-v2 physical equation,False,capacity classification uses service/demand deficit only
100.0,S17,Primer Application,paint_surface,PAINT_COATING,ARRIVAL_BURST,True,0.46482999999999997,0.25,arrival_headway_multiplier=0.95,0.4892947368421052,0.5,arrival_headway_multiplier=0.88,0.5282159090909091,0.8,arrival_headway_multiplier=0.78,0.5959358974358974,INCAPABLE,,provisional Phase-D demand-side design; not yet implemented,False,capacity classification uses service/demand deficit only
100.0,S17,Primer Application,paint_surface,PAINT_COATING,EQUIPMENT_DEGRADATION_UNSEEN,True,0.46482999999999997,0.25,cycle_multiplier=1.4000,0.650762,0.5,cycle_multiplier=1.6000,0.743728,0.8,cycle_multiplier=1.8400,0.8552872,INCAPABLE,,current Flow-v2 physical equation,False,UNSEEN robustness only; excluded from supervised development
100.0,S18,Base / Colour Coat,paint_surface,PAINT_COATING,MANUAL_VARIATION,False,0.50525,0.25,cycle_multiplier=1.2750,0.50525,0.5,cycle_multiplier=1.4000,0.50525,0.8,cycle_multiplier=1.5500,0.50525,INCAPABLE,,current Flow-v2 physical equation,False,capacity classification uses service/demand deficit only
100.0,S18,Base / Colour Coat,paint_surface,PAINT_COATING,MICRO_STOPS,True,0.50525,0.25,expected_extra_seconds_per_visit=7.5672,0.580921875,0.5,expected_extra_seconds_per_visit=15.8813,0.6640625,0.8,expected_extra_seconds_per_visit=29.8800,0.8040499999999999,INCAPABLE,,current Flow-v2 physical equation,False,capacity classification uses service/demand deficit only
100.0,S18,Base / Colour Coat,paint_surface,PAINT_COATING,VEHICLE_MIX_OVERLOAD,True,0.50525,0.25,shift_toward_actual_slowest_variant=0.25,0.5076875,0.5,shift_toward_actual_slowest_variant=0.60,0.5111,0.8,shift_toward_actual_slowest_variant=1.00,0.515,INCAPABLE,ICE_SUV,current Flow-v2 physical equation,False,capacity classification uses service/demand deficit only
100.0,S18,Base / Colour Coat,paint_surface,PAINT_COATING,ARRIVAL_BURST,True,0.50525,0.25,arrival_headway_multiplier=0.95,0.5318421052631579,0.5,arrival_headway_multiplier=0.88,0.5741477272727272,0.8,arrival_headway_multiplier=0.78,0.6477564102564102,INCAPABLE,,provisional Phase-D demand-side design; not yet implemented,False,capacity classification uses service/demand deficit only
100.0,S18,Base / Colour Coat,paint_surface,PAINT_COATING,EQUIPMENT_DEGRADATION_UNSEEN,True,0.50525,0.25,cycle_multiplier=1.4000,0.7073499999999999,0.5,cycle_multiplier=1.6000,0.8084,0.8,cycle_multiplier=1.8400,0.92966,HARD_NEGATIVE,,current Flow-v2 physical equation,False,UNSEEN robustness only; excluded from supervised development
100.0,S19,Clear Coat,paint_surface,PAINT_COATING,MANUAL_VARIATION,False,0.48504,0.25,cycle_multiplier=1.2750,0.48504,0.5,cycle_multiplier=1.4000,0.48504,0.8,cycle_multiplier=1.5500,0.48504,INCAPABLE,,current Flow-v2 physical equation,False,capacity classification uses service/demand deficit only
100.0,S19,Clear Coat,paint_surface,PAINT_COATING,MICRO_STOPS,True,0.48504,0.25,expected_extra_seconds_per_visit=7.5672,0.5607118750000001,0.5,expected_extra_seconds_per_visit=15.8813,0.6438525,0.8,expected_extra_seconds_per_visit=29.8800,0.7838400000000001,INCAPABLE,,current Flow-v2 physical equation,False,capacity classification uses service/demand deficit only
100.0,S19,Clear Coat,paint_surface,PAINT_COATING,VEHICLE_MIX_OVERLOAD,True,0.48504,0.25,shift_toward_actual_slowest_variant=0.25,0.48738,0.5,shift_toward_actual_slowest_variant=0.60,0.49065600000000004,0.8,shift_toward_actual_slowest_variant=1.00,0.49439999999999995,INCAPABLE,ICE_SUV,current Flow-v2 physical equation,False,capacity classification uses service/demand deficit only
100.0,S19,Clear Coat,paint_surface,PAINT_COATING,ARRIVAL_BURST,True,0.48504,0.25,arrival_headway_multiplier=0.95,0.5105684210526317,0.5,arrival_headway_multiplier=0.88,0.5511818181818182,0.8,arrival_headway_multiplier=0.78,0.6218461538461538,INCAPABLE,,provisional Phase-D demand-side design; not yet implemented,False,capacity classification uses service/demand deficit only
100.0,S19,Clear Coat,paint_surface,PAINT_COATING,EQUIPMENT_DEGRADATION_UNSEEN,True,0.48504,0.25,cycle_multiplier=1.4000,0.679056,0.5,cycle_multiplier=1.6000,0.7760640000000001,0.8,cycle_multiplier=1.8400,0.8924736000000001,INCAPABLE,,current Flow-v2 physical equation,False,UNSEEN robustness only; excluded from supervised development
100.0,S20,Paint Cure + Paint Inspection,paint_surface,CURING_ENVIRONMENTAL,MANUAL_VARIATION,False,0.73,0.25,cycle_multiplier=1.2750,0.73,0.5,cycle_multiplier=1.4000,0.73,0.8,cycle_multiplier=1.5500,0.73,INCAPABLE,,current Flow-v2 physical equation,False,capacity classification uses service/demand deficit only
100.0,S20,Paint Cure + Paint Inspection,paint_surface,CURING_ENVIRONMENTAL,MICRO_STOPS,True,0.73,0.25,expected_extra_seconds_per_visit=7.5672,0.805671875,0.5,expected_extra_seconds_per_visit=15.8813,0.8888125,0.8,expected_extra_seconds_per_visit=29.8800,1.0288,BORDERLINE,,current Flow-v2 physical equation,False,capacity classification uses service/demand deficit only
100.0,S20,Paint Cure + Paint Inspection,paint_surface,CURING_ENVIRONMENTAL,VEHICLE_MIX_OVERLOAD,True,0.73,0.25,shift_toward_actual_slowest_variant=0.25,0.73,0.5,shift_toward_actual_slowest_variant=0.60,0.73,0.8,shift_toward_actual_slowest_variant=1.00,0.73,INCAPABLE,ICE_SEDAN,current Flow-v2 physical equation,False,capacity classification uses service/demand deficit only
100.0,S20,Paint Cure + Paint Inspection,paint_surface,CURING_ENVIRONMENTAL,ARRIVAL_BURST,True,0.73,0.25,arrival_headway_multiplier=0.95,0.768421052631579,0.5,arrival_headway_multiplier=0.88,0.8295454545454545,0.8,arrival_headway_multiplier=0.78,0.9358974358974358,HARD_NEGATIVE,,provisional Phase-D demand-side design; not yet implemented,False,capacity classification uses service/demand deficit only
100.0,S20,Paint Cure + Paint Inspection,paint_surface,CURING_ENVIRONMENTAL,EQUIPMENT_DEGRADATION_UNSEEN,True,0.73,0.25,cycle_multiplier=1.4000,1.022,0.5,cycle_multiplier=1.6000,1.168,0.8,cycle_multiplier=1.8400,1.3432,POSITIVE-CAPABLE,,current Flow-v2 physical equation,False,UNSEEN robustness only; excluded from supervised development
100.0,S21,Trim Preparation,final_assembly,MANUAL_ASSEMBLY,MANUAL_VARIATION,True,0.75,0.25,cycle_multiplier=1.2750,0.9562499999999999,0.5,cycle_multiplier=1.4000,1.0499999999999998,0.8,cycle_multiplier=1.5500,1.1624999999999999,POSITIVE-CAPABLE,,current Flow-v2 physical equation,False,capacity classification uses service/demand deficit only
100.0,S21,Trim Preparation,final_assembly,MANUAL_ASSEMBLY,MICRO_STOPS,False,0.75,0.25,expected_extra_seconds_per_visit=7.5672,0.75,0.5,expected_extra_seconds_per_visit=15.8813,0.75,0.8,expected_extra_seconds_per_visit=29.8800,0.75,INCAPABLE,,current Flow-v2 physical equation,False,capacity classification uses service/demand deficit only
100.0,S21,Trim Preparation,final_assembly,MANUAL_ASSEMBLY,VEHICLE_MIX_OVERLOAD,True,0.75,0.25,shift_toward_actual_slowest_variant=0.25,0.75,0.5,shift_toward_actual_slowest_variant=0.60,0.75,0.8,shift_toward_actual_slowest_variant=1.00,0.75,INCAPABLE,ICE_SEDAN,current Flow-v2 physical equation,False,capacity classification uses service/demand deficit only
100.0,S21,Trim Preparation,final_assembly,MANUAL_ASSEMBLY,ARRIVAL_BURST,True,0.75,0.25,arrival_headway_multiplier=0.95,0.7894736842105263,0.5,arrival_headway_multiplier=0.88,0.8522727272727273,0.8,arrival_headway_multiplier=0.78,0.9615384615384615,HARD_NEGATIVE,,provisional Phase-D demand-side design; not yet implemented,False,capacity classification uses service/demand deficit only
100.0,S21,Trim Preparation,final_assembly,MANUAL_ASSEMBLY,EQUIPMENT_DEGRADATION_UNSEEN,False,0.75,0.25,cycle_multiplier=1.4000,0.75,0.5,cycle_multiplier=1.6000,0.75,0.8,cycle_multiplier=1.8400,0.75,INCAPABLE,,current Flow-v2 physical equation,False,UNSEEN robustness only; excluded from supervised development
100.0,S22,Wiring Harness Installation,final_assembly,MANUAL_ASSEMBLY,MANUAL_VARIATION,True,0.9064,0.25,cycle_multiplier=1.2750,1.15566,0.5,cycle_multiplier=1.4000,1.2689599999999999,0.8,cycle_multiplier=1.5500,1.4049199999999997,POSITIVE-CAPABLE,,current Flow-v2 physical equation,False,capacity classification uses service/demand deficit only
100.0,S22,Wiring Harness Installation,final_assembly,MANUAL_ASSEMBLY,MICRO_STOPS,False,0.9064,0.25,expected_extra_seconds_per_visit=7.5672,0.9064,0.5,expected_extra_seconds_per_visit=15.8813,0.9064,0.8,expected_extra_seconds_per_visit=29.8800,0.9064,INCAPABLE,,current Flow-v2 physical equation,False,capacity classification uses service/demand deficit only
100.0,S22,Wiring Harness Installation,final_assembly,MANUAL_ASSEMBLY,VEHICLE_MIX_OVERLOAD,True,0.9064,0.25,shift_toward_actual_slowest_variant=0.25,0.9328,0.5,shift_toward_actual_slowest_variant=0.60,0.9697599999999998,0.8,shift_toward_actual_slowest_variant=1.00,1.0119999999999998,BORDERLINE,EV,current Flow-v2 physical equation,False,capacity classification uses service/demand deficit only
100.0,S22,Wiring Harness Installation,final_assembly,MANUAL_ASSEMBLY,ARRIVAL_BURST,True,0.9064,0.25,arrival_headway_multiplier=0.95,0.9541052631578948,0.5,arrival_headway_multiplier=0.88,1.03,0.8,arrival_headway_multiplier=0.78,1.162051282051282,POSITIVE-CAPABLE,,provisional Phase-D demand-side design; not yet implemented,False,capacity classification uses service/demand deficit only
100.0,S22,Wiring Harness Installation,final_assembly,MANUAL_ASSEMBLY,EQUIPMENT_DEGRADATION_UNSEEN,False,0.9064,0.25,cycle_multiplier=1.4000,0.9064,0.5,cycle_multiplier=1.6000,0.9064,0.8,cycle_multiplier=1.8400,0.9064,INCAPABLE,,current Flow-v2 physical equation,False,UNSEEN robustness only; excluded from supervised development
100.0,S23,Instrument Panel Installation,final_assembly,ROBOTIC_HANDLING_ASSEMBLY,MANUAL_VARIATION,False,0.4,0.25,cycle_multiplier=1.2750,0.4,0.5,cycle_multiplier=1.4000,0.4,0.8,cycle_multiplier=1.5500,0.4,INCAPABLE,,current Flow-v2 physical equation,False,capacity classification uses service/demand deficit only
100.0,S23,Instrument Panel Installation,final_assembly,ROBOTIC_HANDLING_ASSEMBLY,MICRO_STOPS,True,0.4,0.25,expected_extra_seconds_per_visit=7.5672,0.475671875,0.5,expected_extra_seconds_per_visit=15.8813,0.5588125,0.8,expected_extra_seconds_per_visit=29.8800,0.6988000000000001,INCAPABLE,,current Flow-v2 physical equation,False,capacity classification uses service/demand deficit only
100.0,S23,Instrument Panel Installation,final_assembly,ROBOTIC_HANDLING_ASSEMBLY,VEHICLE_MIX_OVERLOAD,True,0.4,0.25,shift_toward_actual_slowest_variant=0.25,0.4,0.5,shift_toward_actual_slowest_variant=0.60,0.4,0.8,shift_toward_actual_slowest_variant=1.00,0.4,INCAPABLE,ICE_SEDAN,current Flow-v2 physical equation,False,capacity classification uses service/demand deficit only
100.0,S23,Instrument Panel Installation,final_assembly,ROBOTIC_HANDLING_ASSEMBLY,ARRIVAL_BURST,True,0.4,0.25,arrival_headway_multiplier=0.95,0.4210526315789474,0.5,arrival_headway_multiplier=0.88,0.4545454545454546,0.8,arrival_headway_multiplier=0.78,0.5128205128205129,INCAPABLE,,provisional Phase-D demand-side design; not yet implemented,False,capacity classification uses service/demand deficit only
100.0,S23,Instrument Panel Installation,final_assembly,ROBOTIC_HANDLING_ASSEMBLY,EQUIPMENT_DEGRADATION_UNSEEN,True,0.4,0.25,cycle_multiplier=1.4000,0.5599999999999999,0.5,cycle_multiplier=1.6000,0.6400000000000001,0.8,cycle_multiplier=1.8400,0.7360000000000001,INCAPABLE,,current Flow-v2 physical equation,False,UNSEEN robustness only; excluded from supervised development
100.0,S24,HVAC / Interior Module Installation,final_assembly,MANUAL_ASSEMBLY,MANUAL_VARIATION,True,0.75,0.25,cycle_multiplier=1.2750,0.9562499999999999,0.5,cycle_multiplier=1.4000,1.0499999999999998,0.8,cycle_multiplier=1.5500,1.1624999999999999,POSITIVE-CAPABLE,,current Flow-v2 physical equation,False,capacity classification uses service/demand deficit only
100.0,S24,HVAC / Interior Module Installation,final_assembly,MANUAL_ASSEMBLY,MICRO_STOPS,False,0.75,0.25,expected_extra_seconds_per_visit=7.5672,0.75,0.5,expected_extra_seconds_per_visit=15.8813,0.75,0.8,expected_extra_seconds_per_visit=29.8800,0.75,INCAPABLE,,current Flow-v2 physical equation,False,capacity classification uses service/demand deficit only
100.0,S24,HVAC / Interior Module Installation,final_assembly,MANUAL_ASSEMBLY,VEHICLE_MIX_OVERLOAD,True,0.75,0.25,shift_toward_actual_slowest_variant=0.25,0.75,0.5,shift_toward_actual_slowest_variant=0.60,0.75,0.8,shift_toward_actual_slowest_variant=1.00,0.75,INCAPABLE,ICE_SEDAN,current Flow-v2 physical equation,False,capacity classification uses service/demand deficit only
100.0,S24,HVAC / Interior Module Installation,final_assembly,MANUAL_ASSEMBLY,ARRIVAL_BURST,True,0.75,0.25,arrival_headway_multiplier=0.95,0.7894736842105263,0.5,arrival_headway_multiplier=0.88,0.8522727272727273,0.8,arrival_headway_multiplier=0.78,0.9615384615384615,HARD_NEGATIVE,,provisional Phase-D demand-side design; not yet implemented,False,capacity classification uses service/demand deficit only
100.0,S24,HVAC / Interior Module Installation,final_assembly,MANUAL_ASSEMBLY,EQUIPMENT_DEGRADATION_UNSEEN,False,0.75,0.25,cycle_multiplier=1.4000,0.75,0.5,cycle_multiplier=1.6000,0.75,0.8,cycle_multiplier=1.8400,0.75,INCAPABLE,,current Flow-v2 physical equation,False,UNSEEN robustness only; excluded from supervised development
100.0,S25,Glass Installation / Sealing,final_assembly,ADHESIVE_SEALING,MANUAL_VARIATION,False,0.36,0.25,cycle_multiplier=1.2750,0.36,0.5,cycle_multiplier=1.4000,0.36,0.8,cycle_multiplier=1.5500,0.36,INCAPABLE,,current Flow-v2 physical equation,False,capacity classification uses service/demand deficit only
100.0,S25,Glass Installation / Sealing,final_assembly,ADHESIVE_SEALING,MICRO_STOPS,True,0.36,0.25,expected_extra_seconds_per_visit=7.5672,0.435671875,0.5,expected_extra_seconds_per_visit=15.8813,0.5188125,0.8,expected_extra_seconds_per_visit=29.8800,0.6588,INCAPABLE,,current Flow-v2 physical equation,False,capacity classification uses service/demand deficit only
100.0,S25,Glass Installation / Sealing,final_assembly,ADHESIVE_SEALING,VEHICLE_MIX_OVERLOAD,True,0.36,0.25,shift_toward_actual_slowest_variant=0.25,0.36,0.5,shift_toward_actual_slowest_variant=0.60,0.36,0.8,shift_toward_actual_slowest_variant=1.00,0.36,INCAPABLE,ICE_SEDAN,current Flow-v2 physical equation,False,capacity classification uses service/demand deficit only
100.0,S25,Glass Installation / Sealing,final_assembly,ADHESIVE_SEALING,ARRIVAL_BURST,True,0.36,0.25,arrival_headway_multiplier=0.95,0.37894736842105264,0.5,arrival_headway_multiplier=0.88,0.40909090909090906,0.8,arrival_headway_multiplier=0.78,0.4615384615384615,INCAPABLE,,provisional Phase-D demand-side design; not yet implemented,False,capacity classification uses service/demand deficit only
100.0,S25,Glass Installation / Sealing,final_assembly,ADHESIVE_SEALING,EQUIPMENT_DEGRADATION_UNSEEN,True,0.36,0.25,cycle_multiplier=1.4000,0.504,0.5,cycle_multiplier=1.6000,0.576,0.8,cycle_multiplier=1.8400,0.6624,INCAPABLE,,current Flow-v2 physical equation,False,UNSEEN robustness only; excluded from supervised development
100.0,S26,Powertrain / Battery Pack Marriage,final_assembly,ROBOTIC_HANDLING_ASSEMBLY,MANUAL_VARIATION,False,0.7739999999999999,0.25,cycle_multiplier=1.2750,0.7739999999999999,0.5,cycle_multiplier=1.4000,0.7739999999999999,0.8,cycle_multiplier=1.5500,0.7739999999999999,INCAPABLE,,current Flow-v2 physical equation,False,capacity classification uses service/demand deficit only
100.0,S26,Powertrain / Battery Pack Marriage,final_assembly,ROBOTIC_HANDLING_ASSEMBLY,MICRO_STOPS,True,0.7739999999999999,0.25,expected_extra_seconds_per_visit=7.5672,0.849671875,0.5,expected_extra_seconds_per_visit=15.8813,0.9328124999999999,0.8,expected_extra_seconds_per_visit=29.8800,1.0728,POSITIVE-CAPABLE,,current Flow-v2 physical equation,False,capacity classification uses service/demand deficit only
100.0,S26,Powertrain / Battery Pack Marriage,final_assembly,ROBOTIC_HANDLING_ASSEMBLY,VEHICLE_MIX_OVERLOAD,True,0.7739999999999999,0.25,shift_toward_actual_slowest_variant=0.25,0.7964999999999999,0.5,shift_toward_actual_slowest_variant=0.60,0.8279999999999998,0.8,shift_toward_actual_slowest_variant=1.00,0.8639999999999999,INCAPABLE,EV,current Flow-v2 physical equation,False,capacity classification uses service/demand deficit only
100.0,S26,Powertrain / Battery Pack Marriage,final_assembly,ROBOTIC_HANDLING_ASSEMBLY,ARRIVAL_BURST,True,0.7739999999999999,0.25,arrival_headway_multiplier=0.95,0.8147368421052631,0.5,arrival_headway_multiplier=0.88,0.8795454545454544,0.8,arrival_headway_multiplier=0.78,0.9923076923076921,HARD_NEGATIVE,,provisional Phase-D demand-side design; not yet implemented,False,capacity classification uses service/demand deficit only
100.0,S26,Powertrain / Battery Pack Marriage,final_assembly,ROBOTIC_HANDLING_ASSEMBLY,EQUIPMENT_DEGRADATION_UNSEEN,True,0.7739999999999999,0.25,cycle_multiplier=1.4000,1.0836,0.5,cycle_multiplier=1.6000,1.2384,0.8,cycle_multiplier=1.8400,1.4241599999999999,POSITIVE-CAPABLE,,current Flow-v2 physical equation,False,UNSEEN robustness only; excluded from supervised development
100.0,S27,Powertrain / Battery Pack Mounting Fastening,final_assembly,TORQUE_FASTENING,MANUAL_VARIATION,False,0.22385000000000002,0.25,cycle_multiplier=1.2750,0.22385000000000002,0.5,cycle_multiplier=1.4000,0.22385000000000002,0.8,cycle_multiplier=1.5500,0.22385000000000002,INCAPABLE,,current Flow-v2 physical equation,False,capacity classification uses service/demand deficit only
100.0,S27,Powertrain / Battery Pack Mounting Fastening,final_assembly,TORQUE_FASTENING,MICRO_STOPS,True,0.22385000000000002,0.25,expected_extra_seconds_per_visit=7.5672,0.29952187500000005,0.5,expected_extra_seconds_per_visit=15.8813,0.3826625,0.8,expected_extra_seconds_per_visit=29.8800,0.5226500000000001,INCAPABLE,,current Flow-v2 physical equation,False,capacity classification uses service/demand deficit only
100.0,S27,Powertrain / Battery Pack Mounting Fastening,final_assembly,TORQUE_FASTENING,VEHICLE_MIX_OVERLOAD,True,0.22385000000000002,0.25,shift_toward_actual_slowest_variant=0.25,0.2256375,0.5,shift_toward_actual_slowest_variant=0.60,0.22814,0.8,shift_toward_actual_slowest_variant=1.00,0.231,INCAPABLE,ICE_SUV,current Flow-v2 physical equation,False,capacity classification uses service/demand deficit only
100.0,S27,Powertrain / Battery Pack Mounting Fastening,final_assembly,TORQUE_FASTENING,ARRIVAL_BURST,True,0.22385000000000002,0.25,arrival_headway_multiplier=0.95,0.23563157894736844,0.5,arrival_headway_multiplier=0.88,0.254375,0.8,arrival_headway_multiplier=0.78,0.2869871794871795,INCAPABLE,,provisional Phase-D demand-side design; not yet implemented,False,capacity classification uses service/demand deficit only
100.0,S27,Powertrain / Battery Pack Mounting Fastening,final_assembly,TORQUE_FASTENING,EQUIPMENT_DEGRADATION_UNSEEN,True,0.22385000000000002,0.25,cycle_multiplier=1.4000,0.31339,0.5,cycle_multiplier=1.6000,0.35816000000000003,0.8,cycle_multiplier=1.8400,0.4118840000000001,INCAPABLE,,current Flow-v2 physical equation,False,UNSEEN robustness only; excluded from supervised development
100.0,S28,Suspension / Chassis Fastening,final_assembly,TORQUE_FASTENING,MANUAL_VARIATION,False,0.26455,0.25,cycle_multiplier=1.2750,0.26455,0.5,cycle_multiplier=1.4000,0.26455,0.8,cycle_multiplier=1.5500,0.26455,INCAPABLE,,current Flow-v2 physical equation,False,capacity classification uses service/demand deficit only
100.0,S28,Suspension / Chassis Fastening,final_assembly,TORQUE_FASTENING,MICRO_STOPS,True,0.26455,0.25,expected_extra_seconds_per_visit=7.5672,0.340221875,0.5,expected_extra_seconds_per_visit=15.8813,0.42336250000000003,0.8,expected_extra_seconds_per_visit=29.8800,0.56335,INCAPABLE,,current Flow-v2 physical equation,False,capacity classification uses service/demand deficit only
100.0,S28,Suspension / Chassis Fastening,final_assembly,TORQUE_FASTENING,VEHICLE_MIX_OVERLOAD,True,0.26455,0.25,shift_toward_actual_slowest_variant=0.25,0.26666249999999997,0.5,shift_toward_actual_slowest_variant=0.60,0.26962,0.8,shift_toward_actual_slowest_variant=1.00,0.273,INCAPABLE,ICE_SUV,current Flow-v2 physical equation,False,capacity classification uses service/demand deficit only
100.0,S28,Suspension / Chassis Fastening,final_assembly,TORQUE_FASTENING,ARRIVAL_BURST,True,0.26455,0.25,arrival_headway_multiplier=0.95,0.2784736842105263,0.5,arrival_headway_multiplier=0.88,0.30062500000000003,0.8,arrival_headway_multiplier=0.78,0.33916666666666667,INCAPABLE,,provisional Phase-D demand-side design; not yet implemented,False,capacity classification uses service/demand deficit only
100.0,S28,Suspension / Chassis Fastening,final_assembly,TORQUE_FASTENING,EQUIPMENT_DEGRADATION_UNSEEN,True,0.26455,0.25,cycle_multiplier=1.4000,0.37037,0.5,cycle_multiplier=1.6000,0.42328000000000005,0.8,cycle_multiplier=1.8400,0.48677200000000004,INCAPABLE,,current Flow-v2 physical equation,False,UNSEEN robustness only; excluded from supervised development
100.0,S29,Seat Installation,final_assembly,MANUAL_ASSEMBLY,MANUAL_VARIATION,True,0.55,0.25,cycle_multiplier=1.2750,0.70125,0.5,cycle_multiplier=1.4000,0.77,0.8,cycle_multiplier=1.5500,0.8524999999999999,INCAPABLE,,current Flow-v2 physical equation,False,capacity classification uses service/demand deficit only
100.0,S29,Seat Installation,final_assembly,MANUAL_ASSEMBLY,MICRO_STOPS,False,0.55,0.25,expected_extra_seconds_per_visit=7.5672,0.55,0.5,expected_extra_seconds_per_visit=15.8813,0.55,0.8,expected_extra_seconds_per_visit=29.8800,0.55,INCAPABLE,,current Flow-v2 physical equation,False,capacity classification uses service/demand deficit only
100.0,S29,Seat Installation,final_assembly,MANUAL_ASSEMBLY,VEHICLE_MIX_OVERLOAD,True,0.55,0.25,shift_toward_actual_slowest_variant=0.25,0.55,0.5,shift_toward_actual_slowest_variant=0.60,0.55,0.8,shift_toward_actual_slowest_variant=1.00,0.55,INCAPABLE,ICE_SEDAN,current Flow-v2 physical equation,False,capacity classification uses service/demand deficit only
100.0,S29,Seat Installation,final_assembly,MANUAL_ASSEMBLY,ARRIVAL_BURST,True,0.55,0.25,arrival_headway_multiplier=0.95,0.5789473684210527,0.5,arrival_headway_multiplier=0.88,0.625,0.8,arrival_headway_multiplier=0.78,0.7051282051282052,INCAPABLE,,provisional Phase-D demand-side design; not yet implemented,False,capacity classification uses service/demand deficit only
100.0,S29,Seat Installation,final_assembly,MANUAL_ASSEMBLY,EQUIPMENT_DEGRADATION_UNSEEN,False,0.55,0.25,cycle_multiplier=1.4000,0.55,0.5,cycle_multiplier=1.6000,0.55,0.8,cycle_multiplier=1.8400,0.55,INCAPABLE,,current Flow-v2 physical equation,False,UNSEEN robustness only; excluded from supervised development
100.0,S30,Seat Torque Verification,final_assembly,TORQUE_FASTENING,MANUAL_VARIATION,False,0.18315,0.25,cycle_multiplier=1.2750,0.18315,0.5,cycle_multiplier=1.4000,0.18315,0.8,cycle_multiplier=1.5500,0.18315,INCAPABLE,,current Flow-v2 physical equation,False,capacity classification uses service/demand deficit only
100.0,S30,Seat Torque Verification,final_assembly,TORQUE_FASTENING,MICRO_STOPS,True,0.18315,0.25,expected_extra_seconds_per_visit=7.5672,0.25882187500000003,0.5,expected_extra_seconds_per_visit=15.8813,0.34196250000000006,0.8,expected_extra_seconds_per_visit=29.8800,0.48195,INCAPABLE,,current Flow-v2 physical equation,False,capacity classification uses service/demand deficit only
100.0,S30,Seat Torque Verification,final_assembly,TORQUE_FASTENING,VEHICLE_MIX_OVERLOAD,True,0.18315,0.25,shift_toward_actual_slowest_variant=0.25,0.18461249999999998,0.5,shift_toward_actual_slowest_variant=0.60,0.18666,0.8,shift_toward_actual_slowest_variant=1.00,0.18900000000000003,INCAPABLE,ICE_SUV,current Flow-v2 physical equation,False,capacity classification uses service/demand deficit only
100.0,S30,Seat Torque Verification,final_assembly,TORQUE_FASTENING,ARRIVAL_BURST,True,0.18315,0.25,arrival_headway_multiplier=0.95,0.19278947368421054,0.5,arrival_headway_multiplier=0.88,0.208125,0.8,arrival_headway_multiplier=0.78,0.2348076923076923,INCAPABLE,,provisional Phase-D demand-side design; not yet implemented,False,capacity classification uses service/demand deficit only
100.0,S30,Seat Torque Verification,final_assembly,TORQUE_FASTENING,EQUIPMENT_DEGRADATION_UNSEEN,True,0.18315,0.25,cycle_multiplier=1.4000,0.25640999999999997,0.5,cycle_multiplier=1.6000,0.29304,0.8,cycle_multiplier=1.8400,0.336996,INCAPABLE,,current Flow-v2 physical equation,False,UNSEEN robustness only; excluded from supervised development
100.0,S31,Wheel Installation,final_assembly,ROBOTIC_HANDLING_ASSEMBLY,MANUAL_VARIATION,False,0.2,0.25,cycle_multiplier=1.2750,0.2,0.5,cycle_multiplier=1.4000,0.2,0.8,cycle_multiplier=1.5500,0.2,INCAPABLE,,current Flow-v2 physical equation,False,capacity classification uses service/demand deficit only
100.0,S31,Wheel Installation,final_assembly,ROBOTIC_HANDLING_ASSEMBLY,MICRO_STOPS,True,0.2,0.25,expected_extra_seconds_per_visit=7.5672,0.275671875,0.5,expected_extra_seconds_per_visit=15.8813,0.35881250000000003,0.8,expected_extra_seconds_per_visit=29.8800,0.4988,INCAPABLE,,current Flow-v2 physical equation,False,capacity classification uses service/demand deficit only
100.0,S31,Wheel Installation,final_assembly,ROBOTIC_HANDLING_ASSEMBLY,VEHICLE_MIX_OVERLOAD,True,0.2,0.25,shift_toward_actual_slowest_variant=0.25,0.2,0.5,shift_toward_actual_slowest_variant=0.60,0.2,0.8,shift_toward_actual_slowest_variant=1.00,0.2,INCAPABLE,ICE_SEDAN,current Flow-v2 physical equation,False,capacity classification uses service/demand deficit only
100.0,S31,Wheel Installation,final_assembly,ROBOTIC_HANDLING_ASSEMBLY,ARRIVAL_BURST,True,0.2,0.25,arrival_headway_multiplier=0.95,0.2105263157894737,0.5,arrival_headway_multiplier=0.88,0.2272727272727273,0.8,arrival_headway_multiplier=0.78,0.25641025641025644,INCAPABLE,,provisional Phase-D demand-side design; not yet implemented,False,capacity classification uses service/demand deficit only
100.0,S31,Wheel Installation,final_assembly,ROBOTIC_HANDLING_ASSEMBLY,EQUIPMENT_DEGRADATION_UNSEEN,True,0.2,0.25,cycle_multiplier=1.4000,0.27999999999999997,0.5,cycle_multiplier=1.6000,0.32000000000000006,0.8,cycle_multiplier=1.8400,0.36800000000000005,INCAPABLE,,current Flow-v2 physical equation,False,UNSEEN robustness only; excluded from supervised development
100.0,S32,Wheel Torque,final_assembly,TORQUE_FASTENING,MANUAL_VARIATION,False,0.1628,0.25,cycle_multiplier=1.2750,0.1628,0.5,cycle_multiplier=1.4000,0.1628,0.8,cycle_multiplier=1.5500,0.1628,INCAPABLE,,current Flow-v2 physical equation,False,capacity classification uses service/demand deficit only
100.0,S32,Wheel Torque,final_assembly,TORQUE_FASTENING,MICRO_STOPS,True,0.1628,0.25,expected_extra_seconds_per_visit=7.5672,0.238471875,0.5,expected_extra_seconds_per_visit=15.8813,0.3216125,0.8,expected_extra_seconds_per_visit=29.8800,0.4616,INCAPABLE,,current Flow-v2 physical equation,False,capacity classification uses service/demand deficit only
100.0,S32,Wheel Torque,final_assembly,TORQUE_FASTENING,VEHICLE_MIX_OVERLOAD,True,0.1628,0.25,shift_toward_actual_slowest_variant=0.25,0.1641,0.5,shift_toward_actual_slowest_variant=0.60,0.16592,0.8,shift_toward_actual_slowest_variant=1.00,0.168,INCAPABLE,ICE_SUV,current Flow-v2 physical equation,False,capacity classification uses service/demand deficit only
100.0,S32,Wheel Torque,final_assembly,TORQUE_FASTENING,ARRIVAL_BURST,True,0.1628,0.25,arrival_headway_multiplier=0.95,0.1713684210526316,0.5,arrival_headway_multiplier=0.88,0.185,0.8,arrival_headway_multiplier=0.78,0.20871794871794871,INCAPABLE,,provisional Phase-D demand-side design; not yet implemented,False,capacity classification uses service/demand deficit only
100.0,S32,Wheel Torque,final_assembly,TORQUE_FASTENING,EQUIPMENT_DEGRADATION_UNSEEN,True,0.1628,0.25,cycle_multiplier=1.4000,0.22791999999999998,0.5,cycle_multiplier=1.6000,0.26048,0.8,cycle_multiplier=1.8400,0.29955200000000004,INCAPABLE,,current Flow-v2 physical equation,False,UNSEEN robustness only; excluded from supervised development
100.0,S33,Door / Closure Finishing,final_assembly,MANUAL_ASSEMBLY,MANUAL_VARIATION,True,0.58,0.25,cycle_multiplier=1.2750,0.7394999999999999,0.5,cycle_multiplier=1.4000,0.8119999999999999,0.8,cycle_multiplier=1.5500,0.8989999999999998,INCAPABLE,,current Flow-v2 physical equation,False,capacity classification uses service/demand deficit only
100.0,S33,Door / Closure Finishing,final_assembly,MANUAL_ASSEMBLY,MICRO_STOPS,False,0.58,0.25,expected_extra_seconds_per_visit=7.5672,0.58,0.5,expected_extra_seconds_per_visit=15.8813,0.58,0.8,expected_extra_seconds_per_visit=29.8800,0.58,INCAPABLE,,current Flow-v2 physical equation,False,capacity classification uses service/demand deficit only
100.0,S33,Door / Closure Finishing,final_assembly,MANUAL_ASSEMBLY,VEHICLE_MIX_OVERLOAD,True,0.58,0.25,shift_toward_actual_slowest_variant=0.25,0.58,0.5,shift_toward_actual_slowest_variant=0.60,0.58,0.8,shift_toward_actual_slowest_variant=1.00,0.58,INCAPABLE,ICE_SEDAN,current Flow-v2 physical equation,False,capacity classification uses service/demand deficit only
100.0,S33,Door / Closure Finishing,final_assembly,MANUAL_ASSEMBLY,ARRIVAL_BURST,True,0.58,0.25,arrival_headway_multiplier=0.95,0.6105263157894737,0.5,arrival_headway_multiplier=0.88,0.6590909090909091,0.8,arrival_headway_multiplier=0.78,0.7435897435897435,INCAPABLE,,provisional Phase-D demand-side design; not yet implemented,False,capacity classification uses service/demand deficit only
100.0,S33,Door / Closure Finishing,final_assembly,MANUAL_ASSEMBLY,EQUIPMENT_DEGRADATION_UNSEEN,False,0.58,0.25,cycle_multiplier=1.4000,0.58,0.5,cycle_multiplier=1.6000,0.58,0.8,cycle_multiplier=1.8400,0.58,INCAPABLE,,current Flow-v2 physical equation,False,UNSEEN robustness only; excluded from supervised development
100.0,S34,Electrical Connection / System Check,final_assembly,MANUAL_ASSEMBLY,MANUAL_VARIATION,True,0.68,0.25,cycle_multiplier=1.2750,0.867,0.5,cycle_multiplier=1.4000,0.952,0.8,cycle_multiplier=1.5500,1.054,POSITIVE-CAPABLE,,current Flow-v2 physical equation,False,capacity classification uses service/demand deficit only
100.0,S34,Electrical Connection / System Check,final_assembly,MANUAL_ASSEMBLY,MICRO_STOPS,False,0.68,0.25,expected_extra_seconds_per_visit=7.5672,0.68,0.5,expected_extra_seconds_per_visit=15.8813,0.68,0.8,expected_extra_seconds_per_visit=29.8800,0.68,INCAPABLE,,current Flow-v2 physical equation,False,capacity classification uses service/demand deficit only
100.0,S34,Electrical Connection / System Check,final_assembly,MANUAL_ASSEMBLY,VEHICLE_MIX_OVERLOAD,True,0.68,0.25,shift_toward_actual_slowest_variant=0.25,0.68,0.5,shift_toward_actual_slowest_variant=0.60,0.68,0.8,shift_toward_actual_slowest_variant=1.00,0.68,INCAPABLE,ICE_SEDAN,current Flow-v2 physical equation,False,capacity classification uses service/demand deficit only
100.0,S34,Electrical Connection / System Check,final_assembly,MANUAL_ASSEMBLY,ARRIVAL_BURST,True,0.68,0.25,arrival_headway_multiplier=0.95,0.7157894736842106,0.5,arrival_headway_multiplier=0.88,0.7727272727272728,0.8,arrival_headway_multiplier=0.78,0.8717948717948718,INCAPABLE,,provisional Phase-D demand-side design; not yet implemented,False,capacity classification uses service/demand deficit only
100.0,S34,Electrical Connection / System Check,final_assembly,MANUAL_ASSEMBLY,EQUIPMENT_DEGRADATION_UNSEEN,False,0.68,0.25,cycle_multiplier=1.4000,0.68,0.5,cycle_multiplier=1.6000,0.68,0.8,cycle_multiplier=1.8400,0.68,INCAPABLE,,current Flow-v2 physical equation,False,UNSEEN robustness only; excluded from supervised development
100.0,S35,Fluid-Related Process / Preparation,final_assembly,FLUID_FILL_FUNCTIONAL,MANUAL_VARIATION,False,0.304,0.25,cycle_multiplier=1.2750,0.304,0.5,cycle_multiplier=1.4000,0.304,0.8,cycle_multiplier=1.5500,0.304,INCAPABLE,,current Flow-v2 physical equation,False,capacity classification uses service/demand deficit only
100.0,S35,Fluid-Related Process / Preparation,final_assembly,FLUID_FILL_FUNCTIONAL,MICRO_STOPS,True,0.304,0.25,expected_extra_seconds_per_visit=7.5672,0.3645375,0.5,expected_extra_seconds_per_visit=15.8813,0.43105000000000004,0.8,expected_extra_seconds_per_visit=29.8800,0.54304,INCAPABLE,,current Flow-v2 physical equation,False,capacity classification uses service/demand deficit only
100.0,S35,Fluid-Related Process / Preparation,final_assembly,FLUID_FILL_FUNCTIONAL,VEHICLE_MIX_OVERLOAD,True,0.304,0.25,shift_toward_actual_slowest_variant=0.25,0.32299999999999995,0.5,shift_toward_actual_slowest_variant=0.60,0.3496,0.8,shift_toward_actual_slowest_variant=1.00,0.38,INCAPABLE,ICE_SEDAN,current Flow-v2 physical equation,False,capacity classification uses service/demand deficit only
100.0,S35,Fluid-Related Process / Preparation,final_assembly,FLUID_FILL_FUNCTIONAL,ARRIVAL_BURST,True,0.304,0.25,arrival_headway_multiplier=0.95,0.32,0.5,arrival_headway_multiplier=0.88,0.34545454545454546,0.8,arrival_headway_multiplier=0.78,0.38974358974358975,INCAPABLE,,provisional Phase-D demand-side design; not yet implemented,False,capacity classification uses service/demand deficit only
100.0,S35,Fluid-Related Process / Preparation,final_assembly,FLUID_FILL_FUNCTIONAL,EQUIPMENT_DEGRADATION_UNSEEN,True,0.304,0.25,cycle_multiplier=1.4000,0.4256,0.5,cycle_multiplier=1.6000,0.4864,0.8,cycle_multiplier=1.8400,0.55936,INCAPABLE,,current Flow-v2 physical equation,False,UNSEEN robustness only; excluded from supervised development
100.0,S36,Variant-Specific ICE / EV Process,final_assembly,FLUID_FILL_FUNCTIONAL,MANUAL_VARIATION,False,0.43995000000000006,0.25,cycle_multiplier=1.2750,0.43995000000000006,0.5,cycle_multiplier=1.4000,0.43995000000000006,0.8,cycle_multiplier=1.5500,0.43995000000000006,INCAPABLE,,current Flow-v2 physical equation,False,capacity classification uses service/demand deficit only
100.0,S36,Variant-Specific ICE / EV Process,final_assembly,FLUID_FILL_FUNCTIONAL,MICRO_STOPS,True,0.43995000000000006,0.25,expected_extra_seconds_per_visit=7.5672,0.5156218750000001,0.5,expected_extra_seconds_per_visit=15.8813,0.5987625000000001,0.8,expected_extra_seconds_per_visit=29.8800,0.73875,INCAPABLE,,current Flow-v2 physical equation,False,capacity classification uses service/demand deficit only
100.0,S36,Variant-Specific ICE / EV Process,final_assembly,FLUID_FILL_FUNCTIONAL,VEHICLE_MIX_OVERLOAD,True,0.43995000000000006,0.25,shift_toward_actual_slowest_variant=0.25,0.4507125,0.5,shift_toward_actual_slowest_variant=0.60,0.46577999999999997,0.8,shift_toward_actual_slowest_variant=1.00,0.483,INCAPABLE,EV,current Flow-v2 physical equation,False,capacity classification uses service/demand deficit only
100.0,S36,Variant-Specific ICE / EV Process,final_assembly,FLUID_FILL_FUNCTIONAL,ARRIVAL_BURST,True,0.43995000000000006,0.25,arrival_headway_multiplier=0.95,0.4631052631578948,0.5,arrival_headway_multiplier=0.88,0.49994318181818187,0.8,arrival_headway_multiplier=0.78,0.5640384615384616,INCAPABLE,,provisional Phase-D demand-side design; not yet implemented,False,capacity classification uses service/demand deficit only
100.0,S36,Variant-Specific ICE / EV Process,final_assembly,FLUID_FILL_FUNCTIONAL,EQUIPMENT_DEGRADATION_UNSEEN,True,0.43995000000000006,0.25,cycle_multiplier=1.4000,0.6159300000000001,0.5,cycle_multiplier=1.6000,0.7039200000000001,0.8,cycle_multiplier=1.8400,0.8095080000000001,INCAPABLE,,current Flow-v2 physical equation,False,UNSEEN robustness only; excluded from supervised development
100.0,S37,Functional Assembly Check,final_assembly,INSPECTION_EOL_TESTING,MANUAL_VARIATION,False,0.46,0.25,cycle_multiplier=1.2750,0.46,0.5,cycle_multiplier=1.4000,0.46,0.8,cycle_multiplier=1.5500,0.46,INCAPABLE,,current Flow-v2 physical equation,False,capacity classification uses service/demand deficit only
100.0,S37,Functional Assembly Check,final_assembly,INSPECTION_EOL_TESTING,MICRO_STOPS,True,0.46,0.25,expected_extra_seconds_per_visit=7.5672,0.535671875,0.5,expected_extra_seconds_per_visit=15.8813,0.6188125,0.8,expected_extra_seconds_per_visit=29.8800,0.7588,INCAPABLE,,current Flow-v2 physical equation,False,capacity classification uses service/demand deficit only
100.0,S37,Functional Assembly Check,final_assembly,INSPECTION_EOL_TESTING,VEHICLE_MIX_OVERLOAD,True,0.46,0.25,shift_toward_actual_slowest_variant=0.25,0.46,0.5,shift_toward_actual_slowest_variant=0.60,0.46,0.8,shift_toward_actual_slowest_variant=1.00,0.46,INCAPABLE,ICE_SEDAN,current Flow-v2 physical equation,False,capacity classification uses service/demand deficit only
100.0,S37,Functional Assembly Check,final_assembly,INSPECTION_EOL_TESTING,ARRIVAL_BURST,True,0.46,0.25,arrival_headway_multiplier=0.95,0.48421052631578954,0.5,arrival_headway_multiplier=0.88,0.5227272727272727,0.8,arrival_headway_multiplier=0.78,0.5897435897435898,INCAPABLE,,provisional Phase-D demand-side design; not yet implemented,False,capacity classification uses service/demand deficit only
100.0,S37,Functional Assembly Check,final_assembly,INSPECTION_EOL_TESTING,EQUIPMENT_DEGRADATION_UNSEEN,True,0.46,0.25,cycle_multiplier=1.4000,0.644,0.5,cycle_multiplier=1.6000,0.7360000000000001,0.8,cycle_multiplier=1.8400,0.8464,INCAPABLE,,current Flow-v2 physical equation,False,UNSEEN robustness only; excluded from supervised development
100.0,S38,Final Trim / Manual Inspection,final_assembly,MANUAL_ASSEMBLY,MANUAL_VARIATION,True,0.6,0.25,cycle_multiplier=1.2750,0.7649999999999999,0.5,cycle_multiplier=1.4000,0.84,0.8,cycle_multiplier=1.5500,0.9299999999999998,HARD_NEGATIVE,,current Flow-v2 physical equation,False,capacity classification uses service/demand deficit only
100.0,S38,Final Trim / Manual Inspection,final_assembly,MANUAL_ASSEMBLY,MICRO_STOPS,False,0.6,0.25,expected_extra_seconds_per_visit=7.5672,0.6,0.5,expected_extra_seconds_per_visit=15.8813,0.6,0.8,expected_extra_seconds_per_visit=29.8800,0.6,INCAPABLE,,current Flow-v2 physical equation,False,capacity classification uses service/demand deficit only
100.0,S38,Final Trim / Manual Inspection,final_assembly,MANUAL_ASSEMBLY,VEHICLE_MIX_OVERLOAD,True,0.6,0.25,shift_toward_actual_slowest_variant=0.25,0.6,0.5,shift_toward_actual_slowest_variant=0.60,0.6,0.8,shift_toward_actual_slowest_variant=1.00,0.6,INCAPABLE,ICE_SEDAN,current Flow-v2 physical equation,False,capacity classification uses service/demand deficit only
100.0,S38,Final Trim / Manual Inspection,final_assembly,MANUAL_ASSEMBLY,ARRIVAL_BURST,True,0.6,0.25,arrival_headway_multiplier=0.95,0.631578947368421,0.5,arrival_headway_multiplier=0.88,0.6818181818181818,0.8,arrival_headway_multiplier=0.78,0.7692307692307692,INCAPABLE,,provisional Phase-D demand-side design; not yet implemented,False,capacity classification uses service/demand deficit only
100.0,S38,Final Trim / Manual Inspection,final_assembly,MANUAL_ASSEMBLY,EQUIPMENT_DEGRADATION_UNSEEN,False,0.6,0.25,cycle_multiplier=1.4000,0.6,0.5,cycle_multiplier=1.6000,0.6,0.8,cycle_multiplier=1.8400,0.6,INCAPABLE,,current Flow-v2 physical equation,False,UNSEEN robustness only; excluded from supervised development
100.0,S39,Dimensional / Final Visual Check,inspection_eol,DIMENSIONAL_INSPECTION,MANUAL_VARIATION,False,0.28,0.25,cycle_multiplier=1.2750,0.28,0.5,cycle_multiplier=1.4000,0.28,0.8,cycle_multiplier=1.5500,0.28,INCAPABLE,,current Flow-v2 physical equation,False,capacity classification uses service/demand deficit only
100.0,S39,Dimensional / Final Visual Check,inspection_eol,DIMENSIONAL_INSPECTION,MICRO_STOPS,True,0.28,0.25,expected_extra_seconds_per_visit=7.5672,0.355671875,0.5,expected_extra_seconds_per_visit=15.8813,0.43881250000000005,0.8,expected_extra_seconds_per_visit=29.8800,0.5788,INCAPABLE,,current Flow-v2 physical equation,False,capacity classification uses service/demand deficit only
100.0,S39,Dimensional / Final Visual Check,inspection_eol,DIMENSIONAL_INSPECTION,VEHICLE_MIX_OVERLOAD,True,0.28,0.25,shift_toward_actual_slowest_variant=0.25,0.28,0.5,shift_toward_actual_slowest_variant=0.60,0.28,0.8,shift_toward_actual_slowest_variant=1.00,0.28,INCAPABLE,ICE_SEDAN,current Flow-v2 physical equation,False,capacity classification uses service/demand deficit only
100.0,S39,Dimensional / Final Visual Check,inspection_eol,DIMENSIONAL_INSPECTION,ARRIVAL_BURST,True,0.28,0.25,arrival_headway_multiplier=0.95,0.2947368421052632,0.5,arrival_headway_multiplier=0.88,0.31818181818181823,0.8,arrival_headway_multiplier=0.78,0.358974358974359,INCAPABLE,,provisional Phase-D demand-side design; not yet implemented,False,capacity classification uses service/demand deficit only
100.0,S39,Dimensional / Final Visual Check,inspection_eol,DIMENSIONAL_INSPECTION,EQUIPMENT_DEGRADATION_UNSEEN,True,0.28,0.25,cycle_multiplier=1.4000,0.392,0.5,cycle_multiplier=1.6000,0.44800000000000006,0.8,cycle_multiplier=1.8400,0.5152000000000001,INCAPABLE,,current Flow-v2 physical equation,False,UNSEEN robustness only; excluded from supervised development
100.0,S40,Electrical Diagnostics,inspection_eol,INSPECTION_EOL_TESTING,MANUAL_VARIATION,False,0.4,0.25,cycle_multiplier=1.2750,0.4,0.5,cycle_multiplier=1.4000,0.4,0.8,cycle_multiplier=1.5500,0.4,INCAPABLE,,current Flow-v2 physical equation,False,capacity classification uses service/demand deficit only
100.0,S40,Electrical Diagnostics,inspection_eol,INSPECTION_EOL_TESTING,MICRO_STOPS,True,0.4,0.25,expected_extra_seconds_per_visit=7.5672,0.475671875,0.5,expected_extra_seconds_per_visit=15.8813,0.5588125,0.8,expected_extra_seconds_per_visit=29.8800,0.6988000000000001,INCAPABLE,,current Flow-v2 physical equation,False,capacity classification uses service/demand deficit only
100.0,S40,Electrical Diagnostics,inspection_eol,INSPECTION_EOL_TESTING,VEHICLE_MIX_OVERLOAD,True,0.4,0.25,shift_toward_actual_slowest_variant=0.25,0.4,0.5,shift_toward_actual_slowest_variant=0.60,0.4,0.8,shift_toward_actual_slowest_variant=1.00,0.4,INCAPABLE,ICE_SEDAN,current Flow-v2 physical equation,False,capacity classification uses service/demand deficit only
100.0,S40,Electrical Diagnostics,inspection_eol,INSPECTION_EOL_TESTING,ARRIVAL_BURST,True,0.4,0.25,arrival_headway_multiplier=0.95,0.4210526315789474,0.5,arrival_headway_multiplier=0.88,0.4545454545454546,0.8,arrival_headway_multiplier=0.78,0.5128205128205129,INCAPABLE,,provisional Phase-D demand-side design; not yet implemented,False,capacity classification uses service/demand deficit only
100.0,S40,Electrical Diagnostics,inspection_eol,INSPECTION_EOL_TESTING,EQUIPMENT_DEGRADATION_UNSEEN,True,0.4,0.25,cycle_multiplier=1.4000,0.5599999999999999,0.5,cycle_multiplier=1.6000,0.6400000000000001,0.8,cycle_multiplier=1.8400,0.7360000000000001,INCAPABLE,,current Flow-v2 physical equation,False,UNSEEN robustness only; excluded from supervised development
100.0,S41,Leak / Pressure Test,inspection_eol,FLUID_FILL_FUNCTIONAL,MANUAL_VARIATION,False,0.35,0.25,cycle_multiplier=1.2750,0.35,0.5,cycle_multiplier=1.4000,0.35,0.8,cycle_multiplier=1.5500,0.35,INCAPABLE,,current Flow-v2 physical equation,False,capacity classification uses service/demand deficit only
100.0,S41,Leak / Pressure Test,inspection_eol,FLUID_FILL_FUNCTIONAL,MICRO_STOPS,True,0.35,0.25,expected_extra_seconds_per_visit=7.5672,0.425671875,0.5,expected_extra_seconds_per_visit=15.8813,0.5088125,0.8,expected_extra_seconds_per_visit=29.8800,0.6488,INCAPABLE,,current Flow-v2 physical equation,False,capacity classification uses service/demand deficit only
100.0,S41,Leak / Pressure Test,inspection_eol,FLUID_FILL_FUNCTIONAL,VEHICLE_MIX_OVERLOAD,True,0.35,0.25,shift_toward_actual_slowest_variant=0.25,0.35,0.5,shift_toward_actual_slowest_variant=0.60,0.35,0.8,shift_toward_actual_slowest_variant=1.00,0.35,INCAPABLE,ICE_SEDAN,current Flow-v2 physical equation,False,capacity classification uses service/demand deficit only
100.0,S41,Leak / Pressure Test,inspection_eol,FLUID_FILL_FUNCTIONAL,ARRIVAL_BURST,True,0.35,0.25,arrival_headway_multiplier=0.95,0.3684210526315789,0.5,arrival_headway_multiplier=0.88,0.3977272727272727,0.8,arrival_headway_multiplier=0.78,0.4487179487179487,INCAPABLE,,provisional Phase-D demand-side design; not yet implemented,False,capacity classification uses service/demand deficit only
100.0,S41,Leak / Pressure Test,inspection_eol,FLUID_FILL_FUNCTIONAL,EQUIPMENT_DEGRADATION_UNSEEN,True,0.35,0.25,cycle_multiplier=1.4000,0.48999999999999994,0.5,cycle_multiplier=1.6000,0.5599999999999999,0.8,cycle_multiplier=1.8400,0.644,INCAPABLE,,current Flow-v2 physical equation,False,UNSEEN robustness only; excluded from supervised development
100.0,S42,Functional Test,inspection_eol,INSPECTION_EOL_TESTING,MANUAL_VARIATION,False,0.5,0.25,cycle_multiplier=1.2750,0.5,0.5,cycle_multiplier=1.4000,0.5,0.8,cycle_multiplier=1.5500,0.5,INCAPABLE,,current Flow-v2 physical equation,False,capacity classification uses service/demand deficit only
100.0,S42,Functional Test,inspection_eol,INSPECTION_EOL_TESTING,MICRO_STOPS,True,0.5,0.25,expected_extra_seconds_per_visit=7.5672,0.575671875,0.5,expected_extra_seconds_per_visit=15.8813,0.6588125,0.8,expected_extra_seconds_per_visit=29.8800,0.7988,INCAPABLE,,current Flow-v2 physical equation,False,capacity classification uses service/demand deficit only
100.0,S42,Functional Test,inspection_eol,INSPECTION_EOL_TESTING,VEHICLE_MIX_OVERLOAD,True,0.5,0.25,shift_toward_actual_slowest_variant=0.25,0.5,0.5,shift_toward_actual_slowest_variant=0.60,0.5,0.8,shift_toward_actual_slowest_variant=1.00,0.5,INCAPABLE,ICE_SEDAN,current Flow-v2 physical equation,False,capacity classification uses service/demand deficit only
100.0,S42,Functional Test,inspection_eol,INSPECTION_EOL_TESTING,ARRIVAL_BURST,True,0.5,0.25,arrival_headway_multiplier=0.95,0.5263157894736842,0.5,arrival_headway_multiplier=0.88,0.5681818181818182,0.8,arrival_headway_multiplier=0.78,0.641025641025641,INCAPABLE,,provisional Phase-D demand-side design; not yet implemented,False,capacity classification uses service/demand deficit only
100.0,S42,Functional Test,inspection_eol,INSPECTION_EOL_TESTING,EQUIPMENT_DEGRADATION_UNSEEN,True,0.5,0.25,cycle_multiplier=1.4000,0.7,0.5,cycle_multiplier=1.6000,0.8,0.8,cycle_multiplier=1.8400,0.92,HARD_NEGATIVE,,current Flow-v2 physical equation,False,UNSEEN robustness only; excluded from supervised development
100.0,S43,Dynamic / Roll Test,inspection_eol,INSPECTION_EOL_TESTING,MANUAL_VARIATION,False,0.55,0.25,cycle_multiplier=1.2750,0.55,0.5,cycle_multiplier=1.4000,0.55,0.8,cycle_multiplier=1.5500,0.55,INCAPABLE,,current Flow-v2 physical equation,False,capacity classification uses service/demand deficit only
100.0,S43,Dynamic / Roll Test,inspection_eol,INSPECTION_EOL_TESTING,MICRO_STOPS,True,0.55,0.25,expected_extra_seconds_per_visit=7.5672,0.6256718750000001,0.5,expected_extra_seconds_per_visit=15.8813,0.7088125000000001,0.8,expected_extra_seconds_per_visit=29.8800,0.8488,INCAPABLE,,current Flow-v2 physical equation,False,capacity classification uses service/demand deficit only
100.0,S43,Dynamic / Roll Test,inspection_eol,INSPECTION_EOL_TESTING,VEHICLE_MIX_OVERLOAD,True,0.55,0.25,shift_toward_actual_slowest_variant=0.25,0.55,0.5,shift_toward_actual_slowest_variant=0.60,0.55,0.8,shift_toward_actual_slowest_variant=1.00,0.55,INCAPABLE,ICE_SEDAN,current Flow-v2 physical equation,False,capacity classification uses service/demand deficit only
100.0,S43,Dynamic / Roll Test,inspection_eol,INSPECTION_EOL_TESTING,ARRIVAL_BURST,True,0.55,0.25,arrival_headway_multiplier=0.95,0.5789473684210527,0.5,arrival_headway_multiplier=0.88,0.625,0.8,arrival_headway_multiplier=0.78,0.7051282051282052,INCAPABLE,,provisional Phase-D demand-side design; not yet implemented,False,capacity classification uses service/demand deficit only
100.0,S43,Dynamic / Roll Test,inspection_eol,INSPECTION_EOL_TESTING,EQUIPMENT_DEGRADATION_UNSEEN,True,0.55,0.25,cycle_multiplier=1.4000,0.77,0.5,cycle_multiplier=1.6000,0.8800000000000001,0.8,cycle_multiplier=1.8400,1.0120000000000002,BORDERLINE,,current Flow-v2 physical equation,False,UNSEEN robustness only; excluded from supervised development
100.0,S44,Final Quality Inspection,inspection_eol,INSPECTION_EOL_TESTING,MANUAL_VARIATION,False,0.52,0.25,cycle_multiplier=1.2750,0.52,0.5,cycle_multiplier=1.4000,0.52,0.8,cycle_multiplier=1.5500,0.52,INCAPABLE,,current Flow-v2 physical equation,False,capacity classification uses service/demand deficit only
100.0,S44,Final Quality Inspection,inspection_eol,INSPECTION_EOL_TESTING,MICRO_STOPS,True,0.52,0.25,expected_extra_seconds_per_visit=7.5672,0.5956718750000001,0.5,expected_extra_seconds_per_visit=15.8813,0.6788125,0.8,expected_extra_seconds_per_visit=29.8800,0.8188,INCAPABLE,,current Flow-v2 physical equation,False,capacity classification uses service/demand deficit only
100.0,S44,Final Quality Inspection,inspection_eol,INSPECTION_EOL_TESTING,VEHICLE_MIX_OVERLOAD,True,0.52,0.25,shift_toward_actual_slowest_variant=0.25,0.52,0.5,shift_toward_actual_slowest_variant=0.60,0.52,0.8,shift_toward_actual_slowest_variant=1.00,0.52,INCAPABLE,ICE_SEDAN,current Flow-v2 physical equation,False,capacity classification uses service/demand deficit only
100.0,S44,Final Quality Inspection,inspection_eol,INSPECTION_EOL_TESTING,ARRIVAL_BURST,True,0.52,0.25,arrival_headway_multiplier=0.95,0.5473684210526316,0.5,arrival_headway_multiplier=0.88,0.5909090909090909,0.8,arrival_headway_multiplier=0.78,0.6666666666666666,INCAPABLE,,provisional Phase-D demand-side design; not yet implemented,False,capacity classification uses service/demand deficit only
100.0,S44,Final Quality Inspection,inspection_eol,INSPECTION_EOL_TESTING,EQUIPMENT_DEGRADATION_UNSEEN,True,0.52,0.25,cycle_multiplier=1.4000,0.728,0.5,cycle_multiplier=1.6000,0.8320000000000001,0.8,cycle_multiplier=1.8400,0.9568000000000001,HARD_NEGATIVE,,current Flow-v2 physical equation,False,UNSEEN robustness only; excluded from supervised development
100.0,S45,Release / End-of-Line QC,inspection_eol,INSPECTION_EOL_TESTING,MANUAL_VARIATION,False,0.45,0.25,cycle_multiplier=1.2750,0.45,0.5,cycle_multiplier=1.4000,0.45,0.8,cycle_multiplier=1.5500,0.45,INCAPABLE,,current Flow-v2 physical equation,False,capacity classification uses service/demand deficit only
100.0,S45,Release / End-of-Line QC,inspection_eol,INSPECTION_EOL_TESTING,MICRO_STOPS,True,0.45,0.25,expected_extra_seconds_per_visit=7.5672,0.525671875,0.5,expected_extra_seconds_per_visit=15.8813,0.6088125,0.8,expected_extra_seconds_per_visit=29.8800,0.7488,INCAPABLE,,current Flow-v2 physical equation,False,capacity classification uses service/demand deficit only
100.0,S45,Release / End-of-Line QC,inspection_eol,INSPECTION_EOL_TESTING,VEHICLE_MIX_OVERLOAD,True,0.45,0.25,shift_toward_actual_slowest_variant=0.25,0.45,0.5,shift_toward_actual_slowest_variant=0.60,0.45,0.8,shift_toward_actual_slowest_variant=1.00,0.45,INCAPABLE,ICE_SEDAN,current Flow-v2 physical equation,False,capacity classification uses service/demand deficit only
100.0,S45,Release / End-of-Line QC,inspection_eol,INSPECTION_EOL_TESTING,ARRIVAL_BURST,True,0.45,0.25,arrival_headway_multiplier=0.95,0.4736842105263158,0.5,arrival_headway_multiplier=0.88,0.5113636363636364,0.8,arrival_headway_multiplier=0.78,0.5769230769230769,INCAPABLE,,provisional Phase-D demand-side design; not yet implemented,False,capacity classification uses service/demand deficit only
100.0,S45,Release / End-of-Line QC,inspection_eol,INSPECTION_EOL_TESTING,EQUIPMENT_DEGRADATION_UNSEEN,True,0.45,0.25,cycle_multiplier=1.4000,0.63,0.5,cycle_multiplier=1.6000,0.7200000000000001,0.8,cycle_multiplier=1.8400,0.8280000000000001,INCAPABLE,,current Flow-v2 physical equation,False,UNSEEN robustness only; excluded from supervised development
102.5,S01,Underbody Framing,body_joining,WELDING_BODY_JOINING,MANUAL_VARIATION,False,0.4582048780487805,0.25,cycle_multiplier=1.2750,0.4582048780487805,0.5,cycle_multiplier=1.4000,0.4582048780487805,0.8,cycle_multiplier=1.5500,0.4582048780487805,INCAPABLE,,current Flow-v2 physical equation,False,capacity classification uses service/demand deficit only
102.5,S01,Underbody Framing,body_joining,WELDING_BODY_JOINING,MICRO_STOPS,True,0.4582048780487805,0.25,expected_extra_seconds_per_visit=7.5672,0.5320310975609757,0.5,expected_extra_seconds_per_visit=15.8813,0.6131439024390244,0.8,expected_extra_seconds_per_visit=29.8800,0.7497170731707317,INCAPABLE,,current Flow-v2 physical equation,False,capacity classification uses service/demand deficit only
102.5,S01,Underbody Framing,body_joining,WELDING_BODY_JOINING,VEHICLE_MIX_OVERLOAD,True,0.4582048780487805,0.25,shift_toward_actual_slowest_variant=0.25,0.4625804878048781,0.5,shift_toward_actual_slowest_variant=0.60,0.46870634146341467,0.8,shift_toward_actual_slowest_variant=1.00,0.47570731707317077,INCAPABLE,ICE_SUV,current Flow-v2 physical equation,False,capacity classification uses service/demand deficit only
102.5,S01,Underbody Framing,body_joining,WELDING_BODY_JOINING,ARRIVAL_BURST,True,0.4582048780487805,0.25,arrival_headway_multiplier=0.95,0.48232092426187423,0.5,arrival_headway_multiplier=0.88,0.5206873614190688,0.8,arrival_headway_multiplier=0.78,0.5874421513445904,INCAPABLE,,provisional Phase-D demand-side design; not yet implemented,False,capacity classification uses service/demand deficit only
102.5,S01,Underbody Framing,body_joining,WELDING_BODY_JOINING,EQUIPMENT_DEGRADATION_UNSEEN,True,0.4582048780487805,0.25,cycle_multiplier=1.4000,0.6414868292682927,0.5,cycle_multiplier=1.6000,0.7331278048780488,0.8,cycle_multiplier=1.8400,0.8430969756097562,INCAPABLE,,current Flow-v2 physical equation,False,UNSEEN robustness only; excluded from supervised development
102.5,S02,Floor-Pan Welding,body_joining,WELDING_BODY_JOINING,MANUAL_VARIATION,False,0.4980487804878049,0.25,cycle_multiplier=1.2750,0.4980487804878049,0.5,cycle_multiplier=1.4000,0.4980487804878049,0.8,cycle_multiplier=1.5500,0.4980487804878049,INCAPABLE,,current Flow-v2 physical equation,False,capacity classification uses service/demand deficit only
102.5,S02,Floor-Pan Welding,body_joining,WELDING_BODY_JOINING,MICRO_STOPS,True,0.4980487804878049,0.25,expected_extra_seconds_per_visit=7.5672,0.571875,0.5,expected_extra_seconds_per_visit=15.8813,0.6529878048780489,0.8,expected_extra_seconds_per_visit=29.8800,0.7895609756097561,INCAPABLE,,current Flow-v2 physical equation,False,capacity classification uses service/demand deficit only
102.5,S02,Floor-Pan Welding,body_joining,WELDING_BODY_JOINING,VEHICLE_MIX_OVERLOAD,True,0.4980487804878049,0.25,shift_toward_actual_slowest_variant=0.25,0.5028048780487805,0.5,shift_toward_actual_slowest_variant=0.60,0.5094634146341463,0.8,shift_toward_actual_slowest_variant=1.00,0.5170731707317073,INCAPABLE,ICE_SUV,current Flow-v2 physical equation,False,capacity classification uses service/demand deficit only
102.5,S02,Floor-Pan Welding,body_joining,WELDING_BODY_JOINING,ARRIVAL_BURST,True,0.4980487804878049,0.25,arrival_headway_multiplier=0.95,0.5242618741976893,0.5,arrival_headway_multiplier=0.88,0.5659645232815964,0.8,arrival_headway_multiplier=0.78,0.6385240775484677,INCAPABLE,,provisional Phase-D demand-side design; not yet implemented,False,capacity classification uses service/demand deficit only
102.5,S02,Floor-Pan Welding,body_joining,WELDING_BODY_JOINING,EQUIPMENT_DEGRADATION_UNSEEN,True,0.4980487804878049,0.25,cycle_multiplier=1.4000,0.6972682926829268,0.5,cycle_multiplier=1.6000,0.7968780487804878,0.8,cycle_multiplier=1.8400,0.916409756097561,HARD_NEGATIVE,,current Flow-v2 physical equation,False,UNSEEN robustness only; excluded from supervised development
102.5,S03,Body Side Panel Joining,body_joining,WELDING_BODY_JOINING,MANUAL_VARIATION,False,0.551609756097561,0.25,cycle_multiplier=1.2750,0.551609756097561,0.5,cycle_multiplier=1.4000,0.551609756097561,0.8,cycle_multiplier=1.5500,0.551609756097561,INCAPABLE,,current Flow-v2 physical equation,False,capacity classification uses service/demand deficit only
102.5,S03,Body Side Panel Joining,body_joining,WELDING_BODY_JOINING,MICRO_STOPS,True,0.551609756097561,0.25,expected_extra_seconds_per_visit=7.5672,0.6254359756097562,0.5,expected_extra_seconds_per_visit=15.8813,0.706548780487805,0.8,expected_extra_seconds_per_visit=29.8800,0.8431219512195123,INCAPABLE,,current Flow-v2 physical equation,False,capacity classification uses service/demand deficit only
102.5,S03,Body Side Panel Joining,body_joining,WELDING_BODY_JOINING,VEHICLE_MIX_OVERLOAD,True,0.551609756097561,0.25,shift_toward_actual_slowest_variant=0.25,0.5585853658536586,0.5,shift_toward_actual_slowest_variant=0.60,0.5683512195121951,0.8,shift_toward_actual_slowest_variant=1.00,0.5795121951219513,INCAPABLE,ICE_SUV,current Flow-v2 physical equation,False,capacity classification uses service/demand deficit only
102.5,S03,Body Side Panel Joining,body_joining,WELDING_BODY_JOINING,ARRIVAL_BURST,True,0.551609756097561,0.25,arrival_headway_multiplier=0.95,0.5806418485237484,0.5,arrival_headway_multiplier=0.88,0.6268292682926829,0.8,arrival_headway_multiplier=0.78,0.7071919949968731,INCAPABLE,,provisional Phase-D demand-side design; not yet implemented,False,capacity classification uses service/demand deficit only
102.5,S03,Body Side Panel Joining,body_joining,WELDING_BODY_JOINING,EQUIPMENT_DEGRADATION_UNSEEN,True,0.551609756097561,0.25,cycle_multiplier=1.4000,0.7722536585365853,0.5,cycle_multiplier=1.6000,0.8825756097560977,0.8,cycle_multiplier=1.8400,1.0149619512195123,BORDERLINE,,current Flow-v2 physical equation,False,UNSEEN robustness only; excluded from supervised development
102.5,S04,Roof Joining,body_joining,WELDING_BODY_JOINING,MANUAL_VARIATION,False,0.41836097560975616,0.25,cycle_multiplier=1.2750,0.41836097560975616,0.5,cycle_multiplier=1.4000,0.41836097560975616,0.8,cycle_multiplier=1.5500,0.41836097560975616,INCAPABLE,,current Flow-v2 physical equation,False,capacity classification uses service/demand deficit only
102.5,S04,Roof Joining,body_joining,WELDING_BODY_JOINING,MICRO_STOPS,True,0.41836097560975616,0.25,expected_extra_seconds_per_visit=7.5672,0.4921871951219513,0.5,expected_extra_seconds_per_visit=15.8813,0.5733000000000001,0.8,expected_extra_seconds_per_visit=29.8800,0.7098731707317074,INCAPABLE,,current Flow-v2 physical equation,False,capacity classification uses service/demand deficit only
102.5,S04,Roof Joining,body_joining,WELDING_BODY_JOINING,VEHICLE_MIX_OVERLOAD,True,0.41836097560975616,0.25,shift_toward_actual_slowest_variant=0.25,0.4223560975609756,0.5,shift_toward_actual_slowest_variant=0.60,0.4279492682926829,0.8,shift_toward_actual_slowest_variant=1.00,0.4343414634146342,INCAPABLE,ICE_SUV,current Flow-v2 physical equation,False,capacity classification uses service/demand deficit only
102.5,S04,Roof Joining,body_joining,WELDING_BODY_JOINING,ARRIVAL_BURST,True,0.41836097560975616,0.25,arrival_headway_multiplier=0.95,0.44037997432605913,0.5,arrival_headway_multiplier=0.88,0.47541019955654107,0.8,arrival_headway_multiplier=0.78,0.536360225140713,INCAPABLE,,provisional Phase-D demand-side design; not yet implemented,False,capacity classification uses service/demand deficit only
102.5,S04,Roof Joining,body_joining,WELDING_BODY_JOINING,EQUIPMENT_DEGRADATION_UNSEEN,True,0.41836097560975616,0.25,cycle_multiplier=1.4000,0.5857053658536586,0.5,cycle_multiplier=1.6000,0.6693775609756099,0.8,cycle_multiplier=1.8400,0.7697841951219514,INCAPABLE,,current Flow-v2 physical equation,False,UNSEEN robustness only; excluded from supervised development
102.5,S05,Structural Adhesive / Body Bonding,body_joining,ADHESIVE_SEALING,MANUAL_VARIATION,False,0.3121951219512195,0.25,cycle_multiplier=1.2750,0.3121951219512195,0.5,cycle_multiplier=1.4000,0.3121951219512195,0.8,cycle_multiplier=1.5500,0.3121951219512195,INCAPABLE,,current Flow-v2 physical equation,False,capacity classification uses service/demand deficit only
102.5,S05,Structural Adhesive / Body Bonding,body_joining,ADHESIVE_SEALING,MICRO_STOPS,True,0.3121951219512195,0.25,expected_extra_seconds_per_visit=7.5672,0.38602134146341466,0.5,expected_extra_seconds_per_visit=15.8813,0.46713414634146344,0.8,expected_extra_seconds_per_visit=29.8800,0.6037073170731707,INCAPABLE,,current Flow-v2 physical equation,False,capacity classification uses service/demand deficit only
102.5,S05,Structural Adhesive / Body Bonding,body_joining,ADHESIVE_SEALING,VEHICLE_MIX_OVERLOAD,True,0.3121951219512195,0.25,shift_toward_actual_slowest_variant=0.25,0.3121951219512195,0.5,shift_toward_actual_slowest_variant=0.60,0.3121951219512195,0.8,shift_toward_actual_slowest_variant=1.00,0.3121951219512195,INCAPABLE,ICE_SEDAN,current Flow-v2 physical equation,False,capacity classification uses service/demand deficit only
102.5,S05,Structural Adhesive / Body Bonding,body_joining,ADHESIVE_SEALING,ARRIVAL_BURST,True,0.3121951219512195,0.25,arrival_headway_multiplier=0.95,0.32862644415917847,0.5,arrival_headway_multiplier=0.88,0.3547671840354767,0.8,arrival_headway_multiplier=0.78,0.4002501563477173,INCAPABLE,,provisional Phase-D demand-side design; not yet implemented,False,capacity classification uses service/demand deficit only
102.5,S05,Structural Adhesive / Body Bonding,body_joining,ADHESIVE_SEALING,EQUIPMENT_DEGRADATION_UNSEEN,True,0.3121951219512195,0.25,cycle_multiplier=1.4000,0.4370731707317073,0.5,cycle_multiplier=1.6000,0.4995121951219512,0.8,cycle_multiplier=1.8400,0.574439024390244,INCAPABLE,,current Flow-v2 physical equation,False,UNSEEN robustness only; excluded from supervised development
102.5,S06,Robotic Body Handling / Positioning,body_joining,ROBOTIC_HANDLING_ASSEMBLY,MANUAL_VARIATION,False,0.2926829268292683,0.25,cycle_multiplier=1.2750,0.2926829268292683,0.5,cycle_multiplier=1.4000,0.2926829268292683,0.8,cycle_multiplier=1.5500,0.2926829268292683,INCAPABLE,,current Flow-v2 physical equation,False,capacity classification uses service/demand deficit only
102.5,S06,Robotic Body Handling / Positioning,body_joining,ROBOTIC_HANDLING_ASSEMBLY,MICRO_STOPS,True,0.2926829268292683,0.25,expected_extra_seconds_per_visit=7.5672,0.3665091463414634,0.5,expected_extra_seconds_per_visit=15.8813,0.4476219512195122,0.8,expected_extra_seconds_per_visit=29.8800,0.5841951219512195,INCAPABLE,,current Flow-v2 physical equation,False,capacity classification uses service/demand deficit only
102.5,S06,Robotic Body Handling / Positioning,body_joining,ROBOTIC_HANDLING_ASSEMBLY,VEHICLE_MIX_OVERLOAD,True,0.2926829268292683,0.25,shift_toward_actual_slowest_variant=0.25,0.2926829268292683,0.5,shift_toward_actual_slowest_variant=0.60,0.2926829268292683,0.8,shift_toward_actual_slowest_variant=1.00,0.2926829268292683,INCAPABLE,ICE_SEDAN,current Flow-v2 physical equation,False,capacity classification uses service/demand deficit only
102.5,S06,Robotic Body Handling / Positioning,body_joining,ROBOTIC_HANDLING_ASSEMBLY,ARRIVAL_BURST,True,0.2926829268292683,0.25,arrival_headway_multiplier=0.95,0.3080872913992298,0.5,arrival_headway_multiplier=0.88,0.3325942350332594,0.8,arrival_headway_multiplier=0.78,0.37523452157598497,INCAPABLE,,provisional Phase-D demand-side design; not yet implemented,False,capacity classification uses service/demand deficit only
102.5,S06,Robotic Body Handling / Positioning,body_joining,ROBOTIC_HANDLING_ASSEMBLY,EQUIPMENT_DEGRADATION_UNSEEN,True,0.2926829268292683,0.25,cycle_multiplier=1.4000,0.4097560975609756,0.5,cycle_multiplier=1.6000,0.46829268292682924,0.8,cycle_multiplier=1.8400,0.5385365853658537,INCAPABLE,,current Flow-v2 physical equation,False,UNSEEN robustness only; excluded from supervised development
102.5,S07,Closure Panel Fitting,body_joining,ROBOTIC_HANDLING_ASSEMBLY,MANUAL_VARIATION,False,0.4682926829268293,0.25,cycle_multiplier=1.2750,0.4682926829268293,0.5,cycle_multiplier=1.4000,0.4682926829268293,0.8,cycle_multiplier=1.5500,0.4682926829268293,INCAPABLE,,current Flow-v2 physical equation,False,capacity classification uses service/demand deficit only
102.5,S07,Closure Panel Fitting,body_joining,ROBOTIC_HANDLING_ASSEMBLY,MICRO_STOPS,True,0.4682926829268293,0.25,expected_extra_seconds_per_visit=7.5672,0.5421189024390244,0.5,expected_extra_seconds_per_visit=15.8813,0.6232317073170732,0.8,expected_extra_seconds_per_visit=29.8800,0.7598048780487805,INCAPABLE,,current Flow-v2 physical equation,False,capacity classification uses service/demand deficit only
102.5,S07,Closure Panel Fitting,body_joining,ROBOTIC_HANDLING_ASSEMBLY,VEHICLE_MIX_OVERLOAD,True,0.4682926829268293,0.25,shift_toward_actual_slowest_variant=0.25,0.4682926829268293,0.5,shift_toward_actual_slowest_variant=0.60,0.4682926829268293,0.8,shift_toward_actual_slowest_variant=1.00,0.4682926829268293,INCAPABLE,ICE_SEDAN,current Flow-v2 physical equation,False,capacity classification uses service/demand deficit only
102.5,S07,Closure Panel Fitting,body_joining,ROBOTIC_HANDLING_ASSEMBLY,ARRIVAL_BURST,True,0.4682926829268293,0.25,arrival_headway_multiplier=0.95,0.4929396662387677,0.5,arrival_headway_multiplier=0.88,0.5321507760532151,0.8,arrival_headway_multiplier=0.78,0.600375234521576,INCAPABLE,,provisional Phase-D demand-side design; not yet implemented,False,capacity classification uses service/demand deficit only
102.5,S07,Closure Panel Fitting,body_joining,ROBOTIC_HANDLING_ASSEMBLY,EQUIPMENT_DEGRADATION_UNSEEN,True,0.4682926829268293,0.25,cycle_multiplier=1.4000,0.655609756097561,0.5,cycle_multiplier=1.6000,0.7492682926829269,0.8,cycle_multiplier=1.8400,0.861658536585366,INCAPABLE,,current Flow-v2 physical equation,False,UNSEEN robustness only; excluded from supervised development
102.5,S08,Body Geometry Inspection,body_joining,DIMENSIONAL_INSPECTION,MANUAL_VARIATION,False,0.25365853658536586,0.25,cycle_multiplier=1.2750,0.25365853658536586,0.5,cycle_multiplier=1.4000,0.25365853658536586,0.8,cycle_multiplier=1.5500,0.25365853658536586,INCAPABLE,,current Flow-v2 physical equation,False,capacity classification uses service/demand deficit only
102.5,S08,Body Geometry Inspection,body_joining,DIMENSIONAL_INSPECTION,MICRO_STOPS,True,0.25365853658536586,0.25,expected_extra_seconds_per_visit=7.5672,0.327484756097561,0.5,expected_extra_seconds_per_visit=15.8813,0.4085975609756098,0.8,expected_extra_seconds_per_visit=29.8800,0.5451707317073171,INCAPABLE,,current Flow-v2 physical equation,False,capacity classification uses service/demand deficit only
102.5,S08,Body Geometry Inspection,body_joining,DIMENSIONAL_INSPECTION,VEHICLE_MIX_OVERLOAD,True,0.25365853658536586,0.25,shift_toward_actual_slowest_variant=0.25,0.25365853658536586,0.5,shift_toward_actual_slowest_variant=0.60,0.25365853658536586,0.8,shift_toward_actual_slowest_variant=1.00,0.25365853658536586,INCAPABLE,ICE_SEDAN,current Flow-v2 physical equation,False,capacity classification uses service/demand deficit only
102.5,S08,Body Geometry Inspection,body_joining,DIMENSIONAL_INSPECTION,ARRIVAL_BURST,True,0.25365853658536586,0.25,arrival_headway_multiplier=0.95,0.26700898587933247,0.5,arrival_headway_multiplier=0.88,0.28824833702882485,0.8,arrival_headway_multiplier=0.78,0.3252032520325203,INCAPABLE,,provisional Phase-D demand-side design; not yet implemented,False,capacity classification uses service/demand deficit only
102.5,S08,Body Geometry Inspection,body_joining,DIMENSIONAL_INSPECTION,EQUIPMENT_DEGRADATION_UNSEEN,True,0.25365853658536586,0.25,cycle_multiplier=1.4000,0.3551219512195122,0.5,cycle_multiplier=1.6000,0.4058536585365854,0.8,cycle_multiplier=1.8400,0.4667317073170732,INCAPABLE,,current Flow-v2 physical equation,False,UNSEEN robustness only; excluded from supervised development
102.5,S09,Additional Spot Welding / Reinforcement,body_joining,WELDING_BODY_JOINING,MANUAL_VARIATION,False,0.37073170731707317,0.25,cycle_multiplier=1.2750,0.37073170731707317,0.5,cycle_multiplier=1.4000,0.37073170731707317,0.8,cycle_multiplier=1.5500,0.37073170731707317,INCAPABLE,,current Flow-v2 physical equation,False,capacity classification uses service/demand deficit only
102.5,S09,Additional Spot Welding / Reinforcement,body_joining,WELDING_BODY_JOINING,MICRO_STOPS,True,0.37073170731707317,0.25,expected_extra_seconds_per_visit=7.5672,0.4445579268292683,0.5,expected_extra_seconds_per_visit=15.8813,0.525670731707317,0.8,expected_extra_seconds_per_visit=29.8800,0.6622439024390243,INCAPABLE,,current Flow-v2 physical equation,False,capacity classification uses service/demand deficit only
102.5,S09,Additional Spot Welding / Reinforcement,body_joining,WELDING_BODY_JOINING,VEHICLE_MIX_OVERLOAD,True,0.37073170731707317,0.25,shift_toward_actual_slowest_variant=0.25,0.37073170731707317,0.5,shift_toward_actual_slowest_variant=0.60,0.37073170731707317,0.8,shift_toward_actual_slowest_variant=1.00,0.37073170731707317,INCAPABLE,ICE_SEDAN,current Flow-v2 physical equation,False,capacity classification uses service/demand deficit only
102.5,S09,Additional Spot Welding / Reinforcement,body_joining,WELDING_BODY_JOINING,ARRIVAL_BURST,True,0.37073170731707317,0.25,arrival_headway_multiplier=0.95,0.3902439024390244,0.5,arrival_headway_multiplier=0.88,0.4212860310421286,0.8,arrival_headway_multiplier=0.78,0.47529706066291433,INCAPABLE,,provisional Phase-D demand-side design; not yet implemented,False,capacity classification uses service/demand deficit only
102.5,S09,Additional Spot Welding / Reinforcement,body_joining,WELDING_BODY_JOINING,EQUIPMENT_DEGRADATION_UNSEEN,True,0.37073170731707317,0.25,cycle_multiplier=1.4000,0.5190243902439025,0.5,cycle_multiplier=1.6000,0.593170731707317,0.8,cycle_multiplier=1.8400,0.6821463414634147,INCAPABLE,,current Flow-v2 physical equation,False,UNSEEN robustness only; excluded from supervised development
102.5,S10,Seam / Body Joining,body_joining,WELDING_BODY_JOINING,MANUAL_VARIATION,False,0.4292682926829268,0.25,cycle_multiplier=1.2750,0.4292682926829268,0.5,cycle_multiplier=1.4000,0.4292682926829268,0.8,cycle_multiplier=1.5500,0.4292682926829268,INCAPABLE,,current Flow-v2 physical equation,False,capacity classification uses service/demand deficit only
102.5,S10,Seam / Body Joining,body_joining,WELDING_BODY_JOINING,MICRO_STOPS,True,0.4292682926829268,0.25,expected_extra_seconds_per_visit=7.5672,0.5030945121951219,0.5,expected_extra_seconds_per_visit=15.8813,0.5842073170731708,0.8,expected_extra_seconds_per_visit=29.8800,0.720780487804878,INCAPABLE,,current Flow-v2 physical equation,False,capacity classification uses service/demand deficit only
102.5,S10,Seam / Body Joining,body_joining,WELDING_BODY_JOINING,VEHICLE_MIX_OVERLOAD,True,0.4292682926829268,0.25,shift_toward_actual_slowest_variant=0.25,0.4292682926829268,0.5,shift_toward_actual_slowest_variant=0.60,0.4292682926829268,0.8,shift_toward_actual_slowest_variant=1.00,0.4292682926829268,INCAPABLE,ICE_SEDAN,current Flow-v2 physical equation,False,capacity classification uses service/demand deficit only
102.5,S10,Seam / Body Joining,body_joining,WELDING_BODY_JOINING,ARRIVAL_BURST,True,0.4292682926829268,0.25,arrival_headway_multiplier=0.95,0.45186136071887034,0.5,arrival_headway_multiplier=0.88,0.4878048780487805,0.8,arrival_headway_multiplier=0.78,0.5503439649781113,INCAPABLE,,provisional Phase-D demand-side design; not yet implemented,False,capacity classification uses service/demand deficit only
102.5,S10,Seam / Body Joining,body_joining,WELDING_BODY_JOINING,EQUIPMENT_DEGRADATION_UNSEEN,True,0.4292682926829268,0.25,cycle_multiplier=1.4000,0.6009756097560975,0.5,cycle_multiplier=1.6000,0.686829268292683,0.8,cycle_multiplier=1.8400,0.7898536585365854,INCAPABLE,,current Flow-v2 physical equation,False,UNSEEN robustness only; excluded from supervised development
102.5,S11,Body Finishing / Manual Inspection,body_joining,MANUAL_ASSEMBLY,MANUAL_VARIATION,True,0.7024390243902439,0.25,cycle_multiplier=1.2750,0.8956097560975609,0.5,cycle_multiplier=1.4000,0.9834146341463413,0.8,cycle_multiplier=1.5500,1.088780487804878,POSITIVE-CAPABLE,,current Flow-v2 physical equation,False,capacity classification uses service/demand deficit only
102.5,S11,Body Finishing / Manual Inspection,body_joining,MANUAL_ASSEMBLY,MICRO_STOPS,False,0.7024390243902439,0.25,expected_extra_seconds_per_visit=7.5672,0.7024390243902439,0.5,expected_extra_seconds_per_visit=15.8813,0.7024390243902439,0.8,expected_extra_seconds_per_visit=29.8800,0.7024390243902439,INCAPABLE,,current Flow-v2 physical equation,False,capacity classification uses service/demand deficit only
102.5,S11,Body Finishing / Manual Inspection,body_joining,MANUAL_ASSEMBLY,VEHICLE_MIX_OVERLOAD,True,0.7024390243902439,0.25,shift_toward_actual_slowest_variant=0.25,0.7024390243902439,0.5,shift_toward_actual_slowest_variant=0.60,0.7024390243902439,0.8,shift_toward_actual_slowest_variant=1.00,0.7024390243902439,INCAPABLE,ICE_SEDAN,current Flow-v2 physical equation,False,capacity classification uses service/demand deficit only
102.5,S11,Body Finishing / Manual Inspection,body_joining,MANUAL_ASSEMBLY,ARRIVAL_BURST,True,0.7024390243902439,0.25,arrival_headway_multiplier=0.95,0.7394094993581515,0.5,arrival_headway_multiplier=0.88,0.7982261640798226,0.8,arrival_headway_multiplier=0.78,0.9005628517823638,HARD_NEGATIVE,,provisional Phase-D demand-side design; not yet implemented,False,capacity classification uses service/demand deficit only
102.5,S11,Body Finishing / Manual Inspection,body_joining,MANUAL_ASSEMBLY,EQUIPMENT_DEGRADATION_UNSEEN,False,0.7024390243902439,0.25,cycle_multiplier=1.4000,0.7024390243902439,0.5,cycle_multiplier=1.6000,0.7024390243902439,0.8,cycle_multiplier=1.8400,0.7024390243902439,INCAPABLE,,current Flow-v2 physical equation,False,UNSEEN robustness only; excluded from supervised development
102.5,S12,Body-Out Dimensional Check,body_joining,DIMENSIONAL_INSPECTION,MANUAL_VARIATION,False,0.24390243902439024,0.25,cycle_multiplier=1.2750,0.24390243902439024,0.5,cycle_multiplier=1.4000,0.24390243902439024,0.8,cycle_multiplier=1.5500,0.24390243902439024,INCAPABLE,,current Flow-v2 physical equation,False,capacity classification uses service/demand deficit only
102.5,S12,Body-Out Dimensional Check,body_joining,DIMENSIONAL_INSPECTION,MICRO_STOPS,True,0.24390243902439024,0.25,expected_extra_seconds_per_visit=7.5672,0.3177286585365854,0.5,expected_extra_seconds_per_visit=15.8813,0.39884146341463417,0.8,expected_extra_seconds_per_visit=29.8800,0.5354146341463415,INCAPABLE,,current Flow-v2 physical equation,False,capacity classification uses service/demand deficit only
102.5,S12,Body-Out Dimensional Check,body_joining,DIMENSIONAL_INSPECTION,VEHICLE_MIX_OVERLOAD,True,0.24390243902439024,0.25,shift_toward_actual_slowest_variant=0.25,0.24390243902439024,0.5,shift_toward_actual_slowest_variant=0.60,0.24390243902439024,0.8,shift_toward_actual_slowest_variant=1.00,0.24390243902439024,INCAPABLE,ICE_SEDAN,current Flow-v2 physical equation,False,capacity classification uses service/demand deficit only
102.5,S12,Body-Out Dimensional Check,body_joining,DIMENSIONAL_INSPECTION,ARRIVAL_BURST,True,0.24390243902439024,0.25,arrival_headway_multiplier=0.95,0.25673940949935814,0.5,arrival_headway_multiplier=0.88,0.2771618625277162,0.8,arrival_headway_multiplier=0.78,0.3126954346466541,INCAPABLE,,provisional Phase-D demand-side design; not yet implemented,False,capacity classification uses service/demand deficit only
102.5,S12,Body-Out Dimensional Check,body_joining,DIMENSIONAL_INSPECTION,EQUIPMENT_DEGRADATION_UNSEEN,True,0.24390243902439024,0.25,cycle_multiplier=1.4000,0.3414634146341463,0.5,cycle_multiplier=1.6000,0.3902439024390244,0.8,cycle_multiplier=1.8400,0.44878048780487806,INCAPABLE,,current Flow-v2 physical equation,False,UNSEEN robustness only; excluded from supervised development
102.5,S13,Pretreatment,paint_surface,PAINT_COATING,MANUAL_VARIATION,False,0.3902439024390244,0.25,cycle_multiplier=1.2750,0.3902439024390244,0.5,cycle_multiplier=1.4000,0.3902439024390244,0.8,cycle_multiplier=1.5500,0.3902439024390244,INCAPABLE,,current Flow-v2 physical equation,False,capacity classification uses service/demand deficit only
102.5,S13,Pretreatment,paint_surface,PAINT_COATING,MICRO_STOPS,True,0.3902439024390244,0.25,expected_extra_seconds_per_visit=7.5672,0.46407012195121955,0.5,expected_extra_seconds_per_visit=15.8813,0.5451829268292683,0.8,expected_extra_seconds_per_visit=29.8800,0.6817560975609755,INCAPABLE,,current Flow-v2 physical equation,False,capacity classification uses service/demand deficit only
102.5,S13,Pretreatment,paint_surface,PAINT_COATING,VEHICLE_MIX_OVERLOAD,True,0.3902439024390244,0.25,shift_toward_actual_slowest_variant=0.25,0.3902439024390244,0.5,shift_toward_actual_slowest_variant=0.60,0.3902439024390244,0.8,shift_toward_actual_slowest_variant=1.00,0.3902439024390244,INCAPABLE,ICE_SEDAN,current Flow-v2 physical equation,False,capacity classification uses service/demand deficit only
102.5,S13,Pretreatment,paint_surface,PAINT_COATING,ARRIVAL_BURST,True,0.3902439024390244,0.25,arrival_headway_multiplier=0.95,0.41078305519897307,0.5,arrival_headway_multiplier=0.88,0.4434589800443459,0.8,arrival_headway_multiplier=0.78,0.5003126954346466,INCAPABLE,,provisional Phase-D demand-side design; not yet implemented,False,capacity classification uses service/demand deficit only
102.5,S13,Pretreatment,paint_surface,PAINT_COATING,EQUIPMENT_DEGRADATION_UNSEEN,True,0.3902439024390244,0.25,cycle_multiplier=1.4000,0.5463414634146341,0.5,cycle_multiplier=1.6000,0.6243902439024391,0.8,cycle_multiplier=1.8400,0.718048780487805,INCAPABLE,,current Flow-v2 physical equation,False,UNSEEN robustness only; excluded from supervised development
102.5,S14,E-Coat Application,paint_surface,PAINT_COATING,MANUAL_VARIATION,False,0.5365853658536586,0.25,cycle_multiplier=1.2750,0.5365853658536586,0.5,cycle_multiplier=1.4000,0.5365853658536586,0.8,cycle_multiplier=1.5500,0.5365853658536586,INCAPABLE,,current Flow-v2 physical equation,False,capacity classification uses service/demand deficit only
102.5,S14,E-Coat Application,paint_surface,PAINT_COATING,MICRO_STOPS,True,0.5365853658536586,0.25,expected_extra_seconds_per_visit=7.5672,0.6104115853658537,0.5,expected_extra_seconds_per_visit=15.8813,0.6915243902439026,0.8,expected_extra_seconds_per_visit=29.8800,0.8280975609756098,INCAPABLE,,current Flow-v2 physical equation,False,capacity classification uses service/demand deficit only
102.5,S14,E-Coat Application,paint_surface,PAINT_COATING,VEHICLE_MIX_OVERLOAD,True,0.5365853658536586,0.25,shift_toward_actual_slowest_variant=0.25,0.5365853658536586,0.5,shift_toward_actual_slowest_variant=0.60,0.5365853658536586,0.8,shift_toward_actual_slowest_variant=1.00,0.5365853658536586,INCAPABLE,ICE_SEDAN,current Flow-v2 physical equation,False,capacity classification uses service/demand deficit only
102.5,S14,E-Coat Application,paint_surface,PAINT_COATING,ARRIVAL_BURST,True,0.5365853658536586,0.25,arrival_headway_multiplier=0.95,0.564826700898588,0.5,arrival_headway_multiplier=0.88,0.6097560975609756,0.8,arrival_headway_multiplier=0.78,0.6879299562226392,INCAPABLE,,provisional Phase-D demand-side design; not yet implemented,False,capacity classification uses service/demand deficit only
102.5,S14,E-Coat Application,paint_surface,PAINT_COATING,EQUIPMENT_DEGRADATION_UNSEEN,True,0.5365853658536586,0.25,cycle_multiplier=1.4000,0.751219512195122,0.5,cycle_multiplier=1.6000,0.8585365853658538,0.8,cycle_multiplier=1.8400,0.9873170731707318,HARD_NEGATIVE,,current Flow-v2 physical equation,False,UNSEEN robustness only; excluded from supervised development
102.5,S15,E-Coat Cure,paint_surface,CURING_ENVIRONMENTAL,MANUAL_VARIATION,False,0.6048780487804878,0.25,cycle_multiplier=1.2750,0.6048780487804878,0.5,cycle_multiplier=1.4000,0.6048780487804878,0.8,cycle_multiplier=1.5500,0.6048780487804878,INCAPABLE,,current Flow-v2 physical equation,False,capacity classification uses service/demand deficit only
102.5,S15,E-Coat Cure,paint_surface,CURING_ENVIRONMENTAL,MICRO_STOPS,True,0.6048780487804878,0.25,expected_extra_seconds_per_visit=7.5672,0.6787042682926829,0.5,expected_extra_seconds_per_visit=15.8813,0.7598170731707317,0.8,expected_extra_seconds_per_visit=29.8800,0.8963902439024389,INCAPABLE,,current Flow-v2 physical equation,False,capacity classification uses service/demand deficit only
102.5,S15,E-Coat Cure,paint_surface,CURING_ENVIRONMENTAL,VEHICLE_MIX_OVERLOAD,True,0.6048780487804878,0.25,shift_toward_actual_slowest_variant=0.25,0.6048780487804878,0.5,shift_toward_actual_slowest_variant=0.60,0.6048780487804878,0.8,shift_toward_actual_slowest_variant=1.00,0.6048780487804878,INCAPABLE,ICE_SEDAN,current Flow-v2 physical equation,False,capacity classification uses service/demand deficit only
102.5,S15,E-Coat Cure,paint_surface,CURING_ENVIRONMENTAL,ARRIVAL_BURST,True,0.6048780487804878,0.25,arrival_headway_multiplier=0.95,0.6367137355584083,0.5,arrival_headway_multiplier=0.88,0.6873614190687362,0.8,arrival_headway_multiplier=0.78,0.7754846779237022,INCAPABLE,,provisional Phase-D demand-side design; not yet implemented,False,capacity classification uses service/demand deficit only
102.5,S15,E-Coat Cure,paint_surface,CURING_ENVIRONMENTAL,EQUIPMENT_DEGRADATION_UNSEEN,True,0.6048780487804878,0.25,cycle_multiplier=1.4000,0.8468292682926829,0.5,cycle_multiplier=1.6000,0.9678048780487805,0.8,cycle_multiplier=1.8400,1.1129756097560977,POSITIVE-CAPABLE,,current Flow-v2 physical equation,False,UNSEEN robustness only; excluded from supervised development
102.5,S16,Sealer Application,paint_surface,ADHESIVE_SEALING,MANUAL_VARIATION,False,0.33170731707317075,0.25,cycle_multiplier=1.2750,0.33170731707317075,0.5,cycle_multiplier=1.4000,0.33170731707317075,0.8,cycle_multiplier=1.5500,0.33170731707317075,INCAPABLE,,current Flow-v2 physical equation,False,capacity classification uses service/demand deficit only
102.5,S16,Sealer Application,paint_surface,ADHESIVE_SEALING,MICRO_STOPS,True,0.33170731707317075,0.25,expected_extra_seconds_per_visit=7.5672,0.4055335365853659,0.5,expected_extra_seconds_per_visit=15.8813,0.4866463414634147,0.8,expected_extra_seconds_per_visit=29.8800,0.623219512195122,INCAPABLE,,current Flow-v2 physical equation,False,capacity classification uses service/demand deficit only
102.5,S16,Sealer Application,paint_surface,ADHESIVE_SEALING,VEHICLE_MIX_OVERLOAD,True,0.33170731707317075,0.25,shift_toward_actual_slowest_variant=0.25,0.33170731707317075,0.5,shift_toward_actual_slowest_variant=0.60,0.33170731707317075,0.8,shift_toward_actual_slowest_variant=1.00,0.33170731707317075,INCAPABLE,ICE_SEDAN,current Flow-v2 physical equation,False,capacity classification uses service/demand deficit only
102.5,S16,Sealer Application,paint_surface,ADHESIVE_SEALING,ARRIVAL_BURST,True,0.33170731707317075,0.25,arrival_headway_multiplier=0.95,0.34916559691912713,0.5,arrival_headway_multiplier=0.88,0.376940133037694,0.8,arrival_headway_multiplier=0.78,0.4252657911194497,INCAPABLE,,provisional Phase-D demand-side design; not yet implemented,False,capacity classification uses service/demand deficit only
102.5,S16,Sealer Application,paint_surface,ADHESIVE_SEALING,EQUIPMENT_DEGRADATION_UNSEEN,True,0.33170731707317075,0.25,cycle_multiplier=1.4000,0.464390243902439,0.5,cycle_multiplier=1.6000,0.5307317073170732,0.8,cycle_multiplier=1.8400,0.6103414634146342,INCAPABLE,,current Flow-v2 physical equation,False,UNSEEN robustness only; excluded from supervised development
102.5,S17,Primer Application,paint_surface,PAINT_COATING,MANUAL_VARIATION,False,0.45349268292682926,0.25,cycle_multiplier=1.2750,0.45349268292682926,0.5,cycle_multiplier=1.4000,0.45349268292682926,0.8,cycle_multiplier=1.5500,0.45349268292682926,INCAPABLE,,current Flow-v2 physical equation,False,capacity classification uses service/demand deficit only
102.5,S17,Primer Application,paint_surface,PAINT_COATING,MICRO_STOPS,True,0.45349268292682926,0.25,expected_extra_seconds_per_visit=7.5672,0.5273189024390244,0.5,expected_extra_seconds_per_visit=15.8813,0.6084317073170732,0.8,expected_extra_seconds_per_visit=29.8800,0.7450048780487805,INCAPABLE,,current Flow-v2 physical equation,False,capacity classification uses service/demand deficit only
102.5,S17,Primer Application,paint_surface,PAINT_COATING,VEHICLE_MIX_OVERLOAD,True,0.45349268292682926,0.25,shift_toward_actual_slowest_variant=0.25,0.4556804878048781,0.5,shift_toward_actual_slowest_variant=0.60,0.45874341463414636,0.8,shift_toward_actual_slowest_variant=1.00,0.4622439024390244,INCAPABLE,ICE_SUV,current Flow-v2 physical equation,False,capacity classification uses service/demand deficit only
102.5,S17,Primer Application,paint_surface,PAINT_COATING,ARRIVAL_BURST,True,0.45349268292682926,0.25,arrival_headway_multiplier=0.95,0.4773607188703466,0.5,arrival_headway_multiplier=0.88,0.5153325942350332,0.8,arrival_headway_multiplier=0.78,0.581400875547217,INCAPABLE,,provisional Phase-D demand-side design; not yet implemented,False,capacity classification uses service/demand deficit only
102.5,S17,Primer Application,paint_surface,PAINT_COATING,EQUIPMENT_DEGRADATION_UNSEEN,True,0.45349268292682926,0.25,cycle_multiplier=1.4000,0.6348897560975609,0.5,cycle_multiplier=1.6000,0.7255882926829269,0.8,cycle_multiplier=1.8400,0.8344265365853659,INCAPABLE,,current Flow-v2 physical equation,False,UNSEEN robustness only; excluded from supervised development
102.5,S18,Base / Colour Coat,paint_surface,PAINT_COATING,MANUAL_VARIATION,False,0.4929268292682927,0.25,cycle_multiplier=1.2750,0.4929268292682927,0.5,cycle_multiplier=1.4000,0.4929268292682927,0.8,cycle_multiplier=1.5500,0.4929268292682927,INCAPABLE,,current Flow-v2 physical equation,False,capacity classification uses service/demand deficit only
102.5,S18,Base / Colour Coat,paint_surface,PAINT_COATING,MICRO_STOPS,True,0.4929268292682927,0.25,expected_extra_seconds_per_visit=7.5672,0.5667530487804878,0.5,expected_extra_seconds_per_visit=15.8813,0.6478658536585367,0.8,expected_extra_seconds_per_visit=29.8800,0.7844390243902439,INCAPABLE,,current Flow-v2 physical equation,False,capacity classification uses service/demand deficit only
102.5,S18,Base / Colour Coat,paint_surface,PAINT_COATING,VEHICLE_MIX_OVERLOAD,True,0.4929268292682927,0.25,shift_toward_actual_slowest_variant=0.25,0.4953048780487805,0.5,shift_toward_actual_slowest_variant=0.60,0.4986341463414634,0.8,shift_toward_actual_slowest_variant=1.00,0.5024390243902439,INCAPABLE,ICE_SUV,current Flow-v2 physical equation,False,capacity classification uses service/demand deficit only
102.5,S18,Base / Colour Coat,paint_surface,PAINT_COATING,ARRIVAL_BURST,True,0.4929268292682927,0.25,arrival_headway_multiplier=0.95,0.5188703465982029,0.5,arrival_headway_multiplier=0.88,0.5601441241685144,0.8,arrival_headway_multiplier=0.78,0.631957473420888,INCAPABLE,,provisional Phase-D demand-side design; not yet implemented,False,capacity classification uses service/demand deficit only
102.5,S18,Base / Colour Coat,paint_surface,PAINT_COATING,EQUIPMENT_DEGRADATION_UNSEEN,True,0.4929268292682927,0.25,cycle_multiplier=1.4000,0.6900975609756097,0.5,cycle_multiplier=1.6000,0.7886829268292683,0.8,cycle_multiplier=1.8400,0.9069853658536585,HARD_NEGATIVE,,current Flow-v2 physical equation,False,UNSEEN robustness only; excluded from supervised development
102.5,S19,Clear Coat,paint_surface,PAINT_COATING,MANUAL_VARIATION,False,0.473209756097561,0.25,cycle_multiplier=1.2750,0.473209756097561,0.5,cycle_multiplier=1.4000,0.473209756097561,0.8,cycle_multiplier=1.5500,0.473209756097561,INCAPABLE,,current Flow-v2 physical equation,False,capacity classification uses service/demand deficit only
102.5,S19,Clear Coat,paint_surface,PAINT_COATING,MICRO_STOPS,True,0.473209756097561,0.25,expected_extra_seconds_per_visit=7.5672,0.5470359756097561,0.5,expected_extra_seconds_per_visit=15.8813,0.628148780487805,0.8,expected_extra_seconds_per_visit=29.8800,0.7647219512195123,INCAPABLE,,current Flow-v2 physical equation,False,capacity classification uses service/demand deficit only
102.5,S19,Clear Coat,paint_surface,PAINT_COATING,VEHICLE_MIX_OVERLOAD,True,0.473209756097561,0.25,shift_toward_actual_slowest_variant=0.25,0.4754926829268293,0.5,shift_toward_actual_slowest_variant=0.60,0.4786887804878049,0.8,shift_toward_actual_slowest_variant=1.00,0.48234146341463413,INCAPABLE,ICE_SUV,current Flow-v2 physical equation,False,capacity classification uses service/demand deficit only
102.5,S19,Clear Coat,paint_surface,PAINT_COATING,ARRIVAL_BURST,True,0.473209756097561,0.25,arrival_headway_multiplier=0.95,0.4981155327342748,0.5,arrival_headway_multiplier=0.88,0.5377383592017738,0.8,arrival_headway_multiplier=0.78,0.6066791744840525,INCAPABLE,,provisional Phase-D demand-side design; not yet implemented,False,capacity classification uses service/demand deficit only
102.5,S19,Clear Coat,paint_surface,PAINT_COATING,EQUIPMENT_DEGRADATION_UNSEEN,True,0.473209756097561,0.25,cycle_multiplier=1.4000,0.6624936585365854,0.5,cycle_multiplier=1.6000,0.7571356097560976,0.8,cycle_multiplier=1.8400,0.8707059512195122,INCAPABLE,,current Flow-v2 physical equation,False,UNSEEN robustness only; excluded from supervised development
102.5,S20,Paint Cure + Paint Inspection,paint_surface,CURING_ENVIRONMENTAL,MANUAL_VARIATION,False,0.7121951219512195,0.25,cycle_multiplier=1.2750,0.7121951219512195,0.5,cycle_multiplier=1.4000,0.7121951219512195,0.8,cycle_multiplier=1.5500,0.7121951219512195,INCAPABLE,,current Flow-v2 physical equation,False,capacity classification uses service/demand deficit only
102.5,S20,Paint Cure + Paint Inspection,paint_surface,CURING_ENVIRONMENTAL,MICRO_STOPS,True,0.7121951219512195,0.25,expected_extra_seconds_per_visit=7.5672,0.7860213414634146,0.5,expected_extra_seconds_per_visit=15.8813,0.8671341463414635,0.8,expected_extra_seconds_per_visit=29.8800,1.0037073170731707,BORDERLINE,,current Flow-v2 physical equation,False,capacity classification uses service/demand deficit only
102.5,S20,Paint Cure + Paint Inspection,paint_surface,CURING_ENVIRONMENTAL,VEHICLE_MIX_OVERLOAD,True,0.7121951219512195,0.25,shift_toward_actual_slowest_variant=0.25,0.7121951219512195,0.5,shift_toward_actual_slowest_variant=0.60,0.7121951219512195,0.8,shift_toward_actual_slowest_variant=1.00,0.7121951219512195,INCAPABLE,ICE_SEDAN,current Flow-v2 physical equation,False,capacity classification uses service/demand deficit only
102.5,S20,Paint Cure + Paint Inspection,paint_surface,CURING_ENVIRONMENTAL,ARRIVAL_BURST,True,0.7121951219512195,0.25,arrival_headway_multiplier=0.95,0.7496790757381258,0.5,arrival_headway_multiplier=0.88,0.8093126385809313,0.8,arrival_headway_multiplier=0.78,0.9130706691682301,HARD_NEGATIVE,,provisional Phase-D demand-side design; not yet implemented,False,capacity classification uses service/demand deficit only
102.5,S20,Paint Cure + Paint Inspection,paint_surface,CURING_ENVIRONMENTAL,EQUIPMENT_DEGRADATION_UNSEEN,True,0.7121951219512195,0.25,cycle_multiplier=1.4000,0.9970731707317072,0.5,cycle_multiplier=1.6000,1.1395121951219511,0.8,cycle_multiplier=1.8400,1.310439024390244,POSITIVE-CAPABLE,,current Flow-v2 physical equation,False,UNSEEN robustness only; excluded from supervised development
102.5,S21,Trim Preparation,final_assembly,MANUAL_ASSEMBLY,MANUAL_VARIATION,True,0.7317073170731707,0.25,cycle_multiplier=1.2750,0.9329268292682926,0.5,cycle_multiplier=1.4000,1.024390243902439,0.8,cycle_multiplier=1.5500,1.1341463414634145,POSITIVE-CAPABLE,,current Flow-v2 physical equation,False,capacity classification uses service/demand deficit only
102.5,S21,Trim Preparation,final_assembly,MANUAL_ASSEMBLY,MICRO_STOPS,False,0.7317073170731707,0.25,expected_extra_seconds_per_visit=7.5672,0.7317073170731707,0.5,expected_extra_seconds_per_visit=15.8813,0.7317073170731707,0.8,expected_extra_seconds_per_visit=29.8800,0.7317073170731707,INCAPABLE,,current Flow-v2 physical equation,False,capacity classification uses service/demand deficit only
102.5,S21,Trim Preparation,final_assembly,MANUAL_ASSEMBLY,VEHICLE_MIX_OVERLOAD,True,0.7317073170731707,0.25,shift_toward_actual_slowest_variant=0.25,0.7317073170731707,0.5,shift_toward_actual_slowest_variant=0.60,0.7317073170731707,0.8,shift_toward_actual_slowest_variant=1.00,0.7317073170731707,INCAPABLE,ICE_SEDAN,current Flow-v2 physical equation,False,capacity classification uses service/demand deficit only
102.5,S21,Trim Preparation,final_assembly,MANUAL_ASSEMBLY,ARRIVAL_BURST,True,0.7317073170731707,0.25,arrival_headway_multiplier=0.95,0.7702182284980744,0.5,arrival_headway_multiplier=0.88,0.8314855875831485,0.8,arrival_headway_multiplier=0.78,0.9380863039399624,HARD_NEGATIVE,,provisional Phase-D demand-side design; not yet implemented,False,capacity classification uses service/demand deficit only
102.5,S21,Trim Preparation,final_assembly,MANUAL_ASSEMBLY,EQUIPMENT_DEGRADATION_UNSEEN,False,0.7317073170731707,0.25,cycle_multiplier=1.4000,0.7317073170731707,0.5,cycle_multiplier=1.6000,0.7317073170731707,0.8,cycle_multiplier=1.8400,0.7317073170731707,INCAPABLE,,current Flow-v2 physical equation,False,UNSEEN robustness only; excluded from supervised development
102.5,S22,Wiring Harness Installation,final_assembly,MANUAL_ASSEMBLY,MANUAL_VARIATION,True,0.8842926829268293,0.25,cycle_multiplier=1.2750,1.1274731707317072,0.5,cycle_multiplier=1.4000,1.238009756097561,0.8,cycle_multiplier=1.5500,1.3706536585365852,POSITIVE-CAPABLE,,current Flow-v2 physical equation,False,capacity classification uses service/demand deficit only
102.5,S22,Wiring Harness Installation,final_assembly,MANUAL_ASSEMBLY,MICRO_STOPS,False,0.8842926829268293,0.25,expected_extra_seconds_per_visit=7.5672,0.8842926829268293,0.5,expected_extra_seconds_per_visit=15.8813,0.8842926829268293,0.8,expected_extra_seconds_per_visit=29.8800,0.8842926829268293,INCAPABLE,,current Flow-v2 physical equation,False,capacity classification uses service/demand deficit only
102.5,S22,Wiring Harness Installation,final_assembly,MANUAL_ASSEMBLY,VEHICLE_MIX_OVERLOAD,True,0.8842926829268293,0.25,shift_toward_actual_slowest_variant=0.25,0.9100487804878049,0.5,shift_toward_actual_slowest_variant=0.60,0.9461073170731706,0.8,shift_toward_actual_slowest_variant=1.00,0.9873170731707316,HARD_NEGATIVE,EV,current Flow-v2 physical equation,False,capacity classification uses service/demand deficit only
102.5,S22,Wiring Harness Installation,final_assembly,MANUAL_ASSEMBLY,ARRIVAL_BURST,True,0.8842926829268293,0.25,arrival_headway_multiplier=0.95,0.930834403080873,0.5,arrival_headway_multiplier=0.88,1.0048780487804878,0.8,arrival_headway_multiplier=0.78,1.1337085678549093,POSITIVE-CAPABLE,,provisional Phase-D demand-side design; not yet implemented,False,capacity classification uses service/demand deficit only
102.5,S22,Wiring Harness Installation,final_assembly,MANUAL_ASSEMBLY,EQUIPMENT_DEGRADATION_UNSEEN,False,0.8842926829268293,0.25,cycle_multiplier=1.4000,0.8842926829268293,0.5,cycle_multiplier=1.6000,0.8842926829268293,0.8,cycle_multiplier=1.8400,0.8842926829268293,INCAPABLE,,current Flow-v2 physical equation,False,UNSEEN robustness only; excluded from supervised development
102.5,S23,Instrument Panel Installation,final_assembly,ROBOTIC_HANDLING_ASSEMBLY,MANUAL_VARIATION,False,0.3902439024390244,0.25,cycle_multiplier=1.2750,0.3902439024390244,0.5,cycle_multiplier=1.4000,0.3902439024390244,0.8,cycle_multiplier=1.5500,0.3902439024390244,INCAPABLE,,current Flow-v2 physical equation,False,capacity classification uses service/demand deficit only
102.5,S23,Instrument Panel Installation,final_assembly,ROBOTIC_HANDLING_ASSEMBLY,MICRO_STOPS,True,0.3902439024390244,0.25,expected_extra_seconds_per_visit=7.5672,0.46407012195121955,0.5,expected_extra_seconds_per_visit=15.8813,0.5451829268292683,0.8,expected_extra_seconds_per_visit=29.8800,0.6817560975609755,INCAPABLE,,current Flow-v2 physical equation,False,capacity classification uses service/demand deficit only
102.5,S23,Instrument Panel Installation,final_assembly,ROBOTIC_HANDLING_ASSEMBLY,VEHICLE_MIX_OVERLOAD,True,0.3902439024390244,0.25,shift_toward_actual_slowest_variant=0.25,0.3902439024390244,0.5,shift_toward_actual_slowest_variant=0.60,0.3902439024390244,0.8,shift_toward_actual_slowest_variant=1.00,0.3902439024390244,INCAPABLE,ICE_SEDAN,current Flow-v2 physical equation,False,capacity classification uses service/demand deficit only
102.5,S23,Instrument Panel Installation,final_assembly,ROBOTIC_HANDLING_ASSEMBLY,ARRIVAL_BURST,True,0.3902439024390244,0.25,arrival_headway_multiplier=0.95,0.41078305519897307,0.5,arrival_headway_multiplier=0.88,0.4434589800443459,0.8,arrival_headway_multiplier=0.78,0.5003126954346466,INCAPABLE,,provisional Phase-D demand-side design; not yet implemented,False,capacity classification uses service/demand deficit only
102.5,S23,Instrument Panel Installation,final_assembly,ROBOTIC_HANDLING_ASSEMBLY,EQUIPMENT_DEGRADATION_UNSEEN,True,0.3902439024390244,0.25,cycle_multiplier=1.4000,0.5463414634146341,0.5,cycle_multiplier=1.6000,0.6243902439024391,0.8,cycle_multiplier=1.8400,0.718048780487805,INCAPABLE,,current Flow-v2 physical equation,False,UNSEEN robustness only; excluded from supervised development
102.5,S24,HVAC / Interior Module Installation,final_assembly,MANUAL_ASSEMBLY,MANUAL_VARIATION,True,0.7317073170731707,0.25,cycle_multiplier=1.2750,0.9329268292682926,0.5,cycle_multiplier=1.4000,1.024390243902439,0.8,cycle_multiplier=1.5500,1.1341463414634145,POSITIVE-CAPABLE,,current Flow-v2 physical equation,False,capacity classification uses service/demand deficit only
102.5,S24,HVAC / Interior Module Installation,final_assembly,MANUAL_ASSEMBLY,MICRO_STOPS,False,0.7317073170731707,0.25,expected_extra_seconds_per_visit=7.5672,0.7317073170731707,0.5,expected_extra_seconds_per_visit=15.8813,0.7317073170731707,0.8,expected_extra_seconds_per_visit=29.8800,0.7317073170731707,INCAPABLE,,current Flow-v2 physical equation,False,capacity classification uses service/demand deficit only
102.5,S24,HVAC / Interior Module Installation,final_assembly,MANUAL_ASSEMBLY,VEHICLE_MIX_OVERLOAD,True,0.7317073170731707,0.25,shift_toward_actual_slowest_variant=0.25,0.7317073170731707,0.5,shift_toward_actual_slowest_variant=0.60,0.7317073170731707,0.8,shift_toward_actual_slowest_variant=1.00,0.7317073170731707,INCAPABLE,ICE_SEDAN,current Flow-v2 physical equation,False,capacity classification uses service/demand deficit only
102.5,S24,HVAC / Interior Module Installation,final_assembly,MANUAL_ASSEMBLY,ARRIVAL_BURST,True,0.7317073170731707,0.25,arrival_headway_multiplier=0.95,0.7702182284980744,0.5,arrival_headway_multiplier=0.88,0.8314855875831485,0.8,arrival_headway_multiplier=0.78,0.9380863039399624,HARD_NEGATIVE,,provisional Phase-D demand-side design; not yet implemented,False,capacity classification uses service/demand deficit only
102.5,S24,HVAC / Interior Module Installation,final_assembly,MANUAL_ASSEMBLY,EQUIPMENT_DEGRADATION_UNSEEN,False,0.7317073170731707,0.25,cycle_multiplier=1.4000,0.7317073170731707,0.5,cycle_multiplier=1.6000,0.7317073170731707,0.8,cycle_multiplier=1.8400,0.7317073170731707,INCAPABLE,,current Flow-v2 physical equation,False,UNSEEN robustness only; excluded from supervised development
102.5,S25,Glass Installation / Sealing,final_assembly,ADHESIVE_SEALING,MANUAL_VARIATION,False,0.35121951219512193,0.25,cycle_multiplier=1.2750,0.35121951219512193,0.5,cycle_multiplier=1.4000,0.35121951219512193,0.8,cycle_multiplier=1.5500,0.35121951219512193,INCAPABLE,,current Flow-v2 physical equation,False,capacity classification uses service/demand deficit only
102.5,S25,Glass Installation / Sealing,final_assembly,ADHESIVE_SEALING,MICRO_STOPS,True,0.35121951219512193,0.25,expected_extra_seconds_per_visit=7.5672,0.4250457317073171,0.5,expected_extra_seconds_per_visit=15.8813,0.5061585365853658,0.8,expected_extra_seconds_per_visit=29.8800,0.6427317073170731,INCAPABLE,,current Flow-v2 physical equation,False,capacity classification uses service/demand deficit only
102.5,S25,Glass Installation / Sealing,final_assembly,ADHESIVE_SEALING,VEHICLE_MIX_OVERLOAD,True,0.35121951219512193,0.25,shift_toward_actual_slowest_variant=0.25,0.35121951219512193,0.5,shift_toward_actual_slowest_variant=0.60,0.35121951219512193,0.8,shift_toward_actual_slowest_variant=1.00,0.35121951219512193,INCAPABLE,ICE_SEDAN,current Flow-v2 physical equation,False,capacity classification uses service/demand deficit only
102.5,S25,Glass Installation / Sealing,final_assembly,ADHESIVE_SEALING,ARRIVAL_BURST,True,0.35121951219512193,0.25,arrival_headway_multiplier=0.95,0.36970474967907574,0.5,arrival_headway_multiplier=0.88,0.3991130820399113,0.8,arrival_headway_multiplier=0.78,0.4502814258911819,INCAPABLE,,provisional Phase-D demand-side design; not yet implemented,False,capacity classification uses service/demand deficit only
102.5,S25,Glass Installation / Sealing,final_assembly,ADHESIVE_SEALING,EQUIPMENT_DEGRADATION_UNSEEN,True,0.35121951219512193,0.25,cycle_multiplier=1.4000,0.49170731707317067,0.5,cycle_multiplier=1.6000,0.5619512195121951,0.8,cycle_multiplier=1.8400,0.6462439024390244,INCAPABLE,,current Flow-v2 physical equation,False,UNSEEN robustness only; excluded from supervised development
102.5,S26,Powertrain / Battery Pack Marriage,final_assembly,ROBOTIC_HANDLING_ASSEMBLY,MANUAL_VARIATION,False,0.7551219512195121,0.25,cycle_multiplier=1.2750,0.7551219512195121,0.5,cycle_multiplier=1.4000,0.7551219512195121,0.8,cycle_multiplier=1.5500,0.7551219512195121,INCAPABLE,,current Flow-v2 physical equation,False,capacity classification uses service/demand deficit only
102.5,S26,Powertrain / Battery Pack Marriage,final_assembly,ROBOTIC_HANDLING_ASSEMBLY,MICRO_STOPS,True,0.7551219512195121,0.25,expected_extra_seconds_per_visit=7.5672,0.8289481707317072,0.5,expected_extra_seconds_per_visit=15.8813,0.910060975609756,0.8,expected_extra_seconds_per_visit=29.8800,1.0466341463414632,BORDERLINE,,current Flow-v2 physical equation,False,capacity classification uses service/demand deficit only
102.5,S26,Powertrain / Battery Pack Marriage,final_assembly,ROBOTIC_HANDLING_ASSEMBLY,VEHICLE_MIX_OVERLOAD,True,0.7551219512195121,0.25,shift_toward_actual_slowest_variant=0.25,0.7770731707317072,0.5,shift_toward_actual_slowest_variant=0.60,0.8078048780487803,0.8,shift_toward_actual_slowest_variant=1.00,0.8429268292682927,INCAPABLE,EV,current Flow-v2 physical equation,False,capacity classification uses service/demand deficit only
102.5,S26,Powertrain / Battery Pack Marriage,final_assembly,ROBOTIC_HANDLING_ASSEMBLY,ARRIVAL_BURST,True,0.7551219512195121,0.25,arrival_headway_multiplier=0.95,0.7948652118100128,0.5,arrival_headway_multiplier=0.88,0.8580931263858091,0.8,arrival_headway_multiplier=0.78,0.9681050656660412,HARD_NEGATIVE,,provisional Phase-D demand-side design; not yet implemented,False,capacity classification uses service/demand deficit only
102.5,S26,Powertrain / Battery Pack Marriage,final_assembly,ROBOTIC_HANDLING_ASSEMBLY,EQUIPMENT_DEGRADATION_UNSEEN,True,0.7551219512195121,0.25,cycle_multiplier=1.4000,1.057170731707317,0.5,cycle_multiplier=1.6000,1.2081951219512195,0.8,cycle_multiplier=1.8400,1.3894243902439023,POSITIVE-CAPABLE,,current Flow-v2 physical equation,False,UNSEEN robustness only; excluded from supervised development
102.5,S27,Powertrain / Battery Pack Mounting Fastening,final_assembly,TORQUE_FASTENING,MANUAL_VARIATION,False,0.21839024390243905,0.25,cycle_multiplier=1.2750,0.21839024390243905,0.5,cycle_multiplier=1.4000,0.21839024390243905,0.8,cycle_multiplier=1.5500,0.21839024390243905,INCAPABLE,,current Flow-v2 physical equation,False,capacity classification uses service/demand deficit only
102.5,S27,Powertrain / Battery Pack Mounting Fastening,final_assembly,TORQUE_FASTENING,MICRO_STOPS,True,0.21839024390243905,0.25,expected_extra_seconds_per_visit=7.5672,0.2922164634146342,0.5,expected_extra_seconds_per_visit=15.8813,0.373329268292683,0.8,expected_extra_seconds_per_visit=29.8800,0.5099024390243903,INCAPABLE,,current Flow-v2 physical equation,False,capacity classification uses service/demand deficit only
102.5,S27,Powertrain / Battery Pack Mounting Fastening,final_assembly,TORQUE_FASTENING,VEHICLE_MIX_OVERLOAD,True,0.21839024390243905,0.25,shift_toward_actual_slowest_variant=0.25,0.22013414634146342,0.5,shift_toward_actual_slowest_variant=0.60,0.22257560975609755,0.8,shift_toward_actual_slowest_variant=1.00,0.2253658536585366,INCAPABLE,ICE_SUV,current Flow-v2 physical equation,False,capacity classification uses service/demand deficit only
102.5,S27,Powertrain / Battery Pack Mounting Fastening,final_assembly,TORQUE_FASTENING,ARRIVAL_BURST,True,0.21839024390243905,0.25,arrival_headway_multiplier=0.95,0.22988446726572534,0.5,arrival_headway_multiplier=0.88,0.2481707317073171,0.8,arrival_headway_multiplier=0.78,0.27998749218261415,INCAPABLE,,provisional Phase-D demand-side design; not yet implemented,False,capacity classification uses service/demand deficit only
102.5,S27,Powertrain / Battery Pack Mounting Fastening,final_assembly,TORQUE_FASTENING,EQUIPMENT_DEGRADATION_UNSEEN,True,0.21839024390243905,0.25,cycle_multiplier=1.4000,0.3057463414634147,0.5,cycle_multiplier=1.6000,0.3494243902439025,0.8,cycle_multiplier=1.8400,0.4018380487804879,INCAPABLE,,current Flow-v2 physical equation,False,UNSEEN robustness only; excluded from supervised development
102.5,S28,Suspension / Chassis Fastening,final_assembly,TORQUE_FASTENING,MANUAL_VARIATION,False,0.25809756097560976,0.25,cycle_multiplier=1.2750,0.25809756097560976,0.5,cycle_multiplier=1.4000,0.25809756097560976,0.8,cycle_multiplier=1.5500,0.25809756097560976,INCAPABLE,,current Flow-v2 physical equation,False,capacity classification uses service/demand deficit only
102.5,S28,Suspension / Chassis Fastening,final_assembly,TORQUE_FASTENING,MICRO_STOPS,True,0.25809756097560976,0.25,expected_extra_seconds_per_visit=7.5672,0.3319237804878049,0.5,expected_extra_seconds_per_visit=15.8813,0.4130365853658537,0.8,expected_extra_seconds_per_visit=29.8800,0.549609756097561,INCAPABLE,,current Flow-v2 physical equation,False,capacity classification uses service/demand deficit only
102.5,S28,Suspension / Chassis Fastening,final_assembly,TORQUE_FASTENING,VEHICLE_MIX_OVERLOAD,True,0.25809756097560976,0.25,shift_toward_actual_slowest_variant=0.25,0.2601585365853658,0.5,shift_toward_actual_slowest_variant=0.60,0.2630439024390244,0.8,shift_toward_actual_slowest_variant=1.00,0.26634146341463416,INCAPABLE,ICE_SUV,current Flow-v2 physical equation,False,capacity classification uses service/demand deficit only
102.5,S28,Suspension / Chassis Fastening,final_assembly,TORQUE_FASTENING,ARRIVAL_BURST,True,0.25809756097560976,0.25,arrival_headway_multiplier=0.95,0.2716816431322208,0.5,arrival_headway_multiplier=0.88,0.29329268292682925,0.8,arrival_headway_multiplier=0.78,0.3308943089430894,INCAPABLE,,provisional Phase-D demand-side design; not yet implemented,False,capacity classification uses service/demand deficit only
102.5,S28,Suspension / Chassis Fastening,final_assembly,TORQUE_FASTENING,EQUIPMENT_DEGRADATION_UNSEEN,True,0.25809756097560976,0.25,cycle_multiplier=1.4000,0.36133658536585367,0.5,cycle_multiplier=1.6000,0.4129560975609756,0.8,cycle_multiplier=1.8400,0.474899512195122,INCAPABLE,,current Flow-v2 physical equation,False,UNSEEN robustness only; excluded from supervised development
102.5,S29,Seat Installation,final_assembly,MANUAL_ASSEMBLY,MANUAL_VARIATION,True,0.5365853658536586,0.25,cycle_multiplier=1.2750,0.6841463414634146,0.5,cycle_multiplier=1.4000,0.751219512195122,0.8,cycle_multiplier=1.5500,0.8317073170731707,INCAPABLE,,current Flow-v2 physical equation,False,capacity classification uses service/demand deficit only
102.5,S29,Seat Installation,final_assembly,MANUAL_ASSEMBLY,MICRO_STOPS,False,0.5365853658536586,0.25,expected_extra_seconds_per_visit=7.5672,0.5365853658536586,0.5,expected_extra_seconds_per_visit=15.8813,0.5365853658536586,0.8,expected_extra_seconds_per_visit=29.8800,0.5365853658536586,INCAPABLE,,current Flow-v2 physical equation,False,capacity classification uses service/demand deficit only
102.5,S29,Seat Installation,final_assembly,MANUAL_ASSEMBLY,VEHICLE_MIX_OVERLOAD,True,0.5365853658536586,0.25,shift_toward_actual_slowest_variant=0.25,0.5365853658536586,0.5,shift_toward_actual_slowest_variant=0.60,0.5365853658536586,0.8,shift_toward_actual_slowest_variant=1.00,0.5365853658536586,INCAPABLE,ICE_SEDAN,current Flow-v2 physical equation,False,capacity classification uses service/demand deficit only
102.5,S29,Seat Installation,final_assembly,MANUAL_ASSEMBLY,ARRIVAL_BURST,True,0.5365853658536586,0.25,arrival_headway_multiplier=0.95,0.564826700898588,0.5,arrival_headway_multiplier=0.88,0.6097560975609756,0.8,arrival_headway_multiplier=0.78,0.6879299562226392,INCAPABLE,,provisional Phase-D demand-side design; not yet implemented,False,capacity classification uses service/demand deficit only
102.5,S29,Seat Installation,final_assembly,MANUAL_ASSEMBLY,EQUIPMENT_DEGRADATION_UNSEEN,False,0.5365853658536586,0.25,cycle_multiplier=1.4000,0.5365853658536586,0.5,cycle_multiplier=1.6000,0.5365853658536586,0.8,cycle_multiplier=1.8400,0.5365853658536586,INCAPABLE,,current Flow-v2 physical equation,False,UNSEEN robustness only; excluded from supervised development
102.5,S30,Seat Torque Verification,final_assembly,TORQUE_FASTENING,MANUAL_VARIATION,False,0.1786829268292683,0.25,cycle_multiplier=1.2750,0.1786829268292683,0.5,cycle_multiplier=1.4000,0.1786829268292683,0.8,cycle_multiplier=1.5500,0.1786829268292683,INCAPABLE,,current Flow-v2 physical equation,False,capacity classification uses service/demand deficit only
102.5,S30,Seat Torque Verification,final_assembly,TORQUE_FASTENING,MICRO_STOPS,True,0.1786829268292683,0.25,expected_extra_seconds_per_visit=7.5672,0.25250914634146343,0.5,expected_extra_seconds_per_visit=15.8813,0.3336219512195122,0.8,expected_extra_seconds_per_visit=29.8800,0.4701951219512195,INCAPABLE,,current Flow-v2 physical equation,False,capacity classification uses service/demand deficit only
102.5,S30,Seat Torque Verification,final_assembly,TORQUE_FASTENING,VEHICLE_MIX_OVERLOAD,True,0.1786829268292683,0.25,shift_toward_actual_slowest_variant=0.25,0.18010975609756097,0.5,shift_toward_actual_slowest_variant=0.60,0.18210731707317074,0.8,shift_toward_actual_slowest_variant=1.00,0.18439024390243905,INCAPABLE,ICE_SUV,current Flow-v2 physical equation,False,capacity classification uses service/demand deficit only
102.5,S30,Seat Torque Verification,final_assembly,TORQUE_FASTENING,ARRIVAL_BURST,True,0.1786829268292683,0.25,arrival_headway_multiplier=0.95,0.1880872913992298,0.5,arrival_headway_multiplier=0.88,0.2030487804878049,0.8,arrival_headway_multiplier=0.78,0.22908067542213886,INCAPABLE,,provisional Phase-D demand-side design; not yet implemented,False,capacity classification uses service/demand deficit only
102.5,S30,Seat Torque Verification,final_assembly,TORQUE_FASTENING,EQUIPMENT_DEGRADATION_UNSEEN,True,0.1786829268292683,0.25,cycle_multiplier=1.4000,0.2501560975609756,0.5,cycle_multiplier=1.6000,0.2858926829268293,0.8,cycle_multiplier=1.8400,0.3287765853658537,INCAPABLE,,current Flow-v2 physical equation,False,UNSEEN robustness only; excluded from supervised development
102.5,S31,Wheel Installation,final_assembly,ROBOTIC_HANDLING_ASSEMBLY,MANUAL_VARIATION,False,0.1951219512195122,0.25,cycle_multiplier=1.2750,0.1951219512195122,0.5,cycle_multiplier=1.4000,0.1951219512195122,0.8,cycle_multiplier=1.5500,0.1951219512195122,INCAPABLE,,current Flow-v2 physical equation,False,capacity classification uses service/demand deficit only
102.5,S31,Wheel Installation,final_assembly,ROBOTIC_HANDLING_ASSEMBLY,MICRO_STOPS,True,0.1951219512195122,0.25,expected_extra_seconds_per_visit=7.5672,0.26894817073170735,0.5,expected_extra_seconds_per_visit=15.8813,0.35006097560975613,0.8,expected_extra_seconds_per_visit=29.8800,0.4866341463414634,INCAPABLE,,current Flow-v2 physical equation,False,capacity classification uses service/demand deficit only
102.5,S31,Wheel Installation,final_assembly,ROBOTIC_HANDLING_ASSEMBLY,VEHICLE_MIX_OVERLOAD,True,0.1951219512195122,0.25,shift_toward_actual_slowest_variant=0.25,0.1951219512195122,0.5,shift_toward_actual_slowest_variant=0.60,0.1951219512195122,0.8,shift_toward_actual_slowest_variant=1.00,0.1951219512195122,INCAPABLE,ICE_SEDAN,current Flow-v2 physical equation,False,capacity classification uses service/demand deficit only
102.5,S31,Wheel Installation,final_assembly,ROBOTIC_HANDLING_ASSEMBLY,ARRIVAL_BURST,True,0.1951219512195122,0.25,arrival_headway_multiplier=0.95,0.20539152759948653,0.5,arrival_headway_multiplier=0.88,0.22172949002217296,0.8,arrival_headway_multiplier=0.78,0.2501563477173233,INCAPABLE,,provisional Phase-D demand-side design; not yet implemented,False,capacity classification uses service/demand deficit only
102.5,S31,Wheel Installation,final_assembly,ROBOTIC_HANDLING_ASSEMBLY,EQUIPMENT_DEGRADATION_UNSEEN,True,0.1951219512195122,0.25,cycle_multiplier=1.4000,0.27317073170731704,0.5,cycle_multiplier=1.6000,0.31219512195121957,0.8,cycle_multiplier=1.8400,0.3590243902439025,INCAPABLE,,current Flow-v2 physical equation,False,UNSEEN robustness only; excluded from supervised development
102.5,S32,Wheel Torque,final_assembly,TORQUE_FASTENING,MANUAL_VARIATION,False,0.15882926829268293,0.25,cycle_multiplier=1.2750,0.15882926829268293,0.5,cycle_multiplier=1.4000,0.15882926829268293,0.8,cycle_multiplier=1.5500,0.15882926829268293,INCAPABLE,,current Flow-v2 physical equation,False,capacity classification uses service/demand deficit only
102.5,S32,Wheel Torque,final_assembly,TORQUE_FASTENING,MICRO_STOPS,True,0.15882926829268293,0.25,expected_extra_seconds_per_visit=7.5672,0.23265548780487805,0.5,expected_extra_seconds_per_visit=15.8813,0.31376829268292683,0.8,expected_extra_seconds_per_visit=29.8800,0.4503414634146341,INCAPABLE,,current Flow-v2 physical equation,False,capacity classification uses service/demand deficit only
102.5,S32,Wheel Torque,final_assembly,TORQUE_FASTENING,VEHICLE_MIX_OVERLOAD,True,0.15882926829268293,0.25,shift_toward_actual_slowest_variant=0.25,0.16009756097560976,0.5,shift_toward_actual_slowest_variant=0.60,0.16187317073170734,0.8,shift_toward_actual_slowest_variant=1.00,0.16390243902439025,INCAPABLE,ICE_SUV,current Flow-v2 physical equation,False,capacity classification uses service/demand deficit only
102.5,S32,Wheel Torque,final_assembly,TORQUE_FASTENING,ARRIVAL_BURST,True,0.15882926829268293,0.25,arrival_headway_multiplier=0.95,0.16718870346598202,0.5,arrival_headway_multiplier=0.88,0.18048780487804877,0.8,arrival_headway_multiplier=0.78,0.20362726704190118,INCAPABLE,,provisional Phase-D demand-side design; not yet implemented,False,capacity classification uses service/demand deficit only
102.5,S32,Wheel Torque,final_assembly,TORQUE_FASTENING,EQUIPMENT_DEGRADATION_UNSEEN,True,0.15882926829268293,0.25,cycle_multiplier=1.4000,0.2223609756097561,0.5,cycle_multiplier=1.6000,0.2541268292682927,0.8,cycle_multiplier=1.8400,0.2922458536585366,INCAPABLE,,current Flow-v2 physical equation,False,UNSEEN robustness only; excluded from supervised development
102.5,S33,Door / Closure Finishing,final_assembly,MANUAL_ASSEMBLY,MANUAL_VARIATION,True,0.5658536585365853,0.25,cycle_multiplier=1.2750,0.7214634146341462,0.5,cycle_multiplier=1.4000,0.7921951219512194,0.8,cycle_multiplier=1.5500,0.8770731707317071,INCAPABLE,,current Flow-v2 physical equation,False,capacity classification uses service/demand deficit only
102.5,S33,Door / Closure Finishing,final_assembly,MANUAL_ASSEMBLY,MICRO_STOPS,False,0.5658536585365853,0.25,expected_extra_seconds_per_visit=7.5672,0.5658536585365853,0.5,expected_extra_seconds_per_visit=15.8813,0.5658536585365853,0.8,expected_extra_seconds_per_visit=29.8800,0.5658536585365853,INCAPABLE,,current Flow-v2 physical equation,False,capacity classification uses service/demand deficit only
102.5,S33,Door / Closure Finishing,final_assembly,MANUAL_ASSEMBLY,VEHICLE_MIX_OVERLOAD,True,0.5658536585365853,0.25,shift_toward_actual_slowest_variant=0.25,0.5658536585365853,0.5,shift_toward_actual_slowest_variant=0.60,0.5658536585365853,0.8,shift_toward_actual_slowest_variant=1.00,0.5658536585365853,INCAPABLE,ICE_SEDAN,current Flow-v2 physical equation,False,capacity classification uses service/demand deficit only
102.5,S33,Door / Closure Finishing,final_assembly,MANUAL_ASSEMBLY,ARRIVAL_BURST,True,0.5658536585365853,0.25,arrival_headway_multiplier=0.95,0.5956354300385109,0.5,arrival_headway_multiplier=0.88,0.6430155210643015,0.8,arrival_headway_multiplier=0.78,0.7254534083802375,INCAPABLE,,provisional Phase-D demand-side design; not yet implemented,False,capacity classification uses service/demand deficit only
102.5,S33,Door / Closure Finishing,final_assembly,MANUAL_ASSEMBLY,EQUIPMENT_DEGRADATION_UNSEEN,False,0.5658536585365853,0.25,cycle_multiplier=1.4000,0.5658536585365853,0.5,cycle_multiplier=1.6000,0.5658536585365853,0.8,cycle_multiplier=1.8400,0.5658536585365853,INCAPABLE,,current Flow-v2 physical equation,False,UNSEEN robustness only; excluded from supervised development
102.5,S34,Electrical Connection / System Check,final_assembly,MANUAL_ASSEMBLY,MANUAL_VARIATION,True,0.6634146341463415,0.25,cycle_multiplier=1.2750,0.8458536585365853,0.5,cycle_multiplier=1.4000,0.928780487804878,0.8,cycle_multiplier=1.5500,1.0282926829268293,BORDERLINE,,current Flow-v2 physical equation,False,capacity classification uses service/demand deficit only
102.5,S34,Electrical Connection / System Check,final_assembly,MANUAL_ASSEMBLY,MICRO_STOPS,False,0.6634146341463415,0.25,expected_extra_seconds_per_visit=7.5672,0.6634146341463415,0.5,expected_extra_seconds_per_visit=15.8813,0.6634146341463415,0.8,expected_extra_seconds_per_visit=29.8800,0.6634146341463415,INCAPABLE,,current Flow-v2 physical equation,False,capacity classification uses service/demand deficit only
102.5,S34,Electrical Connection / System Check,final_assembly,MANUAL_ASSEMBLY,VEHICLE_MIX_OVERLOAD,True,0.6634146341463415,0.25,shift_toward_actual_slowest_variant=0.25,0.6634146341463415,0.5,shift_toward_actual_slowest_variant=0.60,0.6634146341463415,0.8,shift_toward_actual_slowest_variant=1.00,0.6634146341463415,INCAPABLE,ICE_SEDAN,current Flow-v2 physical equation,False,capacity classification uses service/demand deficit only
102.5,S34,Electrical Connection / System Check,final_assembly,MANUAL_ASSEMBLY,ARRIVAL_BURST,True,0.6634146341463415,0.25,arrival_headway_multiplier=0.95,0.6983311938382543,0.5,arrival_headway_multiplier=0.88,0.753880266075388,0.8,arrival_headway_multiplier=0.78,0.8505315822388994,INCAPABLE,,provisional Phase-D demand-side design; not yet implemented,False,capacity classification uses service/demand deficit only
102.5,S34,Electrical Connection / System Check,final_assembly,MANUAL_ASSEMBLY,EQUIPMENT_DEGRADATION_UNSEEN,False,0.6634146341463415,0.25,cycle_multiplier=1.4000,0.6634146341463415,0.5,cycle_multiplier=1.6000,0.6634146341463415,0.8,cycle_multiplier=1.8400,0.6634146341463415,INCAPABLE,,current Flow-v2 physical equation,False,UNSEEN robustness only; excluded from supervised development
102.5,S35,Fluid-Related Process / Preparation,final_assembly,FLUID_FILL_FUNCTIONAL,MANUAL_VARIATION,False,0.2965853658536585,0.25,cycle_multiplier=1.2750,0.2965853658536585,0.5,cycle_multiplier=1.4000,0.2965853658536585,0.8,cycle_multiplier=1.5500,0.2965853658536585,INCAPABLE,,current Flow-v2 physical equation,False,capacity classification uses service/demand deficit only
102.5,S35,Fluid-Related Process / Preparation,final_assembly,FLUID_FILL_FUNCTIONAL,MICRO_STOPS,True,0.2965853658536585,0.25,expected_extra_seconds_per_visit=7.5672,0.3556463414634146,0.5,expected_extra_seconds_per_visit=15.8813,0.42053658536585364,0.8,expected_extra_seconds_per_visit=29.8800,0.5297951219512195,INCAPABLE,,current Flow-v2 physical equation,False,capacity classification uses service/demand deficit only
102.5,S35,Fluid-Related Process / Preparation,final_assembly,FLUID_FILL_FUNCTIONAL,VEHICLE_MIX_OVERLOAD,True,0.2965853658536585,0.25,shift_toward_actual_slowest_variant=0.25,0.31512195121951214,0.5,shift_toward_actual_slowest_variant=0.60,0.34107317073170734,0.8,shift_toward_actual_slowest_variant=1.00,0.37073170731707317,INCAPABLE,ICE_SEDAN,current Flow-v2 physical equation,False,capacity classification uses service/demand deficit only
102.5,S35,Fluid-Related Process / Preparation,final_assembly,FLUID_FILL_FUNCTIONAL,ARRIVAL_BURST,True,0.2965853658536585,0.25,arrival_headway_multiplier=0.95,0.3121951219512195,0.5,arrival_headway_multiplier=0.88,0.3370288248337029,0.8,arrival_headway_multiplier=0.78,0.38023764853033143,INCAPABLE,,provisional Phase-D demand-side design; not yet implemented,False,capacity classification uses service/demand deficit only
102.5,S35,Fluid-Related Process / Preparation,final_assembly,FLUID_FILL_FUNCTIONAL,EQUIPMENT_DEGRADATION_UNSEEN,True,0.2965853658536585,0.25,cycle_multiplier=1.4000,0.41521951219512193,0.5,cycle_multiplier=1.6000,0.47453658536585364,0.8,cycle_multiplier=1.8400,0.5457170731707317,INCAPABLE,,current Flow-v2 physical equation,False,UNSEEN robustness only; excluded from supervised development
102.5,S36,Variant-Specific ICE / EV Process,final_assembly,FLUID_FILL_FUNCTIONAL,MANUAL_VARIATION,False,0.429219512195122,0.25,cycle_multiplier=1.2750,0.429219512195122,0.5,cycle_multiplier=1.4000,0.429219512195122,0.8,cycle_multiplier=1.5500,0.429219512195122,INCAPABLE,,current Flow-v2 physical equation,False,capacity classification uses service/demand deficit only
102.5,S36,Variant-Specific ICE / EV Process,final_assembly,FLUID_FILL_FUNCTIONAL,MICRO_STOPS,True,0.429219512195122,0.25,expected_extra_seconds_per_visit=7.5672,0.5030457317073171,0.5,expected_extra_seconds_per_visit=15.8813,0.5841585365853659,0.8,expected_extra_seconds_per_visit=29.8800,0.7207317073170731,INCAPABLE,,current Flow-v2 physical equation,False,capacity classification uses service/demand deficit only
102.5,S36,Variant-Specific ICE / EV Process,final_assembly,FLUID_FILL_FUNCTIONAL,VEHICLE_MIX_OVERLOAD,True,0.429219512195122,0.25,shift_toward_actual_slowest_variant=0.25,0.43971951219512195,0.5,shift_toward_actual_slowest_variant=0.60,0.4544195121951219,0.8,shift_toward_actual_slowest_variant=1.00,0.4712195121951219,INCAPABLE,EV,current Flow-v2 physical equation,False,capacity classification uses service/demand deficit only
102.5,S36,Variant-Specific ICE / EV Process,final_assembly,FLUID_FILL_FUNCTIONAL,ARRIVAL_BURST,True,0.429219512195122,0.25,arrival_headway_multiplier=0.95,0.45181001283697053,0.5,arrival_headway_multiplier=0.88,0.487749445676275,0.8,arrival_headway_multiplier=0.78,0.550281425891182,INCAPABLE,,provisional Phase-D demand-side design; not yet implemented,False,capacity classification uses service/demand deficit only
102.5,S36,Variant-Specific ICE / EV Process,final_assembly,FLUID_FILL_FUNCTIONAL,EQUIPMENT_DEGRADATION_UNSEEN,True,0.429219512195122,0.25,cycle_multiplier=1.4000,0.6009073170731708,0.5,cycle_multiplier=1.6000,0.6867512195121952,0.8,cycle_multiplier=1.8400,0.7897639024390245,INCAPABLE,,current Flow-v2 physical equation,False,UNSEEN robustness only; excluded from supervised development
102.5,S37,Functional Assembly Check,final_assembly,INSPECTION_EOL_TESTING,MANUAL_VARIATION,False,0.44878048780487806,0.25,cycle_multiplier=1.2750,0.44878048780487806,0.5,cycle_multiplier=1.4000,0.44878048780487806,0.8,cycle_multiplier=1.5500,0.44878048780487806,INCAPABLE,,current Flow-v2 physical equation,False,capacity classification uses service/demand deficit only
102.5,S37,Functional Assembly Check,final_assembly,INSPECTION_EOL_TESTING,MICRO_STOPS,True,0.44878048780487806,0.25,expected_extra_seconds_per_visit=7.5672,0.5226067073170731,0.5,expected_extra_seconds_per_visit=15.8813,0.603719512195122,0.8,expected_extra_seconds_per_visit=29.8800,0.7402926829268293,INCAPABLE,,current Flow-v2 physical equation,False,capacity classification uses service/demand deficit only
102.5,S37,Functional Assembly Check,final_assembly,INSPECTION_EOL_TESTING,VEHICLE_MIX_OVERLOAD,True,0.44878048780487806,0.25,shift_toward_actual_slowest_variant=0.25,0.44878048780487806,0.5,shift_toward_actual_slowest_variant=0.60,0.44878048780487806,0.8,shift_toward_actual_slowest_variant=1.00,0.44878048780487806,INCAPABLE,ICE_SEDAN,current Flow-v2 physical equation,False,capacity classification uses service/demand deficit only
102.5,S37,Functional Assembly Check,final_assembly,INSPECTION_EOL_TESTING,ARRIVAL_BURST,True,0.44878048780487806,0.25,arrival_headway_multiplier=0.95,0.472400513478819,0.5,arrival_headway_multiplier=0.88,0.5099778270509978,0.8,arrival_headway_multiplier=0.78,0.5753595997498436,INCAPABLE,,provisional Phase-D demand-side design; not yet implemented,False,capacity classification uses service/demand deficit only
102.5,S37,Functional Assembly Check,final_assembly,INSPECTION_EOL_TESTING,EQUIPMENT_DEGRADATION_UNSEEN,True,0.44878048780487806,0.25,cycle_multiplier=1.4000,0.6282926829268293,0.5,cycle_multiplier=1.6000,0.718048780487805,0.8,cycle_multiplier=1.8400,0.8257560975609757,INCAPABLE,,current Flow-v2 physical equation,False,UNSEEN robustness only; excluded from supervised development
102.5,S38,Final Trim / Manual Inspection,final_assembly,MANUAL_ASSEMBLY,MANUAL_VARIATION,True,0.5853658536585366,0.25,cycle_multiplier=1.2750,0.746341463414634,0.5,cycle_multiplier=1.4000,0.8195121951219512,0.8,cycle_multiplier=1.5500,0.9073170731707315,HARD_NEGATIVE,,current Flow-v2 physical equation,False,capacity classification uses service/demand deficit only
102.5,S38,Final Trim / Manual Inspection,final_assembly,MANUAL_ASSEMBLY,MICRO_STOPS,False,0.5853658536585366,0.25,expected_extra_seconds_per_visit=7.5672,0.5853658536585366,0.5,expected_extra_seconds_per_visit=15.8813,0.5853658536585366,0.8,expected_extra_seconds_per_visit=29.8800,0.5853658536585366,INCAPABLE,,current Flow-v2 physical equation,False,capacity classification uses service/demand deficit only
102.5,S38,Final Trim / Manual Inspection,final_assembly,MANUAL_ASSEMBLY,VEHICLE_MIX_OVERLOAD,True,0.5853658536585366,0.25,shift_toward_actual_slowest_variant=0.25,0.5853658536585366,0.5,shift_toward_actual_slowest_variant=0.60,0.5853658536585366,0.8,shift_toward_actual_slowest_variant=1.00,0.5853658536585366,INCAPABLE,ICE_SEDAN,current Flow-v2 physical equation,False,capacity classification uses service/demand deficit only
102.5,S38,Final Trim / Manual Inspection,final_assembly,MANUAL_ASSEMBLY,ARRIVAL_BURST,True,0.5853658536585366,0.25,arrival_headway_multiplier=0.95,0.6161745827984596,0.5,arrival_headway_multiplier=0.88,0.6651884700665188,0.8,arrival_headway_multiplier=0.78,0.7504690431519699,INCAPABLE,,provisional Phase-D demand-side design; not yet implemented,False,capacity classification uses service/demand deficit only
102.5,S38,Final Trim / Manual Inspection,final_assembly,MANUAL_ASSEMBLY,EQUIPMENT_DEGRADATION_UNSEEN,False,0.5853658536585366,0.25,cycle_multiplier=1.4000,0.5853658536585366,0.5,cycle_multiplier=1.6000,0.5853658536585366,0.8,cycle_multiplier=1.8400,0.5853658536585366,INCAPABLE,,current Flow-v2 physical equation,False,UNSEEN robustness only; excluded from supervised development
102.5,S39,Dimensional / Final Visual Check,inspection_eol,DIMENSIONAL_INSPECTION,MANUAL_VARIATION,False,0.2731707317073171,0.25,cycle_multiplier=1.2750,0.2731707317073171,0.5,cycle_multiplier=1.4000,0.2731707317073171,0.8,cycle_multiplier=1.5500,0.2731707317073171,INCAPABLE,,current Flow-v2 physical equation,False,capacity classification uses service/demand deficit only
102.5,S39,Dimensional / Final Visual Check,inspection_eol,DIMENSIONAL_INSPECTION,MICRO_STOPS,True,0.2731707317073171,0.25,expected_extra_seconds_per_visit=7.5672,0.34699695121951224,0.5,expected_extra_seconds_per_visit=15.8813,0.428109756097561,0.8,expected_extra_seconds_per_visit=29.8800,0.5646829268292684,INCAPABLE,,current Flow-v2 physical equation,False,capacity classification uses service/demand deficit only
102.5,S39,Dimensional / Final Visual Check,inspection_eol,DIMENSIONAL_INSPECTION,VEHICLE_MIX_OVERLOAD,True,0.2731707317073171,0.25,shift_toward_actual_slowest_variant=0.25,0.2731707317073171,0.5,shift_toward_actual_slowest_variant=0.60,0.2731707317073171,0.8,shift_toward_actual_slowest_variant=1.00,0.2731707317073171,INCAPABLE,ICE_SEDAN,current Flow-v2 physical equation,False,capacity classification uses service/demand deficit only
102.5,S39,Dimensional / Final Visual Check,inspection_eol,DIMENSIONAL_INSPECTION,ARRIVAL_BURST,True,0.2731707317073171,0.25,arrival_headway_multiplier=0.95,0.2875481386392812,0.5,arrival_headway_multiplier=0.88,0.31042128603104213,0.8,arrival_headway_multiplier=0.78,0.35021888680425267,INCAPABLE,,provisional Phase-D demand-side design; not yet implemented,False,capacity classification uses service/demand deficit only
102.5,S39,Dimensional / Final Visual Check,inspection_eol,DIMENSIONAL_INSPECTION,EQUIPMENT_DEGRADATION_UNSEEN,True,0.2731707317073171,0.25,cycle_multiplier=1.4000,0.3824390243902439,0.5,cycle_multiplier=1.6000,0.43707317073170737,0.8,cycle_multiplier=1.8400,0.5026341463414635,INCAPABLE,,current Flow-v2 physical equation,False,UNSEEN robustness only; excluded from supervised development
102.5,S40,Electrical Diagnostics,inspection_eol,INSPECTION_EOL_TESTING,MANUAL_VARIATION,False,0.3902439024390244,0.25,cycle_multiplier=1.2750,0.3902439024390244,0.5,cycle_multiplier=1.4000,0.3902439024390244,0.8,cycle_multiplier=1.5500,0.3902439024390244,INCAPABLE,,current Flow-v2 physical equation,False,capacity classification uses service/demand deficit only
102.5,S40,Electrical Diagnostics,inspection_eol,INSPECTION_EOL_TESTING,MICRO_STOPS,True,0.3902439024390244,0.25,expected_extra_seconds_per_visit=7.5672,0.46407012195121955,0.5,expected_extra_seconds_per_visit=15.8813,0.5451829268292683,0.8,expected_extra_seconds_per_visit=29.8800,0.6817560975609755,INCAPABLE,,current Flow-v2 physical equation,False,capacity classification uses service/demand deficit only
102.5,S40,Electrical Diagnostics,inspection_eol,INSPECTION_EOL_TESTING,VEHICLE_MIX_OVERLOAD,True,0.3902439024390244,0.25,shift_toward_actual_slowest_variant=0.25,0.3902439024390244,0.5,shift_toward_actual_slowest_variant=0.60,0.3902439024390244,0.8,shift_toward_actual_slowest_variant=1.00,0.3902439024390244,INCAPABLE,ICE_SEDAN,current Flow-v2 physical equation,False,capacity classification uses service/demand deficit only
102.5,S40,Electrical Diagnostics,inspection_eol,INSPECTION_EOL_TESTING,ARRIVAL_BURST,True,0.3902439024390244,0.25,arrival_headway_multiplier=0.95,0.41078305519897307,0.5,arrival_headway_multiplier=0.88,0.4434589800443459,0.8,arrival_headway_multiplier=0.78,0.5003126954346466,INCAPABLE,,provisional Phase-D demand-side design; not yet implemented,False,capacity classification uses service/demand deficit only
102.5,S40,Electrical Diagnostics,inspection_eol,INSPECTION_EOL_TESTING,EQUIPMENT_DEGRADATION_UNSEEN,True,0.3902439024390244,0.25,cycle_multiplier=1.4000,0.5463414634146341,0.5,cycle_multiplier=1.6000,0.6243902439024391,0.8,cycle_multiplier=1.8400,0.718048780487805,INCAPABLE,,current Flow-v2 physical equation,False,UNSEEN robustness only; excluded from supervised development
102.5,S41,Leak / Pressure Test,inspection_eol,FLUID_FILL_FUNCTIONAL,MANUAL_VARIATION,False,0.34146341463414637,0.25,cycle_multiplier=1.2750,0.34146341463414637,0.5,cycle_multiplier=1.4000,0.34146341463414637,0.8,cycle_multiplier=1.5500,0.34146341463414637,INCAPABLE,,current Flow-v2 physical equation,False,capacity classification uses service/demand deficit only
102.5,S41,Leak / Pressure Test,inspection_eol,FLUID_FILL_FUNCTIONAL,MICRO_STOPS,True,0.34146341463414637,0.25,expected_extra_seconds_per_visit=7.5672,0.4152896341463415,0.5,expected_extra_seconds_per_visit=15.8813,0.4964024390243903,0.8,expected_extra_seconds_per_visit=29.8800,0.6329756097560976,INCAPABLE,,current Flow-v2 physical equation,False,capacity classification uses service/demand deficit only
102.5,S41,Leak / Pressure Test,inspection_eol,FLUID_FILL_FUNCTIONAL,VEHICLE_MIX_OVERLOAD,True,0.34146341463414637,0.25,shift_toward_actual_slowest_variant=0.25,0.34146341463414637,0.5,shift_toward_actual_slowest_variant=0.60,0.34146341463414637,0.8,shift_toward_actual_slowest_variant=1.00,0.34146341463414637,INCAPABLE,ICE_SEDAN,current Flow-v2 physical equation,False,capacity classification uses service/demand deficit only
102.5,S41,Leak / Pressure Test,inspection_eol,FLUID_FILL_FUNCTIONAL,ARRIVAL_BURST,True,0.34146341463414637,0.25,arrival_headway_multiplier=0.95,0.35943517329910146,0.5,arrival_headway_multiplier=0.88,0.3880266075388027,0.8,arrival_headway_multiplier=0.78,0.4377736085053158,INCAPABLE,,provisional Phase-D demand-side design; not yet implemented,False,capacity classification uses service/demand deficit only
102.5,S41,Leak / Pressure Test,inspection_eol,FLUID_FILL_FUNCTIONAL,EQUIPMENT_DEGRADATION_UNSEEN,True,0.34146341463414637,0.25,cycle_multiplier=1.4000,0.47804878048780486,0.5,cycle_multiplier=1.6000,0.5463414634146342,0.8,cycle_multiplier=1.8400,0.6282926829268294,INCAPABLE,,current Flow-v2 physical equation,False,UNSEEN robustness only; excluded from supervised development
102.5,S42,Functional Test,inspection_eol,INSPECTION_EOL_TESTING,MANUAL_VARIATION,False,0.4878048780487805,0.25,cycle_multiplier=1.2750,0.4878048780487805,0.5,cycle_multiplier=1.4000,0.4878048780487805,0.8,cycle_multiplier=1.5500,0.4878048780487805,INCAPABLE,,current Flow-v2 physical equation,False,capacity classification uses service/demand deficit only
102.5,S42,Functional Test,inspection_eol,INSPECTION_EOL_TESTING,MICRO_STOPS,True,0.4878048780487805,0.25,expected_extra_seconds_per_visit=7.5672,0.5616310975609756,0.5,expected_extra_seconds_per_visit=15.8813,0.6427439024390245,0.8,expected_extra_seconds_per_visit=29.8800,0.7793170731707317,INCAPABLE,,current Flow-v2 physical equation,False,capacity classification uses service/demand deficit only
102.5,S42,Functional Test,inspection_eol,INSPECTION_EOL_TESTING,VEHICLE_MIX_OVERLOAD,True,0.4878048780487805,0.25,shift_toward_actual_slowest_variant=0.25,0.4878048780487805,0.5,shift_toward_actual_slowest_variant=0.60,0.4878048780487805,0.8,shift_toward_actual_slowest_variant=1.00,0.4878048780487805,INCAPABLE,ICE_SEDAN,current Flow-v2 physical equation,False,capacity classification uses service/demand deficit only
102.5,S42,Functional Test,inspection_eol,INSPECTION_EOL_TESTING,ARRIVAL_BURST,True,0.4878048780487805,0.25,arrival_headway_multiplier=0.95,0.5134788189987163,0.5,arrival_headway_multiplier=0.88,0.5543237250554324,0.8,arrival_headway_multiplier=0.78,0.6253908692933082,INCAPABLE,,provisional Phase-D demand-side design; not yet implemented,False,capacity classification uses service/demand deficit only
102.5,S42,Functional Test,inspection_eol,INSPECTION_EOL_TESTING,EQUIPMENT_DEGRADATION_UNSEEN,True,0.4878048780487805,0.25,cycle_multiplier=1.4000,0.6829268292682926,0.5,cycle_multiplier=1.6000,0.7804878048780488,0.8,cycle_multiplier=1.8400,0.8975609756097561,INCAPABLE,,current Flow-v2 physical equation,False,UNSEEN robustness only; excluded from supervised development
102.5,S43,Dynamic / Roll Test,inspection_eol,INSPECTION_EOL_TESTING,MANUAL_VARIATION,False,0.5365853658536586,0.25,cycle_multiplier=1.2750,0.5365853658536586,0.5,cycle_multiplier=1.4000,0.5365853658536586,0.8,cycle_multiplier=1.5500,0.5365853658536586,INCAPABLE,,current Flow-v2 physical equation,False,capacity classification uses service/demand deficit only
102.5,S43,Dynamic / Roll Test,inspection_eol,INSPECTION_EOL_TESTING,MICRO_STOPS,True,0.5365853658536586,0.25,expected_extra_seconds_per_visit=7.5672,0.6104115853658537,0.5,expected_extra_seconds_per_visit=15.8813,0.6915243902439026,0.8,expected_extra_seconds_per_visit=29.8800,0.8280975609756098,INCAPABLE,,current Flow-v2 physical equation,False,capacity classification uses service/demand deficit only
102.5,S43,Dynamic / Roll Test,inspection_eol,INSPECTION_EOL_TESTING,VEHICLE_MIX_OVERLOAD,True,0.5365853658536586,0.25,shift_toward_actual_slowest_variant=0.25,0.5365853658536586,0.5,shift_toward_actual_slowest_variant=0.60,0.5365853658536586,0.8,shift_toward_actual_slowest_variant=1.00,0.5365853658536586,INCAPABLE,ICE_SEDAN,current Flow-v2 physical equation,False,capacity classification uses service/demand deficit only
102.5,S43,Dynamic / Roll Test,inspection_eol,INSPECTION_EOL_TESTING,ARRIVAL_BURST,True,0.5365853658536586,0.25,arrival_headway_multiplier=0.95,0.564826700898588,0.5,arrival_headway_multiplier=0.88,0.6097560975609756,0.8,arrival_headway_multiplier=0.78,0.6879299562226392,INCAPABLE,,provisional Phase-D demand-side design; not yet implemented,False,capacity classification uses service/demand deficit only
102.5,S43,Dynamic / Roll Test,inspection_eol,INSPECTION_EOL_TESTING,EQUIPMENT_DEGRADATION_UNSEEN,True,0.5365853658536586,0.25,cycle_multiplier=1.4000,0.751219512195122,0.5,cycle_multiplier=1.6000,0.8585365853658538,0.8,cycle_multiplier=1.8400,0.9873170731707318,HARD_NEGATIVE,,current Flow-v2 physical equation,False,UNSEEN robustness only; excluded from supervised development
102.5,S44,Final Quality Inspection,inspection_eol,INSPECTION_EOL_TESTING,MANUAL_VARIATION,False,0.5073170731707317,0.25,cycle_multiplier=1.2750,0.5073170731707317,0.5,cycle_multiplier=1.4000,0.5073170731707317,0.8,cycle_multiplier=1.5500,0.5073170731707317,INCAPABLE,,current Flow-v2 physical equation,False,capacity classification uses service/demand deficit only
102.5,S44,Final Quality Inspection,inspection_eol,INSPECTION_EOL_TESTING,MICRO_STOPS,True,0.5073170731707317,0.25,expected_extra_seconds_per_visit=7.5672,0.5811432926829269,0.5,expected_extra_seconds_per_visit=15.8813,0.6622560975609757,0.8,expected_extra_seconds_per_visit=29.8800,0.798829268292683,INCAPABLE,,current Flow-v2 physical equation,False,capacity classification uses service/demand deficit only
102.5,S44,Final Quality Inspection,inspection_eol,INSPECTION_EOL_TESTING,VEHICLE_MIX_OVERLOAD,True,0.5073170731707317,0.25,shift_toward_actual_slowest_variant=0.25,0.5073170731707317,0.5,shift_toward_actual_slowest_variant=0.60,0.5073170731707317,0.8,shift_toward_actual_slowest_variant=1.00,0.5073170731707317,INCAPABLE,ICE_SEDAN,current Flow-v2 physical equation,False,capacity classification uses service/demand deficit only
102.5,S44,Final Quality Inspection,inspection_eol,INSPECTION_EOL_TESTING,ARRIVAL_BURST,True,0.5073170731707317,0.25,arrival_headway_multiplier=0.95,0.5340179717586649,0.5,arrival_headway_multiplier=0.88,0.5764966740576497,0.8,arrival_headway_multiplier=0.78,0.6504065040650406,INCAPABLE,,provisional Phase-D demand-side design; not yet implemented,False,capacity classification uses service/demand deficit only
102.5,S44,Final Quality Inspection,inspection_eol,INSPECTION_EOL_TESTING,EQUIPMENT_DEGRADATION_UNSEEN,True,0.5073170731707317,0.25,cycle_multiplier=1.4000,0.7102439024390244,0.5,cycle_multiplier=1.6000,0.8117073170731708,0.8,cycle_multiplier=1.8400,0.9334634146341464,HARD_NEGATIVE,,current Flow-v2 physical equation,False,UNSEEN robustness only; excluded from supervised development
102.5,S45,Release / End-of-Line QC,inspection_eol,INSPECTION_EOL_TESTING,MANUAL_VARIATION,False,0.43902439024390244,0.25,cycle_multiplier=1.2750,0.43902439024390244,0.5,cycle_multiplier=1.4000,0.43902439024390244,0.8,cycle_multiplier=1.5500,0.43902439024390244,INCAPABLE,,current Flow-v2 physical equation,False,capacity classification uses service/demand deficit only
102.5,S45,Release / End-of-Line QC,inspection_eol,INSPECTION_EOL_TESTING,MICRO_STOPS,True,0.43902439024390244,0.25,expected_extra_seconds_per_visit=7.5672,0.5128506097560975,0.5,expected_extra_seconds_per_visit=15.8813,0.5939634146341464,0.8,expected_extra_seconds_per_visit=29.8800,0.7305365853658536,INCAPABLE,,current Flow-v2 physical equation,False,capacity classification uses service/demand deficit only
102.5,S45,Release / End-of-Line QC,inspection_eol,INSPECTION_EOL_TESTING,VEHICLE_MIX_OVERLOAD,True,0.43902439024390244,0.25,shift_toward_actual_slowest_variant=0.25,0.43902439024390244,0.5,shift_toward_actual_slowest_variant=0.60,0.43902439024390244,0.8,shift_toward_actual_slowest_variant=1.00,0.43902439024390244,INCAPABLE,ICE_SEDAN,current Flow-v2 physical equation,False,capacity classification uses service/demand deficit only
102.5,S45,Release / End-of-Line QC,inspection_eol,INSPECTION_EOL_TESTING,ARRIVAL_BURST,True,0.43902439024390244,0.25,arrival_headway_multiplier=0.95,0.4621309370988447,0.5,arrival_headway_multiplier=0.88,0.49889135254988914,0.8,arrival_headway_multiplier=0.78,0.5628517823639775,INCAPABLE,,provisional Phase-D demand-side design; not yet implemented,False,capacity classification uses service/demand deficit only
102.5,S45,Release / End-of-Line QC,inspection_eol,INSPECTION_EOL_TESTING,EQUIPMENT_DEGRADATION_UNSEEN,True,0.43902439024390244,0.25,cycle_multiplier=1.4000,0.6146341463414634,0.5,cycle_multiplier=1.6000,0.702439024390244,0.8,cycle_multiplier=1.8400,0.8078048780487805,INCAPABLE,,current Flow-v2 physical equation,False,UNSEEN robustness only; excluded from supervised development
105.0,S01,Underbody Framing,body_joining,WELDING_BODY_JOINING,MANUAL_VARIATION,False,0.4472952380952381,0.25,cycle_multiplier=1.2750,0.4472952380952381,0.5,cycle_multiplier=1.4000,0.4472952380952381,0.8,cycle_multiplier=1.5500,0.4472952380952381,INCAPABLE,,current Flow-v2 physical equation,False,capacity classification uses service/demand deficit only
105.0,S01,Underbody Framing,body_joining,WELDING_BODY_JOINING,MICRO_STOPS,True,0.4472952380952381,0.25,expected_extra_seconds_per_visit=7.5672,0.5193636904761905,0.5,expected_extra_seconds_per_visit=15.8813,0.5985452380952381,0.8,expected_extra_seconds_per_visit=29.8800,0.7318666666666667,INCAPABLE,,current Flow-v2 physical equation,False,capacity classification uses service/demand deficit only
105.0,S01,Underbody Framing,body_joining,WELDING_BODY_JOINING,VEHICLE_MIX_OVERLOAD,True,0.4472952380952381,0.25,shift_toward_actual_slowest_variant=0.25,0.4515666666666667,0.5,shift_toward_actual_slowest_variant=0.60,0.45754666666666666,0.8,shift_toward_actual_slowest_variant=1.00,0.46438095238095245,INCAPABLE,ICE_SUV,current Flow-v2 physical equation,False,capacity classification uses service/demand deficit only
105.0,S01,Underbody Framing,body_joining,WELDING_BODY_JOINING,ARRIVAL_BURST,True,0.4472952380952381,0.25,arrival_headway_multiplier=0.95,0.47083709273182955,0.5,arrival_headway_multiplier=0.88,0.5082900432900432,0.8,arrival_headway_multiplier=0.78,0.5734554334554334,INCAPABLE,,provisional Phase-D demand-side design; not yet implemented,False,capacity classification uses service/demand deficit only
105.0,S01,Underbody Framing,body_joining,WELDING_BODY_JOINING,EQUIPMENT_DEGRADATION_UNSEEN,True,0.4472952380952381,0.25,cycle_multiplier=1.4000,0.6262133333333333,0.5,cycle_multiplier=1.6000,0.715672380952381,0.8,cycle_multiplier=1.8400,0.8230232380952381,INCAPABLE,,current Flow-v2 physical equation,False,UNSEEN robustness only; excluded from supervised development
105.0,S02,Floor-Pan Welding,body_joining,WELDING_BODY_JOINING,MANUAL_VARIATION,False,0.4861904761904762,0.25,cycle_multiplier=1.2750,0.4861904761904762,0.5,cycle_multiplier=1.4000,0.4861904761904762,0.8,cycle_multiplier=1.5500,0.4861904761904762,INCAPABLE,,current Flow-v2 physical equation,False,capacity classification uses service/demand deficit only
105.0,S02,Floor-Pan Welding,body_joining,WELDING_BODY_JOINING,MICRO_STOPS,True,0.4861904761904762,0.25,expected_extra_seconds_per_visit=7.5672,0.5582589285714286,0.5,expected_extra_seconds_per_visit=15.8813,0.6374404761904762,0.8,expected_extra_seconds_per_visit=29.8800,0.7707619047619048,INCAPABLE,,current Flow-v2 physical equation,False,capacity classification uses service/demand deficit only
105.0,S02,Floor-Pan Welding,body_joining,WELDING_BODY_JOINING,VEHICLE_MIX_OVERLOAD,True,0.4861904761904762,0.25,shift_toward_actual_slowest_variant=0.25,0.49083333333333334,0.5,shift_toward_actual_slowest_variant=0.60,0.49733333333333335,0.8,shift_toward_actual_slowest_variant=1.00,0.5047619047619047,INCAPABLE,ICE_SUV,current Flow-v2 physical equation,False,capacity classification uses service/demand deficit only
105.0,S02,Floor-Pan Welding,body_joining,WELDING_BODY_JOINING,ARRIVAL_BURST,True,0.4861904761904762,0.25,arrival_headway_multiplier=0.95,0.5117794486215539,0.5,arrival_headway_multiplier=0.88,0.5524891774891775,0.8,arrival_headway_multiplier=0.78,0.6233211233211233,INCAPABLE,,provisional Phase-D demand-side design; not yet implemented,False,capacity classification uses service/demand deficit only
105.0,S02,Floor-Pan Welding,body_joining,WELDING_BODY_JOINING,EQUIPMENT_DEGRADATION_UNSEEN,True,0.4861904761904762,0.25,cycle_multiplier=1.4000,0.6806666666666666,0.5,cycle_multiplier=1.6000,0.7779047619047619,0.8,cycle_multiplier=1.8400,0.8945904761904762,INCAPABLE,,current Flow-v2 physical equation,False,UNSEEN robustness only; excluded from supervised development
105.0,S03,Body Side Panel Joining,body_joining,WELDING_BODY_JOINING,MANUAL_VARIATION,False,0.5384761904761904,0.25,cycle_multiplier=1.2750,0.5384761904761904,0.5,cycle_multiplier=1.4000,0.5384761904761904,0.8,cycle_multiplier=1.5500,0.5384761904761904,INCAPABLE,,current Flow-v2 physical equation,False,capacity classification uses service/demand deficit only
105.0,S03,Body Side Panel Joining,body_joining,WELDING_BODY_JOINING,MICRO_STOPS,True,0.5384761904761904,0.25,expected_extra_seconds_per_visit=7.5672,0.6105446428571428,0.5,expected_extra_seconds_per_visit=15.8813,0.6897261904761904,0.8,expected_extra_seconds_per_visit=29.8800,0.823047619047619,INCAPABLE,,current Flow-v2 physical equation,False,capacity classification uses service/demand deficit only
105.0,S03,Body Side Panel Joining,body_joining,WELDING_BODY_JOINING,VEHICLE_MIX_OVERLOAD,True,0.5384761904761904,0.25,shift_toward_actual_slowest_variant=0.25,0.5452857142857143,0.5,shift_toward_actual_slowest_variant=0.60,0.5548190476190477,0.8,shift_toward_actual_slowest_variant=1.00,0.5657142857142857,INCAPABLE,ICE_SUV,current Flow-v2 physical equation,False,capacity classification uses service/demand deficit only
105.0,S03,Body Side Panel Joining,body_joining,WELDING_BODY_JOINING,ARRIVAL_BURST,True,0.5384761904761904,0.25,arrival_headway_multiplier=0.95,0.5668170426065163,0.5,arrival_headway_multiplier=0.88,0.6119047619047618,0.8,arrival_headway_multiplier=0.78,0.6903540903540902,INCAPABLE,,provisional Phase-D demand-side design; not yet implemented,False,capacity classification uses service/demand deficit only
105.0,S03,Body Side Panel Joining,body_joining,WELDING_BODY_JOINING,EQUIPMENT_DEGRADATION_UNSEEN,True,0.5384761904761904,0.25,cycle_multiplier=1.4000,0.7538666666666666,0.5,cycle_multiplier=1.6000,0.8615619047619048,0.8,cycle_multiplier=1.8400,0.9907961904761905,HARD_NEGATIVE,,current Flow-v2 physical equation,False,UNSEEN robustness only; excluded from supervised development
105.0,S04,Roof Joining,body_joining,WELDING_BODY_JOINING,MANUAL_VARIATION,False,0.40840000000000004,0.25,cycle_multiplier=1.2750,0.40840000000000004,0.5,cycle_multiplier=1.4000,0.40840000000000004,0.8,cycle_multiplier=1.5500,0.40840000000000004,INCAPABLE,,current Flow-v2 physical equation,False,capacity classification uses service/demand deficit only
105.0,S04,Roof Joining,body_joining,WELDING_BODY_JOINING,MICRO_STOPS,True,0.40840000000000004,0.25,expected_extra_seconds_per_visit=7.5672,0.4804684523809524,0.5,expected_extra_seconds_per_visit=15.8813,0.5596500000000001,0.8,expected_extra_seconds_per_visit=29.8800,0.6929714285714286,INCAPABLE,,current Flow-v2 physical equation,False,capacity classification uses service/demand deficit only
105.0,S04,Roof Joining,body_joining,WELDING_BODY_JOINING,VEHICLE_MIX_OVERLOAD,True,0.40840000000000004,0.25,shift_toward_actual_slowest_variant=0.25,0.4123,0.5,shift_toward_actual_slowest_variant=0.60,0.41776,0.8,shift_toward_actual_slowest_variant=1.00,0.42400000000000004,INCAPABLE,ICE_SUV,current Flow-v2 physical equation,False,capacity classification uses service/demand deficit only
105.0,S04,Roof Joining,body_joining,WELDING_BODY_JOINING,ARRIVAL_BURST,True,0.40840000000000004,0.25,arrival_headway_multiplier=0.95,0.42989473684210533,0.5,arrival_headway_multiplier=0.88,0.4640909090909091,0.8,arrival_headway_multiplier=0.78,0.5235897435897436,INCAPABLE,,provisional Phase-D demand-side design; not yet implemented,False,capacity classification uses service/demand deficit only
105.0,S04,Roof Joining,body_joining,WELDING_BODY_JOINING,EQUIPMENT_DEGRADATION_UNSEEN,True,0.40840000000000004,0.25,cycle_multiplier=1.4000,0.57176,0.5,cycle_multiplier=1.6000,0.6534400000000001,0.8,cycle_multiplier=1.8400,0.7514560000000001,INCAPABLE,,current Flow-v2 physical equation,False,UNSEEN robustness only; excluded from supervised development
105.0,S05,Structural Adhesive / Body Bonding,body_joining,ADHESIVE_SEALING,MANUAL_VARIATION,False,0.3047619047619048,0.25,cycle_multiplier=1.2750,0.3047619047619048,0.5,cycle_multiplier=1.4000,0.3047619047619048,0.8,cycle_multiplier=1.5500,0.3047619047619048,INCAPABLE,,current Flow-v2 physical equation,False,capacity classification uses service/demand deficit only
105.0,S05,Structural Adhesive / Body Bonding,body_joining,ADHESIVE_SEALING,MICRO_STOPS,True,0.3047619047619048,0.25,expected_extra_seconds_per_visit=7.5672,0.3768303571428572,0.5,expected_extra_seconds_per_visit=15.8813,0.4560119047619048,0.8,expected_extra_seconds_per_visit=29.8800,0.5893333333333334,INCAPABLE,,current Flow-v2 physical equation,False,capacity classification uses service/demand deficit only
105.0,S05,Structural Adhesive / Body Bonding,body_joining,ADHESIVE_SEALING,VEHICLE_MIX_OVERLOAD,True,0.3047619047619048,0.25,shift_toward_actual_slowest_variant=0.25,0.3047619047619048,0.5,shift_toward_actual_slowest_variant=0.60,0.3047619047619048,0.8,shift_toward_actual_slowest_variant=1.00,0.3047619047619048,INCAPABLE,ICE_SEDAN,current Flow-v2 physical equation,False,capacity classification uses service/demand deficit only
105.0,S05,Structural Adhesive / Body Bonding,body_joining,ADHESIVE_SEALING,ARRIVAL_BURST,True,0.3047619047619048,0.25,arrival_headway_multiplier=0.95,0.32080200501253137,0.5,arrival_headway_multiplier=0.88,0.34632034632034636,0.8,arrival_headway_multiplier=0.78,0.3907203907203907,INCAPABLE,,provisional Phase-D demand-side design; not yet implemented,False,capacity classification uses service/demand deficit only
105.0,S05,Structural Adhesive / Body Bonding,body_joining,ADHESIVE_SEALING,EQUIPMENT_DEGRADATION_UNSEEN,True,0.3047619047619048,0.25,cycle_multiplier=1.4000,0.4266666666666667,0.5,cycle_multiplier=1.6000,0.4876190476190477,0.8,cycle_multiplier=1.8400,0.5607619047619048,INCAPABLE,,current Flow-v2 physical equation,False,UNSEEN robustness only; excluded from supervised development
105.0,S06,Robotic Body Handling / Positioning,body_joining,ROBOTIC_HANDLING_ASSEMBLY,MANUAL_VARIATION,False,0.2857142857142857,0.25,cycle_multiplier=1.2750,0.2857142857142857,0.5,cycle_multiplier=1.4000,0.2857142857142857,0.8,cycle_multiplier=1.5500,0.2857142857142857,INCAPABLE,,current Flow-v2 physical equation,False,capacity classification uses service/demand deficit only
105.0,S06,Robotic Body Handling / Positioning,body_joining,ROBOTIC_HANDLING_ASSEMBLY,MICRO_STOPS,True,0.2857142857142857,0.25,expected_extra_seconds_per_visit=7.5672,0.3577827380952381,0.5,expected_extra_seconds_per_visit=15.8813,0.4369642857142857,0.8,expected_extra_seconds_per_visit=29.8800,0.5702857142857143,INCAPABLE,,current Flow-v2 physical equation,False,capacity classification uses service/demand deficit only
105.0,S06,Robotic Body Handling / Positioning,body_joining,ROBOTIC_HANDLING_ASSEMBLY,VEHICLE_MIX_OVERLOAD,True,0.2857142857142857,0.25,shift_toward_actual_slowest_variant=0.25,0.2857142857142857,0.5,shift_toward_actual_slowest_variant=0.60,0.2857142857142857,0.8,shift_toward_actual_slowest_variant=1.00,0.2857142857142857,INCAPABLE,ICE_SEDAN,current Flow-v2 physical equation,False,capacity classification uses service/demand deficit only
105.0,S06,Robotic Body Handling / Positioning,body_joining,ROBOTIC_HANDLING_ASSEMBLY,ARRIVAL_BURST,True,0.2857142857142857,0.25,arrival_headway_multiplier=0.95,0.3007518796992481,0.5,arrival_headway_multiplier=0.88,0.3246753246753247,0.8,arrival_headway_multiplier=0.78,0.3663003663003663,INCAPABLE,,provisional Phase-D demand-side design; not yet implemented,False,capacity classification uses service/demand deficit only
105.0,S06,Robotic Body Handling / Positioning,body_joining,ROBOTIC_HANDLING_ASSEMBLY,EQUIPMENT_DEGRADATION_UNSEEN,True,0.2857142857142857,0.25,cycle_multiplier=1.4000,0.39999999999999997,0.5,cycle_multiplier=1.6000,0.45714285714285713,0.8,cycle_multiplier=1.8400,0.5257142857142857,INCAPABLE,,current Flow-v2 physical equation,False,UNSEEN robustness only; excluded from supervised development
105.0,S07,Closure Panel Fitting,body_joining,ROBOTIC_HANDLING_ASSEMBLY,MANUAL_VARIATION,False,0.45714285714285713,0.25,cycle_multiplier=1.2750,0.45714285714285713,0.5,cycle_multiplier=1.4000,0.45714285714285713,0.8,cycle_multiplier=1.5500,0.45714285714285713,INCAPABLE,,current Flow-v2 physical equation,False,capacity classification uses service/demand deficit only
105.0,S07,Closure Panel Fitting,body_joining,ROBOTIC_HANDLING_ASSEMBLY,MICRO_STOPS,True,0.45714285714285713,0.25,expected_extra_seconds_per_visit=7.5672,0.5292113095238096,0.5,expected_extra_seconds_per_visit=15.8813,0.6083928571428572,0.8,expected_extra_seconds_per_visit=29.8800,0.7417142857142858,INCAPABLE,,current Flow-v2 physical equation,False,capacity classification uses service/demand deficit only
105.0,S07,Closure Panel Fitting,body_joining,ROBOTIC_HANDLING_ASSEMBLY,VEHICLE_MIX_OVERLOAD,True,0.45714285714285713,0.25,shift_toward_actual_slowest_variant=0.25,0.45714285714285713,0.5,shift_toward_actual_slowest_variant=0.60,0.45714285714285713,0.8,shift_toward_actual_slowest_variant=1.00,0.45714285714285713,INCAPABLE,ICE_SEDAN,current Flow-v2 physical equation,False,capacity classification uses service/demand deficit only
105.0,S07,Closure Panel Fitting,body_joining,ROBOTIC_HANDLING_ASSEMBLY,ARRIVAL_BURST,True,0.45714285714285713,0.25,arrival_headway_multiplier=0.95,0.481203007518797,0.5,arrival_headway_multiplier=0.88,0.5194805194805194,0.8,arrival_headway_multiplier=0.78,0.586080586080586,INCAPABLE,,provisional Phase-D demand-side design; not yet implemented,False,capacity classification uses service/demand deficit only
105.0,S07,Closure Panel Fitting,body_joining,ROBOTIC_HANDLING_ASSEMBLY,EQUIPMENT_DEGRADATION_UNSEEN,True,0.45714285714285713,0.25,cycle_multiplier=1.4000,0.6399999999999999,0.5,cycle_multiplier=1.6000,0.7314285714285714,0.8,cycle_multiplier=1.8400,0.8411428571428572,INCAPABLE,,current Flow-v2 physical equation,False,UNSEEN robustness only; excluded from supervised development
105.0,S08,Body Geometry Inspection,body_joining,DIMENSIONAL_INSPECTION,MANUAL_VARIATION,False,0.24761904761904763,0.25,cycle_multiplier=1.2750,0.24761904761904763,0.5,cycle_multiplier=1.4000,0.24761904761904763,0.8,cycle_multiplier=1.5500,0.24761904761904763,INCAPABLE,,current Flow-v2 physical equation,False,capacity classification uses service/demand deficit only
105.0,S08,Body Geometry Inspection,body_joining,DIMENSIONAL_INSPECTION,MICRO_STOPS,True,0.24761904761904763,0.25,expected_extra_seconds_per_visit=7.5672,0.3196875,0.5,expected_extra_seconds_per_visit=15.8813,0.3988690476190476,0.8,expected_extra_seconds_per_visit=29.8800,0.5321904761904762,INCAPABLE,,current Flow-v2 physical equation,False,capacity classification uses service/demand deficit only
105.0,S08,Body Geometry Inspection,body_joining,DIMENSIONAL_INSPECTION,VEHICLE_MIX_OVERLOAD,True,0.24761904761904763,0.25,shift_toward_actual_slowest_variant=0.25,0.24761904761904763,0.5,shift_toward_actual_slowest_variant=0.60,0.24761904761904763,0.8,shift_toward_actual_slowest_variant=1.00,0.24761904761904763,INCAPABLE,ICE_SEDAN,current Flow-v2 physical equation,False,capacity classification uses service/demand deficit only
105.0,S08,Body Geometry Inspection,body_joining,DIMENSIONAL_INSPECTION,ARRIVAL_BURST,True,0.24761904761904763,0.25,arrival_headway_multiplier=0.95,0.26065162907268175,0.5,arrival_headway_multiplier=0.88,0.2813852813852814,0.8,arrival_headway_multiplier=0.78,0.31746031746031744,INCAPABLE,,provisional Phase-D demand-side design; not yet implemented,False,capacity classification uses service/demand deficit only
105.0,S08,Body Geometry Inspection,body_joining,DIMENSIONAL_INSPECTION,EQUIPMENT_DEGRADATION_UNSEEN,True,0.24761904761904763,0.25,cycle_multiplier=1.4000,0.3466666666666667,0.5,cycle_multiplier=1.6000,0.3961904761904762,0.8,cycle_multiplier=1.8400,0.45561904761904765,INCAPABLE,,current Flow-v2 physical equation,False,UNSEEN robustness only; excluded from supervised development
105.0,S09,Additional Spot Welding / Reinforcement,body_joining,WELDING_BODY_JOINING,MANUAL_VARIATION,False,0.3619047619047619,0.25,cycle_multiplier=1.2750,0.3619047619047619,0.5,cycle_multiplier=1.4000,0.3619047619047619,0.8,cycle_multiplier=1.5500,0.3619047619047619,INCAPABLE,,current Flow-v2 physical equation,False,capacity classification uses service/demand deficit only
105.0,S09,Additional Spot Welding / Reinforcement,body_joining,WELDING_BODY_JOINING,MICRO_STOPS,True,0.3619047619047619,0.25,expected_extra_seconds_per_visit=7.5672,0.4339732142857143,0.5,expected_extra_seconds_per_visit=15.8813,0.513154761904762,0.8,expected_extra_seconds_per_visit=29.8800,0.6464761904761904,INCAPABLE,,current Flow-v2 physical equation,False,capacity classification uses service/demand deficit only
105.0,S09,Additional Spot Welding / Reinforcement,body_joining,WELDING_BODY_JOINING,VEHICLE_MIX_OVERLOAD,True,0.3619047619047619,0.25,shift_toward_actual_slowest_variant=0.25,0.3619047619047619,0.5,shift_toward_actual_slowest_variant=0.60,0.3619047619047619,0.8,shift_toward_actual_slowest_variant=1.00,0.3619047619047619,INCAPABLE,ICE_SEDAN,current Flow-v2 physical equation,False,capacity classification uses service/demand deficit only
105.0,S09,Additional Spot Welding / Reinforcement,body_joining,WELDING_BODY_JOINING,ARRIVAL_BURST,True,0.3619047619047619,0.25,arrival_headway_multiplier=0.95,0.380952380952381,0.5,arrival_headway_multiplier=0.88,0.41125541125541126,0.8,arrival_headway_multiplier=0.78,0.46398046398046394,INCAPABLE,,provisional Phase-D demand-side design; not yet implemented,False,capacity classification uses service/demand deficit only
105.0,S09,Additional Spot Welding / Reinforcement,body_joining,WELDING_BODY_JOINING,EQUIPMENT_DEGRADATION_UNSEEN,True,0.3619047619047619,0.25,cycle_multiplier=1.4000,0.5066666666666666,0.5,cycle_multiplier=1.6000,0.579047619047619,0.8,cycle_multiplier=1.8400,0.6659047619047619,INCAPABLE,,current Flow-v2 physical equation,False,UNSEEN robustness only; excluded from supervised development
105.0,S10,Seam / Body Joining,body_joining,WELDING_BODY_JOINING,MANUAL_VARIATION,False,0.41904761904761906,0.25,cycle_multiplier=1.2750,0.41904761904761906,0.5,cycle_multiplier=1.4000,0.41904761904761906,0.8,cycle_multiplier=1.5500,0.41904761904761906,INCAPABLE,,current Flow-v2 physical equation,False,capacity classification uses service/demand deficit only
105.0,S10,Seam / Body Joining,body_joining,WELDING_BODY_JOINING,MICRO_STOPS,True,0.41904761904761906,0.25,expected_extra_seconds_per_visit=7.5672,0.49111607142857144,0.5,expected_extra_seconds_per_visit=15.8813,0.5702976190476191,0.8,expected_extra_seconds_per_visit=29.8800,0.7036190476190476,INCAPABLE,,current Flow-v2 physical equation,False,capacity classification uses service/demand deficit only
105.0,S10,Seam / Body Joining,body_joining,WELDING_BODY_JOINING,VEHICLE_MIX_OVERLOAD,True,0.41904761904761906,0.25,shift_toward_actual_slowest_variant=0.25,0.41904761904761906,0.5,shift_toward_actual_slowest_variant=0.60,0.41904761904761906,0.8,shift_toward_actual_slowest_variant=1.00,0.41904761904761906,INCAPABLE,ICE_SEDAN,current Flow-v2 physical equation,False,capacity classification uses service/demand deficit only
105.0,S10,Seam / Body Joining,body_joining,WELDING_BODY_JOINING,ARRIVAL_BURST,True,0.41904761904761906,0.25,arrival_headway_multiplier=0.95,0.4411027568922306,0.5,arrival_headway_multiplier=0.88,0.4761904761904762,0.8,arrival_headway_multiplier=0.78,0.5372405372405372,INCAPABLE,,provisional Phase-D demand-side design; not yet implemented,False,capacity classification uses service/demand deficit only
105.0,S10,Seam / Body Joining,body_joining,WELDING_BODY_JOINING,EQUIPMENT_DEGRADATION_UNSEEN,True,0.41904761904761906,0.25,cycle_multiplier=1.4000,0.5866666666666667,0.5,cycle_multiplier=1.6000,0.6704761904761906,0.8,cycle_multiplier=1.8400,0.7710476190476191,INCAPABLE,,current Flow-v2 physical equation,False,UNSEEN robustness only; excluded from supervised development
105.0,S11,Body Finishing / Manual Inspection,body_joining,MANUAL_ASSEMBLY,MANUAL_VARIATION,True,0.6857142857142857,0.25,cycle_multiplier=1.2750,0.8742857142857142,0.5,cycle_multiplier=1.4000,0.96,0.8,cycle_multiplier=1.5500,1.0628571428571427,POSITIVE-CAPABLE,,current Flow-v2 physical equation,False,capacity classification uses service/demand deficit only
105.0,S11,Body Finishing / Manual Inspection,body_joining,MANUAL_ASSEMBLY,MICRO_STOPS,False,0.6857142857142857,0.25,expected_extra_seconds_per_visit=7.5672,0.6857142857142857,0.5,expected_extra_seconds_per_visit=15.8813,0.6857142857142857,0.8,expected_extra_seconds_per_visit=29.8800,0.6857142857142857,INCAPABLE,,current Flow-v2 physical equation,False,capacity classification uses service/demand deficit only
105.0,S11,Body Finishing / Manual Inspection,body_joining,MANUAL_ASSEMBLY,VEHICLE_MIX_OVERLOAD,True,0.6857142857142857,0.25,shift_toward_actual_slowest_variant=0.25,0.6857142857142857,0.5,shift_toward_actual_slowest_variant=0.60,0.6857142857142857,0.8,shift_toward_actual_slowest_variant=1.00,0.6857142857142857,INCAPABLE,ICE_SEDAN,current Flow-v2 physical equation,False,capacity classification uses service/demand deficit only
105.0,S11,Body Finishing / Manual Inspection,body_joining,MANUAL_ASSEMBLY,ARRIVAL_BURST,True,0.6857142857142857,0.25,arrival_headway_multiplier=0.95,0.7218045112781956,0.5,arrival_headway_multiplier=0.88,0.7792207792207793,0.8,arrival_headway_multiplier=0.78,0.8791208791208791,INCAPABLE,,provisional Phase-D demand-side design; not yet implemented,False,capacity classification uses service/demand deficit only
105.0,S11,Body Finishing / Manual Inspection,body_joining,MANUAL_ASSEMBLY,EQUIPMENT_DEGRADATION_UNSEEN,False,0.6857142857142857,0.25,cycle_multiplier=1.4000,0.6857142857142857,0.5,cycle_multiplier=1.6000,0.6857142857142857,0.8,cycle_multiplier=1.8400,0.6857142857142857,INCAPABLE,,current Flow-v2 physical equation,False,UNSEEN robustness only; excluded from supervised development
105.0,S12,Body-Out Dimensional Check,body_joining,DIMENSIONAL_INSPECTION,MANUAL_VARIATION,False,0.23809523809523808,0.25,cycle_multiplier=1.2750,0.23809523809523808,0.5,cycle_multiplier=1.4000,0.23809523809523808,0.8,cycle_multiplier=1.5500,0.23809523809523808,INCAPABLE,,current Flow-v2 physical equation,False,capacity classification uses service/demand deficit only
105.0,S12,Body-Out Dimensional Check,body_joining,DIMENSIONAL_INSPECTION,MICRO_STOPS,True,0.23809523809523808,0.25,expected_extra_seconds_per_visit=7.5672,0.31016369047619047,0.5,expected_extra_seconds_per_visit=15.8813,0.38934523809523813,0.8,expected_extra_seconds_per_visit=29.8800,0.5226666666666666,INCAPABLE,,current Flow-v2 physical equation,False,capacity classification uses service/demand deficit only
105.0,S12,Body-Out Dimensional Check,body_joining,DIMENSIONAL_INSPECTION,VEHICLE_MIX_OVERLOAD,True,0.23809523809523808,0.25,shift_toward_actual_slowest_variant=0.25,0.23809523809523808,0.5,shift_toward_actual_slowest_variant=0.60,0.23809523809523808,0.8,shift_toward_actual_slowest_variant=1.00,0.23809523809523808,INCAPABLE,ICE_SEDAN,current Flow-v2 physical equation,False,capacity classification uses service/demand deficit only
105.0,S12,Body-Out Dimensional Check,body_joining,DIMENSIONAL_INSPECTION,ARRIVAL_BURST,True,0.23809523809523808,0.25,arrival_headway_multiplier=0.95,0.2506265664160401,0.5,arrival_headway_multiplier=0.88,0.27056277056277056,0.8,arrival_headway_multiplier=0.78,0.3052503052503052,INCAPABLE,,provisional Phase-D demand-side design; not yet implemented,False,capacity classification uses service/demand deficit only
105.0,S12,Body-Out Dimensional Check,body_joining,DIMENSIONAL_INSPECTION,EQUIPMENT_DEGRADATION_UNSEEN,True,0.23809523809523808,0.25,cycle_multiplier=1.4000,0.3333333333333333,0.5,cycle_multiplier=1.6000,0.38095238095238093,0.8,cycle_multiplier=1.8400,0.4380952380952381,INCAPABLE,,current Flow-v2 physical equation,False,UNSEEN robustness only; excluded from supervised development
105.0,S13,Pretreatment,paint_surface,PAINT_COATING,MANUAL_VARIATION,False,0.38095238095238093,0.25,cycle_multiplier=1.2750,0.38095238095238093,0.5,cycle_multiplier=1.4000,0.38095238095238093,0.8,cycle_multiplier=1.5500,0.38095238095238093,INCAPABLE,,current Flow-v2 physical equation,False,capacity classification uses service/demand deficit only
105.0,S13,Pretreatment,paint_surface,PAINT_COATING,MICRO_STOPS,True,0.38095238095238093,0.25,expected_extra_seconds_per_visit=7.5672,0.4530208333333333,0.5,expected_extra_seconds_per_visit=15.8813,0.5322023809523809,0.8,expected_extra_seconds_per_visit=29.8800,0.6655238095238095,INCAPABLE,,current Flow-v2 physical equation,False,capacity classification uses service/demand deficit only
105.0,S13,Pretreatment,paint_surface,PAINT_COATING,VEHICLE_MIX_OVERLOAD,True,0.38095238095238093,0.25,shift_toward_actual_slowest_variant=0.25,0.38095238095238093,0.5,shift_toward_actual_slowest_variant=0.60,0.38095238095238093,0.8,shift_toward_actual_slowest_variant=1.00,0.38095238095238093,INCAPABLE,ICE_SEDAN,current Flow-v2 physical equation,False,capacity classification uses service/demand deficit only
105.0,S13,Pretreatment,paint_surface,PAINT_COATING,ARRIVAL_BURST,True,0.38095238095238093,0.25,arrival_headway_multiplier=0.95,0.40100250626566414,0.5,arrival_headway_multiplier=0.88,0.4329004329004329,0.8,arrival_headway_multiplier=0.78,0.48840048840048833,INCAPABLE,,provisional Phase-D demand-side design; not yet implemented,False,capacity classification uses service/demand deficit only
105.0,S13,Pretreatment,paint_surface,PAINT_COATING,EQUIPMENT_DEGRADATION_UNSEEN,True,0.38095238095238093,0.25,cycle_multiplier=1.4000,0.5333333333333332,0.5,cycle_multiplier=1.6000,0.6095238095238096,0.8,cycle_multiplier=1.8400,0.700952380952381,INCAPABLE,,current Flow-v2 physical equation,False,UNSEEN robustness only; excluded from supervised development
105.0,S14,E-Coat Application,paint_surface,PAINT_COATING,MANUAL_VARIATION,False,0.5238095238095238,0.25,cycle_multiplier=1.2750,0.5238095238095238,0.5,cycle_multiplier=1.4000,0.5238095238095238,0.8,cycle_multiplier=1.5500,0.5238095238095238,INCAPABLE,,current Flow-v2 physical equation,False,capacity classification uses service/demand deficit only
105.0,S14,E-Coat Application,paint_surface,PAINT_COATING,MICRO_STOPS,True,0.5238095238095238,0.25,expected_extra_seconds_per_visit=7.5672,0.5958779761904762,0.5,expected_extra_seconds_per_visit=15.8813,0.6750595238095238,0.8,expected_extra_seconds_per_visit=29.8800,0.8083809523809524,INCAPABLE,,current Flow-v2 physical equation,False,capacity classification uses service/demand deficit only
105.0,S14,E-Coat Application,paint_surface,PAINT_COATING,VEHICLE_MIX_OVERLOAD,True,0.5238095238095238,0.25,shift_toward_actual_slowest_variant=0.25,0.5238095238095238,0.5,shift_toward_actual_slowest_variant=0.60,0.5238095238095238,0.8,shift_toward_actual_slowest_variant=1.00,0.5238095238095238,INCAPABLE,ICE_SEDAN,current Flow-v2 physical equation,False,capacity classification uses service/demand deficit only
105.0,S14,E-Coat Application,paint_surface,PAINT_COATING,ARRIVAL_BURST,True,0.5238095238095238,0.25,arrival_headway_multiplier=0.95,0.5513784461152883,0.5,arrival_headway_multiplier=0.88,0.5952380952380952,0.8,arrival_headway_multiplier=0.78,0.6715506715506716,INCAPABLE,,provisional Phase-D demand-side design; not yet implemented,False,capacity classification uses service/demand deficit only
105.0,S14,E-Coat Application,paint_surface,PAINT_COATING,EQUIPMENT_DEGRADATION_UNSEEN,True,0.5238095238095238,0.25,cycle_multiplier=1.4000,0.7333333333333333,0.5,cycle_multiplier=1.6000,0.8380952380952382,0.8,cycle_multiplier=1.8400,0.9638095238095239,HARD_NEGATIVE,,current Flow-v2 physical equation,False,UNSEEN robustness only; excluded from supervised development
105.0,S15,E-Coat Cure,paint_surface,CURING_ENVIRONMENTAL,MANUAL_VARIATION,False,0.5904761904761905,0.25,cycle_multiplier=1.2750,0.5904761904761905,0.5,cycle_multiplier=1.4000,0.5904761904761905,0.8,cycle_multiplier=1.5500,0.5904761904761905,INCAPABLE,,current Flow-v2 physical equation,False,capacity classification uses service/demand deficit only
105.0,S15,E-Coat Cure,paint_surface,CURING_ENVIRONMENTAL,MICRO_STOPS,True,0.5904761904761905,0.25,expected_extra_seconds_per_visit=7.5672,0.6625446428571429,0.5,expected_extra_seconds_per_visit=15.8813,0.7417261904761905,0.8,expected_extra_seconds_per_visit=29.8800,0.8750476190476191,INCAPABLE,,current Flow-v2 physical equation,False,capacity classification uses service/demand deficit only
105.0,S15,E-Coat Cure,paint_surface,CURING_ENVIRONMENTAL,VEHICLE_MIX_OVERLOAD,True,0.5904761904761905,0.25,shift_toward_actual_slowest_variant=0.25,0.5904761904761905,0.5,shift_toward_actual_slowest_variant=0.60,0.5904761904761905,0.8,shift_toward_actual_slowest_variant=1.00,0.5904761904761905,INCAPABLE,ICE_SEDAN,current Flow-v2 physical equation,False,capacity classification uses service/demand deficit only
105.0,S15,E-Coat Cure,paint_surface,CURING_ENVIRONMENTAL,ARRIVAL_BURST,True,0.5904761904761905,0.25,arrival_headway_multiplier=0.95,0.6215538847117795,0.5,arrival_headway_multiplier=0.88,0.670995670995671,0.8,arrival_headway_multiplier=0.78,0.757020757020757,INCAPABLE,,provisional Phase-D demand-side design; not yet implemented,False,capacity classification uses service/demand deficit only
105.0,S15,E-Coat Cure,paint_surface,CURING_ENVIRONMENTAL,EQUIPMENT_DEGRADATION_UNSEEN,True,0.5904761904761905,0.25,cycle_multiplier=1.4000,0.8266666666666667,0.5,cycle_multiplier=1.6000,0.9447619047619048,0.8,cycle_multiplier=1.8400,1.0864761904761906,POSITIVE-CAPABLE,,current Flow-v2 physical equation,False,UNSEEN robustness only; excluded from supervised development
105.0,S16,Sealer Application,paint_surface,ADHESIVE_SEALING,MANUAL_VARIATION,False,0.3238095238095238,0.25,cycle_multiplier=1.2750,0.3238095238095238,0.5,cycle_multiplier=1.4000,0.3238095238095238,0.8,cycle_multiplier=1.5500,0.3238095238095238,INCAPABLE,,current Flow-v2 physical equation,False,capacity classification uses service/demand deficit only
105.0,S16,Sealer Application,paint_surface,ADHESIVE_SEALING,MICRO_STOPS,True,0.3238095238095238,0.25,expected_extra_seconds_per_visit=7.5672,0.3958779761904762,0.5,expected_extra_seconds_per_visit=15.8813,0.4750595238095239,0.8,expected_extra_seconds_per_visit=29.8800,0.6083809523809525,INCAPABLE,,current Flow-v2 physical equation,False,capacity classification uses service/demand deficit only
105.0,S16,Sealer Application,paint_surface,ADHESIVE_SEALING,VEHICLE_MIX_OVERLOAD,True,0.3238095238095238,0.25,shift_toward_actual_slowest_variant=0.25,0.3238095238095238,0.5,shift_toward_actual_slowest_variant=0.60,0.3238095238095238,0.8,shift_toward_actual_slowest_variant=1.00,0.3238095238095238,INCAPABLE,ICE_SEDAN,current Flow-v2 physical equation,False,capacity classification uses service/demand deficit only
105.0,S16,Sealer Application,paint_surface,ADHESIVE_SEALING,ARRIVAL_BURST,True,0.3238095238095238,0.25,arrival_headway_multiplier=0.95,0.3408521303258146,0.5,arrival_headway_multiplier=0.88,0.367965367965368,0.8,arrival_headway_multiplier=0.78,0.41514041514041516,INCAPABLE,,provisional Phase-D demand-side design; not yet implemented,False,capacity classification uses service/demand deficit only
105.0,S16,Sealer Application,paint_surface,ADHESIVE_SEALING,EQUIPMENT_DEGRADATION_UNSEEN,True,0.3238095238095238,0.25,cycle_multiplier=1.4000,0.4533333333333333,0.5,cycle_multiplier=1.6000,0.5180952380952382,0.8,cycle_multiplier=1.8400,0.5958095238095239,INCAPABLE,,current Flow-v2 physical equation,False,UNSEEN robustness only; excluded from supervised development
105.0,S17,Primer Application,paint_surface,PAINT_COATING,MANUAL_VARIATION,False,0.4426952380952381,0.25,cycle_multiplier=1.2750,0.4426952380952381,0.5,cycle_multiplier=1.4000,0.4426952380952381,0.8,cycle_multiplier=1.5500,0.4426952380952381,INCAPABLE,,current Flow-v2 physical equation,False,capacity classification uses service/demand deficit only
105.0,S17,Primer Application,paint_surface,PAINT_COATING,MICRO_STOPS,True,0.4426952380952381,0.25,expected_extra_seconds_per_visit=7.5672,0.5147636904761905,0.5,expected_extra_seconds_per_visit=15.8813,0.5939452380952381,0.8,expected_extra_seconds_per_visit=29.8800,0.7272666666666667,INCAPABLE,,current Flow-v2 physical equation,False,capacity classification uses service/demand deficit only
105.0,S17,Primer Application,paint_surface,PAINT_COATING,VEHICLE_MIX_OVERLOAD,True,0.4426952380952381,0.25,shift_toward_actual_slowest_variant=0.25,0.4448309523809524,0.5,shift_toward_actual_slowest_variant=0.60,0.4478209523809524,0.8,shift_toward_actual_slowest_variant=1.00,0.45123809523809527,INCAPABLE,ICE_SUV,current Flow-v2 physical equation,False,capacity classification uses service/demand deficit only
105.0,S17,Primer Application,paint_surface,PAINT_COATING,ARRIVAL_BURST,True,0.4426952380952381,0.25,arrival_headway_multiplier=0.95,0.4659949874686717,0.5,arrival_headway_multiplier=0.88,0.5030627705627706,0.8,arrival_headway_multiplier=0.78,0.5675579975579975,INCAPABLE,,provisional Phase-D demand-side design; not yet implemented,False,capacity classification uses service/demand deficit only
105.0,S17,Primer Application,paint_surface,PAINT_COATING,EQUIPMENT_DEGRADATION_UNSEEN,True,0.4426952380952381,0.25,cycle_multiplier=1.4000,0.6197733333333333,0.5,cycle_multiplier=1.6000,0.708312380952381,0.8,cycle_multiplier=1.8400,0.8145592380952381,INCAPABLE,,current Flow-v2 physical equation,False,UNSEEN robustness only; excluded from supervised development
105.0,S18,Base / Colour Coat,paint_surface,PAINT_COATING,MANUAL_VARIATION,False,0.48119047619047617,0.25,cycle_multiplier=1.2750,0.48119047619047617,0.5,cycle_multiplier=1.4000,0.48119047619047617,0.8,cycle_multiplier=1.5500,0.48119047619047617,INCAPABLE,,current Flow-v2 physical equation,False,capacity classification uses service/demand deficit only
105.0,S18,Base / Colour Coat,paint_surface,PAINT_COATING,MICRO_STOPS,True,0.48119047619047617,0.25,expected_extra_seconds_per_visit=7.5672,0.5532589285714286,0.5,expected_extra_seconds_per_visit=15.8813,0.6324404761904762,0.8,expected_extra_seconds_per_visit=29.8800,0.7657619047619048,INCAPABLE,,current Flow-v2 physical equation,False,capacity classification uses service/demand deficit only
105.0,S18,Base / Colour Coat,paint_surface,PAINT_COATING,VEHICLE_MIX_OVERLOAD,True,0.48119047619047617,0.25,shift_toward_actual_slowest_variant=0.25,0.48351190476190475,0.5,shift_toward_actual_slowest_variant=0.60,0.48676190476190473,0.8,shift_toward_actual_slowest_variant=1.00,0.49047619047619045,INCAPABLE,ICE_SUV,current Flow-v2 physical equation,False,capacity classification uses service/demand deficit only
105.0,S18,Base / Colour Coat,paint_surface,PAINT_COATING,ARRIVAL_BURST,True,0.48119047619047617,0.25,arrival_headway_multiplier=0.95,0.506516290726817,0.5,arrival_headway_multiplier=0.88,0.5468073593073592,0.8,arrival_headway_multiplier=0.78,0.6169108669108668,INCAPABLE,,provisional Phase-D demand-side design; not yet implemented,False,capacity classification uses service/demand deficit only
105.0,S18,Base / Colour Coat,paint_surface,PAINT_COATING,EQUIPMENT_DEGRADATION_UNSEEN,True,0.48119047619047617,0.25,cycle_multiplier=1.4000,0.6736666666666666,0.5,cycle_multiplier=1.6000,0.7699047619047619,0.8,cycle_multiplier=1.8400,0.8853904761904762,INCAPABLE,,current Flow-v2 physical equation,False,UNSEEN robustness only; excluded from supervised development
105.0,S19,Clear Coat,paint_surface,PAINT_COATING,MANUAL_VARIATION,False,0.4619428571428572,0.25,cycle_multiplier=1.2750,0.4619428571428572,0.5,cycle_multiplier=1.4000,0.4619428571428572,0.8,cycle_multiplier=1.5500,0.4619428571428572,INCAPABLE,,current Flow-v2 physical equation,False,capacity classification uses service/demand deficit only
105.0,S19,Clear Coat,paint_surface,PAINT_COATING,MICRO_STOPS,True,0.4619428571428572,0.25,expected_extra_seconds_per_visit=7.5672,0.5340113095238096,0.5,expected_extra_seconds_per_visit=15.8813,0.6131928571428572,0.8,expected_extra_seconds_per_visit=29.8800,0.7465142857142858,INCAPABLE,,current Flow-v2 physical equation,False,capacity classification uses service/demand deficit only
105.0,S19,Clear Coat,paint_surface,PAINT_COATING,VEHICLE_MIX_OVERLOAD,True,0.4619428571428572,0.25,shift_toward_actual_slowest_variant=0.25,0.46417142857142857,0.5,shift_toward_actual_slowest_variant=0.60,0.4672914285714286,0.8,shift_toward_actual_slowest_variant=1.00,0.47085714285714286,INCAPABLE,ICE_SUV,current Flow-v2 physical equation,False,capacity classification uses service/demand deficit only
105.0,S19,Clear Coat,paint_surface,PAINT_COATING,ARRIVAL_BURST,True,0.4619428571428572,0.25,arrival_headway_multiplier=0.95,0.48625563909774444,0.5,arrival_headway_multiplier=0.88,0.524935064935065,0.8,arrival_headway_multiplier=0.78,0.5922344322344323,INCAPABLE,,provisional Phase-D demand-side design; not yet implemented,False,capacity classification uses service/demand deficit only
105.0,S19,Clear Coat,paint_surface,PAINT_COATING,EQUIPMENT_DEGRADATION_UNSEEN,True,0.4619428571428572,0.25,cycle_multiplier=1.4000,0.6467200000000001,0.5,cycle_multiplier=1.6000,0.7391085714285716,0.8,cycle_multiplier=1.8400,0.8499748571428573,INCAPABLE,,current Flow-v2 physical equation,False,UNSEEN robustness only; excluded from supervised development
105.0,S20,Paint Cure + Paint Inspection,paint_surface,CURING_ENVIRONMENTAL,MANUAL_VARIATION,False,0.6952380952380952,0.25,cycle_multiplier=1.2750,0.6952380952380952,0.5,cycle_multiplier=1.4000,0.6952380952380952,0.8,cycle_multiplier=1.5500,0.6952380952380952,INCAPABLE,,current Flow-v2 physical equation,False,capacity classification uses service/demand deficit only
105.0,S20,Paint Cure + Paint Inspection,paint_surface,CURING_ENVIRONMENTAL,MICRO_STOPS,True,0.6952380952380952,0.25,expected_extra_seconds_per_visit=7.5672,0.7673065476190476,0.5,expected_extra_seconds_per_visit=15.8813,0.8464880952380952,0.8,expected_extra_seconds_per_visit=29.8800,0.9798095238095238,HARD_NEGATIVE,,current Flow-v2 physical equation,False,capacity classification uses service/demand deficit only
105.0,S20,Paint Cure + Paint Inspection,paint_surface,CURING_ENVIRONMENTAL,VEHICLE_MIX_OVERLOAD,True,0.6952380952380952,0.25,shift_toward_actual_slowest_variant=0.25,0.6952380952380952,0.5,shift_toward_actual_slowest_variant=0.60,0.6952380952380952,0.8,shift_toward_actual_slowest_variant=1.00,0.6952380952380952,INCAPABLE,ICE_SEDAN,current Flow-v2 physical equation,False,capacity classification uses service/demand deficit only
105.0,S20,Paint Cure + Paint Inspection,paint_surface,CURING_ENVIRONMENTAL,ARRIVAL_BURST,True,0.6952380952380952,0.25,arrival_headway_multiplier=0.95,0.731829573934837,0.5,arrival_headway_multiplier=0.88,0.79004329004329,0.8,arrival_headway_multiplier=0.78,0.8913308913308913,INCAPABLE,,provisional Phase-D demand-side design; not yet implemented,False,capacity classification uses service/demand deficit only
105.0,S20,Paint Cure + Paint Inspection,paint_surface,CURING_ENVIRONMENTAL,EQUIPMENT_DEGRADATION_UNSEEN,True,0.6952380952380952,0.25,cycle_multiplier=1.4000,0.9733333333333333,0.5,cycle_multiplier=1.6000,1.1123809523809525,0.8,cycle_multiplier=1.8400,1.2792380952380953,POSITIVE-CAPABLE,,current Flow-v2 physical equation,False,UNSEEN robustness only; excluded from supervised development
105.0,S21,Trim Preparation,final_assembly,MANUAL_ASSEMBLY,MANUAL_VARIATION,True,0.7142857142857143,0.25,cycle_multiplier=1.2750,0.9107142857142857,0.5,cycle_multiplier=1.4000,1.0,0.8,cycle_multiplier=1.5500,1.107142857142857,POSITIVE-CAPABLE,,current Flow-v2 physical equation,False,capacity classification uses service/demand deficit only
105.0,S21,Trim Preparation,final_assembly,MANUAL_ASSEMBLY,MICRO_STOPS,False,0.7142857142857143,0.25,expected_extra_seconds_per_visit=7.5672,0.7142857142857143,0.5,expected_extra_seconds_per_visit=15.8813,0.7142857142857143,0.8,expected_extra_seconds_per_visit=29.8800,0.7142857142857143,INCAPABLE,,current Flow-v2 physical equation,False,capacity classification uses service/demand deficit only
105.0,S21,Trim Preparation,final_assembly,MANUAL_ASSEMBLY,VEHICLE_MIX_OVERLOAD,True,0.7142857142857143,0.25,shift_toward_actual_slowest_variant=0.25,0.7142857142857143,0.5,shift_toward_actual_slowest_variant=0.60,0.7142857142857143,0.8,shift_toward_actual_slowest_variant=1.00,0.7142857142857143,INCAPABLE,ICE_SEDAN,current Flow-v2 physical equation,False,capacity classification uses service/demand deficit only
105.0,S21,Trim Preparation,final_assembly,MANUAL_ASSEMBLY,ARRIVAL_BURST,True,0.7142857142857143,0.25,arrival_headway_multiplier=0.95,0.7518796992481204,0.5,arrival_headway_multiplier=0.88,0.8116883116883117,0.8,arrival_headway_multiplier=0.78,0.9157509157509157,HARD_NEGATIVE,,provisional Phase-D demand-side design; not yet implemented,False,capacity classification uses service/demand deficit only
105.0,S21,Trim Preparation,final_assembly,MANUAL_ASSEMBLY,EQUIPMENT_DEGRADATION_UNSEEN,False,0.7142857142857143,0.25,cycle_multiplier=1.4000,0.7142857142857143,0.5,cycle_multiplier=1.6000,0.7142857142857143,0.8,cycle_multiplier=1.8400,0.7142857142857143,INCAPABLE,,current Flow-v2 physical equation,False,UNSEEN robustness only; excluded from supervised development
105.0,S22,Wiring Harness Installation,final_assembly,MANUAL_ASSEMBLY,MANUAL_VARIATION,True,0.8632380952380952,0.25,cycle_multiplier=1.2750,1.1006285714285713,0.5,cycle_multiplier=1.4000,1.2085333333333332,0.8,cycle_multiplier=1.5500,1.3380190476190474,POSITIVE-CAPABLE,,current Flow-v2 physical equation,False,capacity classification uses service/demand deficit only
105.0,S22,Wiring Harness Installation,final_assembly,MANUAL_ASSEMBLY,MICRO_STOPS,False,0.8632380952380952,0.25,expected_extra_seconds_per_visit=7.5672,0.8632380952380952,0.5,expected_extra_seconds_per_visit=15.8813,0.8632380952380952,0.8,expected_extra_seconds_per_visit=29.8800,0.8632380952380952,INCAPABLE,,current Flow-v2 physical equation,False,capacity classification uses service/demand deficit only
105.0,S22,Wiring Harness Installation,final_assembly,MANUAL_ASSEMBLY,VEHICLE_MIX_OVERLOAD,True,0.8632380952380952,0.25,shift_toward_actual_slowest_variant=0.25,0.8883809523809524,0.5,shift_toward_actual_slowest_variant=0.60,0.9235809523809523,0.8,shift_toward_actual_slowest_variant=1.00,0.9638095238095237,HARD_NEGATIVE,EV,current Flow-v2 physical equation,False,capacity classification uses service/demand deficit only
105.0,S22,Wiring Harness Installation,final_assembly,MANUAL_ASSEMBLY,ARRIVAL_BURST,True,0.8632380952380952,0.25,arrival_headway_multiplier=0.95,0.9086716791979951,0.5,arrival_headway_multiplier=0.88,0.9809523809523809,0.8,arrival_headway_multiplier=0.78,1.1067155067155068,POSITIVE-CAPABLE,,provisional Phase-D demand-side design; not yet implemented,False,capacity classification uses service/demand deficit only
105.0,S22,Wiring Harness Installation,final_assembly,MANUAL_ASSEMBLY,EQUIPMENT_DEGRADATION_UNSEEN,False,0.8632380952380952,0.25,cycle_multiplier=1.4000,0.8632380952380952,0.5,cycle_multiplier=1.6000,0.8632380952380952,0.8,cycle_multiplier=1.8400,0.8632380952380952,INCAPABLE,,current Flow-v2 physical equation,False,UNSEEN robustness only; excluded from supervised development
105.0,S23,Instrument Panel Installation,final_assembly,ROBOTIC_HANDLING_ASSEMBLY,MANUAL_VARIATION,False,0.38095238095238093,0.25,cycle_multiplier=1.2750,0.38095238095238093,0.5,cycle_multiplier=1.4000,0.38095238095238093,0.8,cycle_multiplier=1.5500,0.38095238095238093,INCAPABLE,,current Flow-v2 physical equation,False,capacity classification uses service/demand deficit only
105.0,S23,Instrument Panel Installation,final_assembly,ROBOTIC_HANDLING_ASSEMBLY,MICRO_STOPS,True,0.38095238095238093,0.25,expected_extra_seconds_per_visit=7.5672,0.4530208333333333,0.5,expected_extra_seconds_per_visit=15.8813,0.5322023809523809,0.8,expected_extra_seconds_per_visit=29.8800,0.6655238095238095,INCAPABLE,,current Flow-v2 physical equation,False,capacity classification uses service/demand deficit only
105.0,S23,Instrument Panel Installation,final_assembly,ROBOTIC_HANDLING_ASSEMBLY,VEHICLE_MIX_OVERLOAD,True,0.38095238095238093,0.25,shift_toward_actual_slowest_variant=0.25,0.38095238095238093,0.5,shift_toward_actual_slowest_variant=0.60,0.38095238095238093,0.8,shift_toward_actual_slowest_variant=1.00,0.38095238095238093,INCAPABLE,ICE_SEDAN,current Flow-v2 physical equation,False,capacity classification uses service/demand deficit only
105.0,S23,Instrument Panel Installation,final_assembly,ROBOTIC_HANDLING_ASSEMBLY,ARRIVAL_BURST,True,0.38095238095238093,0.25,arrival_headway_multiplier=0.95,0.40100250626566414,0.5,arrival_headway_multiplier=0.88,0.4329004329004329,0.8,arrival_headway_multiplier=0.78,0.48840048840048833,INCAPABLE,,provisional Phase-D demand-side design; not yet implemented,False,capacity classification uses service/demand deficit only
105.0,S23,Instrument Panel Installation,final_assembly,ROBOTIC_HANDLING_ASSEMBLY,EQUIPMENT_DEGRADATION_UNSEEN,True,0.38095238095238093,0.25,cycle_multiplier=1.4000,0.5333333333333332,0.5,cycle_multiplier=1.6000,0.6095238095238096,0.8,cycle_multiplier=1.8400,0.700952380952381,INCAPABLE,,current Flow-v2 physical equation,False,UNSEEN robustness only; excluded from supervised development
105.0,S24,HVAC / Interior Module Installation,final_assembly,MANUAL_ASSEMBLY,MANUAL_VARIATION,True,0.7142857142857143,0.25,cycle_multiplier=1.2750,0.9107142857142857,0.5,cycle_multiplier=1.4000,1.0,0.8,cycle_multiplier=1.5500,1.107142857142857,POSITIVE-CAPABLE,,current Flow-v2 physical equation,False,capacity classification uses service/demand deficit only
105.0,S24,HVAC / Interior Module Installation,final_assembly,MANUAL_ASSEMBLY,MICRO_STOPS,False,0.7142857142857143,0.25,expected_extra_seconds_per_visit=7.5672,0.7142857142857143,0.5,expected_extra_seconds_per_visit=15.8813,0.7142857142857143,0.8,expected_extra_seconds_per_visit=29.8800,0.7142857142857143,INCAPABLE,,current Flow-v2 physical equation,False,capacity classification uses service/demand deficit only
105.0,S24,HVAC / Interior Module Installation,final_assembly,MANUAL_ASSEMBLY,VEHICLE_MIX_OVERLOAD,True,0.7142857142857143,0.25,shift_toward_actual_slowest_variant=0.25,0.7142857142857143,0.5,shift_toward_actual_slowest_variant=0.60,0.7142857142857143,0.8,shift_toward_actual_slowest_variant=1.00,0.7142857142857143,INCAPABLE,ICE_SEDAN,current Flow-v2 physical equation,False,capacity classification uses service/demand deficit only
105.0,S24,HVAC / Interior Module Installation,final_assembly,MANUAL_ASSEMBLY,ARRIVAL_BURST,True,0.7142857142857143,0.25,arrival_headway_multiplier=0.95,0.7518796992481204,0.5,arrival_headway_multiplier=0.88,0.8116883116883117,0.8,arrival_headway_multiplier=0.78,0.9157509157509157,HARD_NEGATIVE,,provisional Phase-D demand-side design; not yet implemented,False,capacity classification uses service/demand deficit only
105.0,S24,HVAC / Interior Module Installation,final_assembly,MANUAL_ASSEMBLY,EQUIPMENT_DEGRADATION_UNSEEN,False,0.7142857142857143,0.25,cycle_multiplier=1.4000,0.7142857142857143,0.5,cycle_multiplier=1.6000,0.7142857142857143,0.8,cycle_multiplier=1.8400,0.7142857142857143,INCAPABLE,,current Flow-v2 physical equation,False,UNSEEN robustness only; excluded from supervised development
105.0,S25,Glass Installation / Sealing,final_assembly,ADHESIVE_SEALING,MANUAL_VARIATION,False,0.34285714285714286,0.25,cycle_multiplier=1.2750,0.34285714285714286,0.5,cycle_multiplier=1.4000,0.34285714285714286,0.8,cycle_multiplier=1.5500,0.34285714285714286,INCAPABLE,,current Flow-v2 physical equation,False,capacity classification uses service/demand deficit only
105.0,S25,Glass Installation / Sealing,final_assembly,ADHESIVE_SEALING,MICRO_STOPS,True,0.34285714285714286,0.25,expected_extra_seconds_per_visit=7.5672,0.41492559523809525,0.5,expected_extra_seconds_per_visit=15.8813,0.49410714285714286,0.8,expected_extra_seconds_per_visit=29.8800,0.6274285714285714,INCAPABLE,,current Flow-v2 physical equation,False,capacity classification uses service/demand deficit only
105.0,S25,Glass Installation / Sealing,final_assembly,ADHESIVE_SEALING,VEHICLE_MIX_OVERLOAD,True,0.34285714285714286,0.25,shift_toward_actual_slowest_variant=0.25,0.34285714285714286,0.5,shift_toward_actual_slowest_variant=0.60,0.34285714285714286,0.8,shift_toward_actual_slowest_variant=1.00,0.34285714285714286,INCAPABLE,ICE_SEDAN,current Flow-v2 physical equation,False,capacity classification uses service/demand deficit only
105.0,S25,Glass Installation / Sealing,final_assembly,ADHESIVE_SEALING,ARRIVAL_BURST,True,0.34285714285714286,0.25,arrival_headway_multiplier=0.95,0.3609022556390978,0.5,arrival_headway_multiplier=0.88,0.38961038961038963,0.8,arrival_headway_multiplier=0.78,0.43956043956043955,INCAPABLE,,provisional Phase-D demand-side design; not yet implemented,False,capacity classification uses service/demand deficit only
105.0,S25,Glass Installation / Sealing,final_assembly,ADHESIVE_SEALING,EQUIPMENT_DEGRADATION_UNSEEN,True,0.34285714285714286,0.25,cycle_multiplier=1.4000,0.48,0.5,cycle_multiplier=1.6000,0.5485714285714286,0.8,cycle_multiplier=1.8400,0.6308571428571429,INCAPABLE,,current Flow-v2 physical equation,False,UNSEEN robustness only; excluded from supervised development
105.0,S26,Powertrain / Battery Pack Marriage,final_assembly,ROBOTIC_HANDLING_ASSEMBLY,MANUAL_VARIATION,False,0.7371428571428571,0.25,cycle_multiplier=1.2750,0.7371428571428571,0.5,cycle_multiplier=1.4000,0.7371428571428571,0.8,cycle_multiplier=1.5500,0.7371428571428571,INCAPABLE,,current Flow-v2 physical equation,False,capacity classification uses service/demand deficit only
105.0,S26,Powertrain / Battery Pack Marriage,final_assembly,ROBOTIC_HANDLING_ASSEMBLY,MICRO_STOPS,True,0.7371428571428571,0.25,expected_extra_seconds_per_visit=7.5672,0.8092113095238095,0.5,expected_extra_seconds_per_visit=15.8813,0.8883928571428571,0.8,expected_extra_seconds_per_visit=29.8800,1.0217142857142858,BORDERLINE,,current Flow-v2 physical equation,False,capacity classification uses service/demand deficit only
105.0,S26,Powertrain / Battery Pack Marriage,final_assembly,ROBOTIC_HANDLING_ASSEMBLY,VEHICLE_MIX_OVERLOAD,True,0.7371428571428571,0.25,shift_toward_actual_slowest_variant=0.25,0.7585714285714285,0.5,shift_toward_actual_slowest_variant=0.60,0.7885714285714284,0.8,shift_toward_actual_slowest_variant=1.00,0.8228571428571427,INCAPABLE,EV,current Flow-v2 physical equation,False,capacity classification uses service/demand deficit only
105.0,S26,Powertrain / Battery Pack Marriage,final_assembly,ROBOTIC_HANDLING_ASSEMBLY,ARRIVAL_BURST,True,0.7371428571428571,0.25,arrival_headway_multiplier=0.95,0.7759398496240602,0.5,arrival_headway_multiplier=0.88,0.8376623376623377,0.8,arrival_headway_multiplier=0.78,0.9450549450549449,HARD_NEGATIVE,,provisional Phase-D demand-side design; not yet implemented,False,capacity classification uses service/demand deficit only
105.0,S26,Powertrain / Battery Pack Marriage,final_assembly,ROBOTIC_HANDLING_ASSEMBLY,EQUIPMENT_DEGRADATION_UNSEEN,True,0.7371428571428571,0.25,cycle_multiplier=1.4000,1.0319999999999998,0.5,cycle_multiplier=1.6000,1.1794285714285715,0.8,cycle_multiplier=1.8400,1.356342857142857,POSITIVE-CAPABLE,,current Flow-v2 physical equation,False,UNSEEN robustness only; excluded from supervised development
105.0,S27,Powertrain / Battery Pack Mounting Fastening,final_assembly,TORQUE_FASTENING,MANUAL_VARIATION,False,0.2131904761904762,0.25,cycle_multiplier=1.2750,0.2131904761904762,0.5,cycle_multiplier=1.4000,0.2131904761904762,0.8,cycle_multiplier=1.5500,0.2131904761904762,INCAPABLE,,current Flow-v2 physical equation,False,capacity classification uses service/demand deficit only
105.0,S27,Powertrain / Battery Pack Mounting Fastening,final_assembly,TORQUE_FASTENING,MICRO_STOPS,True,0.2131904761904762,0.25,expected_extra_seconds_per_visit=7.5672,0.2852589285714286,0.5,expected_extra_seconds_per_visit=15.8813,0.36444047619047626,0.8,expected_extra_seconds_per_visit=29.8800,0.4977619047619048,INCAPABLE,,current Flow-v2 physical equation,False,capacity classification uses service/demand deficit only
105.0,S27,Powertrain / Battery Pack Mounting Fastening,final_assembly,TORQUE_FASTENING,VEHICLE_MIX_OVERLOAD,True,0.2131904761904762,0.25,shift_toward_actual_slowest_variant=0.25,0.21489285714285714,0.5,shift_toward_actual_slowest_variant=0.60,0.21727619047619048,0.8,shift_toward_actual_slowest_variant=1.00,0.22,INCAPABLE,ICE_SUV,current Flow-v2 physical equation,False,capacity classification uses service/demand deficit only
105.0,S27,Powertrain / Battery Pack Mounting Fastening,final_assembly,TORQUE_FASTENING,ARRIVAL_BURST,True,0.2131904761904762,0.25,arrival_headway_multiplier=0.95,0.22441102756892234,0.5,arrival_headway_multiplier=0.88,0.2422619047619048,0.8,arrival_headway_multiplier=0.78,0.27332112332112335,INCAPABLE,,provisional Phase-D demand-side design; not yet implemented,False,capacity classification uses service/demand deficit only
105.0,S27,Powertrain / Battery Pack Mounting Fastening,final_assembly,TORQUE_FASTENING,EQUIPMENT_DEGRADATION_UNSEEN,True,0.2131904761904762,0.25,cycle_multiplier=1.4000,0.29846666666666666,0.5,cycle_multiplier=1.6000,0.34110476190476197,0.8,cycle_multiplier=1.8400,0.3922704761904762,INCAPABLE,,current Flow-v2 physical equation,False,UNSEEN robustness only; excluded from supervised development
105.0,S28,Suspension / Chassis Fastening,final_assembly,TORQUE_FASTENING,MANUAL_VARIATION,False,0.251952380952381,0.25,cycle_multiplier=1.2750,0.251952380952381,0.5,cycle_multiplier=1.4000,0.251952380952381,0.8,cycle_multiplier=1.5500,0.251952380952381,INCAPABLE,,current Flow-v2 physical equation,False,capacity classification uses service/demand deficit only
105.0,S28,Suspension / Chassis Fastening,final_assembly,TORQUE_FASTENING,MICRO_STOPS,True,0.251952380952381,0.25,expected_extra_seconds_per_visit=7.5672,0.32402083333333337,0.5,expected_extra_seconds_per_visit=15.8813,0.40320238095238103,0.8,expected_extra_seconds_per_visit=29.8800,0.5365238095238096,INCAPABLE,,current Flow-v2 physical equation,False,capacity classification uses service/demand deficit only
105.0,S28,Suspension / Chassis Fastening,final_assembly,TORQUE_FASTENING,VEHICLE_MIX_OVERLOAD,True,0.251952380952381,0.25,shift_toward_actual_slowest_variant=0.25,0.2539642857142857,0.5,shift_toward_actual_slowest_variant=0.60,0.2567809523809524,0.8,shift_toward_actual_slowest_variant=1.00,0.26,INCAPABLE,ICE_SUV,current Flow-v2 physical equation,False,capacity classification uses service/demand deficit only
105.0,S28,Suspension / Chassis Fastening,final_assembly,TORQUE_FASTENING,ARRIVAL_BURST,True,0.251952380952381,0.25,arrival_headway_multiplier=0.95,0.2652130325814537,0.5,arrival_headway_multiplier=0.88,0.28630952380952385,0.8,arrival_headway_multiplier=0.78,0.32301587301587303,INCAPABLE,,provisional Phase-D demand-side design; not yet implemented,False,capacity classification uses service/demand deficit only
105.0,S28,Suspension / Chassis Fastening,final_assembly,TORQUE_FASTENING,EQUIPMENT_DEGRADATION_UNSEEN,True,0.251952380952381,0.25,cycle_multiplier=1.4000,0.35273333333333334,0.5,cycle_multiplier=1.6000,0.4031238095238096,0.8,cycle_multiplier=1.8400,0.46359238095238103,INCAPABLE,,current Flow-v2 physical equation,False,UNSEEN robustness only; excluded from supervised development
105.0,S29,Seat Installation,final_assembly,MANUAL_ASSEMBLY,MANUAL_VARIATION,True,0.5238095238095238,0.25,cycle_multiplier=1.2750,0.6678571428571428,0.5,cycle_multiplier=1.4000,0.7333333333333333,0.8,cycle_multiplier=1.5500,0.8119047619047619,INCAPABLE,,current Flow-v2 physical equation,False,capacity classification uses service/demand deficit only
105.0,S29,Seat Installation,final_assembly,MANUAL_ASSEMBLY,MICRO_STOPS,False,0.5238095238095238,0.25,expected_extra_seconds_per_visit=7.5672,0.5238095238095238,0.5,expected_extra_seconds_per_visit=15.8813,0.5238095238095238,0.8,expected_extra_seconds_per_visit=29.8800,0.5238095238095238,INCAPABLE,,current Flow-v2 physical equation,False,capacity classification uses service/demand deficit only
105.0,S29,Seat Installation,final_assembly,MANUAL_ASSEMBLY,VEHICLE_MIX_OVERLOAD,True,0.5238095238095238,0.25,shift_toward_actual_slowest_variant=0.25,0.5238095238095238,0.5,shift_toward_actual_slowest_variant=0.60,0.5238095238095238,0.8,shift_toward_actual_slowest_variant=1.00,0.5238095238095238,INCAPABLE,ICE_SEDAN,current Flow-v2 physical equation,False,capacity classification uses service/demand deficit only
105.0,S29,Seat Installation,final_assembly,MANUAL_ASSEMBLY,ARRIVAL_BURST,True,0.5238095238095238,0.25,arrival_headway_multiplier=0.95,0.5513784461152883,0.5,arrival_headway_multiplier=0.88,0.5952380952380952,0.8,arrival_headway_multiplier=0.78,0.6715506715506716,INCAPABLE,,provisional Phase-D demand-side design; not yet implemented,False,capacity classification uses service/demand deficit only
105.0,S29,Seat Installation,final_assembly,MANUAL_ASSEMBLY,EQUIPMENT_DEGRADATION_UNSEEN,False,0.5238095238095238,0.25,cycle_multiplier=1.4000,0.5238095238095238,0.5,cycle_multiplier=1.6000,0.5238095238095238,0.8,cycle_multiplier=1.8400,0.5238095238095238,INCAPABLE,,current Flow-v2 physical equation,False,UNSEEN robustness only; excluded from supervised development
105.0,S30,Seat Torque Verification,final_assembly,TORQUE_FASTENING,MANUAL_VARIATION,False,0.17442857142857143,0.25,cycle_multiplier=1.2750,0.17442857142857143,0.5,cycle_multiplier=1.4000,0.17442857142857143,0.8,cycle_multiplier=1.5500,0.17442857142857143,INCAPABLE,,current Flow-v2 physical equation,False,capacity classification uses service/demand deficit only
105.0,S30,Seat Torque Verification,final_assembly,TORQUE_FASTENING,MICRO_STOPS,True,0.17442857142857143,0.25,expected_extra_seconds_per_visit=7.5672,0.24649702380952382,0.5,expected_extra_seconds_per_visit=15.8813,0.3256785714285715,0.8,expected_extra_seconds_per_visit=29.8800,0.459,INCAPABLE,,current Flow-v2 physical equation,False,capacity classification uses service/demand deficit only
105.0,S30,Seat Torque Verification,final_assembly,TORQUE_FASTENING,VEHICLE_MIX_OVERLOAD,True,0.17442857142857143,0.25,shift_toward_actual_slowest_variant=0.25,0.17582142857142857,0.5,shift_toward_actual_slowest_variant=0.60,0.17777142857142858,0.8,shift_toward_actual_slowest_variant=1.00,0.18000000000000002,INCAPABLE,ICE_SUV,current Flow-v2 physical equation,False,capacity classification uses service/demand deficit only
105.0,S30,Seat Torque Verification,final_assembly,TORQUE_FASTENING,ARRIVAL_BURST,True,0.17442857142857143,0.25,arrival_headway_multiplier=0.95,0.183609022556391,0.5,arrival_headway_multiplier=0.88,0.19821428571428573,0.8,arrival_headway_multiplier=0.78,0.22362637362637364,INCAPABLE,,provisional Phase-D demand-side design; not yet implemented,False,capacity classification uses service/demand deficit only
105.0,S30,Seat Torque Verification,final_assembly,TORQUE_FASTENING,EQUIPMENT_DEGRADATION_UNSEEN,True,0.17442857142857143,0.25,cycle_multiplier=1.4000,0.2442,0.5,cycle_multiplier=1.6000,0.2790857142857143,0.8,cycle_multiplier=1.8400,0.32094857142857147,INCAPABLE,,current Flow-v2 physical equation,False,UNSEEN robustness only; excluded from supervised development
105.0,S31,Wheel Installation,final_assembly,ROBOTIC_HANDLING_ASSEMBLY,MANUAL_VARIATION,False,0.19047619047619047,0.25,cycle_multiplier=1.2750,0.19047619047619047,0.5,cycle_multiplier=1.4000,0.19047619047619047,0.8,cycle_multiplier=1.5500,0.19047619047619047,INCAPABLE,,current Flow-v2 physical equation,False,capacity classification uses service/demand deficit only
105.0,S31,Wheel Installation,final_assembly,ROBOTIC_HANDLING_ASSEMBLY,MICRO_STOPS,True,0.19047619047619047,0.25,expected_extra_seconds_per_visit=7.5672,0.26254464285714285,0.5,expected_extra_seconds_per_visit=15.8813,0.34172619047619046,0.8,expected_extra_seconds_per_visit=29.8800,0.47504761904761905,INCAPABLE,,current Flow-v2 physical equation,False,capacity classification uses service/demand deficit only
105.0,S31,Wheel Installation,final_assembly,ROBOTIC_HANDLING_ASSEMBLY,VEHICLE_MIX_OVERLOAD,True,0.19047619047619047,0.25,shift_toward_actual_slowest_variant=0.25,0.19047619047619047,0.5,shift_toward_actual_slowest_variant=0.60,0.19047619047619047,0.8,shift_toward_actual_slowest_variant=1.00,0.19047619047619047,INCAPABLE,ICE_SEDAN,current Flow-v2 physical equation,False,capacity classification uses service/demand deficit only
105.0,S31,Wheel Installation,final_assembly,ROBOTIC_HANDLING_ASSEMBLY,ARRIVAL_BURST,True,0.19047619047619047,0.25,arrival_headway_multiplier=0.95,0.20050125313283207,0.5,arrival_headway_multiplier=0.88,0.21645021645021645,0.8,arrival_headway_multiplier=0.78,0.24420024420024417,INCAPABLE,,provisional Phase-D demand-side design; not yet implemented,False,capacity classification uses service/demand deficit only
105.0,S31,Wheel Installation,final_assembly,ROBOTIC_HANDLING_ASSEMBLY,EQUIPMENT_DEGRADATION_UNSEEN,True,0.19047619047619047,0.25,cycle_multiplier=1.4000,0.2666666666666666,0.5,cycle_multiplier=1.6000,0.3047619047619048,0.8,cycle_multiplier=1.8400,0.3504761904761905,INCAPABLE,,current Flow-v2 physical equation,False,UNSEEN robustness only; excluded from supervised development
105.0,S32,Wheel Torque,final_assembly,TORQUE_FASTENING,MANUAL_VARIATION,False,0.15504761904761905,0.25,cycle_multiplier=1.2750,0.15504761904761905,0.5,cycle_multiplier=1.4000,0.15504761904761905,0.8,cycle_multiplier=1.5500,0.15504761904761905,INCAPABLE,,current Flow-v2 physical equation,False,capacity classification uses service/demand deficit only
105.0,S32,Wheel Torque,final_assembly,TORQUE_FASTENING,MICRO_STOPS,True,0.15504761904761905,0.25,expected_extra_seconds_per_visit=7.5672,0.22711607142857143,0.5,expected_extra_seconds_per_visit=15.8813,0.3062976190476191,0.8,expected_extra_seconds_per_visit=29.8800,0.43961904761904763,INCAPABLE,,current Flow-v2 physical equation,False,capacity classification uses service/demand deficit only
105.0,S32,Wheel Torque,final_assembly,TORQUE_FASTENING,VEHICLE_MIX_OVERLOAD,True,0.15504761904761905,0.25,shift_toward_actual_slowest_variant=0.25,0.15628571428571428,0.5,shift_toward_actual_slowest_variant=0.60,0.15801904761904764,0.8,shift_toward_actual_slowest_variant=1.00,0.16,INCAPABLE,ICE_SUV,current Flow-v2 physical equation,False,capacity classification uses service/demand deficit only
105.0,S32,Wheel Torque,final_assembly,TORQUE_FASTENING,ARRIVAL_BURST,True,0.15504761904761905,0.25,arrival_headway_multiplier=0.95,0.16320802005012533,0.5,arrival_headway_multiplier=0.88,0.17619047619047618,0.8,arrival_headway_multiplier=0.78,0.19877899877899877,INCAPABLE,,provisional Phase-D demand-side design; not yet implemented,False,capacity classification uses service/demand deficit only
105.0,S32,Wheel Torque,final_assembly,TORQUE_FASTENING,EQUIPMENT_DEGRADATION_UNSEEN,True,0.15504761904761905,0.25,cycle_multiplier=1.4000,0.21706666666666666,0.5,cycle_multiplier=1.6000,0.24807619047619048,0.8,cycle_multiplier=1.8400,0.28528761904761907,INCAPABLE,,current Flow-v2 physical equation,False,UNSEEN robustness only; excluded from supervised development
105.0,S33,Door / Closure Finishing,final_assembly,MANUAL_ASSEMBLY,MANUAL_VARIATION,True,0.5523809523809524,0.25,cycle_multiplier=1.2750,0.7042857142857143,0.5,cycle_multiplier=1.4000,0.7733333333333333,0.8,cycle_multiplier=1.5500,0.8561904761904762,INCAPABLE,,current Flow-v2 physical equation,False,capacity classification uses service/demand deficit only
105.0,S33,Door / Closure Finishing,final_assembly,MANUAL_ASSEMBLY,MICRO_STOPS,False,0.5523809523809524,0.25,expected_extra_seconds_per_visit=7.5672,0.5523809523809524,0.5,expected_extra_seconds_per_visit=15.8813,0.5523809523809524,0.8,expected_extra_seconds_per_visit=29.8800,0.5523809523809524,INCAPABLE,,current Flow-v2 physical equation,False,capacity classification uses service/demand deficit only
105.0,S33,Door / Closure Finishing,final_assembly,MANUAL_ASSEMBLY,VEHICLE_MIX_OVERLOAD,True,0.5523809523809524,0.25,shift_toward_actual_slowest_variant=0.25,0.5523809523809524,0.5,shift_toward_actual_slowest_variant=0.60,0.5523809523809524,0.8,shift_toward_actual_slowest_variant=1.00,0.5523809523809524,INCAPABLE,ICE_SEDAN,current Flow-v2 physical equation,False,capacity classification uses service/demand deficit only
105.0,S33,Door / Closure Finishing,final_assembly,MANUAL_ASSEMBLY,ARRIVAL_BURST,True,0.5523809523809524,0.25,arrival_headway_multiplier=0.95,0.5814536340852131,0.5,arrival_headway_multiplier=0.88,0.6277056277056278,0.8,arrival_headway_multiplier=0.78,0.7081807081807082,INCAPABLE,,provisional Phase-D demand-side design; not yet implemented,False,capacity classification uses service/demand deficit only
105.0,S33,Door / Closure Finishing,final_assembly,MANUAL_ASSEMBLY,EQUIPMENT_DEGRADATION_UNSEEN,False,0.5523809523809524,0.25,cycle_multiplier=1.4000,0.5523809523809524,0.5,cycle_multiplier=1.6000,0.5523809523809524,0.8,cycle_multiplier=1.8400,0.5523809523809524,INCAPABLE,,current Flow-v2 physical equation,False,UNSEEN robustness only; excluded from supervised development
105.0,S34,Electrical Connection / System Check,final_assembly,MANUAL_ASSEMBLY,MANUAL_VARIATION,True,0.6476190476190476,0.25,cycle_multiplier=1.2750,0.8257142857142857,0.5,cycle_multiplier=1.4000,0.9066666666666666,0.8,cycle_multiplier=1.5500,1.0038095238095237,BORDERLINE,,current Flow-v2 physical equation,False,capacity classification uses service/demand deficit only
105.0,S34,Electrical Connection / System Check,final_assembly,MANUAL_ASSEMBLY,MICRO_STOPS,False,0.6476190476190476,0.25,expected_extra_seconds_per_visit=7.5672,0.6476190476190476,0.5,expected_extra_seconds_per_visit=15.8813,0.6476190476190476,0.8,expected_extra_seconds_per_visit=29.8800,0.6476190476190476,INCAPABLE,,current Flow-v2 physical equation,False,capacity classification uses service/demand deficit only
105.0,S34,Electrical Connection / System Check,final_assembly,MANUAL_ASSEMBLY,VEHICLE_MIX_OVERLOAD,True,0.6476190476190476,0.25,shift_toward_actual_slowest_variant=0.25,0.6476190476190476,0.5,shift_toward_actual_slowest_variant=0.60,0.6476190476190476,0.8,shift_toward_actual_slowest_variant=1.00,0.6476190476190476,INCAPABLE,ICE_SEDAN,current Flow-v2 physical equation,False,capacity classification uses service/demand deficit only
105.0,S34,Electrical Connection / System Check,final_assembly,MANUAL_ASSEMBLY,ARRIVAL_BURST,True,0.6476190476190476,0.25,arrival_headway_multiplier=0.95,0.6817042606516291,0.5,arrival_headway_multiplier=0.88,0.735930735930736,0.8,arrival_headway_multiplier=0.78,0.8302808302808303,INCAPABLE,,provisional Phase-D demand-side design; not yet implemented,False,capacity classification uses service/demand deficit only
105.0,S34,Electrical Connection / System Check,final_assembly,MANUAL_ASSEMBLY,EQUIPMENT_DEGRADATION_UNSEEN,False,0.6476190476190476,0.25,cycle_multiplier=1.4000,0.6476190476190476,0.5,cycle_multiplier=1.6000,0.6476190476190476,0.8,cycle_multiplier=1.8400,0.6476190476190476,INCAPABLE,,current Flow-v2 physical equation,False,UNSEEN robustness only; excluded from supervised development
105.0,S35,Fluid-Related Process / Preparation,final_assembly,FLUID_FILL_FUNCTIONAL,MANUAL_VARIATION,False,0.2895238095238095,0.25,cycle_multiplier=1.2750,0.2895238095238095,0.5,cycle_multiplier=1.4000,0.2895238095238095,0.8,cycle_multiplier=1.5500,0.2895238095238095,INCAPABLE,,current Flow-v2 physical equation,False,capacity classification uses service/demand deficit only
105.0,S35,Fluid-Related Process / Preparation,final_assembly,FLUID_FILL_FUNCTIONAL,MICRO_STOPS,True,0.2895238095238095,0.25,expected_extra_seconds_per_visit=7.5672,0.34717857142857145,0.5,expected_extra_seconds_per_visit=15.8813,0.4105238095238095,0.8,expected_extra_seconds_per_visit=29.8800,0.5171809523809524,INCAPABLE,,current Flow-v2 physical equation,False,capacity classification uses service/demand deficit only
105.0,S35,Fluid-Related Process / Preparation,final_assembly,FLUID_FILL_FUNCTIONAL,VEHICLE_MIX_OVERLOAD,True,0.2895238095238095,0.25,shift_toward_actual_slowest_variant=0.25,0.30761904761904757,0.5,shift_toward_actual_slowest_variant=0.60,0.33295238095238094,0.8,shift_toward_actual_slowest_variant=1.00,0.3619047619047619,INCAPABLE,ICE_SEDAN,current Flow-v2 physical equation,False,capacity classification uses service/demand deficit only
105.0,S35,Fluid-Related Process / Preparation,final_assembly,FLUID_FILL_FUNCTIONAL,ARRIVAL_BURST,True,0.2895238095238095,0.25,arrival_headway_multiplier=0.95,0.3047619047619048,0.5,arrival_headway_multiplier=0.88,0.329004329004329,0.8,arrival_headway_multiplier=0.78,0.37118437118437114,INCAPABLE,,provisional Phase-D demand-side design; not yet implemented,False,capacity classification uses service/demand deficit only
105.0,S35,Fluid-Related Process / Preparation,final_assembly,FLUID_FILL_FUNCTIONAL,EQUIPMENT_DEGRADATION_UNSEEN,True,0.2895238095238095,0.25,cycle_multiplier=1.4000,0.4053333333333333,0.5,cycle_multiplier=1.6000,0.4632380952380952,0.8,cycle_multiplier=1.8400,0.5327238095238095,INCAPABLE,,current Flow-v2 physical equation,False,UNSEEN robustness only; excluded from supervised development
105.0,S36,Variant-Specific ICE / EV Process,final_assembly,FLUID_FILL_FUNCTIONAL,MANUAL_VARIATION,False,0.41900000000000004,0.25,cycle_multiplier=1.2750,0.41900000000000004,0.5,cycle_multiplier=1.4000,0.41900000000000004,0.8,cycle_multiplier=1.5500,0.41900000000000004,INCAPABLE,,current Flow-v2 physical equation,False,capacity classification uses service/demand deficit only
105.0,S36,Variant-Specific ICE / EV Process,final_assembly,FLUID_FILL_FUNCTIONAL,MICRO_STOPS,True,0.41900000000000004,0.25,expected_extra_seconds_per_visit=7.5672,0.4910684523809524,0.5,expected_extra_seconds_per_visit=15.8813,0.57025,0.8,expected_extra_seconds_per_visit=29.8800,0.7035714285714286,INCAPABLE,,current Flow-v2 physical equation,False,capacity classification uses service/demand deficit only
105.0,S36,Variant-Specific ICE / EV Process,final_assembly,FLUID_FILL_FUNCTIONAL,VEHICLE_MIX_OVERLOAD,True,0.41900000000000004,0.25,shift_toward_actual_slowest_variant=0.25,0.42924999999999996,0.5,shift_toward_actual_slowest_variant=0.60,0.44359999999999994,0.8,shift_toward_actual_slowest_variant=1.00,0.45999999999999996,INCAPABLE,EV,current Flow-v2 physical equation,False,capacity classification uses service/demand deficit only
105.0,S36,Variant-Specific ICE / EV Process,final_assembly,FLUID_FILL_FUNCTIONAL,ARRIVAL_BURST,True,0.41900000000000004,0.25,arrival_headway_multiplier=0.95,0.4410526315789474,0.5,arrival_headway_multiplier=0.88,0.4761363636363637,0.8,arrival_headway_multiplier=0.78,0.5371794871794872,INCAPABLE,,provisional Phase-D demand-side design; not yet implemented,False,capacity classification uses service/demand deficit only
105.0,S36,Variant-Specific ICE / EV Process,final_assembly,FLUID_FILL_FUNCTIONAL,EQUIPMENT_DEGRADATION_UNSEEN,True,0.41900000000000004,0.25,cycle_multiplier=1.4000,0.5866,0.5,cycle_multiplier=1.6000,0.6704000000000001,0.8,cycle_multiplier=1.8400,0.7709600000000001,INCAPABLE,,current Flow-v2 physical equation,False,UNSEEN robustness only; excluded from supervised development
105.0,S37,Functional Assembly Check,final_assembly,INSPECTION_EOL_TESTING,MANUAL_VARIATION,False,0.4380952380952381,0.25,cycle_multiplier=1.2750,0.4380952380952381,0.5,cycle_multiplier=1.4000,0.4380952380952381,0.8,cycle_multiplier=1.5500,0.4380952380952381,INCAPABLE,,current Flow-v2 physical equation,False,capacity classification uses service/demand deficit only
105.0,S37,Functional Assembly Check,final_assembly,INSPECTION_EOL_TESTING,MICRO_STOPS,True,0.4380952380952381,0.25,expected_extra_seconds_per_visit=7.5672,0.5101636904761905,0.5,expected_extra_seconds_per_visit=15.8813,0.5893452380952381,0.8,expected_extra_seconds_per_visit=29.8800,0.7226666666666667,INCAPABLE,,current Flow-v2 physical equation,False,capacity classification uses service/demand deficit only
105.0,S37,Functional Assembly Check,final_assembly,INSPECTION_EOL_TESTING,VEHICLE_MIX_OVERLOAD,True,0.4380952380952381,0.25,shift_toward_actual_slowest_variant=0.25,0.4380952380952381,0.5,shift_toward_actual_slowest_variant=0.60,0.4380952380952381,0.8,shift_toward_actual_slowest_variant=1.00,0.4380952380952381,INCAPABLE,ICE_SEDAN,current Flow-v2 physical equation,False,capacity classification uses service/demand deficit only
105.0,S37,Functional Assembly Check,final_assembly,INSPECTION_EOL_TESTING,ARRIVAL_BURST,True,0.4380952380952381,0.25,arrival_headway_multiplier=0.95,0.4611528822055138,0.5,arrival_headway_multiplier=0.88,0.49783549783549785,0.8,arrival_headway_multiplier=0.78,0.5616605616605617,INCAPABLE,,provisional Phase-D demand-side design; not yet implemented,False,capacity classification uses service/demand deficit only
105.0,S37,Functional Assembly Check,final_assembly,INSPECTION_EOL_TESTING,EQUIPMENT_DEGRADATION_UNSEEN,True,0.4380952380952381,0.25,cycle_multiplier=1.4000,0.6133333333333333,0.5,cycle_multiplier=1.6000,0.700952380952381,0.8,cycle_multiplier=1.8400,0.8060952380952381,INCAPABLE,,current Flow-v2 physical equation,False,UNSEEN robustness only; excluded from supervised development
105.0,S38,Final Trim / Manual Inspection,final_assembly,MANUAL_ASSEMBLY,MANUAL_VARIATION,True,0.5714285714285714,0.25,cycle_multiplier=1.2750,0.7285714285714284,0.5,cycle_multiplier=1.4000,0.7999999999999999,0.8,cycle_multiplier=1.5500,0.8857142857142856,INCAPABLE,,current Flow-v2 physical equation,False,capacity classification uses service/demand deficit only
105.0,S38,Final Trim / Manual Inspection,final_assembly,MANUAL_ASSEMBLY,MICRO_STOPS,False,0.5714285714285714,0.25,expected_extra_seconds_per_visit=7.5672,0.5714285714285714,0.5,expected_extra_seconds_per_visit=15.8813,0.5714285714285714,0.8,expected_extra_seconds_per_visit=29.8800,0.5714285714285714,INCAPABLE,,current Flow-v2 physical equation,False,capacity classification uses service/demand deficit only
105.0,S38,Final Trim / Manual Inspection,final_assembly,MANUAL_ASSEMBLY,VEHICLE_MIX_OVERLOAD,True,0.5714285714285714,0.25,shift_toward_actual_slowest_variant=0.25,0.5714285714285714,0.5,shift_toward_actual_slowest_variant=0.60,0.5714285714285714,0.8,shift_toward_actual_slowest_variant=1.00,0.5714285714285714,INCAPABLE,ICE_SEDAN,current Flow-v2 physical equation,False,capacity classification uses service/demand deficit only
105.0,S38,Final Trim / Manual Inspection,final_assembly,MANUAL_ASSEMBLY,ARRIVAL_BURST,True,0.5714285714285714,0.25,arrival_headway_multiplier=0.95,0.6015037593984962,0.5,arrival_headway_multiplier=0.88,0.6493506493506493,0.8,arrival_headway_multiplier=0.78,0.7326007326007326,INCAPABLE,,provisional Phase-D demand-side design; not yet implemented,False,capacity classification uses service/demand deficit only
105.0,S38,Final Trim / Manual Inspection,final_assembly,MANUAL_ASSEMBLY,EQUIPMENT_DEGRADATION_UNSEEN,False,0.5714285714285714,0.25,cycle_multiplier=1.4000,0.5714285714285714,0.5,cycle_multiplier=1.6000,0.5714285714285714,0.8,cycle_multiplier=1.8400,0.5714285714285714,INCAPABLE,,current Flow-v2 physical equation,False,UNSEEN robustness only; excluded from supervised development
105.0,S39,Dimensional / Final Visual Check,inspection_eol,DIMENSIONAL_INSPECTION,MANUAL_VARIATION,False,0.26666666666666666,0.25,cycle_multiplier=1.2750,0.26666666666666666,0.5,cycle_multiplier=1.4000,0.26666666666666666,0.8,cycle_multiplier=1.5500,0.26666666666666666,INCAPABLE,,current Flow-v2 physical equation,False,capacity classification uses service/demand deficit only
105.0,S39,Dimensional / Final Visual Check,inspection_eol,DIMENSIONAL_INSPECTION,MICRO_STOPS,True,0.26666666666666666,0.25,expected_extra_seconds_per_visit=7.5672,0.33873511904761905,0.5,expected_extra_seconds_per_visit=15.8813,0.4179166666666667,0.8,expected_extra_seconds_per_visit=29.8800,0.5512380952380953,INCAPABLE,,current Flow-v2 physical equation,False,capacity classification uses service/demand deficit only
105.0,S39,Dimensional / Final Visual Check,inspection_eol,DIMENSIONAL_INSPECTION,VEHICLE_MIX_OVERLOAD,True,0.26666666666666666,0.25,shift_toward_actual_slowest_variant=0.25,0.26666666666666666,0.5,shift_toward_actual_slowest_variant=0.60,0.26666666666666666,0.8,shift_toward_actual_slowest_variant=1.00,0.26666666666666666,INCAPABLE,ICE_SEDAN,current Flow-v2 physical equation,False,capacity classification uses service/demand deficit only
105.0,S39,Dimensional / Final Visual Check,inspection_eol,DIMENSIONAL_INSPECTION,ARRIVAL_BURST,True,0.26666666666666666,0.25,arrival_headway_multiplier=0.95,0.2807017543859649,0.5,arrival_headway_multiplier=0.88,0.30303030303030304,0.8,arrival_headway_multiplier=0.78,0.3418803418803419,INCAPABLE,,provisional Phase-D demand-side design; not yet implemented,False,capacity classification uses service/demand deficit only
105.0,S39,Dimensional / Final Visual Check,inspection_eol,DIMENSIONAL_INSPECTION,EQUIPMENT_DEGRADATION_UNSEEN,True,0.26666666666666666,0.25,cycle_multiplier=1.4000,0.3733333333333333,0.5,cycle_multiplier=1.6000,0.4266666666666667,0.8,cycle_multiplier=1.8400,0.4906666666666667,INCAPABLE,,current Flow-v2 physical equation,False,UNSEEN robustness only; excluded from supervised development
105.0,S40,Electrical Diagnostics,inspection_eol,INSPECTION_EOL_TESTING,MANUAL_VARIATION,False,0.38095238095238093,0.25,cycle_multiplier=1.2750,0.38095238095238093,0.5,cycle_multiplier=1.4000,0.38095238095238093,0.8,cycle_multiplier=1.5500,0.38095238095238093,INCAPABLE,,current Flow-v2 physical equation,False,capacity classification uses service/demand deficit only
105.0,S40,Electrical Diagnostics,inspection_eol,INSPECTION_EOL_TESTING,MICRO_STOPS,True,0.38095238095238093,0.25,expected_extra_seconds_per_visit=7.5672,0.4530208333333333,0.5,expected_extra_seconds_per_visit=15.8813,0.5322023809523809,0.8,expected_extra_seconds_per_visit=29.8800,0.6655238095238095,INCAPABLE,,current Flow-v2 physical equation,False,capacity classification uses service/demand deficit only
105.0,S40,Electrical Diagnostics,inspection_eol,INSPECTION_EOL_TESTING,VEHICLE_MIX_OVERLOAD,True,0.38095238095238093,0.25,shift_toward_actual_slowest_variant=0.25,0.38095238095238093,0.5,shift_toward_actual_slowest_variant=0.60,0.38095238095238093,0.8,shift_toward_actual_slowest_variant=1.00,0.38095238095238093,INCAPABLE,ICE_SEDAN,current Flow-v2 physical equation,False,capacity classification uses service/demand deficit only
105.0,S40,Electrical Diagnostics,inspection_eol,INSPECTION_EOL_TESTING,ARRIVAL_BURST,True,0.38095238095238093,0.25,arrival_headway_multiplier=0.95,0.40100250626566414,0.5,arrival_headway_multiplier=0.88,0.4329004329004329,0.8,arrival_headway_multiplier=0.78,0.48840048840048833,INCAPABLE,,provisional Phase-D demand-side design; not yet implemented,False,capacity classification uses service/demand deficit only
105.0,S40,Electrical Diagnostics,inspection_eol,INSPECTION_EOL_TESTING,EQUIPMENT_DEGRADATION_UNSEEN,True,0.38095238095238093,0.25,cycle_multiplier=1.4000,0.5333333333333332,0.5,cycle_multiplier=1.6000,0.6095238095238096,0.8,cycle_multiplier=1.8400,0.700952380952381,INCAPABLE,,current Flow-v2 physical equation,False,UNSEEN robustness only; excluded from supervised development
105.0,S41,Leak / Pressure Test,inspection_eol,FLUID_FILL_FUNCTIONAL,MANUAL_VARIATION,False,0.3333333333333333,0.25,cycle_multiplier=1.2750,0.3333333333333333,0.5,cycle_multiplier=1.4000,0.3333333333333333,0.8,cycle_multiplier=1.5500,0.3333333333333333,INCAPABLE,,current Flow-v2 physical equation,False,capacity classification uses service/demand deficit only
105.0,S41,Leak / Pressure Test,inspection_eol,FLUID_FILL_FUNCTIONAL,MICRO_STOPS,True,0.3333333333333333,0.25,expected_extra_seconds_per_visit=7.5672,0.4054017857142857,0.5,expected_extra_seconds_per_visit=15.8813,0.48458333333333337,0.8,expected_extra_seconds_per_visit=29.8800,0.617904761904762,INCAPABLE,,current Flow-v2 physical equation,False,capacity classification uses service/demand deficit only
105.0,S41,Leak / Pressure Test,inspection_eol,FLUID_FILL_FUNCTIONAL,VEHICLE_MIX_OVERLOAD,True,0.3333333333333333,0.25,shift_toward_actual_slowest_variant=0.25,0.3333333333333333,0.5,shift_toward_actual_slowest_variant=0.60,0.3333333333333333,0.8,shift_toward_actual_slowest_variant=1.00,0.3333333333333333,INCAPABLE,ICE_SEDAN,current Flow-v2 physical equation,False,capacity classification uses service/demand deficit only
105.0,S41,Leak / Pressure Test,inspection_eol,FLUID_FILL_FUNCTIONAL,ARRIVAL_BURST,True,0.3333333333333333,0.25,arrival_headway_multiplier=0.95,0.3508771929824561,0.5,arrival_headway_multiplier=0.88,0.3787878787878788,0.8,arrival_headway_multiplier=0.78,0.42735042735042733,INCAPABLE,,provisional Phase-D demand-side design; not yet implemented,False,capacity classification uses service/demand deficit only
105.0,S41,Leak / Pressure Test,inspection_eol,FLUID_FILL_FUNCTIONAL,EQUIPMENT_DEGRADATION_UNSEEN,True,0.3333333333333333,0.25,cycle_multiplier=1.4000,0.4666666666666666,0.5,cycle_multiplier=1.6000,0.5333333333333333,0.8,cycle_multiplier=1.8400,0.6133333333333333,INCAPABLE,,current Flow-v2 physical equation,False,UNSEEN robustness only; excluded from supervised development
105.0,S42,Functional Test,inspection_eol,INSPECTION_EOL_TESTING,MANUAL_VARIATION,False,0.47619047619047616,0.25,cycle_multiplier=1.2750,0.47619047619047616,0.5,cycle_multiplier=1.4000,0.47619047619047616,0.8,cycle_multiplier=1.5500,0.47619047619047616,INCAPABLE,,current Flow-v2 physical equation,False,capacity classification uses service/demand deficit only
105.0,S42,Functional Test,inspection_eol,INSPECTION_EOL_TESTING,MICRO_STOPS,True,0.47619047619047616,0.25,expected_extra_seconds_per_visit=7.5672,0.5482589285714285,0.5,expected_extra_seconds_per_visit=15.8813,0.6274404761904762,0.8,expected_extra_seconds_per_visit=29.8800,0.7607619047619048,INCAPABLE,,current Flow-v2 physical equation,False,capacity classification uses service/demand deficit only
105.0,S42,Functional Test,inspection_eol,INSPECTION_EOL_TESTING,VEHICLE_MIX_OVERLOAD,True,0.47619047619047616,0.25,shift_toward_actual_slowest_variant=0.25,0.47619047619047616,0.5,shift_toward_actual_slowest_variant=0.60,0.47619047619047616,0.8,shift_toward_actual_slowest_variant=1.00,0.47619047619047616,INCAPABLE,ICE_SEDAN,current Flow-v2 physical equation,False,capacity classification uses service/demand deficit only
105.0,S42,Functional Test,inspection_eol,INSPECTION_EOL_TESTING,ARRIVAL_BURST,True,0.47619047619047616,0.25,arrival_headway_multiplier=0.95,0.5012531328320802,0.5,arrival_headway_multiplier=0.88,0.5411255411255411,0.8,arrival_headway_multiplier=0.78,0.6105006105006104,INCAPABLE,,provisional Phase-D demand-side design; not yet implemented,False,capacity classification uses service/demand deficit only
105.0,S42,Functional Test,inspection_eol,INSPECTION_EOL_TESTING,EQUIPMENT_DEGRADATION_UNSEEN,True,0.47619047619047616,0.25,cycle_multiplier=1.4000,0.6666666666666666,0.5,cycle_multiplier=1.6000,0.7619047619047619,0.8,cycle_multiplier=1.8400,0.8761904761904762,INCAPABLE,,current Flow-v2 physical equation,False,UNSEEN robustness only; excluded from supervised development
105.0,S43,Dynamic / Roll Test,inspection_eol,INSPECTION_EOL_TESTING,MANUAL_VARIATION,False,0.5238095238095238,0.25,cycle_multiplier=1.2750,0.5238095238095238,0.5,cycle_multiplier=1.4000,0.5238095238095238,0.8,cycle_multiplier=1.5500,0.5238095238095238,INCAPABLE,,current Flow-v2 physical equation,False,capacity classification uses service/demand deficit only
105.0,S43,Dynamic / Roll Test,inspection_eol,INSPECTION_EOL_TESTING,MICRO_STOPS,True,0.5238095238095238,0.25,expected_extra_seconds_per_visit=7.5672,0.5958779761904762,0.5,expected_extra_seconds_per_visit=15.8813,0.6750595238095238,0.8,expected_extra_seconds_per_visit=29.8800,0.8083809523809524,INCAPABLE,,current Flow-v2 physical equation,False,capacity classification uses service/demand deficit only
105.0,S43,Dynamic / Roll Test,inspection_eol,INSPECTION_EOL_TESTING,VEHICLE_MIX_OVERLOAD,True,0.5238095238095238,0.25,shift_toward_actual_slowest_variant=0.25,0.5238095238095238,0.5,shift_toward_actual_slowest_variant=0.60,0.5238095238095238,0.8,shift_toward_actual_slowest_variant=1.00,0.5238095238095238,INCAPABLE,ICE_SEDAN,current Flow-v2 physical equation,False,capacity classification uses service/demand deficit only
105.0,S43,Dynamic / Roll Test,inspection_eol,INSPECTION_EOL_TESTING,ARRIVAL_BURST,True,0.5238095238095238,0.25,arrival_headway_multiplier=0.95,0.5513784461152883,0.5,arrival_headway_multiplier=0.88,0.5952380952380952,0.8,arrival_headway_multiplier=0.78,0.6715506715506716,INCAPABLE,,provisional Phase-D demand-side design; not yet implemented,False,capacity classification uses service/demand deficit only
105.0,S43,Dynamic / Roll Test,inspection_eol,INSPECTION_EOL_TESTING,EQUIPMENT_DEGRADATION_UNSEEN,True,0.5238095238095238,0.25,cycle_multiplier=1.4000,0.7333333333333333,0.5,cycle_multiplier=1.6000,0.8380952380952382,0.8,cycle_multiplier=1.8400,0.9638095238095239,HARD_NEGATIVE,,current Flow-v2 physical equation,False,UNSEEN robustness only; excluded from supervised development
105.0,S44,Final Quality Inspection,inspection_eol,INSPECTION_EOL_TESTING,MANUAL_VARIATION,False,0.49523809523809526,0.25,cycle_multiplier=1.2750,0.49523809523809526,0.5,cycle_multiplier=1.4000,0.49523809523809526,0.8,cycle_multiplier=1.5500,0.49523809523809526,INCAPABLE,,current Flow-v2 physical equation,False,capacity classification uses service/demand deficit only
105.0,S44,Final Quality Inspection,inspection_eol,INSPECTION_EOL_TESTING,MICRO_STOPS,True,0.49523809523809526,0.25,expected_extra_seconds_per_visit=7.5672,0.5673065476190476,0.5,expected_extra_seconds_per_visit=15.8813,0.6464880952380953,0.8,expected_extra_seconds_per_visit=29.8800,0.7798095238095238,INCAPABLE,,current Flow-v2 physical equation,False,capacity classification uses service/demand deficit only
105.0,S44,Final Quality Inspection,inspection_eol,INSPECTION_EOL_TESTING,VEHICLE_MIX_OVERLOAD,True,0.49523809523809526,0.25,shift_toward_actual_slowest_variant=0.25,0.49523809523809526,0.5,shift_toward_actual_slowest_variant=0.60,0.49523809523809526,0.8,shift_toward_actual_slowest_variant=1.00,0.49523809523809526,INCAPABLE,ICE_SEDAN,current Flow-v2 physical equation,False,capacity classification uses service/demand deficit only
105.0,S44,Final Quality Inspection,inspection_eol,INSPECTION_EOL_TESTING,ARRIVAL_BURST,True,0.49523809523809526,0.25,arrival_headway_multiplier=0.95,0.5213032581453635,0.5,arrival_headway_multiplier=0.88,0.5627705627705628,0.8,arrival_headway_multiplier=0.78,0.6349206349206349,INCAPABLE,,provisional Phase-D demand-side design; not yet implemented,False,capacity classification uses service/demand deficit only
105.0,S44,Final Quality Inspection,inspection_eol,INSPECTION_EOL_TESTING,EQUIPMENT_DEGRADATION_UNSEEN,True,0.49523809523809526,0.25,cycle_multiplier=1.4000,0.6933333333333334,0.5,cycle_multiplier=1.6000,0.7923809523809524,0.8,cycle_multiplier=1.8400,0.9112380952380953,HARD_NEGATIVE,,current Flow-v2 physical equation,False,UNSEEN robustness only; excluded from supervised development
105.0,S45,Release / End-of-Line QC,inspection_eol,INSPECTION_EOL_TESTING,MANUAL_VARIATION,False,0.42857142857142855,0.25,cycle_multiplier=1.2750,0.42857142857142855,0.5,cycle_multiplier=1.4000,0.42857142857142855,0.8,cycle_multiplier=1.5500,0.42857142857142855,INCAPABLE,,current Flow-v2 physical equation,False,capacity classification uses service/demand deficit only
105.0,S45,Release / End-of-Line QC,inspection_eol,INSPECTION_EOL_TESTING,MICRO_STOPS,True,0.42857142857142855,0.25,expected_extra_seconds_per_visit=7.5672,0.5006398809523809,0.5,expected_extra_seconds_per_visit=15.8813,0.5798214285714286,0.8,expected_extra_seconds_per_visit=29.8800,0.7131428571428571,INCAPABLE,,current Flow-v2 physical equation,False,capacity classification uses service/demand deficit only
105.0,S45,Release / End-of-Line QC,inspection_eol,INSPECTION_EOL_TESTING,VEHICLE_MIX_OVERLOAD,True,0.42857142857142855,0.25,shift_toward_actual_slowest_variant=0.25,0.42857142857142855,0.5,shift_toward_actual_slowest_variant=0.60,0.42857142857142855,0.8,shift_toward_actual_slowest_variant=1.00,0.42857142857142855,INCAPABLE,ICE_SEDAN,current Flow-v2 physical equation,False,capacity classification uses service/demand deficit only
105.0,S45,Release / End-of-Line QC,inspection_eol,INSPECTION_EOL_TESTING,ARRIVAL_BURST,True,0.42857142857142855,0.25,arrival_headway_multiplier=0.95,0.45112781954887216,0.5,arrival_headway_multiplier=0.88,0.487012987012987,0.8,arrival_headway_multiplier=0.78,0.5494505494505494,INCAPABLE,,provisional Phase-D demand-side design; not yet implemented,False,capacity classification uses service/demand deficit only
105.0,S45,Release / End-of-Line QC,inspection_eol,INSPECTION_EOL_TESTING,EQUIPMENT_DEGRADATION_UNSEEN,True,0.42857142857142855,0.25,cycle_multiplier=1.4000,0.6,0.5,cycle_multiplier=1.6000,0.6857142857142857,0.8,cycle_multiplier=1.8400,0.7885714285714286,INCAPABLE,,current Flow-v2 physical equation,False,UNSEEN robustness only; excluded from supervised development
