station_id,station_name,zone,station_type,mechanism,supervision_role,severity,severity_value,profile,baseline_rho,scenario_duration_minutes,scenario_duration_station_cycles,buffer_capacity,buffer_used_to_determine_capability,physical_parameter,expected_effective_service_time_seconds,expected_arrival_rate_vehicles_per_hour,expected_service_capacity_vehicles_per_hour,effective_rho,peak_effective_rho,expected_demand_service_deficit_vehicles_per_hour,theoretical_time_to_fill_minutes_if_deficit_persists,classification
S11,Body Finishing / Manual Inspection,body_joining,MANUAL_ASSEMBLY,MANUAL_VARIATION,SUPERVISED,MILD,0.25,STEP,0.7024390243902439,25.0,20.833333333333332,3,False,peak_cycle_multiplier=1.1200; profile_average_fraction=1.0000,80.64000000000001,35.1219512195122,44.64285714285713,0.7867317073170734,0.7867317073170732,-9.520905923344934,,INCAPABLE
S11,Body Finishing / Manual Inspection,body_joining,MANUAL_ASSEMBLY,MANUAL_VARIATION,SUPERVISED,MILD,0.25,GRADUAL,0.7024390243902439,25.0,20.833333333333332,3,False,peak_cycle_multiplier=1.1200; profile_average_fraction=0.7500,78.48,35.1219512195122,45.87155963302752,0.7656585365853659,0.7867317073170732,-10.749608413515325,,INCAPABLE
S11,Body Finishing / Manual Inspection,body_joining,MANUAL_ASSEMBLY,MANUAL_VARIATION,SUPERVISED,MILD,0.25,RECOVERING,0.7024390243902439,25.0,20.833333333333332,3,False,peak_cycle_multiplier=1.1200; profile_average_fraction=0.7000,78.048,35.1219512195122,46.125461254612546,0.7614439024390245,0.7867317073170732,-11.003510035100348,,INCAPABLE
S11,Body Finishing / Manual Inspection,body_joining,MANUAL_ASSEMBLY,MANUAL_VARIATION,SUPERVISED,MODERATE,0.55,STEP,0.7024390243902439,40.0,33.333333333333336,3,False,peak_cycle_multiplier=1.4500; profile_average_fraction=1.0000,104.39999999999999,35.1219512195122,34.48275862068966,1.0185365853658537,1.0185365853658537,0.6391925988225395,281.6052631578949,BORDERLINE
S11,Body Finishing / Manual Inspection,body_joining,MANUAL_ASSEMBLY,MANUAL_VARIATION,SUPERVISED,MODERATE,0.55,GRADUAL,0.7024390243902439,40.0,33.333333333333336,3,False,peak_cycle_multiplier=1.4500; profile_average_fraction=0.7500,96.3,35.1219512195122,37.38317757009346,0.9395121951219513,1.0185365853658537,-2.2612263505812606,,BORDERLINE
S11,Body Finishing / Manual Inspection,body_joining,MANUAL_ASSEMBLY,MANUAL_VARIATION,SUPERVISED,MODERATE,0.55,RECOVERING,0.7024390243902439,40.0,33.333333333333336,3,False,peak_cycle_multiplier=1.4500; profile_average_fraction=0.7000,94.67999999999999,35.1219512195122,38.02281368821293,0.9237073170731708,1.0185365853658537,-2.90086246870073,,BORDERLINE
S11,Body Finishing / Manual Inspection,body_joining,MANUAL_ASSEMBLY,MANUAL_VARIATION,SUPERVISED,SEVERE,0.9,STEP,0.7024390243902439,60.0,50.0,3,False,peak_cycle_multiplier=1.5944; profile_average_fraction=1.0000,114.80000000000003,35.1219512195122,31.358885017421596,1.1200000000000003,1.12,3.7630662020906023,47.83333333333321,POSITIVE_CAPABLE
S11,Body Finishing / Manual Inspection,body_joining,MANUAL_ASSEMBLY,MANUAL_VARIATION,SUPERVISED,SEVERE,0.9,GRADUAL,0.7024390243902439,60.0,50.0,3,False,peak_cycle_multiplier=1.5944; profile_average_fraction=0.7500,104.10000000000001,35.1219512195122,34.582132564841494,1.0156097560975612,1.12,0.5398186546707038,333.4453124999955,BORDERLINE
S11,Body Finishing / Manual Inspection,body_joining,MANUAL_ASSEMBLY,MANUAL_VARIATION,SUPERVISED,SEVERE,0.9,RECOVERING,0.7024390243902439,60.0,50.0,3,False,peak_cycle_multiplier=1.5944; profile_average_fraction=0.7000,101.96000000000001,35.1219512195122,35.30796390741467,0.9947317073170734,1.12,-0.18601268790246905,,BORDERLINE
S21,Trim Preparation,final_assembly,MANUAL_ASSEMBLY,MANUAL_VARIATION,SUPERVISED,MILD,0.25,STEP,0.7317073170731707,25.0,20.0,5,False,peak_cycle_multiplier=1.1200; profile_average_fraction=1.0000,84.00000000000001,35.1219512195122,42.85714285714285,0.8195121951219515,0.8195121951219513,-7.735191637630649,,INCAPABLE
S21,Trim Preparation,final_assembly,MANUAL_ASSEMBLY,MANUAL_VARIATION,SUPERVISED,MILD,0.25,GRADUAL,0.7317073170731707,25.0,20.0,5,False,peak_cycle_multiplier=1.1200; profile_average_fraction=0.7500,81.75,35.1219512195122,44.03669724770642,0.7975609756097561,0.8195121951219513,-8.914746028194223,,INCAPABLE
S21,Trim Preparation,final_assembly,MANUAL_ASSEMBLY,MANUAL_VARIATION,SUPERVISED,MILD,0.25,RECOVERING,0.7317073170731707,25.0,20.0,5,False,peak_cycle_multiplier=1.1200; profile_average_fraction=0.7000,81.30000000000001,35.1219512195122,44.28044280442804,0.7931707317073172,0.8195121951219513,-9.158491584915843,,INCAPABLE
S21,Trim Preparation,final_assembly,MANUAL_ASSEMBLY,MANUAL_VARIATION,SUPERVISED,MODERATE,0.55,STEP,0.7317073170731707,40.0,32.0,5,False,peak_cycle_multiplier=1.3940; profile_average_fraction=1.0000,104.55000000000001,35.1219512195122,34.43328550932568,1.0200000000000002,1.02,0.6886657101865197,435.6249999999962,BORDERLINE
S21,Trim Preparation,final_assembly,MANUAL_ASSEMBLY,MANUAL_VARIATION,SUPERVISED,MODERATE,0.55,GRADUAL,0.7317073170731707,40.0,32.0,5,False,peak_cycle_multiplier=1.3940; profile_average_fraction=0.7500,97.16250000000001,35.1219512195122,37.05133153222694,0.9479268292682927,1.02,-1.9293803127147413,,BORDERLINE
S21,Trim Preparation,final_assembly,MANUAL_ASSEMBLY,MANUAL_VARIATION,SUPERVISED,MODERATE,0.55,RECOVERING,0.7317073170731707,40.0,32.0,5,False,peak_cycle_multiplier=1.3940; profile_average_fraction=0.7000,95.685,35.1219512195122,37.62345195171657,0.9335121951219514,1.02,-2.50150073220437,,BORDERLINE
S21,Trim Preparation,final_assembly,MANUAL_ASSEMBLY,MANUAL_VARIATION,SUPERVISED,SEVERE,0.9,STEP,0.7317073170731707,60.0,48.0,5,False,peak_cycle_multiplier=1.5307; profile_average_fraction=1.0000,114.80000000000001,35.1219512195122,31.3588850174216,1.12,1.12,3.7630662020905987,79.72222222222209,POSITIVE_CAPABLE
S21,Trim Preparation,final_assembly,MANUAL_ASSEMBLY,MANUAL_VARIATION,SUPERVISED,SEVERE,0.9,GRADUAL,0.7317073170731707,60.0,48.0,5,False,peak_cycle_multiplier=1.5307; profile_average_fraction=0.7500,104.85000000000001,35.1219512195122,34.33476394849785,1.022926829268293,1.12,0.7871872710143464,381.1037234042528,BORDERLINE
S21,Trim Preparation,final_assembly,MANUAL_ASSEMBLY,MANUAL_VARIATION,SUPERVISED,SEVERE,0.9,RECOVERING,0.7317073170731707,60.0,48.0,5,False,peak_cycle_multiplier=1.5307; profile_average_fraction=0.7000,102.86000000000001,35.1219512195122,34.999027804783196,1.0035121951219514,1.12,0.12292341472900148,2440.5439814813462,BORDERLINE
S22,Wiring Harness Installation,final_assembly,MANUAL_ASSEMBLY,MANUAL_VARIATION,SUPERVISED,MILD,0.25,STEP,0.8842926829268293,25.0,16.548984995586938,4,False,peak_cycle_multiplier=1.0404; profile_average_fraction=1.0000,94.3,35.1219512195122,38.17603393425239,0.92,0.92,-3.05408271474019,,HARD_NEGATIVE
S22,Wiring Harness Installation,final_assembly,MANUAL_ASSEMBLY,MANUAL_VARIATION,SUPERVISED,MILD,0.25,GRADUAL,0.8842926829268293,25.0,16.548984995586938,4,False,peak_cycle_multiplier=1.0404; profile_average_fraction=0.7500,93.385,35.1219512195122,38.55008834395245,0.9110731707317075,0.92,-3.428137124440255,,HARD_NEGATIVE
S22,Wiring Harness Installation,final_assembly,MANUAL_ASSEMBLY,MANUAL_VARIATION,SUPERVISED,MILD,0.25,RECOVERING,0.8842926829268293,25.0,16.548984995586938,4,False,peak_cycle_multiplier=1.0404; profile_average_fraction=0.7000,93.202,35.1219512195122,38.62578056264887,0.9092878048780488,0.92,-3.5038293431366725,,HARD_NEGATIVE
S22,Wiring Harness Installation,final_assembly,MANUAL_ASSEMBLY,MANUAL_VARIATION,SUPERVISED,MODERATE,0.55,STEP,0.8842926829268293,40.0,26.4783759929391,4,False,peak_cycle_multiplier=1.1535; profile_average_fraction=1.0000,104.55000000000001,35.1219512195122,34.43328550932568,1.0200000000000002,1.02,0.6886657101865197,348.49999999999693,BORDERLINE
S22,Wiring Harness Installation,final_assembly,MANUAL_ASSEMBLY,MANUAL_VARIATION,SUPERVISED,MODERATE,0.55,GRADUAL,0.8842926829268293,40.0,26.4783759929391,4,False,peak_cycle_multiplier=1.1535; profile_average_fraction=0.7500,101.0725,35.1219512195122,35.61799698236414,0.9860731707317075,1.02,-0.49604576285194213,,BORDERLINE
S22,Wiring Harness Installation,final_assembly,MANUAL_ASSEMBLY,MANUAL_VARIATION,SUPERVISED,MODERATE,0.55,RECOVERING,0.8842926829268293,40.0,26.4783759929391,4,False,peak_cycle_multiplier=1.1535; profile_average_fraction=0.7000,100.37700000000001,35.1219512195122,35.86478974267013,0.9792878048780489,1.02,-0.7428385231579355,,BORDERLINE
S22,Wiring Harness Installation,final_assembly,MANUAL_ASSEMBLY,MANUAL_VARIATION,SUPERVISED,SEVERE,0.9,STEP,0.8842926829268293,60.0,39.717563989408646,4,False,peak_cycle_multiplier=1.2665; profile_average_fraction=1.0000,114.80000000000001,35.1219512195122,31.3588850174216,1.12,1.12,3.7630662020905987,63.777777777777665,POSITIVE_CAPABLE
S22,Wiring Harness Installation,final_assembly,MANUAL_ASSEMBLY,MANUAL_VARIATION,SUPERVISED,SEVERE,0.9,GRADUAL,0.8842926829268293,60.0,39.717563989408646,4,False,peak_cycle_multiplier=1.2665; profile_average_fraction=0.7500,108.76,35.1219512195122,33.10040456050018,1.0610731707317076,1.12,2.0215466590120172,118.72097976570785,POSITIVE_CAPABLE
S22,Wiring Harness Installation,final_assembly,MANUAL_ASSEMBLY,MANUAL_VARIATION,SUPERVISED,SEVERE,0.9,RECOVERING,0.8842926829268293,60.0,39.717563989408646,4,False,peak_cycle_multiplier=1.2665; profile_average_fraction=0.7000,107.552,35.1219512195122,33.4721808985421,1.049287804878049,1.12,1.6497703209700987,145.4747954605433,BORDERLINE
S24,HVAC / Interior Module Installation,final_assembly,MANUAL_ASSEMBLY,MANUAL_VARIATION,SUPERVISED,MILD,0.25,STEP,0.7317073170731707,25.0,20.0,3,False,peak_cycle_multiplier=1.1200; profile_average_fraction=1.0000,84.00000000000001,35.1219512195122,42.85714285714285,0.8195121951219515,0.8195121951219513,-7.735191637630649,,INCAPABLE
S24,HVAC / Interior Module Installation,final_assembly,MANUAL_ASSEMBLY,MANUAL_VARIATION,SUPERVISED,MILD,0.25,GRADUAL,0.7317073170731707,25.0,20.0,3,False,peak_cycle_multiplier=1.1200; profile_average_fraction=0.7500,81.75,35.1219512195122,44.03669724770642,0.7975609756097561,0.8195121951219513,-8.914746028194223,,INCAPABLE
S24,HVAC / Interior Module Installation,final_assembly,MANUAL_ASSEMBLY,MANUAL_VARIATION,SUPERVISED,MILD,0.25,RECOVERING,0.7317073170731707,25.0,20.0,3,False,peak_cycle_multiplier=1.1200; profile_average_fraction=0.7000,81.30000000000001,35.1219512195122,44.28044280442804,0.7931707317073172,0.8195121951219513,-9.158491584915843,,INCAPABLE
S24,HVAC / Interior Module Installation,final_assembly,MANUAL_ASSEMBLY,MANUAL_VARIATION,SUPERVISED,MODERATE,0.55,STEP,0.7317073170731707,40.0,32.0,3,False,peak_cycle_multiplier=1.3940; profile_average_fraction=1.0000,104.55000000000001,35.1219512195122,34.43328550932568,1.0200000000000002,1.02,0.6886657101865197,261.3749999999977,BORDERLINE
S24,HVAC / Interior Module Installation,final_assembly,MANUAL_ASSEMBLY,MANUAL_VARIATION,SUPERVISED,MODERATE,0.55,GRADUAL,0.7317073170731707,40.0,32.0,3,False,peak_cycle_multiplier=1.3940; profile_average_fraction=0.7500,97.16250000000001,35.1219512195122,37.05133153222694,0.9479268292682927,1.02,-1.9293803127147413,,BORDERLINE
S24,HVAC / Interior Module Installation,final_assembly,MANUAL_ASSEMBLY,MANUAL_VARIATION,SUPERVISED,MODERATE,0.55,RECOVERING,0.7317073170731707,40.0,32.0,3,False,peak_cycle_multiplier=1.3940; profile_average_fraction=0.7000,95.685,35.1219512195122,37.62345195171657,0.9335121951219514,1.02,-2.50150073220437,,BORDERLINE
S24,HVAC / Interior Module Installation,final_assembly,MANUAL_ASSEMBLY,MANUAL_VARIATION,SUPERVISED,SEVERE,0.9,STEP,0.7317073170731707,60.0,48.0,3,False,peak_cycle_multiplier=1.5307; profile_average_fraction=1.0000,114.80000000000001,35.1219512195122,31.3588850174216,1.12,1.12,3.7630662020905987,47.83333333333325,POSITIVE_CAPABLE
S24,HVAC / Interior Module Installation,final_assembly,MANUAL_ASSEMBLY,MANUAL_VARIATION,SUPERVISED,SEVERE,0.9,GRADUAL,0.7317073170731707,60.0,48.0,3,False,peak_cycle_multiplier=1.5307; profile_average_fraction=0.7500,104.85000000000001,35.1219512195122,34.33476394849785,1.022926829268293,1.12,0.7871872710143464,228.66223404255163,BORDERLINE
S24,HVAC / Interior Module Installation,final_assembly,MANUAL_ASSEMBLY,MANUAL_VARIATION,SUPERVISED,SEVERE,0.9,RECOVERING,0.7317073170731707,60.0,48.0,3,False,peak_cycle_multiplier=1.5307; profile_average_fraction=0.7000,102.86000000000001,35.1219512195122,34.999027804783196,1.0035121951219514,1.12,0.12292341472900148,1464.3263888888075,BORDERLINE
S33,Door / Closure Finishing,final_assembly,MANUAL_ASSEMBLY,MANUAL_VARIATION,SUPERVISED,MILD,0.25,STEP,0.5658536585365853,25.0,25.862068965517242,4,False,peak_cycle_multiplier=1.1200; profile_average_fraction=1.0000,64.96000000000001,35.1219512195122,55.418719211822655,0.6337560975609757,0.6337560975609756,-20.296767992310457,,INCAPABLE
S33,Door / Closure Finishing,final_assembly,MANUAL_ASSEMBLY,MANUAL_VARIATION,SUPERVISED,MILD,0.25,GRADUAL,0.5658536585365853,25.0,25.862068965517242,4,False,peak_cycle_multiplier=1.1200; profile_average_fraction=0.7500,63.220000000000006,35.1219512195122,56.94400506168933,0.6167804878048782,0.6337560975609756,-21.822053842177134,,INCAPABLE
S33,Door / Closure Finishing,final_assembly,MANUAL_ASSEMBLY,MANUAL_VARIATION,SUPERVISED,MILD,0.25,RECOVERING,0.5658536585365853,25.0,25.862068965517242,4,False,peak_cycle_multiplier=1.1200; profile_average_fraction=0.7000,62.87200000000001,35.1219512195122,57.25919328158798,0.6133853658536587,0.6337560975609756,-22.137242062075785,,INCAPABLE
S33,Door / Closure Finishing,final_assembly,MANUAL_ASSEMBLY,MANUAL_VARIATION,SUPERVISED,MODERATE,0.55,STEP,0.5658536585365853,40.0,41.37931034482759,4,False,peak_cycle_multiplier=1.4500; profile_average_fraction=1.0000,84.1,35.1219512195122,42.80618311533888,0.8204878048780488,0.8204878048780487,-7.684231895826684,,INCAPABLE
S33,Door / Closure Finishing,final_assembly,MANUAL_ASSEMBLY,MANUAL_VARIATION,SUPERVISED,MODERATE,0.55,GRADUAL,0.5658536585365853,40.0,41.37931034482759,4,False,peak_cycle_multiplier=1.4500; profile_average_fraction=0.7500,77.57499999999999,35.1219512195122,46.40670319046085,0.7568292682926828,0.8204878048780487,-11.284751970948655,,INCAPABLE
S33,Door / Closure Finishing,final_assembly,MANUAL_ASSEMBLY,MANUAL_VARIATION,SUPERVISED,MODERATE,0.55,RECOVERING,0.5658536585365853,40.0,41.37931034482759,4,False,peak_cycle_multiplier=1.4500; profile_average_fraction=0.7000,76.27,35.1219512195122,47.20073423364364,0.7440975609756098,0.8204878048780487,-12.078783014131439,,INCAPABLE
S33,Door / Closure Finishing,final_assembly,MANUAL_ASSEMBLY,MANUAL_VARIATION,SUPERVISED,SEVERE,0.9,STEP,0.5658536585365853,60.0,62.06896551724138,4,False,peak_cycle_multiplier=1.6500; profile_average_fraction=1.0000,95.69999999999999,35.1219512195122,37.61755485893418,0.9336585365853657,0.9336585365853657,-2.4956036394219794,,HARD_NEGATIVE
S33,Door / Closure Finishing,final_assembly,MANUAL_ASSEMBLY,MANUAL_VARIATION,SUPERVISED,SEVERE,0.9,GRADUAL,0.5658536585365853,60.0,62.06896551724138,4,False,peak_cycle_multiplier=1.6500; profile_average_fraction=0.7500,86.27499999999999,35.1219512195122,41.727035641842946,0.8417073170731708,0.9336585365853657,-6.605084422330748,,HARD_NEGATIVE
S33,Door / Closure Finishing,final_assembly,MANUAL_ASSEMBLY,MANUAL_VARIATION,SUPERVISED,SEVERE,0.9,RECOVERING,0.5658536585365853,60.0,62.06896551724138,4,False,peak_cycle_multiplier=1.6500; profile_average_fraction=0.7000,84.38999999999999,35.1219512195122,42.65908282971917,0.8233170731707317,0.9336585365853657,-7.53713161020697,,HARD_NEGATIVE
S34,Electrical Connection / System Check,final_assembly,MANUAL_ASSEMBLY,MANUAL_VARIATION,SUPERVISED,MILD,0.25,STEP,0.6634146341463415,25.0,22.058823529411764,3,False,peak_cycle_multiplier=1.1200; profile_average_fraction=1.0000,76.16000000000001,35.1219512195122,47.2689075630252,0.7430243902439027,0.7430243902439025,-12.146956343513004,,INCAPABLE
S34,Electrical Connection / System Check,final_assembly,MANUAL_ASSEMBLY,MANUAL_VARIATION,SUPERVISED,MILD,0.25,GRADUAL,0.6634146341463415,25.0,22.058823529411764,3,False,peak_cycle_multiplier=1.1200; profile_average_fraction=0.7500,74.12,35.1219512195122,48.56988667026443,0.7231219512195123,0.7430243902439025,-13.447935450752233,,INCAPABLE
S34,Electrical Connection / System Check,final_assembly,MANUAL_ASSEMBLY,MANUAL_VARIATION,SUPERVISED,MILD,0.25,RECOVERING,0.6634146341463415,25.0,22.058823529411764,3,False,peak_cycle_multiplier=1.1200; profile_average_fraction=0.7000,73.712,35.1219512195122,48.83872368135446,0.7191414634146343,0.7430243902439025,-13.716772461842261,,INCAPABLE
S34,Electrical Connection / System Check,final_assembly,MANUAL_ASSEMBLY,MANUAL_VARIATION,SUPERVISED,MODERATE,0.55,STEP,0.6634146341463415,40.0,35.294117647058826,3,False,peak_cycle_multiplier=1.4500; profile_average_fraction=1.0000,98.6,35.1219512195122,36.51115618661258,0.9619512195121951,0.9619512195121951,-1.3892049671003832,,HARD_NEGATIVE
S34,Electrical Connection / System Check,final_assembly,MANUAL_ASSEMBLY,MANUAL_VARIATION,SUPERVISED,MODERATE,0.55,GRADUAL,0.6634146341463415,40.0,35.294117647058826,3,False,peak_cycle_multiplier=1.4500; profile_average_fraction=0.7500,90.94999999999999,35.1219512195122,39.58218801539308,0.8873170731707316,0.9619512195121951,-4.460236795880881,,HARD_NEGATIVE
S34,Electrical Connection / System Check,final_assembly,MANUAL_ASSEMBLY,MANUAL_VARIATION,SUPERVISED,MODERATE,0.55,RECOVERING,0.6634146341463415,40.0,35.294117647058826,3,False,peak_cycle_multiplier=1.4500; profile_average_fraction=0.7000,89.42,35.1219512195122,40.25944978751957,0.872390243902439,0.9619512195121951,-5.1374985680073735,,HARD_NEGATIVE
S34,Electrical Connection / System Check,final_assembly,MANUAL_ASSEMBLY,MANUAL_VARIATION,SUPERVISED,SEVERE,0.9,STEP,0.6634146341463415,60.0,52.94117647058823,3,False,peak_cycle_multiplier=1.6500; profile_average_fraction=1.0000,112.19999999999999,35.1219512195122,32.0855614973262,1.0946341463414635,1.0946341463414635,3.0363897221859943,59.28092783505149,POSITIVE_CAPABLE
S34,Electrical Connection / System Check,final_assembly,MANUAL_ASSEMBLY,MANUAL_VARIATION,SUPERVISED,SEVERE,0.9,GRADUAL,0.6634146341463415,60.0,52.94117647058823,3,False,peak_cycle_multiplier=1.6500; profile_average_fraction=0.7500,101.14999999999999,35.1219512195122,35.59070687098369,0.986829268292683,1.0946341463414635,-0.4687556514714899,,BORDERLINE
S34,Electrical Connection / System Check,final_assembly,MANUAL_ASSEMBLY,MANUAL_VARIATION,SUPERVISED,SEVERE,0.9,RECOVERING,0.6634146341463415,60.0,52.94117647058823,3,False,peak_cycle_multiplier=1.6500; profile_average_fraction=0.7000,98.93999999999998,35.1219512195122,36.38568829593694,0.9652682926829268,1.0946341463414635,-1.2637370764247393,,BORDERLINE
S38,Final Trim / Manual Inspection,final_assembly,MANUAL_ASSEMBLY,MANUAL_VARIATION,SUPERVISED,MILD,0.25,STEP,0.5853658536585366,25.0,25.0,3,False,peak_cycle_multiplier=1.1200; profile_average_fraction=1.0000,67.2,35.1219512195122,53.57142857142857,0.655609756097561,0.655609756097561,-18.44947735191637,,INCAPABLE
S38,Final Trim / Manual Inspection,final_assembly,MANUAL_ASSEMBLY,MANUAL_VARIATION,SUPERVISED,MILD,0.25,GRADUAL,0.5853658536585366,25.0,25.0,3,False,peak_cycle_multiplier=1.1200; profile_average_fraction=0.7500,65.4,35.1219512195122,55.04587155963302,0.638048780487805,0.655609756097561,-19.923920340120823,,INCAPABLE
S38,Final Trim / Manual Inspection,final_assembly,MANUAL_ASSEMBLY,MANUAL_VARIATION,SUPERVISED,MILD,0.25,RECOVERING,0.5853658536585366,25.0,25.0,3,False,peak_cycle_multiplier=1.1200; profile_average_fraction=0.7000,65.04,35.1219512195122,55.35055350553505,0.6345365853658538,0.655609756097561,-20.228602286022856,,INCAPABLE
S38,Final Trim / Manual Inspection,final_assembly,MANUAL_ASSEMBLY,MANUAL_VARIATION,SUPERVISED,MODERATE,0.55,STEP,0.5853658536585366,40.0,40.0,3,False,peak_cycle_multiplier=1.4500; profile_average_fraction=1.0000,87.0,35.1219512195122,41.37931034482759,0.8487804878048781,0.848780487804878,-6.257359125315389,,INCAPABLE
S38,Final Trim / Manual Inspection,final_assembly,MANUAL_ASSEMBLY,MANUAL_VARIATION,SUPERVISED,MODERATE,0.55,GRADUAL,0.5853658536585366,40.0,40.0,3,False,peak_cycle_multiplier=1.4500; profile_average_fraction=0.7500,80.25,35.1219512195122,44.85981308411215,0.7829268292682928,0.848780487804878,-9.73786186459995,,INCAPABLE
S38,Final Trim / Manual Inspection,final_assembly,MANUAL_ASSEMBLY,MANUAL_VARIATION,SUPERVISED,MODERATE,0.55,RECOVERING,0.5853658536585366,40.0,40.0,3,False,peak_cycle_multiplier=1.4500; profile_average_fraction=0.7000,78.89999999999999,35.1219512195122,45.627376425855516,0.7697560975609756,0.848780487804878,-10.505425206343318,,INCAPABLE
S38,Final Trim / Manual Inspection,final_assembly,MANUAL_ASSEMBLY,MANUAL_VARIATION,SUPERVISED,SEVERE,0.9,STEP,0.5853658536585366,60.0,60.0,3,False,peak_cycle_multiplier=1.6500; profile_average_fraction=1.0000,99.0,35.1219512195122,36.36363636363637,0.9658536585365853,0.9658536585365852,-1.241685144124169,,HARD_NEGATIVE
S38,Final Trim / Manual Inspection,final_assembly,MANUAL_ASSEMBLY,MANUAL_VARIATION,SUPERVISED,SEVERE,0.9,GRADUAL,0.5853658536585366,60.0,60.0,3,False,peak_cycle_multiplier=1.6500; profile_average_fraction=0.7500,89.24999999999999,35.1219512195122,40.33613445378152,0.8707317073170732,0.9658536585365852,-5.214183234269321,,HARD_NEGATIVE
S38,Final Trim / Manual Inspection,final_assembly,MANUAL_ASSEMBLY,MANUAL_VARIATION,SUPERVISED,SEVERE,0.9,RECOVERING,0.5853658536585366,60.0,60.0,3,False,peak_cycle_multiplier=1.6500; profile_average_fraction=0.7000,87.3,35.1219512195122,41.23711340206186,0.8517073170731707,0.9658536585365852,-6.1151621825496605,,HARD_NEGATIVE
S20,Paint Cure + Paint Inspection,paint_surface,CURING_ENVIRONMENTAL,MICRO_STOPS,SUPERVISED,MILD,0.25,STEP,0.7121951219512195,20.0,16.438356164383563,4,False,rate_per_work_minute=0.200; duration_uniform=3.0-9.0s; profile_average_fraction=1.0000,74.46000000000001,35.1219512195122,48.348106365834,0.726439024390244,0.7264390243902439,-13.226155146321801,,INCAPABLE
S20,Paint Cure + Paint Inspection,paint_surface,CURING_ENVIRONMENTAL,MICRO_STOPS,SUPERVISED,MILD,0.25,GRADUAL,0.7121951219512195,20.0,16.438356164383563,4,False,rate_per_work_minute=0.200; duration_uniform=3.0-9.0s; profile_average_fraction=0.7500,74.09500000000001,35.1219512195122,48.58627437748835,0.722878048780488,0.7264390243902439,-13.464323157976153,,INCAPABLE
S20,Paint Cure + Paint Inspection,paint_surface,CURING_ENVIRONMENTAL,MICRO_STOPS,SUPERVISED,MILD,0.25,RECOVERING,0.7121951219512195,20.0,16.438356164383563,4,False,rate_per_work_minute=0.200; duration_uniform=3.0-9.0s; profile_average_fraction=0.7000,74.022,35.1219512195122,48.63418983545432,0.7221658536585367,0.7264390243902439,-13.512238615942124,,INCAPABLE
S20,Paint Cure + Paint Inspection,paint_surface,CURING_ENVIRONMENTAL,MICRO_STOPS,SUPERVISED,MODERATE,0.55,STEP,0.7121951219512195,35.0,28.767123287671232,4,False,rate_per_work_minute=1.250; duration_uniform=8.0-24.0s; profile_average_fraction=1.0000,97.33333333333333,35.1219512195122,36.986301369863014,0.9495934959349595,0.9495934959349592,-1.8643501503508162,,HARD_NEGATIVE
S20,Paint Cure + Paint Inspection,paint_surface,CURING_ENVIRONMENTAL,MICRO_STOPS,SUPERVISED,MODERATE,0.55,GRADUAL,0.7121951219512195,35.0,28.767123287671232,4,False,rate_per_work_minute=1.250; duration_uniform=8.0-24.0s; profile_average_fraction=0.7500,91.25,35.1219512195122,39.45205479452055,0.8902439024390244,0.9495934959349592,-4.330103575008351,,HARD_NEGATIVE
S20,Paint Cure + Paint Inspection,paint_surface,CURING_ENVIRONMENTAL,MICRO_STOPS,SUPERVISED,MODERATE,0.55,RECOVERING,0.7121951219512195,35.0,28.767123287671232,4,False,rate_per_work_minute=1.250; duration_uniform=8.0-24.0s; profile_average_fraction=0.7000,90.03333333333332,35.1219512195122,39.985190670122186,0.8783739837398372,0.9495934959349592,-4.8632394506099885,,HARD_NEGATIVE
S20,Paint Cure + Paint Inspection,paint_surface,CURING_ENVIRONMENTAL,MICRO_STOPS,SUPERVISED,SEVERE,0.9,STEP,0.7121951219512195,60.0,49.31506849315068,4,False,rate_per_work_minute=1.800; duration_uniform=10.0-30.0s; profile_average_fraction=1.0000,116.80000000000001,35.1219512195122,30.821917808219176,1.1395121951219513,1.1395121951219511,4.300033411293022,55.81351981351975,POSITIVE_CAPABLE
S20,Paint Cure + Paint Inspection,paint_surface,CURING_ENVIRONMENTAL,MICRO_STOPS,SUPERVISED,SEVERE,0.9,GRADUAL,0.7121951219512195,60.0,49.31506849315068,4,False,rate_per_work_minute=1.800; duration_uniform=10.0-30.0s; profile_average_fraction=0.7500,105.85000000000001,35.1219512195122,34.01039206424185,1.0326829268292685,1.1395121951219511,1.1115591552703492,215.91293532338196,BORDERLINE
S20,Paint Cure + Paint Inspection,paint_surface,CURING_ENVIRONMENTAL,MICRO_STOPS,SUPERVISED,SEVERE,0.9,RECOVERING,0.7121951219512195,60.0,49.31506849315068,4,False,rate_per_work_minute=1.800; duration_uniform=10.0-30.0s; profile_average_fraction=0.7000,103.66,35.1219512195122,34.72892147404978,1.0113170731707317,1.1395121951219511,0.393029745462421,610.6408045976949,BORDERLINE
S26,Powertrain / Battery Pack Marriage,final_assembly,ROBOTIC_HANDLING_ASSEMBLY,MICRO_STOPS,SUPERVISED,MILD,0.25,STEP,0.7551219512195121,20.0,15.503875968992249,4,False,rate_per_work_minute=0.200; duration_uniform=3.0-9.0s; profile_average_fraction=1.0000,78.948,35.1219512195122,45.59963520291838,0.7702243902439024,0.7702243902439023,-10.47768398340618,,INCAPABLE
S26,Powertrain / Battery Pack Marriage,final_assembly,ROBOTIC_HANDLING_ASSEMBLY,MICRO_STOPS,SUPERVISED,MILD,0.25,GRADUAL,0.7551219512195121,20.0,15.503875968992249,4,False,rate_per_work_minute=0.200; duration_uniform=3.0-9.0s; profile_average_fraction=0.7500,78.561,35.1219512195122,45.824263947760336,0.766448780487805,0.7702243902439023,-10.702312728248138,,INCAPABLE
S26,Powertrain / Battery Pack Marriage,final_assembly,ROBOTIC_HANDLING_ASSEMBLY,MICRO_STOPS,SUPERVISED,MILD,0.25,RECOVERING,0.7551219512195121,20.0,15.503875968992249,4,False,rate_per_work_minute=0.200; duration_uniform=3.0-9.0s; profile_average_fraction=0.7000,78.4836,35.1219512195122,45.86945552956286,0.7656936585365854,0.7702243902439023,-10.747504310050665,,INCAPABLE
S26,Powertrain / Battery Pack Marriage,final_assembly,ROBOTIC_HANDLING_ASSEMBLY,MICRO_STOPS,SUPERVISED,MODERATE,0.55,STEP,0.7551219512195121,35.0,27.131782945736436,4,False,rate_per_work_minute=1.250; duration_uniform=8.0-24.0s; profile_average_fraction=1.0000,103.19999999999999,35.1219512195122,34.88372093023256,1.006829268292683,1.0068292682926827,0.23823028927963463,1007.4285714285813,BORDERLINE
S26,Powertrain / Battery Pack Marriage,final_assembly,ROBOTIC_HANDLING_ASSEMBLY,MICRO_STOPS,SUPERVISED,MODERATE,0.55,GRADUAL,0.7551219512195121,35.0,27.131782945736436,4,False,rate_per_work_minute=1.250; duration_uniform=8.0-24.0s; profile_average_fraction=0.7500,96.74999999999999,35.1219512195122,37.2093023255814,0.9439024390243903,1.0068292682926827,-2.0873511060691996,,BORDERLINE
S26,Powertrain / Battery Pack Marriage,final_assembly,ROBOTIC_HANDLING_ASSEMBLY,MICRO_STOPS,SUPERVISED,MODERATE,0.55,RECOVERING,0.7551219512195121,35.0,27.131782945736436,4,False,rate_per_work_minute=1.250; duration_uniform=8.0-24.0s; profile_average_fraction=0.7000,95.45999999999998,35.1219512195122,37.71213073538656,0.9313170731707315,1.0068292682926827,-2.590179515874361,,BORDERLINE
S26,Powertrain / Battery Pack Marriage,final_assembly,ROBOTIC_HANDLING_ASSEMBLY,MICRO_STOPS,SUPERVISED,SEVERE,0.9,STEP,0.7551219512195121,60.0,46.51162790697675,4,False,rate_per_work_minute=1.800; duration_uniform=10.0-30.0s; profile_average_fraction=1.0000,123.83999999999999,35.1219512195122,29.069767441860467,1.2081951219512195,1.2081951219512195,6.052183777651731,39.655107778819115,POSITIVE_CAPABLE
S26,Powertrain / Battery Pack Marriage,final_assembly,ROBOTIC_HANDLING_ASSEMBLY,MICRO_STOPS,SUPERVISED,SEVERE,0.9,GRADUAL,0.7551219512195121,60.0,46.51162790697675,4,False,rate_per_work_minute=1.800; duration_uniform=10.0-30.0s; profile_average_fraction=0.7500,112.23,35.1219512195122,32.076984763432236,1.0949268292682928,1.2081951219512195,3.044966456079962,78.8186022610482,POSITIVE_CAPABLE
S26,Powertrain / Battery Pack Marriage,final_assembly,ROBOTIC_HANDLING_ASSEMBLY,MICRO_STOPS,SUPERVISED,SEVERE,0.9,RECOVERING,0.7551219512195121,60.0,46.51162790697675,4,False,rate_per_work_minute=1.800; duration_uniform=10.0-30.0s; profile_average_fraction=0.7000,109.90799999999999,35.1219512195122,32.75466754012447,1.0722731707317072,1.2081951219512195,2.367283679387725,101.38201943844501,POSITIVE_CAPABLE
S01,Underbody Framing,body_joining,WELDING_BODY_JOINING,ARRIVAL_BURST,SUPERVISED,MILD,0.25,STEP_BURST,0.4582048780487805,15.0,19.162798620278497,20,False,peak_headway_multiplier=0.900; expected_headway_multiplier=0.900,46.966,39.02439024390244,76.65119448111399,0.5091165311653116,0.5091165311653116,-37.62680423721155,,INCAPABLE
S01,Underbody Framing,body_joining,WELDING_BODY_JOINING,ARRIVAL_BURST,SUPERVISED,MILD,0.25,RAMP_BURST,0.4582048780487805,15.0,19.162798620278497,20,False,peak_headway_multiplier=0.900; expected_headway_multiplier=0.912,46.966,38.489809555629805,76.65119448111399,0.5021423321082527,0.5091165311653116,-38.161384925484185,,INCAPABLE
S01,Underbody Framing,body_joining,WELDING_BODY_JOINING,VEHICLE_MIX_OVERLOAD,HARD_NEGATIVE,MILD,0.25,SUSTAINED_MIX,0.4582048780487805,30.0,38.325597240556995,20,False,shift_to_actual_highest_workload_variant=0.25; variant=ICE_SUV,47.414500000000004,35.1219512195122,75.92614073753809,0.4625804878048781,0.4625804878048781,-40.80418951802589,,INCAPABLE
S01,Underbody Framing,body_joining,WELDING_BODY_JOINING,ARRIVAL_BURST,SUPERVISED,MODERATE,0.55,STEP_BURST,0.4582048780487805,25.0,31.937997700464166,20,False,peak_headway_multiplier=0.750; expected_headway_multiplier=0.750,46.966,46.82926829268293,76.65119448111399,0.6109398373983741,0.610939837398374,-29.821926188431057,,INCAPABLE
S01,Underbody Framing,body_joining,WELDING_BODY_JOINING,ARRIVAL_BURST,SUPERVISED,MODERATE,0.55,RAMP_BURST,0.4582048780487805,25.0,31.937997700464166,20,False,peak_headway_multiplier=0.750; expected_headway_multiplier=0.781,46.966,44.956097560975614,76.65119448111399,0.5865022439024391,0.610939837398374,-31.695096920138376,,INCAPABLE
S01,Underbody Framing,body_joining,WELDING_BODY_JOINING,VEHICLE_MIX_OVERLOAD,HARD_NEGATIVE,MODERATE,0.55,SUSTAINED_MIX,0.4582048780487805,45.0,57.488395860835496,20,False,shift_to_actual_highest_workload_variant=0.60; variant=ICE_SUV,48.0424,35.1219512195122,74.93380846918555,0.46870634146341467,0.46870634146341467,-39.81185724967335,,INCAPABLE
S01,Underbody Framing,body_joining,WELDING_BODY_JOINING,ARRIVAL_BURST,SUPERVISED,SEVERE,0.9,STEP_BURST,0.4582048780487805,40.0,51.10079632074267,20,False,peak_headway_multiplier=0.600; expected_headway_multiplier=0.600,46.966,58.53658536585367,76.65119448111399,0.7636747967479677,0.7636747967479676,-18.114609115260322,,INCAPABLE
S01,Underbody Framing,body_joining,WELDING_BODY_JOINING,ARRIVAL_BURST,SUPERVISED,SEVERE,0.9,RAMP_BURST,0.4582048780487805,40.0,51.10079632074267,20,False,peak_headway_multiplier=0.600; expected_headway_multiplier=0.650,46.966,54.03377110694185,76.65119448111399,0.7049305816135086,0.7636747967479676,-22.61742337417214,,INCAPABLE
S01,Underbody Framing,body_joining,WELDING_BODY_JOINING,VEHICLE_MIX_OVERLOAD,HARD_NEGATIVE,SEVERE,0.9,SUSTAINED_MIX,0.4582048780487805,60.0,76.65119448111399,20,False,shift_to_actual_highest_workload_variant=0.90; variant=ICE_SUV,48.58060000000001,35.1219512195122,74.10365454522997,0.4739570731707319,0.4739570731707318,-38.981703325717774,,INCAPABLE
S02,Floor-Pan Welding,body_joining,WELDING_BODY_JOINING,ARRIVAL_BURST,SUPERVISED,MILD,0.25,STEP_BURST,0.4980487804878049,15.0,17.62977473065622,4,False,peak_headway_multiplier=0.900; expected_headway_multiplier=0.900,51.05,39.02439024390244,70.51909892262488,0.5533875338753388,0.5533875338753388,-31.49470867872244,,INCAPABLE
S02,Floor-Pan Welding,body_joining,WELDING_BODY_JOINING,ARRIVAL_BURST,SUPERVISED,MILD,0.25,RAMP_BURST,0.4980487804878049,15.0,17.62977473065622,4,False,peak_headway_multiplier=0.900; expected_headway_multiplier=0.912,51.05,38.489809555629805,70.51909892262488,0.5458068827263616,0.5533875338753388,-32.02928936699507,,INCAPABLE
S02,Floor-Pan Welding,body_joining,WELDING_BODY_JOINING,VEHICLE_MIX_OVERLOAD,HARD_NEGATIVE,MILD,0.25,SUSTAINED_MIX,0.4980487804878049,30.0,35.25954946131244,4,False,shift_to_actual_highest_workload_variant=0.25; variant=ICE_SUV,51.5375,35.1219512195122,69.85204947853505,0.5028048780487805,0.5028048780487805,-34.73009825902285,,INCAPABLE
S02,Floor-Pan Welding,body_joining,WELDING_BODY_JOINING,ARRIVAL_BURST,SUPERVISED,MODERATE,0.55,STEP_BURST,0.4980487804878049,25.0,29.382957884427032,4,False,peak_headway_multiplier=0.750; expected_headway_multiplier=0.750,51.05,46.82926829268293,70.51909892262488,0.6640650406504066,0.6640650406504065,-23.689830629941945,,INCAPABLE
S02,Floor-Pan Welding,body_joining,WELDING_BODY_JOINING,ARRIVAL_BURST,SUPERVISED,MODERATE,0.55,RAMP_BURST,0.4980487804878049,25.0,29.382957884427032,4,False,peak_headway_multiplier=0.750; expected_headway_multiplier=0.781,51.05,44.956097560975614,70.51909892262488,0.6375024390243903,0.6640650406504065,-25.563001361649263,,INCAPABLE
S02,Floor-Pan Welding,body_joining,WELDING_BODY_JOINING,VEHICLE_MIX_OVERLOAD,HARD_NEGATIVE,MODERATE,0.55,SUSTAINED_MIX,0.4980487804878049,45.0,52.88932419196866,4,False,shift_to_actual_highest_workload_variant=0.60; variant=ICE_SUV,52.22,35.1219512195122,68.93910379165071,0.5094634146341463,0.5094634146341463,-33.81715257213851,,INCAPABLE
S02,Floor-Pan Welding,body_joining,WELDING_BODY_JOINING,ARRIVAL_BURST,SUPERVISED,SEVERE,0.9,STEP_BURST,0.4980487804878049,40.0,47.01273261508325,4,False,peak_headway_multiplier=0.600; expected_headway_multiplier=0.600,51.05,58.53658536585367,70.51909892262488,0.8300813008130082,0.8300813008130081,-11.98251355677121,,INCAPABLE
S02,Floor-Pan Welding,body_joining,WELDING_BODY_JOINING,ARRIVAL_BURST,SUPERVISED,SEVERE,0.9,RAMP_BURST,0.4980487804878049,40.0,47.01273261508325,4,False,peak_headway_multiplier=0.600; expected_headway_multiplier=0.650,51.05,54.03377110694185,70.51909892262488,0.7662288930581616,0.8300813008130081,-16.48532781568303,,INCAPABLE
S02,Floor-Pan Welding,body_joining,WELDING_BODY_JOINING,VEHICLE_MIX_OVERLOAD,HARD_NEGATIVE,SEVERE,0.9,SUSTAINED_MIX,0.4980487804878049,60.0,70.51909892262488,4,False,shift_to_actual_highest_workload_variant=0.90; variant=ICE_SUV,52.805,35.1219512195122,68.17536218161159,0.5151707317073171,0.5151707317073171,-33.05341096209939,,INCAPABLE
S03,Body Side Panel Joining,body_joining,WELDING_BODY_JOINING,ARRIVAL_BURST,SUPERVISED,MILD,0.25,STEP_BURST,0.551609756097561,15.0,15.91793420587195,4,False,peak_headway_multiplier=0.900; expected_headway_multiplier=0.900,56.54,39.02439024390244,63.6717368234878,0.61289972899729,0.6128997289972901,-24.64734657958536,,INCAPABLE
S03,Body Side Panel Joining,body_joining,WELDING_BODY_JOINING,ARRIVAL_BURST,SUPERVISED,MILD,0.25,RAMP_BURST,0.551609756097561,15.0,15.91793420587195,4,False,peak_headway_multiplier=0.900; expected_headway_multiplier=0.912,56.54,38.489809555629805,63.6717368234878,0.6045038422986969,0.6128997289972901,-25.181927267857994,,INCAPABLE
S03,Body Side Panel Joining,body_joining,WELDING_BODY_JOINING,VEHICLE_MIX_OVERLOAD,HARD_NEGATIVE,MILD,0.25,SUSTAINED_MIX,0.551609756097561,30.0,31.8358684117439,4,False,shift_to_actual_highest_workload_variant=0.25; variant=ICE_SUV,57.255,35.1219512195122,62.876604663348175,0.5585853658536586,0.5585853658536586,-27.754653443835977,,INCAPABLE
S03,Body Side Panel Joining,body_joining,WELDING_BODY_JOINING,ARRIVAL_BURST,SUPERVISED,MODERATE,0.55,STEP_BURST,0.551609756097561,25.0,26.529890343119916,4,False,peak_headway_multiplier=0.750; expected_headway_multiplier=0.750,56.54,46.82926829268293,63.6717368234878,0.735479674796748,0.735479674796748,-16.842468530804865,,INCAPABLE
S03,Body Side Panel Joining,body_joining,WELDING_BODY_JOINING,ARRIVAL_BURST,SUPERVISED,MODERATE,0.55,RAMP_BURST,0.551609756097561,25.0,26.529890343119916,4,False,peak_headway_multiplier=0.750; expected_headway_multiplier=0.781,56.54,44.956097560975614,63.6717368234878,0.7060604878048781,0.735479674796748,-18.715639262512184,,INCAPABLE
S03,Body Side Panel Joining,body_joining,WELDING_BODY_JOINING,VEHICLE_MIX_OVERLOAD,HARD_NEGATIVE,MODERATE,0.55,SUSTAINED_MIX,0.551609756097561,45.0,47.75380261761585,4,False,shift_to_actual_highest_workload_variant=0.60; variant=ICE_SUV,58.25600000000001,35.1219512195122,61.7962098324636,0.5683512195121952,0.5683512195121951,-26.674258612951405,,INCAPABLE
S03,Body Side Panel Joining,body_joining,WELDING_BODY_JOINING,ARRIVAL_BURST,SUPERVISED,SEVERE,0.9,STEP_BURST,0.551609756097561,40.0,42.44782454899187,4,False,peak_headway_multiplier=0.600; expected_headway_multiplier=0.600,56.54,58.53658536585367,63.6717368234878,0.919349593495935,0.919349593495935,-5.13515145763413,,HARD_NEGATIVE
S03,Body Side Panel Joining,body_joining,WELDING_BODY_JOINING,ARRIVAL_BURST,SUPERVISED,SEVERE,0.9,RAMP_BURST,0.551609756097561,40.0,42.44782454899187,4,False,peak_headway_multiplier=0.600; expected_headway_multiplier=0.650,56.54,54.03377110694185,63.6717368234878,0.8486303939962478,0.919349593495935,-9.63796571654595,,HARD_NEGATIVE
S03,Body Side Panel Joining,body_joining,WELDING_BODY_JOINING,VEHICLE_MIX_OVERLOAD,HARD_NEGATIVE,SEVERE,0.9,SUSTAINED_MIX,0.551609756097561,60.0,63.6717368234878,4,False,shift_to_actual_highest_workload_variant=0.90; variant=ICE_SUV,59.11400000000001,35.1219512195122,60.89927935852758,0.5767219512195123,0.5767219512195123,-25.77732813901538,,INCAPABLE
S04,Roof Joining,body_joining,WELDING_BODY_JOINING,ARRIVAL_BURST,SUPERVISED,MILD,0.25,STEP_BURST,0.41836097560975616,15.0,20.98782706030502,4,False,peak_headway_multiplier=0.900; expected_headway_multiplier=0.900,42.882000000000005,39.02439024390244,83.95130824122008,0.46484552845528465,0.4648455284552846,-44.92691799731764,,INCAPABLE
S04,Roof Joining,body_joining,WELDING_BODY_JOINING,ARRIVAL_BURST,SUPERVISED,MILD,0.25,RAMP_BURST,0.41836097560975616,15.0,20.98782706030502,4,False,peak_headway_multiplier=0.900; expected_headway_multiplier=0.912,42.882000000000005,38.489809555629805,83.95130824122008,0.4584777814901438,0.4648455284552846,-45.46149868559027,,INCAPABLE
S04,Roof Joining,body_joining,WELDING_BODY_JOINING,VEHICLE_MIX_OVERLOAD,HARD_NEGATIVE,MILD,0.25,SUSTAINED_MIX,0.41836097560975616,30.0,41.97565412061004,4,False,shift_to_actual_highest_workload_variant=0.25; variant=ICE_SUV,43.2915,35.1219512195122,83.15720176016077,0.42235609756097564,0.4223560975609756,-48.035250540648576,,INCAPABLE
S04,Roof Joining,body_joining,WELDING_BODY_JOINING,ARRIVAL_BURST,SUPERVISED,MODERATE,0.55,STEP_BURST,0.41836097560975616,25.0,34.97971176717503,4,False,peak_headway_multiplier=0.750; expected_headway_multiplier=0.750,42.882000000000005,46.82926829268293,83.95130824122008,0.5578146341463417,0.5578146341463416,-37.12203994853714,,INCAPABLE
S04,Roof Joining,body_joining,WELDING_BODY_JOINING,ARRIVAL_BURST,SUPERVISED,MODERATE,0.55,RAMP_BURST,0.41836097560975616,25.0,34.97971176717503,4,False,peak_headway_multiplier=0.750; expected_headway_multiplier=0.781,42.882000000000005,44.956097560975614,83.95130824122008,0.535502048780488,0.5578146341463416,-38.99521068024446,,INCAPABLE
S04,Roof Joining,body_joining,WELDING_BODY_JOINING,VEHICLE_MIX_OVERLOAD,HARD_NEGATIVE,MODERATE,0.55,SUSTAINED_MIX,0.41836097560975616,45.0,62.96348118091506,4,False,shift_to_actual_highest_workload_variant=0.60; variant=ICE_SUV,43.8648,35.1219512195122,82.07036165672703,0.427949268292683,0.4279492682926829,-46.94841043721483,,INCAPABLE
S04,Roof Joining,body_joining,WELDING_BODY_JOINING,ARRIVAL_BURST,SUPERVISED,SEVERE,0.9,STEP_BURST,0.41836097560975616,40.0,55.967538827480055,4,False,peak_headway_multiplier=0.600; expected_headway_multiplier=0.600,42.882000000000005,58.53658536585367,83.95130824122008,0.6972682926829271,0.697268292682927,-25.414722875366408,,INCAPABLE
S04,Roof Joining,body_joining,WELDING_BODY_JOINING,ARRIVAL_BURST,SUPERVISED,SEVERE,0.9,RAMP_BURST,0.41836097560975616,40.0,55.967538827480055,4,False,peak_headway_multiplier=0.600; expected_headway_multiplier=0.650,42.882000000000005,54.03377110694185,83.95130824122008,0.6436322701688558,0.697268292682927,-29.917537134278227,,INCAPABLE
S04,Roof Joining,body_joining,WELDING_BODY_JOINING,VEHICLE_MIX_OVERLOAD,HARD_NEGATIVE,SEVERE,0.9,SUSTAINED_MIX,0.41836097560975616,60.0,83.95130824122008,4,False,shift_to_actual_highest_workload_variant=0.90; variant=ICE_SUV,44.3562,35.1219512195122,81.16114545429951,0.43274341463414634,0.43274341463414634,-46.03919423478732,,INCAPABLE
S05,Structural Adhesive / Body Bonding,body_joining,ADHESIVE_SEALING,ARRIVAL_BURST,SUPERVISED,MILD,0.25,STEP_BURST,0.3121951219512195,15.0,28.125,4,False,peak_headway_multiplier=0.900; expected_headway_multiplier=0.900,32.0,39.02439024390244,112.5,0.34688346883468835,0.34688346883468835,-73.47560975609755,,INCAPABLE
S05,Structural Adhesive / Body Bonding,body_joining,ADHESIVE_SEALING,ARRIVAL_BURST,SUPERVISED,MILD,0.25,RAMP_BURST,0.3121951219512195,15.0,28.125,4,False,peak_headway_multiplier=0.900; expected_headway_multiplier=0.912,32.0,38.489809555629805,112.5,0.34213164049448713,0.34688346883468835,-74.0101904443702,,INCAPABLE
S05,Structural Adhesive / Body Bonding,body_joining,ADHESIVE_SEALING,VEHICLE_MIX_OVERLOAD,HARD_NEGATIVE,MILD,0.25,SUSTAINED_MIX,0.3121951219512195,30.0,56.25,4,False,shift_to_actual_highest_workload_variant=0.25; variant=ICE_SEDAN,32.0,35.1219512195122,112.5,0.3121951219512195,0.3121951219512195,-77.3780487804878,,INCAPABLE
S05,Structural Adhesive / Body Bonding,body_joining,ADHESIVE_SEALING,ARRIVAL_BURST,SUPERVISED,MODERATE,0.55,STEP_BURST,0.3121951219512195,25.0,46.875,4,False,peak_headway_multiplier=0.750; expected_headway_multiplier=0.750,32.0,46.82926829268293,112.5,0.41626016260162607,0.416260162601626,-65.67073170731706,,INCAPABLE
S05,Structural Adhesive / Body Bonding,body_joining,ADHESIVE_SEALING,ARRIVAL_BURST,SUPERVISED,MODERATE,0.55,RAMP_BURST,0.3121951219512195,25.0,46.875,4,False,peak_headway_multiplier=0.750; expected_headway_multiplier=0.781,32.0,44.956097560975614,112.5,0.399609756097561,0.416260162601626,-67.54390243902438,,INCAPABLE
S05,Structural Adhesive / Body Bonding,body_joining,ADHESIVE_SEALING,VEHICLE_MIX_OVERLOAD,HARD_NEGATIVE,MODERATE,0.55,SUSTAINED_MIX,0.3121951219512195,45.0,84.375,4,False,shift_to_actual_highest_workload_variant=0.60; variant=ICE_SEDAN,32.0,35.1219512195122,112.5,0.3121951219512195,0.3121951219512195,-77.3780487804878,,INCAPABLE
S05,Structural Adhesive / Body Bonding,body_joining,ADHESIVE_SEALING,ARRIVAL_BURST,SUPERVISED,SEVERE,0.9,STEP_BURST,0.3121951219512195,40.0,75.0,4,False,peak_headway_multiplier=0.600; expected_headway_multiplier=0.600,32.0,58.53658536585367,112.5,0.5203252032520326,0.5203252032520326,-53.96341463414633,,INCAPABLE
S05,Structural Adhesive / Body Bonding,body_joining,ADHESIVE_SEALING,ARRIVAL_BURST,SUPERVISED,SEVERE,0.9,RAMP_BURST,0.3121951219512195,40.0,75.0,4,False,peak_headway_multiplier=0.600; expected_headway_multiplier=0.650,32.0,54.03377110694185,112.5,0.4803001876172609,0.5203252032520326,-58.46622889305815,,INCAPABLE
S05,Structural Adhesive / Body Bonding,body_joining,ADHESIVE_SEALING,VEHICLE_MIX_OVERLOAD,HARD_NEGATIVE,SEVERE,0.9,SUSTAINED_MIX,0.3121951219512195,60.0,112.5,4,False,shift_to_actual_highest_workload_variant=0.90; variant=ICE_SEDAN,32.0,35.1219512195122,112.5,0.3121951219512195,0.3121951219512195,-77.3780487804878,,INCAPABLE
S06,Robotic Body Handling / Positioning,body_joining,ROBOTIC_HANDLING_ASSEMBLY,ARRIVAL_BURST,SUPERVISED,MILD,0.25,STEP_BURST,0.2926829268292683,15.0,30.0,4,False,peak_headway_multiplier=0.900; expected_headway_multiplier=0.900,30.0,39.02439024390244,120.0,0.3252032520325203,0.3252032520325203,-80.97560975609755,,INCAPABLE
S06,Robotic Body Handling / Positioning,body_joining,ROBOTIC_HANDLING_ASSEMBLY,ARRIVAL_BURST,SUPERVISED,MILD,0.25,RAMP_BURST,0.2926829268292683,15.0,30.0,4,False,peak_headway_multiplier=0.900; expected_headway_multiplier=0.912,30.0,38.489809555629805,120.0,0.3207484129635817,0.3252032520325203,-81.5101904443702,,INCAPABLE
S06,Robotic Body Handling / Positioning,body_joining,ROBOTIC_HANDLING_ASSEMBLY,VEHICLE_MIX_OVERLOAD,HARD_NEGATIVE,MILD,0.25,SUSTAINED_MIX,0.2926829268292683,30.0,60.0,4,False,shift_to_actual_highest_workload_variant=0.25; variant=ICE_SEDAN,30.0,35.1219512195122,120.0,0.29268292682926833,0.2926829268292683,-84.8780487804878,,INCAPABLE
S06,Robotic Body Handling / Positioning,body_joining,ROBOTIC_HANDLING_ASSEMBLY,ARRIVAL_BURST,SUPERVISED,MODERATE,0.55,STEP_BURST,0.2926829268292683,25.0,50.0,4,False,peak_headway_multiplier=0.750; expected_headway_multiplier=0.750,30.0,46.82926829268293,120.0,0.39024390243902446,0.39024390243902435,-73.17073170731706,,INCAPABLE
S06,Robotic Body Handling / Positioning,body_joining,ROBOTIC_HANDLING_ASSEMBLY,ARRIVAL_BURST,SUPERVISED,MODERATE,0.55,RAMP_BURST,0.2926829268292683,25.0,50.0,4,False,peak_headway_multiplier=0.750; expected_headway_multiplier=0.781,30.0,44.956097560975614,120.0,0.37463414634146347,0.39024390243902435,-75.04390243902438,,INCAPABLE
S06,Robotic Body Handling / Positioning,body_joining,ROBOTIC_HANDLING_ASSEMBLY,VEHICLE_MIX_OVERLOAD,HARD_NEGATIVE,MODERATE,0.55,SUSTAINED_MIX,0.2926829268292683,45.0,90.0,4,False,shift_to_actual_highest_workload_variant=0.60; variant=ICE_SEDAN,30.0,35.1219512195122,120.0,0.29268292682926833,0.2926829268292683,-84.8780487804878,,INCAPABLE
S06,Robotic Body Handling / Positioning,body_joining,ROBOTIC_HANDLING_ASSEMBLY,ARRIVAL_BURST,SUPERVISED,SEVERE,0.9,STEP_BURST,0.2926829268292683,40.0,80.0,4,False,peak_headway_multiplier=0.600; expected_headway_multiplier=0.600,30.0,58.53658536585367,120.0,0.4878048780487806,0.4878048780487805,-61.46341463414633,,INCAPABLE
S06,Robotic Body Handling / Positioning,body_joining,ROBOTIC_HANDLING_ASSEMBLY,ARRIVAL_BURST,SUPERVISED,SEVERE,0.9,RAMP_BURST,0.2926829268292683,40.0,80.0,4,False,peak_headway_multiplier=0.600; expected_headway_multiplier=0.650,30.0,54.03377110694185,120.0,0.4502814258911821,0.4878048780487805,-65.96622889305814,,INCAPABLE
S06,Robotic Body Handling / Positioning,body_joining,ROBOTIC_HANDLING_ASSEMBLY,VEHICLE_MIX_OVERLOAD,HARD_NEGATIVE,SEVERE,0.9,SUSTAINED_MIX,0.2926829268292683,60.0,120.0,4,False,shift_to_actual_highest_workload_variant=0.90; variant=ICE_SEDAN,30.0,35.1219512195122,120.0,0.29268292682926833,0.2926829268292683,-84.8780487804878,,INCAPABLE
S07,Closure Panel Fitting,body_joining,ROBOTIC_HANDLING_ASSEMBLY,ARRIVAL_BURST,SUPERVISED,MILD,0.25,STEP_BURST,0.4682926829268293,15.0,18.75,4,False,peak_headway_multiplier=0.900; expected_headway_multiplier=0.900,48.0,39.02439024390244,75.0,0.5203252032520325,0.5203252032520326,-35.97560975609756,,INCAPABLE
S07,Closure Panel Fitting,body_joining,ROBOTIC_HANDLING_ASSEMBLY,ARRIVAL_BURST,SUPERVISED,MILD,0.25,RAMP_BURST,0.4682926829268293,15.0,18.75,4,False,peak_headway_multiplier=0.900; expected_headway_multiplier=0.912,48.0,38.489809555629805,75.0,0.5131974607417308,0.5203252032520326,-36.510190444370195,,INCAPABLE
S07,Closure Panel Fitting,body_joining,ROBOTIC_HANDLING_ASSEMBLY,VEHICLE_MIX_OVERLOAD,HARD_NEGATIVE,MILD,0.25,SUSTAINED_MIX,0.4682926829268293,30.0,37.5,4,False,shift_to_actual_highest_workload_variant=0.25; variant=ICE_SEDAN,48.0,35.1219512195122,75.0,0.4682926829268293,0.4682926829268293,-39.8780487804878,,INCAPABLE
S07,Closure Panel Fitting,body_joining,ROBOTIC_HANDLING_ASSEMBLY,ARRIVAL_BURST,SUPERVISED,MODERATE,0.55,STEP_BURST,0.4682926829268293,25.0,31.25,4,False,peak_headway_multiplier=0.750; expected_headway_multiplier=0.750,48.0,46.82926829268293,75.0,0.6243902439024391,0.624390243902439,-28.170731707317067,,INCAPABLE
S07,Closure Panel Fitting,body_joining,ROBOTIC_HANDLING_ASSEMBLY,ARRIVAL_BURST,SUPERVISED,MODERATE,0.55,RAMP_BURST,0.4682926829268293,25.0,31.25,4,False,peak_headway_multiplier=0.750; expected_headway_multiplier=0.781,48.0,44.956097560975614,75.0,0.5994146341463416,0.624390243902439,-30.043902439024386,,INCAPABLE
S07,Closure Panel Fitting,body_joining,ROBOTIC_HANDLING_ASSEMBLY,VEHICLE_MIX_OVERLOAD,HARD_NEGATIVE,MODERATE,0.55,SUSTAINED_MIX,0.4682926829268293,45.0,56.25,4,False,shift_to_actual_highest_workload_variant=0.60; variant=ICE_SEDAN,48.0,35.1219512195122,75.0,0.4682926829268293,0.4682926829268293,-39.8780487804878,,INCAPABLE
S07,Closure Panel Fitting,body_joining,ROBOTIC_HANDLING_ASSEMBLY,ARRIVAL_BURST,SUPERVISED,SEVERE,0.9,STEP_BURST,0.4682926829268293,40.0,50.0,4,False,peak_headway_multiplier=0.600; expected_headway_multiplier=0.600,48.0,58.53658536585367,75.0,0.7804878048780489,0.7804878048780488,-16.463414634146332,,INCAPABLE
S07,Closure Panel Fitting,body_joining,ROBOTIC_HANDLING_ASSEMBLY,ARRIVAL_BURST,SUPERVISED,SEVERE,0.9,RAMP_BURST,0.4682926829268293,40.0,50.0,4,False,peak_headway_multiplier=0.600; expected_headway_multiplier=0.650,48.0,54.03377110694185,75.0,0.7204502814258913,0.7804878048780488,-20.96622889305815,,INCAPABLE
S07,Closure Panel Fitting,body_joining,ROBOTIC_HANDLING_ASSEMBLY,VEHICLE_MIX_OVERLOAD,HARD_NEGATIVE,SEVERE,0.9,SUSTAINED_MIX,0.4682926829268293,60.0,75.0,4,False,shift_to_actual_highest_workload_variant=0.90; variant=ICE_SEDAN,48.0,35.1219512195122,75.0,0.4682926829268293,0.4682926829268293,-39.8780487804878,,INCAPABLE
S08,Body Geometry Inspection,body_joining,DIMENSIONAL_INSPECTION,ARRIVAL_BURST,SUPERVISED,MILD,0.25,STEP_BURST,0.25365853658536586,15.0,34.61538461538461,4,False,peak_headway_multiplier=0.900; expected_headway_multiplier=0.900,26.0,39.02439024390244,138.46153846153845,0.2818428184281843,0.28184281842818426,-99.43714821763601,,INCAPABLE
S08,Body Geometry Inspection,body_joining,DIMENSIONAL_INSPECTION,ARRIVAL_BURST,SUPERVISED,MILD,0.25,RAMP_BURST,0.25365853658536586,15.0,34.61538461538461,4,False,peak_headway_multiplier=0.900; expected_headway_multiplier=0.912,26.0,38.489809555629805,138.46153846153845,0.2779819579017708,0.28184281842818426,-99.97172890590865,,INCAPABLE
S08,Body Geometry Inspection,body_joining,DIMENSIONAL_INSPECTION,VEHICLE_MIX_OVERLOAD,HARD_NEGATIVE,MILD,0.25,SUSTAINED_MIX,0.25365853658536586,30.0,69.23076923076923,4,False,shift_to_actual_highest_workload_variant=0.25; variant=ICE_SEDAN,26.0,35.1219512195122,138.46153846153845,0.2536585365853659,0.25365853658536586,-103.33958724202625,,INCAPABLE
S08,Body Geometry Inspection,body_joining,DIMENSIONAL_INSPECTION,ARRIVAL_BURST,SUPERVISED,MODERATE,0.55,STEP_BURST,0.25365853658536586,25.0,57.69230769230769,4,False,peak_headway_multiplier=0.750; expected_headway_multiplier=0.750,26.0,46.82926829268293,138.46153846153845,0.3382113821138212,0.3382113821138211,-91.63227016885551,,INCAPABLE
S08,Body Geometry Inspection,body_joining,DIMENSIONAL_INSPECTION,ARRIVAL_BURST,SUPERVISED,MODERATE,0.55,RAMP_BURST,0.25365853658536586,25.0,57.69230769230769,4,False,peak_headway_multiplier=0.750; expected_headway_multiplier=0.781,26.0,44.956097560975614,138.46153846153845,0.32468292682926836,0.3382113821138211,-93.50544090056283,,INCAPABLE
S08,Body Geometry Inspection,body_joining,DIMENSIONAL_INSPECTION,VEHICLE_MIX_OVERLOAD,HARD_NEGATIVE,MODERATE,0.55,SUSTAINED_MIX,0.25365853658536586,45.0,103.84615384615384,4,False,shift_to_actual_highest_workload_variant=0.60; variant=ICE_SEDAN,26.0,35.1219512195122,138.46153846153845,0.2536585365853659,0.25365853658536586,-103.33958724202625,,INCAPABLE
S08,Body Geometry Inspection,body_joining,DIMENSIONAL_INSPECTION,ARRIVAL_BURST,SUPERVISED,SEVERE,0.9,STEP_BURST,0.25365853658536586,40.0,92.3076923076923,4,False,peak_headway_multiplier=0.600; expected_headway_multiplier=0.600,26.0,58.53658536585367,138.46153846153845,0.4227642276422765,0.42276422764227645,-79.92495309568478,,INCAPABLE
S08,Body Geometry Inspection,body_joining,DIMENSIONAL_INSPECTION,ARRIVAL_BURST,SUPERVISED,SEVERE,0.9,RAMP_BURST,0.25365853658536586,40.0,92.3076923076923,4,False,peak_headway_multiplier=0.600; expected_headway_multiplier=0.650,26.0,54.03377110694185,138.46153846153845,0.3902439024390245,0.42276422764227645,-84.4277673545966,,INCAPABLE
S08,Body Geometry Inspection,body_joining,DIMENSIONAL_INSPECTION,VEHICLE_MIX_OVERLOAD,HARD_NEGATIVE,SEVERE,0.9,SUSTAINED_MIX,0.25365853658536586,60.0,138.46153846153845,4,False,shift_to_actual_highest_workload_variant=0.90; variant=ICE_SEDAN,26.0,35.1219512195122,138.46153846153845,0.2536585365853659,0.25365853658536586,-103.33958724202625,,INCAPABLE
S09,Additional Spot Welding / Reinforcement,body_joining,WELDING_BODY_JOINING,ARRIVAL_BURST,SUPERVISED,MILD,0.25,STEP_BURST,0.37073170731707317,15.0,23.68421052631579,4,False,peak_headway_multiplier=0.900; expected_headway_multiplier=0.900,38.0,39.02439024390244,94.73684210526316,0.4119241192411924,0.4119241192411924,-55.71245186136073,,INCAPABLE
S09,Additional Spot Welding / Reinforcement,body_joining,WELDING_BODY_JOINING,ARRIVAL_BURST,SUPERVISED,MILD,0.25,RAMP_BURST,0.37073170731707317,15.0,23.68421052631579,4,False,peak_headway_multiplier=0.900; expected_headway_multiplier=0.912,38.0,38.489809555629805,94.73684210526316,0.40628132308720344,0.4119241192411924,-56.24703254963336,,INCAPABLE
S09,Additional Spot Welding / Reinforcement,body_joining,WELDING_BODY_JOINING,VEHICLE_MIX_OVERLOAD,HARD_NEGATIVE,MILD,0.25,SUSTAINED_MIX,0.37073170731707317,30.0,47.36842105263158,4,False,shift_to_actual_highest_workload_variant=0.25; variant=ICE_SEDAN,38.0,35.1219512195122,94.73684210526316,0.37073170731707317,0.37073170731707317,-59.61489088575097,,INCAPABLE
S09,Additional Spot Welding / Reinforcement,body_joining,WELDING_BODY_JOINING,ARRIVAL_BURST,SUPERVISED,MODERATE,0.55,STEP_BURST,0.37073170731707317,25.0,39.473684210526315,4,False,peak_headway_multiplier=0.750; expected_headway_multiplier=0.750,38.0,46.82926829268293,94.73684210526316,0.4943089430894309,0.4943089430894309,-47.90757381258023,,INCAPABLE
S09,Additional Spot Welding / Reinforcement,body_joining,WELDING_BODY_JOINING,ARRIVAL_BURST,SUPERVISED,MODERATE,0.55,RAMP_BURST,0.37073170731707317,25.0,39.473684210526315,4,False,peak_headway_multiplier=0.750; expected_headway_multiplier=0.781,38.0,44.956097560975614,94.73684210526316,0.4745365853658537,0.4943089430894309,-49.78074454428755,,INCAPABLE
S09,Additional Spot Welding / Reinforcement,body_joining,WELDING_BODY_JOINING,VEHICLE_MIX_OVERLOAD,HARD_NEGATIVE,MODERATE,0.55,SUSTAINED_MIX,0.37073170731707317,45.0,71.05263157894737,4,False,shift_to_actual_highest_workload_variant=0.60; variant=ICE_SEDAN,38.0,35.1219512195122,94.73684210526316,0.37073170731707317,0.37073170731707317,-59.61489088575097,,INCAPABLE
S09,Additional Spot Welding / Reinforcement,body_joining,WELDING_BODY_JOINING,ARRIVAL_BURST,SUPERVISED,SEVERE,0.9,STEP_BURST,0.37073170731707317,40.0,63.1578947368421,4,False,peak_headway_multiplier=0.600; expected_headway_multiplier=0.600,38.0,58.53658536585367,94.73684210526316,0.6178861788617886,0.6178861788617886,-36.2002567394095,,INCAPABLE
S09,Additional Spot Welding / Reinforcement,body_joining,WELDING_BODY_JOINING,ARRIVAL_BURST,SUPERVISED,SEVERE,0.9,RAMP_BURST,0.37073170731707317,40.0,63.1578947368421,4,False,peak_headway_multiplier=0.600; expected_headway_multiplier=0.650,38.0,54.03377110694185,94.73684210526316,0.5703564727954973,0.6178861788617886,-40.703070998321316,,INCAPABLE
S09,Additional Spot Welding / Reinforcement,body_joining,WELDING_BODY_JOINING,VEHICLE_MIX_OVERLOAD,HARD_NEGATIVE,SEVERE,0.9,SUSTAINED_MIX,0.37073170731707317,60.0,94.73684210526316,4,False,shift_to_actual_highest_workload_variant=0.90; variant=ICE_SEDAN,38.0,35.1219512195122,94.73684210526316,0.37073170731707317,0.37073170731707317,-59.61489088575097,,INCAPABLE
S10,Seam / Body Joining,body_joining,WELDING_BODY_JOINING,ARRIVAL_BURST,SUPERVISED,MILD,0.25,STEP_BURST,0.4292682926829268,15.0,20.454545454545453,4,False,peak_headway_multiplier=0.900; expected_headway_multiplier=0.900,44.0,39.02439024390244,81.81818181818181,0.4769647696476965,0.47696476964769646,-42.793791574279375,,INCAPABLE
S10,Seam / Body Joining,body_joining,WELDING_BODY_JOINING,ARRIVAL_BURST,SUPERVISED,MILD,0.25,RAMP_BURST,0.4292682926829268,15.0,20.454545454545453,4,False,peak_headway_multiplier=0.900; expected_headway_multiplier=0.912,44.0,38.489809555629805,81.81818181818181,0.47043100567991986,0.47696476964769646,-43.32837226255201,,INCAPABLE
S10,Seam / Body Joining,body_joining,WELDING_BODY_JOINING,VEHICLE_MIX_OVERLOAD,HARD_NEGATIVE,MILD,0.25,SUSTAINED_MIX,0.4292682926829268,30.0,40.90909090909091,4,False,shift_to_actual_highest_workload_variant=0.25; variant=ICE_SEDAN,44.0,35.1219512195122,81.81818181818181,0.4292682926829269,0.4292682926829268,-46.696230598669615,,INCAPABLE
S10,Seam / Body Joining,body_joining,WELDING_BODY_JOINING,ARRIVAL_BURST,SUPERVISED,MODERATE,0.55,STEP_BURST,0.4292682926829268,25.0,34.09090909090909,4,False,peak_headway_multiplier=0.750; expected_headway_multiplier=0.750,44.0,46.82926829268293,81.81818181818181,0.5723577235772359,0.5723577235772358,-34.98891352549888,,INCAPABLE
S10,Seam / Body Joining,body_joining,WELDING_BODY_JOINING,ARRIVAL_BURST,SUPERVISED,MODERATE,0.55,RAMP_BURST,0.4292682926829268,25.0,34.09090909090909,4,False,peak_headway_multiplier=0.750; expected_headway_multiplier=0.781,44.0,44.956097560975614,81.81818181818181,0.5494634146341464,0.5723577235772358,-36.8620842572062,,INCAPABLE
S10,Seam / Body Joining,body_joining,WELDING_BODY_JOINING,VEHICLE_MIX_OVERLOAD,HARD_NEGATIVE,MODERATE,0.55,SUSTAINED_MIX,0.4292682926829268,45.0,61.36363636363637,4,False,shift_to_actual_highest_workload_variant=0.60; variant=ICE_SEDAN,44.0,35.1219512195122,81.81818181818181,0.4292682926829269,0.4292682926829268,-46.696230598669615,,INCAPABLE
S10,Seam / Body Joining,body_joining,WELDING_BODY_JOINING,ARRIVAL_BURST,SUPERVISED,SEVERE,0.9,STEP_BURST,0.4292682926829268,40.0,54.54545454545455,4,False,peak_headway_multiplier=0.600; expected_headway_multiplier=0.600,44.0,58.53658536585367,81.81818181818181,0.7154471544715448,0.7154471544715447,-23.281596452328145,,INCAPABLE
S10,Seam / Body Joining,body_joining,WELDING_BODY_JOINING,ARRIVAL_BURST,SUPERVISED,SEVERE,0.9,RAMP_BURST,0.4292682926829268,40.0,54.54545454545455,4,False,peak_headway_multiplier=0.600; expected_headway_multiplier=0.650,44.0,54.03377110694185,81.81818181818181,0.6604127579737338,0.7154471544715447,-27.784410711239964,,INCAPABLE
S10,Seam / Body Joining,body_joining,WELDING_BODY_JOINING,VEHICLE_MIX_OVERLOAD,HARD_NEGATIVE,SEVERE,0.9,SUSTAINED_MIX,0.4292682926829268,60.0,81.81818181818181,4,False,shift_to_actual_highest_workload_variant=0.90; variant=ICE_SEDAN,44.00000000000001,35.1219512195122,81.8181818181818,0.429268292682927,0.4292682926829269,-46.6962305986696,,INCAPABLE
S11,Body Finishing / Manual Inspection,body_joining,MANUAL_ASSEMBLY,ARRIVAL_BURST,SUPERVISED,MILD,0.25,STEP_BURST,0.7024390243902439,15.0,12.5,3,False,peak_headway_multiplier=0.900; expected_headway_multiplier=0.900,72.0,39.02439024390244,50.0,0.7804878048780488,0.7804878048780487,-10.975609756097562,,INCAPABLE
S11,Body Finishing / Manual Inspection,body_joining,MANUAL_ASSEMBLY,ARRIVAL_BURST,SUPERVISED,MILD,0.25,RAMP_BURST,0.7024390243902439,15.0,12.5,3,False,peak_headway_multiplier=0.900; expected_headway_multiplier=0.912,72.0,38.489809555629805,50.0,0.7697961911125961,0.7804878048780487,-11.510190444370195,,INCAPABLE
S11,Body Finishing / Manual Inspection,body_joining,MANUAL_ASSEMBLY,VEHICLE_MIX_OVERLOAD,HARD_NEGATIVE,MILD,0.25,SUSTAINED_MIX,0.7024390243902439,30.0,25.0,3,False,shift_to_actual_highest_workload_variant=0.25; variant=ICE_SEDAN,72.0,35.1219512195122,50.0,0.702439024390244,0.7024390243902439,-14.878048780487802,,INCAPABLE
S11,Body Finishing / Manual Inspection,body_joining,MANUAL_ASSEMBLY,ARRIVAL_BURST,SUPERVISED,MODERATE,0.55,STEP_BURST,0.7024390243902439,25.0,20.833333333333332,3,False,peak_headway_multiplier=0.750; expected_headway_multiplier=0.750,72.0,46.82926829268293,50.0,0.9365853658536587,0.9365853658536585,-3.170731707317067,,HARD_NEGATIVE
S11,Body Finishing / Manual Inspection,body_joining,MANUAL_ASSEMBLY,ARRIVAL_BURST,SUPERVISED,MODERATE,0.55,RAMP_BURST,0.7024390243902439,25.0,20.833333333333332,3,False,peak_headway_multiplier=0.750; expected_headway_multiplier=0.781,72.0,44.956097560975614,50.0,0.8991219512195123,0.9365853658536585,-5.043902439024386,,HARD_NEGATIVE
S11,Body Finishing / Manual Inspection,body_joining,MANUAL_ASSEMBLY,VEHICLE_MIX_OVERLOAD,HARD_NEGATIVE,MODERATE,0.55,SUSTAINED_MIX,0.7024390243902439,45.0,37.5,3,False,shift_to_actual_highest_workload_variant=0.60; variant=ICE_SEDAN,72.0,35.1219512195122,50.0,0.702439024390244,0.7024390243902439,-14.878048780487802,,INCAPABLE
S11,Body Finishing / Manual Inspection,body_joining,MANUAL_ASSEMBLY,ARRIVAL_BURST,SUPERVISED,SEVERE,0.9,STEP_BURST,0.7024390243902439,40.0,33.333333333333336,3,False,peak_headway_multiplier=0.600; expected_headway_multiplier=0.600,72.0,58.53658536585367,50.0,1.1707317073170733,1.170731707317073,8.536585365853668,21.08571428571426,POSITIVE_CAPABLE
S11,Body Finishing / Manual Inspection,body_joining,MANUAL_ASSEMBLY,ARRIVAL_BURST,SUPERVISED,SEVERE,0.9,RAMP_BURST,0.7024390243902439,40.0,33.333333333333336,3,False,peak_headway_multiplier=0.600; expected_headway_multiplier=0.650,72.0,54.03377110694185,50.0,1.080675422138837,1.170731707317073,4.033771106941849,44.62325581395338,POSITIVE_CAPABLE
S11,Body Finishing / Manual Inspection,body_joining,MANUAL_ASSEMBLY,VEHICLE_MIX_OVERLOAD,HARD_NEGATIVE,SEVERE,0.9,SUSTAINED_MIX,0.7024390243902439,60.0,50.0,3,False,shift_to_actual_highest_workload_variant=0.90; variant=ICE_SEDAN,72.0,35.1219512195122,50.0,0.702439024390244,0.7024390243902439,-14.878048780487802,,INCAPABLE
S12,Body-Out Dimensional Check,body_joining,DIMENSIONAL_INSPECTION,ARRIVAL_BURST,SUPERVISED,MILD,0.25,STEP_BURST,0.24390243902439024,15.0,36.0,5,False,peak_headway_multiplier=0.900; expected_headway_multiplier=0.900,25.0,39.02439024390244,144.0,0.27100271002710025,0.27100271002710025,-104.97560975609755,,INCAPABLE
S12,Body-Out Dimensional Check,body_joining,DIMENSIONAL_INSPECTION,ARRIVAL_BURST,SUPERVISED,MILD,0.25,RAMP_BURST,0.24390243902439024,15.0,36.0,5,False,peak_headway_multiplier=0.900; expected_headway_multiplier=0.912,25.0,38.489809555629805,144.0,0.2672903441363181,0.27100271002710025,-105.5101904443702,,INCAPABLE
S12,Body-Out Dimensional Check,body_joining,DIMENSIONAL_INSPECTION,VEHICLE_MIX_OVERLOAD,HARD_NEGATIVE,MILD,0.25,SUSTAINED_MIX,0.24390243902439024,30.0,72.0,5,False,shift_to_actual_highest_workload_variant=0.25; variant=ICE_SEDAN,25.0,35.1219512195122,144.0,0.24390243902439027,0.24390243902439024,-108.8780487804878,,INCAPABLE
S12,Body-Out Dimensional Check,body_joining,DIMENSIONAL_INSPECTION,ARRIVAL_BURST,SUPERVISED,MODERATE,0.55,STEP_BURST,0.24390243902439024,25.0,60.0,5,False,peak_headway_multiplier=0.750; expected_headway_multiplier=0.750,25.0,46.82926829268293,144.0,0.3252032520325204,0.3252032520325203,-97.17073170731706,,INCAPABLE
S12,Body-Out Dimensional Check,body_joining,DIMENSIONAL_INSPECTION,ARRIVAL_BURST,SUPERVISED,MODERATE,0.55,RAMP_BURST,0.24390243902439024,25.0,60.0,5,False,peak_headway_multiplier=0.750; expected_headway_multiplier=0.781,25.0,44.956097560975614,144.0,0.31219512195121957,0.3252032520325203,-99.04390243902438,,INCAPABLE
S12,Body-Out Dimensional Check,body_joining,DIMENSIONAL_INSPECTION,VEHICLE_MIX_OVERLOAD,HARD_NEGATIVE,MODERATE,0.55,SUSTAINED_MIX,0.24390243902439024,45.0,108.0,5,False,shift_to_actual_highest_workload_variant=0.60; variant=ICE_SEDAN,25.0,35.1219512195122,144.0,0.24390243902439027,0.24390243902439024,-108.8780487804878,,INCAPABLE
S12,Body-Out Dimensional Check,body_joining,DIMENSIONAL_INSPECTION,ARRIVAL_BURST,SUPERVISED,SEVERE,0.9,STEP_BURST,0.24390243902439024,40.0,96.0,5,False,peak_headway_multiplier=0.600; expected_headway_multiplier=0.600,25.0,58.53658536585367,144.0,0.40650406504065045,0.4065040650406504,-85.46341463414633,,INCAPABLE
S12,Body-Out Dimensional Check,body_joining,DIMENSIONAL_INSPECTION,ARRIVAL_BURST,SUPERVISED,SEVERE,0.9,RAMP_BURST,0.24390243902439024,40.0,96.0,5,False,peak_headway_multiplier=0.600; expected_headway_multiplier=0.650,25.0,54.03377110694185,144.0,0.3752345215759851,0.4065040650406504,-89.96622889305814,,INCAPABLE
S12,Body-Out Dimensional Check,body_joining,DIMENSIONAL_INSPECTION,VEHICLE_MIX_OVERLOAD,HARD_NEGATIVE,SEVERE,0.9,SUSTAINED_MIX,0.24390243902439024,60.0,144.0,5,False,shift_to_actual_highest_workload_variant=0.90; variant=ICE_SEDAN,25.0,35.1219512195122,144.0,0.24390243902439027,0.24390243902439024,-108.8780487804878,,INCAPABLE
S13,Pretreatment,paint_surface,PAINT_COATING,ARRIVAL_BURST,SUPERVISED,MILD,0.25,STEP_BURST,0.3902439024390244,15.0,22.5,5,False,peak_headway_multiplier=0.900; expected_headway_multiplier=0.900,40.0,39.02439024390244,90.0,0.4336043360433604,0.43360433604336046,-50.97560975609756,,INCAPABLE
S13,Pretreatment,paint_surface,PAINT_COATING,ARRIVAL_BURST,SUPERVISED,MILD,0.25,RAMP_BURST,0.3902439024390244,15.0,22.5,5,False,peak_headway_multiplier=0.900; expected_headway_multiplier=0.912,40.0,38.489809555629805,90.0,0.42766455061810893,0.43360433604336046,-51.510190444370195,,INCAPABLE
S13,Pretreatment,paint_surface,PAINT_COATING,VEHICLE_MIX_OVERLOAD,HARD_NEGATIVE,MILD,0.25,SUSTAINED_MIX,0.3902439024390244,30.0,45.0,5,False,shift_to_actual_highest_workload_variant=0.25; variant=ICE_SEDAN,40.0,35.1219512195122,90.0,0.3902439024390244,0.3902439024390244,-54.8780487804878,,INCAPABLE
S13,Pretreatment,paint_surface,PAINT_COATING,ARRIVAL_BURST,SUPERVISED,MODERATE,0.55,STEP_BURST,0.3902439024390244,25.0,37.5,5,False,peak_headway_multiplier=0.750; expected_headway_multiplier=0.750,40.0,46.82926829268293,90.0,0.5203252032520326,0.5203252032520326,-43.17073170731707,,INCAPABLE
S13,Pretreatment,paint_surface,PAINT_COATING,ARRIVAL_BURST,SUPERVISED,MODERATE,0.55,RAMP_BURST,0.3902439024390244,25.0,37.5,5,False,peak_headway_multiplier=0.750; expected_headway_multiplier=0.781,40.0,44.956097560975614,90.0,0.4995121951219513,0.5203252032520326,-45.043902439024386,,INCAPABLE
S13,Pretreatment,paint_surface,PAINT_COATING,VEHICLE_MIX_OVERLOAD,HARD_NEGATIVE,MODERATE,0.55,SUSTAINED_MIX,0.3902439024390244,45.0,67.5,5,False,shift_to_actual_highest_workload_variant=0.60; variant=ICE_SEDAN,40.0,35.1219512195122,90.0,0.3902439024390244,0.3902439024390244,-54.8780487804878,,INCAPABLE
S13,Pretreatment,paint_surface,PAINT_COATING,ARRIVAL_BURST,SUPERVISED,SEVERE,0.9,STEP_BURST,0.3902439024390244,40.0,60.0,5,False,peak_headway_multiplier=0.600; expected_headway_multiplier=0.600,40.0,58.53658536585367,90.0,0.6504065040650407,0.6504065040650407,-31.463414634146332,,INCAPABLE
S13,Pretreatment,paint_surface,PAINT_COATING,ARRIVAL_BURST,SUPERVISED,SEVERE,0.9,RAMP_BURST,0.3902439024390244,40.0,60.0,5,False,peak_headway_multiplier=0.600; expected_headway_multiplier=0.650,40.0,54.03377110694185,90.0,0.6003752345215762,0.6504065040650407,-35.96622889305815,,INCAPABLE
S13,Pretreatment,paint_surface,PAINT_COATING,VEHICLE_MIX_OVERLOAD,HARD_NEGATIVE,SEVERE,0.9,SUSTAINED_MIX,0.3902439024390244,60.0,90.0,5,False,shift_to_actual_highest_workload_variant=0.90; variant=ICE_SEDAN,40.0,35.1219512195122,90.0,0.3902439024390244,0.3902439024390244,-54.8780487804878,,INCAPABLE
S14,E-Coat Application,paint_surface,PAINT_COATING,ARRIVAL_BURST,SUPERVISED,MILD,0.25,STEP_BURST,0.5365853658536586,15.0,16.363636363636363,4,False,peak_headway_multiplier=0.900; expected_headway_multiplier=0.900,55.0,39.02439024390244,65.45454545454545,0.5962059620596206,0.5962059620596206,-26.430155210643015,,INCAPABLE
S14,E-Coat Application,paint_surface,PAINT_COATING,ARRIVAL_BURST,SUPERVISED,MILD,0.25,RAMP_BURST,0.5365853658536586,15.0,16.363636363636363,4,False,peak_headway_multiplier=0.900; expected_headway_multiplier=0.912,55.0,38.489809555629805,65.45454545454545,0.5880387570998998,0.5962059620596206,-26.96473589891565,,INCAPABLE
S14,E-Coat Application,paint_surface,PAINT_COATING,VEHICLE_MIX_OVERLOAD,HARD_NEGATIVE,MILD,0.25,SUSTAINED_MIX,0.5365853658536586,30.0,32.72727272727273,4,False,shift_to_actual_highest_workload_variant=0.25; variant=ICE_SEDAN,55.0,35.1219512195122,65.45454545454545,0.5365853658536586,0.5365853658536586,-30.332594235033255,,INCAPABLE
S14,E-Coat Application,paint_surface,PAINT_COATING,ARRIVAL_BURST,SUPERVISED,MODERATE,0.55,STEP_BURST,0.5365853658536586,25.0,27.272727272727273,4,False,peak_headway_multiplier=0.750; expected_headway_multiplier=0.750,55.0,46.82926829268293,65.45454545454545,0.7154471544715448,0.7154471544715447,-18.62527716186252,,INCAPABLE
S14,E-Coat Application,paint_surface,PAINT_COATING,ARRIVAL_BURST,SUPERVISED,MODERATE,0.55,RAMP_BURST,0.5365853658536586,25.0,27.272727272727273,4,False,peak_headway_multiplier=0.750; expected_headway_multiplier=0.781,55.0,44.956097560975614,65.45454545454545,0.686829268292683,0.7154471544715447,-20.49844789356984,,INCAPABLE
S14,E-Coat Application,paint_surface,PAINT_COATING,VEHICLE_MIX_OVERLOAD,HARD_NEGATIVE,MODERATE,0.55,SUSTAINED_MIX,0.5365853658536586,45.0,49.09090909090909,4,False,shift_to_actual_highest_workload_variant=0.60; variant=ICE_SEDAN,55.0,35.1219512195122,65.45454545454545,0.5365853658536586,0.5365853658536586,-30.332594235033255,,INCAPABLE
S14,E-Coat Application,paint_surface,PAINT_COATING,ARRIVAL_BURST,SUPERVISED,SEVERE,0.9,STEP_BURST,0.5365853658536586,40.0,43.63636363636363,4,False,peak_headway_multiplier=0.600; expected_headway_multiplier=0.600,55.0,58.53658536585367,65.45454545454545,0.8943089430894311,0.894308943089431,-6.917960088691785,,INCAPABLE
S14,E-Coat Application,paint_surface,PAINT_COATING,ARRIVAL_BURST,SUPERVISED,SEVERE,0.9,RAMP_BURST,0.5365853658536586,40.0,43.63636363636363,4,False,peak_headway_multiplier=0.600; expected_headway_multiplier=0.650,55.0,54.03377110694185,65.45454545454545,0.8255159474671672,0.894308943089431,-11.420774347603604,,INCAPABLE
S14,E-Coat Application,paint_surface,PAINT_COATING,VEHICLE_MIX_OVERLOAD,HARD_NEGATIVE,SEVERE,0.9,SUSTAINED_MIX,0.5365853658536586,60.0,65.45454545454545,4,False,shift_to_actual_highest_workload_variant=0.90; variant=ICE_SEDAN,55.0,35.1219512195122,65.45454545454545,0.5365853658536586,0.5365853658536586,-30.332594235033255,,INCAPABLE
S15,E-Coat Cure,paint_surface,CURING_ENVIRONMENTAL,ARRIVAL_BURST,SUPERVISED,MILD,0.25,STEP_BURST,0.6048780487804878,15.0,14.516129032258064,5,False,peak_headway_multiplier=0.900; expected_headway_multiplier=0.900,62.0,39.02439024390244,58.064516129032256,0.6720867208672087,0.6720867208672087,-19.040125885129818,,INCAPABLE
S15,E-Coat Cure,paint_surface,CURING_ENVIRONMENTAL,ARRIVAL_BURST,SUPERVISED,MILD,0.25,RAMP_BURST,0.6048780487804878,15.0,14.516129032258064,5,False,peak_headway_multiplier=0.900; expected_headway_multiplier=0.912,62.0,38.489809555629805,58.064516129032256,0.6628800534580689,0.6720867208672087,-19.57470657340245,,INCAPABLE
S15,E-Coat Cure,paint_surface,CURING_ENVIRONMENTAL,VEHICLE_MIX_OVERLOAD,HARD_NEGATIVE,MILD,0.25,SUSTAINED_MIX,0.6048780487804878,30.0,29.032258064516128,5,False,shift_to_actual_highest_workload_variant=0.25; variant=ICE_SEDAN,62.0,35.1219512195122,58.064516129032256,0.6048780487804879,0.6048780487804878,-22.94256490952006,,INCAPABLE
S15,E-Coat Cure,paint_surface,CURING_ENVIRONMENTAL,ARRIVAL_BURST,SUPERVISED,MODERATE,0.55,STEP_BURST,0.6048780487804878,25.0,24.193548387096776,5,False,peak_headway_multiplier=0.750; expected_headway_multiplier=0.750,62.0,46.82926829268293,58.064516129032256,0.8065040650406505,0.8065040650406504,-11.235247836349323,,INCAPABLE
S15,E-Coat Cure,paint_surface,CURING_ENVIRONMENTAL,ARRIVAL_BURST,SUPERVISED,MODERATE,0.55,RAMP_BURST,0.6048780487804878,25.0,24.193548387096776,5,False,peak_headway_multiplier=0.750; expected_headway_multiplier=0.781,62.0,44.956097560975614,58.064516129032256,0.7742439024390245,0.8065040650406504,-13.108418568056642,,INCAPABLE
S15,E-Coat Cure,paint_surface,CURING_ENVIRONMENTAL,VEHICLE_MIX_OVERLOAD,HARD_NEGATIVE,MODERATE,0.55,SUSTAINED_MIX,0.6048780487804878,45.0,43.54838709677419,5,False,shift_to_actual_highest_workload_variant=0.60; variant=ICE_SEDAN,62.0,35.1219512195122,58.064516129032256,0.6048780487804879,0.6048780487804878,-22.94256490952006,,INCAPABLE
S15,E-Coat Cure,paint_surface,CURING_ENVIRONMENTAL,ARRIVAL_BURST,SUPERVISED,SEVERE,0.9,STEP_BURST,0.6048780487804878,40.0,38.70967741935484,5,False,peak_headway_multiplier=0.600; expected_headway_multiplier=0.600,62.0,58.53658536585367,58.064516129032256,1.0081300813008132,1.008130081300813,0.47206923682141166,635.499999999985,BORDERLINE
S15,E-Coat Cure,paint_surface,CURING_ENVIRONMENTAL,ARRIVAL_BURST,SUPERVISED,SEVERE,0.9,RAMP_BURST,0.6048780487804878,40.0,38.70967741935484,5,False,peak_headway_multiplier=0.600; expected_headway_multiplier=0.650,62.0,54.03377110694185,58.064516129032256,0.9305816135084429,1.008130081300813,-4.030745022090407,,BORDERLINE
S15,E-Coat Cure,paint_surface,CURING_ENVIRONMENTAL,VEHICLE_MIX_OVERLOAD,HARD_NEGATIVE,SEVERE,0.9,SUSTAINED_MIX,0.6048780487804878,60.0,58.064516129032256,5,False,shift_to_actual_highest_workload_variant=0.90; variant=ICE_SEDAN,62.0,35.1219512195122,58.064516129032256,0.6048780487804879,0.6048780487804878,-22.94256490952006,,INCAPABLE
S16,Sealer Application,paint_surface,ADHESIVE_SEALING,ARRIVAL_BURST,SUPERVISED,MILD,0.25,STEP_BURST,0.33170731707317075,15.0,26.470588235294116,5,False,peak_headway_multiplier=0.900; expected_headway_multiplier=0.900,34.0,39.02439024390244,105.88235294117646,0.3685636856368564,0.3685636856368564,-66.85796269727402,,INCAPABLE
S16,Sealer Application,paint_surface,ADHESIVE_SEALING,ARRIVAL_BURST,SUPERVISED,MILD,0.25,RAMP_BURST,0.33170731707317075,15.0,26.470588235294116,5,False,peak_headway_multiplier=0.900; expected_headway_multiplier=0.912,34.0,38.489809555629805,105.88235294117646,0.3635148680253926,0.3685636856368564,-67.39254338554666,,INCAPABLE
S16,Sealer Application,paint_surface,ADHESIVE_SEALING,VEHICLE_MIX_OVERLOAD,HARD_NEGATIVE,MILD,0.25,SUSTAINED_MIX,0.33170731707317075,30.0,52.94117647058823,5,False,shift_to_actual_highest_workload_variant=0.25; variant=ICE_SEDAN,34.0,35.1219512195122,105.88235294117646,0.3317073170731708,0.33170731707317075,-70.76040172166427,,INCAPABLE
S16,Sealer Application,paint_surface,ADHESIVE_SEALING,ARRIVAL_BURST,SUPERVISED,MODERATE,0.55,STEP_BURST,0.33170731707317075,25.0,44.11764705882353,5,False,peak_headway_multiplier=0.750; expected_headway_multiplier=0.750,34.0,46.82926829268293,105.88235294117646,0.44227642276422774,0.4422764227642277,-59.05308464849353,,INCAPABLE
S16,Sealer Application,paint_surface,ADHESIVE_SEALING,ARRIVAL_BURST,SUPERVISED,MODERATE,0.55,RAMP_BURST,0.33170731707317075,25.0,44.11764705882353,5,False,peak_headway_multiplier=0.750; expected_headway_multiplier=0.781,34.0,44.956097560975614,105.88235294117646,0.4245853658536586,0.4422764227642277,-60.92625538020085,,INCAPABLE
S16,Sealer Application,paint_surface,ADHESIVE_SEALING,VEHICLE_MIX_OVERLOAD,HARD_NEGATIVE,MODERATE,0.55,SUSTAINED_MIX,0.33170731707317075,45.0,79.41176470588235,5,False,shift_to_actual_highest_workload_variant=0.60; variant=ICE_SEDAN,34.0,35.1219512195122,105.88235294117646,0.3317073170731708,0.33170731707317075,-70.76040172166427,,INCAPABLE
S16,Sealer Application,paint_surface,ADHESIVE_SEALING,ARRIVAL_BURST,SUPERVISED,SEVERE,0.9,STEP_BURST,0.33170731707317075,40.0,70.58823529411765,5,False,peak_headway_multiplier=0.600; expected_headway_multiplier=0.600,34.0,58.53658536585367,105.88235294117646,0.5528455284552847,0.5528455284552846,-47.345767575322796,,INCAPABLE
S16,Sealer Application,paint_surface,ADHESIVE_SEALING,ARRIVAL_BURST,SUPERVISED,SEVERE,0.9,RAMP_BURST,0.33170731707317075,40.0,70.58823529411765,5,False,peak_headway_multiplier=0.600; expected_headway_multiplier=0.650,34.0,54.03377110694185,105.88235294117646,0.5103189493433398,0.5528455284552846,-51.848581834234615,,INCAPABLE
S16,Sealer Application,paint_surface,ADHESIVE_SEALING,VEHICLE_MIX_OVERLOAD,HARD_NEGATIVE,SEVERE,0.9,SUSTAINED_MIX,0.33170731707317075,60.0,105.88235294117646,5,False,shift_to_actual_highest_workload_variant=0.90; variant=ICE_SEDAN,34.0,35.1219512195122,105.88235294117646,0.3317073170731708,0.33170731707317075,-70.76040172166427,,INCAPABLE
S17,Primer Application,paint_surface,PAINT_COATING,ARRIVAL_BURST,SUPERVISED,MILD,0.25,STEP_BURST,0.45349268292682926,15.0,19.361917260073575,4,False,peak_headway_multiplier=0.900; expected_headway_multiplier=0.900,46.483,39.02439024390244,77.4476690402943,0.5038807588075881,0.5038807588075881,-38.42327879639186,,INCAPABLE
S17,Primer Application,paint_surface,PAINT_COATING,ARRIVAL_BURST,SUPERVISED,MILD,0.25,RAMP_BURST,0.45349268292682926,15.0,19.361917260073575,4,False,peak_headway_multiplier=0.900; expected_headway_multiplier=0.912,46.483,38.489809555629805,77.4476690402943,0.496978282659539,0.5038807588075881,-38.957859484664496,,INCAPABLE
S17,Primer Application,paint_surface,PAINT_COATING,VEHICLE_MIX_OVERLOAD,HARD_NEGATIVE,MILD,0.25,SUSTAINED_MIX,0.45349268292682926,30.0,38.72383452014715,4,False,shift_to_actual_highest_workload_variant=0.25; variant=ICE_SUV,46.70725,35.1219512195122,77.07582869897071,0.45568048780487813,0.4556804878048781,-41.95387747945851,,INCAPABLE
S17,Primer Application,paint_surface,PAINT_COATING,ARRIVAL_BURST,SUPERVISED,MODERATE,0.55,STEP_BURST,0.45349268292682926,25.0,32.26986210012263,4,False,peak_headway_multiplier=0.750; expected_headway_multiplier=0.750,46.483,46.82926829268293,77.4476690402943,0.6046569105691058,0.6046569105691056,-30.618400747611368,,INCAPABLE
S17,Primer Application,paint_surface,PAINT_COATING,ARRIVAL_BURST,SUPERVISED,MODERATE,0.55,RAMP_BURST,0.45349268292682926,25.0,32.26986210012263,4,False,peak_headway_multiplier=0.750; expected_headway_multiplier=0.781,46.483,44.956097560975614,77.4476690402943,0.5804706341463415,0.6046569105691056,-32.49157147931869,,INCAPABLE
S17,Primer Application,paint_surface,PAINT_COATING,VEHICLE_MIX_OVERLOAD,HARD_NEGATIVE,MODERATE,0.55,SUSTAINED_MIX,0.45349268292682926,45.0,58.08575178022073,4,False,shift_to_actual_highest_workload_variant=0.60; variant=ICE_SUV,47.0212,35.1219512195122,76.561210687945,0.4587434146341464,0.45874341463414636,-41.43925946843281,,INCAPABLE
S17,Primer Application,paint_surface,PAINT_COATING,ARRIVAL_BURST,SUPERVISED,SEVERE,0.9,STEP_BURST,0.45349268292682926,40.0,51.631779360196205,4,False,peak_headway_multiplier=0.600; expected_headway_multiplier=0.600,46.483,58.53658536585367,77.4476690402943,0.7558211382113822,0.7558211382113821,-18.911083674440633,,INCAPABLE
S17,Primer Application,paint_surface,PAINT_COATING,ARRIVAL_BURST,SUPERVISED,SEVERE,0.9,RAMP_BURST,0.45349268292682926,40.0,51.631779360196205,4,False,peak_headway_multiplier=0.600; expected_headway_multiplier=0.650,46.483,54.03377110694185,77.4476690402943,0.6976810506566605,0.7558211382113821,-23.41389793335245,,INCAPABLE
S17,Primer Application,paint_surface,PAINT_COATING,VEHICLE_MIX_OVERLOAD,HARD_NEGATIVE,SEVERE,0.9,SUSTAINED_MIX,0.45349268292682926,60.0,77.4476690402943,4,False,shift_to_actual_highest_workload_variant=0.90; variant=ICE_SUV,47.29030000000001,35.1219512195122,76.1255479453503,0.461368780487805,0.46136878048780494,-41.00359672583811,,INCAPABLE
S18,Base / Colour Coat,paint_surface,PAINT_COATING,ARRIVAL_BURST,SUPERVISED,MILD,0.25,STEP_BURST,0.4929268292682927,15.0,17.81296387926769,4,False,peak_headway_multiplier=0.900; expected_headway_multiplier=0.900,50.525,39.02439024390244,71.25185551707077,0.5476964769647695,0.5476964769647696,-32.22746527316833,,INCAPABLE
S18,Base / Colour Coat,paint_surface,PAINT_COATING,ARRIVAL_BURST,SUPERVISED,MILD,0.25,RAMP_BURST,0.4929268292682927,15.0,17.81296387926769,4,False,peak_headway_multiplier=0.900; expected_headway_multiplier=0.912,50.525,38.489809555629805,71.25185551707077,0.5401937854994988,0.5476964769647696,-32.76204596144096,,INCAPABLE
S18,Base / Colour Coat,paint_surface,PAINT_COATING,VEHICLE_MIX_OVERLOAD,HARD_NEGATIVE,MILD,0.25,SUSTAINED_MIX,0.4929268292682927,30.0,35.62592775853538,4,False,shift_to_actual_highest_workload_variant=0.25; variant=ICE_SUV,50.76875,35.1219512195122,70.90976240305307,0.4953048780487805,0.4953048780487805,-35.78781118354087,,INCAPABLE
S18,Base / Colour Coat,paint_surface,PAINT_COATING,ARRIVAL_BURST,SUPERVISED,MODERATE,0.55,STEP_BURST,0.4929268292682927,25.0,29.688273132112815,4,False,peak_headway_multiplier=0.750; expected_headway_multiplier=0.750,50.525,46.82926829268293,71.25185551707077,0.6572357723577236,0.6572357723577236,-24.422587224387833,,INCAPABLE
S18,Base / Colour Coat,paint_surface,PAINT_COATING,ARRIVAL_BURST,SUPERVISED,MODERATE,0.55,RAMP_BURST,0.4929268292682927,25.0,29.688273132112815,4,False,peak_headway_multiplier=0.750; expected_headway_multiplier=0.781,50.525,44.956097560975614,71.25185551707077,0.6309463414634147,0.6572357723577236,-26.29575795609515,,INCAPABLE
S18,Base / Colour Coat,paint_surface,PAINT_COATING,VEHICLE_MIX_OVERLOAD,HARD_NEGATIVE,MODERATE,0.55,SUSTAINED_MIX,0.4929268292682927,45.0,53.43889163780307,4,False,shift_to_actual_highest_workload_variant=0.60; variant=ICE_SUV,51.11,35.1219512195122,70.4363138329094,0.49863414634146347,0.4986341463414634,-35.31436261339721,,INCAPABLE
S18,Base / Colour Coat,paint_surface,PAINT_COATING,ARRIVAL_BURST,SUPERVISED,SEVERE,0.9,STEP_BURST,0.4929268292682927,40.0,47.5012370113805,4,False,peak_headway_multiplier=0.600; expected_headway_multiplier=0.600,50.525,58.53658536585367,71.25185551707077,0.8215447154471545,0.8215447154471545,-12.715270151217098,,INCAPABLE
S18,Base / Colour Coat,paint_surface,PAINT_COATING,ARRIVAL_BURST,SUPERVISED,SEVERE,0.9,RAMP_BURST,0.4929268292682927,40.0,47.5012370113805,4,False,peak_headway_multiplier=0.600; expected_headway_multiplier=0.650,50.525,54.03377110694185,71.25185551707077,0.7583489681050657,0.8215447154471545,-17.218084410128917,,INCAPABLE
S18,Base / Colour Coat,paint_surface,PAINT_COATING,VEHICLE_MIX_OVERLOAD,HARD_NEGATIVE,SEVERE,0.9,SUSTAINED_MIX,0.4929268292682927,60.0,71.25185551707077,4,False,shift_to_actual_highest_workload_variant=0.90; variant=ICE_SUV,51.4025,35.1219512195122,70.03550410972228,0.5014878048780489,0.5014878048780488,-34.913552890210084,,INCAPABLE
S19,Clear Coat,paint_surface,PAINT_COATING,ARRIVAL_BURST,SUPERVISED,MILD,0.25,STEP_BURST,0.473209756097561,15.0,18.555170707570507,4,False,peak_headway_multiplier=0.900; expected_headway_multiplier=0.900,48.504000000000005,39.02439024390244,74.22068283028203,0.5257886178861789,0.5257886178861789,-35.19629258637959,,INCAPABLE
S19,Clear Coat,paint_surface,PAINT_COATING,ARRIVAL_BURST,SUPERVISED,MILD,0.25,RAMP_BURST,0.473209756097561,15.0,18.555170707570507,4,False,peak_headway_multiplier=0.900; expected_headway_multiplier=0.912,48.504000000000005,38.489809555629805,74.22068283028203,0.518586034079519,0.5257886178861789,-35.730873274652225,,INCAPABLE
S19,Clear Coat,paint_surface,PAINT_COATING,VEHICLE_MIX_OVERLOAD,HARD_NEGATIVE,MILD,0.25,SUSTAINED_MIX,0.473209756097561,30.0,37.110341415141015,4,False,shift_to_actual_highest_workload_variant=0.25; variant=ICE_SUV,48.738,35.1219512195122,73.8643358365136,0.4754926829268293,0.4754926829268293,-38.742384617001406,,INCAPABLE
S19,Clear Coat,paint_surface,PAINT_COATING,ARRIVAL_BURST,SUPERVISED,MODERATE,0.55,STEP_BURST,0.473209756097561,25.0,30.925284512617512,4,False,peak_headway_multiplier=0.750; expected_headway_multiplier=0.750,48.504000000000005,46.82926829268293,74.22068283028203,0.6309463414634148,0.6309463414634147,-27.391414537599097,,INCAPABLE
S19,Clear Coat,paint_surface,PAINT_COATING,ARRIVAL_BURST,SUPERVISED,MODERATE,0.55,RAMP_BURST,0.473209756097561,25.0,30.925284512617512,4,False,peak_headway_multiplier=0.750; expected_headway_multiplier=0.781,48.504000000000005,44.956097560975614,74.22068283028203,0.6057084878048782,0.6309463414634147,-29.264585269306416,,INCAPABLE
S19,Clear Coat,paint_surface,PAINT_COATING,VEHICLE_MIX_OVERLOAD,HARD_NEGATIVE,MODERATE,0.55,SUSTAINED_MIX,0.473209756097561,45.0,55.665512122711526,4,False,shift_to_actual_highest_workload_variant=0.60; variant=ICE_SUV,49.0656,35.1219512195122,73.37116024261397,0.47868878048780494,0.4786887804878049,-38.24920902310177,,INCAPABLE
S19,Clear Coat,paint_surface,PAINT_COATING,ARRIVAL_BURST,SUPERVISED,SEVERE,0.9,STEP_BURST,0.473209756097561,40.0,49.48045522018802,4,False,peak_headway_multiplier=0.600; expected_headway_multiplier=0.600,48.504000000000005,58.53658536585367,74.22068283028203,0.7886829268292685,0.7886829268292683,-15.684097464428362,,INCAPABLE
S19,Clear Coat,paint_surface,PAINT_COATING,ARRIVAL_BURST,SUPERVISED,SEVERE,0.9,RAMP_BURST,0.473209756097561,40.0,49.48045522018802,4,False,peak_headway_multiplier=0.600; expected_headway_multiplier=0.650,48.504000000000005,54.03377110694185,74.22068283028203,0.7280150093808633,0.7886829268292683,-20.18691172334018,,INCAPABLE
S19,Clear Coat,paint_surface,PAINT_COATING,VEHICLE_MIX_OVERLOAD,HARD_NEGATIVE,SEVERE,0.9,SUSTAINED_MIX,0.473209756097561,60.0,74.22068283028203,4,False,shift_to_actual_highest_workload_variant=0.90; variant=ICE_SUV,49.346399999999996,35.1219512195122,72.95365011429406,0.4814282926829268,0.4814282926829268,-37.831698894781866,,INCAPABLE
S20,Paint Cure + Paint Inspection,paint_surface,CURING_ENVIRONMENTAL,ARRIVAL_BURST,SUPERVISED,MILD,0.25,STEP_BURST,0.7121951219512195,15.0,12.32876712328767,4,False,peak_headway_multiplier=0.900; expected_headway_multiplier=0.900,73.0,39.02439024390244,49.31506849315068,0.7913279132791328,0.7913279132791328,-10.290678249248245,,INCAPABLE
S20,Paint Cure + Paint Inspection,paint_surface,CURING_ENVIRONMENTAL,ARRIVAL_BURST,SUPERVISED,MILD,0.25,RAMP_BURST,0.7121951219512195,15.0,12.32876712328767,4,False,peak_headway_multiplier=0.900; expected_headway_multiplier=0.912,73.0,38.489809555629805,49.31506849315068,0.7804878048780488,0.7913279132791328,-10.825258937520879,,INCAPABLE
S20,Paint Cure + Paint Inspection,paint_surface,CURING_ENVIRONMENTAL,VEHICLE_MIX_OVERLOAD,HARD_NEGATIVE,MILD,0.25,SUSTAINED_MIX,0.7121951219512195,30.0,24.65753424657534,4,False,shift_to_actual_highest_workload_variant=0.25; variant=ICE_SEDAN,73.0,35.1219512195122,49.31506849315068,0.7121951219512196,0.7121951219512195,-14.193117273638485,,INCAPABLE
S20,Paint Cure + Paint Inspection,paint_surface,CURING_ENVIRONMENTAL,ARRIVAL_BURST,SUPERVISED,MODERATE,0.55,STEP_BURST,0.7121951219512195,25.0,20.54794520547945,4,False,peak_headway_multiplier=0.750; expected_headway_multiplier=0.750,73.0,46.82926829268293,49.31506849315068,0.9495934959349595,0.9495934959349593,-2.48580020046775,,HARD_NEGATIVE
S20,Paint Cure + Paint Inspection,paint_surface,CURING_ENVIRONMENTAL,ARRIVAL_BURST,SUPERVISED,MODERATE,0.55,RAMP_BURST,0.7121951219512195,25.0,20.54794520547945,4,False,peak_headway_multiplier=0.750; expected_headway_multiplier=0.781,73.0,44.956097560975614,49.31506849315068,0.9116097560975611,0.9495934959349593,-4.358970932175069,,HARD_NEGATIVE
S20,Paint Cure + Paint Inspection,paint_surface,CURING_ENVIRONMENTAL,VEHICLE_MIX_OVERLOAD,HARD_NEGATIVE,MODERATE,0.55,SUSTAINED_MIX,0.7121951219512195,45.0,36.986301369863014,4,False,shift_to_actual_highest_workload_variant=0.60; variant=ICE_SEDAN,73.0,35.1219512195122,49.31506849315068,0.7121951219512196,0.7121951219512195,-14.193117273638485,,INCAPABLE
S20,Paint Cure + Paint Inspection,paint_surface,CURING_ENVIRONMENTAL,ARRIVAL_BURST,SUPERVISED,SEVERE,0.9,STEP_BURST,0.7121951219512195,40.0,32.87671232876713,4,False,peak_headway_multiplier=0.600; expected_headway_multiplier=0.600,73.0,58.53658536585367,49.31506849315068,1.1869918699186994,1.1869918699186992,9.221516872702985,26.02608695652171,POSITIVE_CAPABLE
S20,Paint Cure + Paint Inspection,paint_surface,CURING_ENVIRONMENTAL,ARRIVAL_BURST,SUPERVISED,SEVERE,0.9,RAMP_BURST,0.7121951219512195,40.0,32.87671232876713,4,False,peak_headway_multiplier=0.600; expected_headway_multiplier=0.650,73.0,54.03377110694185,49.31506849315068,1.0956848030018764,1.1869918699186992,4.718702613791166,50.8614379084966,POSITIVE_CAPABLE
S20,Paint Cure + Paint Inspection,paint_surface,CURING_ENVIRONMENTAL,VEHICLE_MIX_OVERLOAD,HARD_NEGATIVE,SEVERE,0.9,SUSTAINED_MIX,0.7121951219512195,60.0,49.31506849315068,4,False,shift_to_actual_highest_workload_variant=0.90; variant=ICE_SEDAN,73.0,35.1219512195122,49.31506849315068,0.7121951219512196,0.7121951219512195,-14.193117273638485,,INCAPABLE
S21,Trim Preparation,final_assembly,MANUAL_ASSEMBLY,ARRIVAL_BURST,SUPERVISED,MILD,0.25,STEP_BURST,0.7317073170731707,15.0,12.0,5,False,peak_headway_multiplier=0.900; expected_headway_multiplier=0.900,75.0,39.02439024390244,48.0,0.8130081300813008,0.8130081300813008,-8.975609756097562,,INCAPABLE
S21,Trim Preparation,final_assembly,MANUAL_ASSEMBLY,ARRIVAL_BURST,SUPERVISED,MILD,0.25,RAMP_BURST,0.7317073170731707,15.0,12.0,5,False,peak_headway_multiplier=0.900; expected_headway_multiplier=0.912,75.0,38.489809555629805,48.0,0.8018710324089543,0.8130081300813008,-9.510190444370195,,INCAPABLE
S21,Trim Preparation,final_assembly,MANUAL_ASSEMBLY,VEHICLE_MIX_OVERLOAD,HARD_NEGATIVE,MILD,0.25,SUSTAINED_MIX,0.7317073170731707,30.0,24.0,5,False,shift_to_actual_highest_workload_variant=0.25; variant=ICE_SEDAN,75.0,35.1219512195122,48.0,0.7317073170731708,0.7317073170731707,-12.878048780487802,,INCAPABLE
S21,Trim Preparation,final_assembly,MANUAL_ASSEMBLY,ARRIVAL_BURST,SUPERVISED,MODERATE,0.55,STEP_BURST,0.7317073170731707,25.0,20.0,5,False,peak_headway_multiplier=0.750; expected_headway_multiplier=0.750,75.0,46.82926829268293,48.0,0.9756097560975611,0.975609756097561,-1.170731707317067,,HARD_NEGATIVE
S21,Trim Preparation,final_assembly,MANUAL_ASSEMBLY,ARRIVAL_BURST,SUPERVISED,MODERATE,0.55,RAMP_BURST,0.7317073170731707,25.0,20.0,5,False,peak_headway_multiplier=0.750; expected_headway_multiplier=0.781,75.0,44.956097560975614,48.0,0.9365853658536586,0.975609756097561,-3.043902439024386,,HARD_NEGATIVE
S21,Trim Preparation,final_assembly,MANUAL_ASSEMBLY,VEHICLE_MIX_OVERLOAD,HARD_NEGATIVE,MODERATE,0.55,SUSTAINED_MIX,0.7317073170731707,45.0,36.0,5,False,shift_to_actual_highest_workload_variant=0.60; variant=ICE_SEDAN,75.0,35.1219512195122,48.0,0.7317073170731708,0.7317073170731707,-12.878048780487802,,INCAPABLE
S21,Trim Preparation,final_assembly,MANUAL_ASSEMBLY,ARRIVAL_BURST,SUPERVISED,SEVERE,0.9,STEP_BURST,0.7317073170731707,40.0,32.0,5,False,peak_headway_multiplier=0.600; expected_headway_multiplier=0.600,75.0,58.53658536585367,48.0,1.2195121951219514,1.2195121951219512,10.536585365853668,28.472222222222197,POSITIVE_CAPABLE
S21,Trim Preparation,final_assembly,MANUAL_ASSEMBLY,ARRIVAL_BURST,SUPERVISED,SEVERE,0.9,RAMP_BURST,0.7317073170731707,40.0,32.0,5,False,peak_headway_multiplier=0.600; expected_headway_multiplier=0.650,75.0,54.03377110694185,48.0,1.1257035647279552,1.2195121951219512,6.033771106941849,49.72014925373126,POSITIVE_CAPABLE
S21,Trim Preparation,final_assembly,MANUAL_ASSEMBLY,VEHICLE_MIX_OVERLOAD,HARD_NEGATIVE,SEVERE,0.9,SUSTAINED_MIX,0.7317073170731707,60.0,48.0,5,False,shift_to_actual_highest_workload_variant=0.90; variant=ICE_SEDAN,75.0,35.1219512195122,48.0,0.7317073170731708,0.7317073170731707,-12.878048780487802,,INCAPABLE
S22,Wiring Harness Installation,final_assembly,MANUAL_ASSEMBLY,ARRIVAL_BURST,SUPERVISED,MILD,0.25,STEP_BURST,0.8842926829268293,15.0,9.929390997352161,4,False,peak_headway_multiplier=0.900; expected_headway_multiplier=0.900,90.64,39.02439024390244,39.717563989408646,0.9825474254742548,0.9825474254742548,-0.6931737455062077,,HARD_NEGATIVE
S22,Wiring Harness Installation,final_assembly,MANUAL_ASSEMBLY,ARRIVAL_BURST,SUPERVISED,MILD,0.25,RAMP_BURST,0.8842926829268293,15.0,9.929390997352161,4,False,peak_headway_multiplier=0.900; expected_headway_multiplier=0.912,90.64,38.489809555629805,39.717563989408646,0.9690878717006349,0.9825474254742548,-1.2277544337788413,,HARD_NEGATIVE
S22,Wiring Harness Installation,final_assembly,MANUAL_ASSEMBLY,VEHICLE_MIX_OVERLOAD,HARD_NEGATIVE,MILD,0.25,SUSTAINED_MIX,0.8842926829268293,30.0,19.858781994704323,4,False,shift_to_actual_highest_workload_variant=0.25; variant=EV,93.28,35.1219512195122,38.5934819897084,0.910048780487805,0.9100487804878049,-3.4715307701962033,,HARD_NEGATIVE
S22,Wiring Harness Installation,final_assembly,MANUAL_ASSEMBLY,ARRIVAL_BURST,SUPERVISED,MODERATE,0.55,STEP_BURST,0.8842926829268293,25.0,16.548984995586938,4,False,peak_headway_multiplier=0.750; expected_headway_multiplier=0.750,90.64,46.82926829268293,39.717563989408646,1.179056910569106,1.1790569105691058,7.111704303274287,33.747184889211724,POSITIVE_CAPABLE
S22,Wiring Harness Installation,final_assembly,MANUAL_ASSEMBLY,ARRIVAL_BURST,SUPERVISED,MODERATE,0.55,RAMP_BURST,0.8842926829268293,25.0,16.548984995586938,4,False,peak_headway_multiplier=0.750; expected_headway_multiplier=0.781,90.64,44.956097560975614,39.717563989408646,1.1318946341463416,1.1790569105691058,5.238533571566968,45.81434798903281,POSITIVE_CAPABLE
S22,Wiring Harness Installation,final_assembly,MANUAL_ASSEMBLY,VEHICLE_MIX_OVERLOAD,HARD_NEGATIVE,MODERATE,0.55,SUSTAINED_MIX,0.8842926829268293,45.0,29.788172992056488,4,False,shift_to_actual_highest_workload_variant=0.60; variant=EV,96.97599999999998,35.1219512195122,37.12258703184293,0.9461073170731708,0.9461073170731706,-2.000635812330735,,HARD_NEGATIVE
S22,Wiring Harness Installation,final_assembly,MANUAL_ASSEMBLY,ARRIVAL_BURST,SUPERVISED,SEVERE,0.9,STEP_BURST,0.8842926829268293,40.0,26.4783759929391,4,False,peak_headway_multiplier=0.600; expected_headway_multiplier=0.600,90.64,58.53658536585367,39.717563989408646,1.4738211382113824,1.4738211382113822,18.819021376445022,12.753054221002051,POSITIVE_CAPABLE
S22,Wiring Harness Installation,final_assembly,MANUAL_ASSEMBLY,ARRIVAL_BURST,SUPERVISED,SEVERE,0.9,RAMP_BURST,0.8842926829268293,40.0,26.4783759929391,4,False,peak_headway_multiplier=0.600; expected_headway_multiplier=0.650,90.64,54.03377110694185,39.717563989408646,1.3604502814258916,1.4738211382113822,14.316207117533203,16.76421680893884,POSITIVE_CAPABLE
S22,Wiring Harness Installation,final_assembly,MANUAL_ASSEMBLY,VEHICLE_MIX_OVERLOAD,HARD_NEGATIVE,SEVERE,0.9,SUSTAINED_MIX,0.8842926829268293,60.0,39.717563989408646,4,False,shift_to_actual_highest_workload_variant=0.90; variant=EV,100.14399999999999,35.1219512195122,35.94823454225915,0.9770146341463415,0.9770146341463414,-0.8262833227469528,,HARD_NEGATIVE
S23,Instrument Panel Installation,final_assembly,ROBOTIC_HANDLING_ASSEMBLY,ARRIVAL_BURST,SUPERVISED,MILD,0.25,STEP_BURST,0.3902439024390244,15.0,22.5,4,False,peak_headway_multiplier=0.900; expected_headway_multiplier=0.900,40.0,39.02439024390244,90.0,0.4336043360433604,0.43360433604336046,-50.97560975609756,,INCAPABLE
S23,Instrument Panel Installation,final_assembly,ROBOTIC_HANDLING_ASSEMBLY,ARRIVAL_BURST,SUPERVISED,MILD,0.25,RAMP_BURST,0.3902439024390244,15.0,22.5,4,False,peak_headway_multiplier=0.900; expected_headway_multiplier=0.912,40.0,38.489809555629805,90.0,0.42766455061810893,0.43360433604336046,-51.510190444370195,,INCAPABLE
S23,Instrument Panel Installation,final_assembly,ROBOTIC_HANDLING_ASSEMBLY,VEHICLE_MIX_OVERLOAD,HARD_NEGATIVE,MILD,0.25,SUSTAINED_MIX,0.3902439024390244,30.0,45.0,4,False,shift_to_actual_highest_workload_variant=0.25; variant=ICE_SEDAN,40.0,35.1219512195122,90.0,0.3902439024390244,0.3902439024390244,-54.8780487804878,,INCAPABLE
S23,Instrument Panel Installation,final_assembly,ROBOTIC_HANDLING_ASSEMBLY,ARRIVAL_BURST,SUPERVISED,MODERATE,0.55,STEP_BURST,0.3902439024390244,25.0,37.5,4,False,peak_headway_multiplier=0.750; expected_headway_multiplier=0.750,40.0,46.82926829268293,90.0,0.5203252032520326,0.5203252032520326,-43.17073170731707,,INCAPABLE
S23,Instrument Panel Installation,final_assembly,ROBOTIC_HANDLING_ASSEMBLY,ARRIVAL_BURST,SUPERVISED,MODERATE,0.55,RAMP_BURST,0.3902439024390244,25.0,37.5,4,False,peak_headway_multiplier=0.750; expected_headway_multiplier=0.781,40.0,44.956097560975614,90.0,0.4995121951219513,0.5203252032520326,-45.043902439024386,,INCAPABLE
S23,Instrument Panel Installation,final_assembly,ROBOTIC_HANDLING_ASSEMBLY,VEHICLE_MIX_OVERLOAD,HARD_NEGATIVE,MODERATE,0.55,SUSTAINED_MIX,0.3902439024390244,45.0,67.5,4,False,shift_to_actual_highest_workload_variant=0.60; variant=ICE_SEDAN,40.0,35.1219512195122,90.0,0.3902439024390244,0.3902439024390244,-54.8780487804878,,INCAPABLE
S23,Instrument Panel Installation,final_assembly,ROBOTIC_HANDLING_ASSEMBLY,ARRIVAL_BURST,SUPERVISED,SEVERE,0.9,STEP_BURST,0.3902439024390244,40.0,60.0,4,False,peak_headway_multiplier=0.600; expected_headway_multiplier=0.600,40.0,58.53658536585367,90.0,0.6504065040650407,0.6504065040650407,-31.463414634146332,,INCAPABLE
S23,Instrument Panel Installation,final_assembly,ROBOTIC_HANDLING_ASSEMBLY,ARRIVAL_BURST,SUPERVISED,SEVERE,0.9,RAMP_BURST,0.3902439024390244,40.0,60.0,4,False,peak_headway_multiplier=0.600; expected_headway_multiplier=0.650,40.0,54.03377110694185,90.0,0.6003752345215762,0.6504065040650407,-35.96622889305815,,INCAPABLE
S23,Instrument Panel Installation,final_assembly,ROBOTIC_HANDLING_ASSEMBLY,VEHICLE_MIX_OVERLOAD,HARD_NEGATIVE,SEVERE,0.9,SUSTAINED_MIX,0.3902439024390244,60.0,90.0,4,False,shift_to_actual_highest_workload_variant=0.90; variant=ICE_SEDAN,40.0,35.1219512195122,90.0,0.3902439024390244,0.3902439024390244,-54.8780487804878,,INCAPABLE
S24,HVAC / Interior Module Installation,final_assembly,MANUAL_ASSEMBLY,ARRIVAL_BURST,SUPERVISED,MILD,0.25,STEP_BURST,0.7317073170731707,15.0,12.0,3,False,peak_headway_multiplier=0.900; expected_headway_multiplier=0.900,75.0,39.02439024390244,48.0,0.8130081300813008,0.8130081300813008,-8.975609756097562,,INCAPABLE
S24,HVAC / Interior Module Installation,final_assembly,MANUAL_ASSEMBLY,ARRIVAL_BURST,SUPERVISED,MILD,0.25,RAMP_BURST,0.7317073170731707,15.0,12.0,3,False,peak_headway_multiplier=0.900; expected_headway_multiplier=0.912,75.0,38.489809555629805,48.0,0.8018710324089543,0.8130081300813008,-9.510190444370195,,INCAPABLE
S24,HVAC / Interior Module Installation,final_assembly,MANUAL_ASSEMBLY,VEHICLE_MIX_OVERLOAD,HARD_NEGATIVE,MILD,0.25,SUSTAINED_MIX,0.7317073170731707,30.0,24.0,3,False,shift_to_actual_highest_workload_variant=0.25; variant=ICE_SEDAN,75.0,35.1219512195122,48.0,0.7317073170731708,0.7317073170731707,-12.878048780487802,,INCAPABLE
S24,HVAC / Interior Module Installation,final_assembly,MANUAL_ASSEMBLY,ARRIVAL_BURST,SUPERVISED,MODERATE,0.55,STEP_BURST,0.7317073170731707,25.0,20.0,3,False,peak_headway_multiplier=0.750; expected_headway_multiplier=0.750,75.0,46.82926829268293,48.0,0.9756097560975611,0.975609756097561,-1.170731707317067,,HARD_NEGATIVE
S24,HVAC / Interior Module Installation,final_assembly,MANUAL_ASSEMBLY,ARRIVAL_BURST,SUPERVISED,MODERATE,0.55,RAMP_BURST,0.7317073170731707,25.0,20.0,3,False,peak_headway_multiplier=0.750; expected_headway_multiplier=0.781,75.0,44.956097560975614,48.0,0.9365853658536586,0.975609756097561,-3.043902439024386,,HARD_NEGATIVE
S24,HVAC / Interior Module Installation,final_assembly,MANUAL_ASSEMBLY,VEHICLE_MIX_OVERLOAD,HARD_NEGATIVE,MODERATE,0.55,SUSTAINED_MIX,0.7317073170731707,45.0,36.0,3,False,shift_to_actual_highest_workload_variant=0.60; variant=ICE_SEDAN,75.0,35.1219512195122,48.0,0.7317073170731708,0.7317073170731707,-12.878048780487802,,INCAPABLE
S24,HVAC / Interior Module Installation,final_assembly,MANUAL_ASSEMBLY,ARRIVAL_BURST,SUPERVISED,SEVERE,0.9,STEP_BURST,0.7317073170731707,40.0,32.0,3,False,peak_headway_multiplier=0.600; expected_headway_multiplier=0.600,75.0,58.53658536585367,48.0,1.2195121951219514,1.2195121951219512,10.536585365853668,17.083333333333318,POSITIVE_CAPABLE
S24,HVAC / Interior Module Installation,final_assembly,MANUAL_ASSEMBLY,ARRIVAL_BURST,SUPERVISED,SEVERE,0.9,RAMP_BURST,0.7317073170731707,40.0,32.0,3,False,peak_headway_multiplier=0.600; expected_headway_multiplier=0.650,75.0,54.03377110694185,48.0,1.1257035647279552,1.2195121951219512,6.033771106941849,29.832089552238756,POSITIVE_CAPABLE
S24,HVAC / Interior Module Installation,final_assembly,MANUAL_ASSEMBLY,VEHICLE_MIX_OVERLOAD,HARD_NEGATIVE,SEVERE,0.9,SUSTAINED_MIX,0.7317073170731707,60.0,48.0,3,False,shift_to_actual_highest_workload_variant=0.90; variant=ICE_SEDAN,75.0,35.1219512195122,48.0,0.7317073170731708,0.7317073170731707,-12.878048780487802,,INCAPABLE
S25,Glass Installation / Sealing,final_assembly,ADHESIVE_SEALING,ARRIVAL_BURST,SUPERVISED,MILD,0.25,STEP_BURST,0.35121951219512193,15.0,25.0,4,False,peak_headway_multiplier=0.900; expected_headway_multiplier=0.900,36.0,39.02439024390244,100.0,0.3902439024390244,0.39024390243902435,-60.97560975609756,,INCAPABLE
S25,Glass Installation / Sealing,final_assembly,ADHESIVE_SEALING,ARRIVAL_BURST,SUPERVISED,MILD,0.25,RAMP_BURST,0.35121951219512193,15.0,25.0,4,False,peak_headway_multiplier=0.900; expected_headway_multiplier=0.912,36.0,38.489809555629805,100.0,0.38489809555629806,0.39024390243902435,-61.510190444370195,,INCAPABLE
S25,Glass Installation / Sealing,final_assembly,ADHESIVE_SEALING,VEHICLE_MIX_OVERLOAD,HARD_NEGATIVE,MILD,0.25,SUSTAINED_MIX,0.35121951219512193,30.0,50.0,4,False,shift_to_actual_highest_workload_variant=0.25; variant=ICE_SEDAN,36.0,35.1219512195122,100.0,0.351219512195122,0.35121951219512193,-64.8780487804878,,INCAPABLE
S25,Glass Installation / Sealing,final_assembly,ADHESIVE_SEALING,ARRIVAL_BURST,SUPERVISED,MODERATE,0.55,STEP_BURST,0.35121951219512193,25.0,41.666666666666664,4,False,peak_headway_multiplier=0.750; expected_headway_multiplier=0.750,36.0,46.82926829268293,100.0,0.46829268292682935,0.46829268292682924,-53.17073170731707,,INCAPABLE
S25,Glass Installation / Sealing,final_assembly,ADHESIVE_SEALING,ARRIVAL_BURST,SUPERVISED,MODERATE,0.55,RAMP_BURST,0.35121951219512193,25.0,41.666666666666664,4,False,peak_headway_multiplier=0.750; expected_headway_multiplier=0.781,36.0,44.956097560975614,100.0,0.44956097560975616,0.46829268292682924,-55.043902439024386,,INCAPABLE
S25,Glass Installation / Sealing,final_assembly,ADHESIVE_SEALING,VEHICLE_MIX_OVERLOAD,HARD_NEGATIVE,MODERATE,0.55,SUSTAINED_MIX,0.35121951219512193,45.0,75.0,4,False,shift_to_actual_highest_workload_variant=0.60; variant=ICE_SEDAN,36.0,35.1219512195122,100.0,0.351219512195122,0.35121951219512193,-64.8780487804878,,INCAPABLE
S25,Glass Installation / Sealing,final_assembly,ADHESIVE_SEALING,ARRIVAL_BURST,SUPERVISED,SEVERE,0.9,STEP_BURST,0.35121951219512193,40.0,66.66666666666667,4,False,peak_headway_multiplier=0.600; expected_headway_multiplier=0.600,36.0,58.53658536585367,100.0,0.5853658536585367,0.5853658536585366,-41.46341463414633,,INCAPABLE
S25,Glass Installation / Sealing,final_assembly,ADHESIVE_SEALING,ARRIVAL_BURST,SUPERVISED,SEVERE,0.9,RAMP_BURST,0.35121951219512193,40.0,66.66666666666667,4,False,peak_headway_multiplier=0.600; expected_headway_multiplier=0.650,36.0,54.03377110694185,100.0,0.5403377110694185,0.5853658536585366,-45.96622889305815,,INCAPABLE
S25,Glass Installation / Sealing,final_assembly,ADHESIVE_SEALING,VEHICLE_MIX_OVERLOAD,HARD_NEGATIVE,SEVERE,0.9,SUSTAINED_MIX,0.35121951219512193,60.0,100.0,4,False,shift_to_actual_highest_workload_variant=0.90; variant=ICE_SEDAN,36.0,35.1219512195122,100.0,0.351219512195122,0.35121951219512193,-64.8780487804878,,INCAPABLE
S26,Powertrain / Battery Pack Marriage,final_assembly,ROBOTIC_HANDLING_ASSEMBLY,ARRIVAL_BURST,SUPERVISED,MILD,0.25,STEP_BURST,0.7551219512195121,15.0,11.627906976744187,4,False,peak_headway_multiplier=0.900; expected_headway_multiplier=0.900,77.39999999999999,39.02439024390244,46.51162790697675,0.8390243902439023,0.8390243902439023,-7.4872376630743105,,INCAPABLE
S26,Powertrain / Battery Pack Marriage,final_assembly,ROBOTIC_HANDLING_ASSEMBLY,ARRIVAL_BURST,SUPERVISED,MILD,0.25,RAMP_BURST,0.7551219512195121,15.0,11.627906976744187,4,False,peak_headway_multiplier=0.900; expected_headway_multiplier=0.912,77.39999999999999,38.489809555629805,46.51162790697675,0.8275309054460407,0.8390243902439023,-8.021818351346944,,INCAPABLE
S26,Powertrain / Battery Pack Marriage,final_assembly,ROBOTIC_HANDLING_ASSEMBLY,VEHICLE_MIX_OVERLOAD,HARD_NEGATIVE,MILD,0.25,SUSTAINED_MIX,0.7551219512195121,30.0,23.255813953488374,4,False,shift_to_actual_highest_workload_variant=0.25; variant=EV,79.64999999999999,35.1219512195122,45.19774011299435,0.7770731707317073,0.7770731707317072,-10.075788893482155,,INCAPABLE
S26,Powertrain / Battery Pack Marriage,final_assembly,ROBOTIC_HANDLING_ASSEMBLY,ARRIVAL_BURST,SUPERVISED,MODERATE,0.55,STEP_BURST,0.7551219512195121,25.0,19.379844961240313,4,False,peak_headway_multiplier=0.750; expected_headway_multiplier=0.750,77.39999999999999,46.82926829268293,46.51162790697675,1.006829268292683,1.0068292682926827,0.31764038570618425,755.5714285714248,BORDERLINE
S26,Powertrain / Battery Pack Marriage,final_assembly,ROBOTIC_HANDLING_ASSEMBLY,ARRIVAL_BURST,SUPERVISED,MODERATE,0.55,RAMP_BURST,0.7551219512195121,25.0,19.379844961240313,4,False,peak_headway_multiplier=0.750; expected_headway_multiplier=0.781,77.39999999999999,44.956097560975614,46.51162790697675,0.9665560975609756,1.0068292682926827,-1.5555303460011345,,BORDERLINE
S26,Powertrain / Battery Pack Marriage,final_assembly,ROBOTIC_HANDLING_ASSEMBLY,VEHICLE_MIX_OVERLOAD,HARD_NEGATIVE,MODERATE,0.55,SUSTAINED_MIX,0.7551219512195121,45.0,34.88372093023256,4,False,shift_to_actual_highest_workload_variant=0.60; variant=EV,82.79999999999998,35.1219512195122,43.478260869565226,0.8078048780487804,0.8078048780487803,-8.356309650053028,,INCAPABLE
S26,Powertrain / Battery Pack Marriage,final_assembly,ROBOTIC_HANDLING_ASSEMBLY,ARRIVAL_BURST,SUPERVISED,SEVERE,0.9,STEP_BURST,0.7551219512195121,40.0,31.007751937984498,4,False,peak_headway_multiplier=0.600; expected_headway_multiplier=0.600,77.39999999999999,58.53658536585367,46.51162790697675,1.2585365853658537,1.2585365853658534,12.02495745887692,19.958490566037728,POSITIVE_CAPABLE
S26,Powertrain / Battery Pack Marriage,final_assembly,ROBOTIC_HANDLING_ASSEMBLY,ARRIVAL_BURST,SUPERVISED,SEVERE,0.9,RAMP_BURST,0.7551219512195121,40.0,31.007751937984498,4,False,peak_headway_multiplier=0.600; expected_headway_multiplier=0.650,77.39999999999999,54.03377110694185,46.51162790697675,1.1617260787992496,1.2585365853658534,7.5221431999651,31.905800464037096,POSITIVE_CAPABLE
S26,Powertrain / Battery Pack Marriage,final_assembly,ROBOTIC_HANDLING_ASSEMBLY,VEHICLE_MIX_OVERLOAD,HARD_NEGATIVE,SEVERE,0.9,SUSTAINED_MIX,0.7551219512195121,60.0,46.51162790697675,4,False,shift_to_actual_highest_workload_variant=0.90; variant=EV,85.5,35.1219512195122,42.10526315789474,0.8341463414634146,0.8341463414634146,-6.983311938382542,,INCAPABLE
S27,Powertrain / Battery Pack Mounting Fastening,final_assembly,TORQUE_FASTENING,ARRIVAL_BURST,SUPERVISED,MILD,0.25,STEP_BURST,0.21839024390243905,15.0,40.20549475094929,5,False,peak_headway_multiplier=0.900; expected_headway_multiplier=0.900,22.385,39.02439024390244,160.82197900379717,0.2426558265582656,0.24265582655826562,-121.79758875989472,,INCAPABLE
S27,Powertrain / Battery Pack Mounting Fastening,final_assembly,TORQUE_FASTENING,ARRIVAL_BURST,SUPERVISED,MILD,0.25,RAMP_BURST,0.21839024390243905,15.0,40.20549475094929,5,False,peak_headway_multiplier=0.900; expected_headway_multiplier=0.912,22.385,38.489809555629805,160.82197900379717,0.23933177413965925,0.24265582655826562,-122.33216944816736,,INCAPABLE
S27,Powertrain / Battery Pack Mounting Fastening,final_assembly,TORQUE_FASTENING,VEHICLE_MIX_OVERLOAD,HARD_NEGATIVE,MILD,0.25,SUSTAINED_MIX,0.21839024390243905,30.0,80.41098950189858,5,False,shift_to_actual_highest_workload_variant=0.25; variant=ICE_SUV,22.56375,35.1219512195122,159.54794748213396,0.22013414634146342,0.22013414634146342,-124.42599626262177,,INCAPABLE
S27,Powertrain / Battery Pack Mounting Fastening,final_assembly,TORQUE_FASTENING,ARRIVAL_BURST,SUPERVISED,MODERATE,0.55,STEP_BURST,0.21839024390243905,25.0,67.00915791824882,5,False,peak_headway_multiplier=0.750; expected_headway_multiplier=0.750,22.385,46.82926829268293,160.82197900379717,0.29118699186991875,0.29118699186991875,-113.99271071111423,,INCAPABLE
S27,Powertrain / Battery Pack Mounting Fastening,final_assembly,TORQUE_FASTENING,ARRIVAL_BURST,SUPERVISED,MODERATE,0.55,RAMP_BURST,0.21839024390243905,25.0,67.00915791824882,5,False,peak_headway_multiplier=0.750; expected_headway_multiplier=0.781,22.385,44.956097560975614,160.82197900379717,0.279539512195122,0.29118699186991875,-115.86588144282155,,INCAPABLE
S27,Powertrain / Battery Pack Mounting Fastening,final_assembly,TORQUE_FASTENING,VEHICLE_MIX_OVERLOAD,HARD_NEGATIVE,MODERATE,0.55,SUSTAINED_MIX,0.21839024390243905,45.0,120.61648425284788,5,False,shift_to_actual_highest_workload_variant=0.60; variant=ICE_SUV,22.814,35.1219512195122,157.79784342947312,0.2225756097560976,0.22257560975609755,-122.67589220996092,,INCAPABLE
S27,Powertrain / Battery Pack Mounting Fastening,final_assembly,TORQUE_FASTENING,ARRIVAL_BURST,SUPERVISED,SEVERE,0.9,STEP_BURST,0.21839024390243905,40.0,107.21465266919812,5,False,peak_headway_multiplier=0.600; expected_headway_multiplier=0.600,22.385,58.53658536585367,160.82197900379717,0.36398373983739846,0.36398373983739846,-102.2853936379435,,INCAPABLE
S27,Powertrain / Battery Pack Mounting Fastening,final_assembly,TORQUE_FASTENING,ARRIVAL_BURST,SUPERVISED,SEVERE,0.9,RAMP_BURST,0.21839024390243905,40.0,107.21465266919812,5,False,peak_headway_multiplier=0.600; expected_headway_multiplier=0.650,22.385,54.03377110694185,160.82197900379717,0.33598499061913706,0.36398373983739846,-106.78820789685531,,INCAPABLE
S27,Powertrain / Battery Pack Mounting Fastening,final_assembly,TORQUE_FASTENING,VEHICLE_MIX_OVERLOAD,HARD_NEGATIVE,SEVERE,0.9,SUSTAINED_MIX,0.21839024390243905,60.0,160.82197900379717,5,False,shift_to_actual_highest_workload_variant=0.90; variant=ICE_SUV,23.0285,35.1219512195122,156.3280283127429,0.22466829268292685,0.22466829268292685,-121.2060770932307,,INCAPABLE
S28,Suspension / Chassis Fastening,final_assembly,TORQUE_FASTENING,ARRIVAL_BURST,SUPERVISED,MILD,0.25,STEP_BURST,0.25809756097560976,15.0,34.02003402003402,4,False,peak_headway_multiplier=0.900; expected_headway_multiplier=0.900,26.455000000000002,39.02439024390244,136.08013608013607,0.2867750677506775,0.2867750677506775,-97.05574583623363,,INCAPABLE
S28,Suspension / Chassis Fastening,final_assembly,TORQUE_FASTENING,ARRIVAL_BURST,SUPERVISED,MILD,0.25,RAMP_BURST,0.25809756097560976,15.0,34.02003402003402,4,False,peak_headway_multiplier=0.900; expected_headway_multiplier=0.912,26.455000000000002,38.489809555629805,136.08013608013607,0.28284664216505184,0.2867750677506775,-97.59032652450627,,INCAPABLE
S28,Suspension / Chassis Fastening,final_assembly,TORQUE_FASTENING,VEHICLE_MIX_OVERLOAD,HARD_NEGATIVE,MILD,0.25,SUSTAINED_MIX,0.25809756097560976,30.0,68.04006804006804,4,False,shift_to_actual_highest_workload_variant=0.25; variant=ICE_SUV,26.666249999999998,35.1219512195122,135.00210940795952,0.2601585365853658,0.2601585365853658,-99.88015818844733,,INCAPABLE
S28,Suspension / Chassis Fastening,final_assembly,TORQUE_FASTENING,ARRIVAL_BURST,SUPERVISED,MODERATE,0.55,STEP_BURST,0.25809756097560976,25.0,56.7000567000567,4,False,peak_headway_multiplier=0.750; expected_headway_multiplier=0.750,26.455000000000002,46.82926829268293,136.08013608013607,0.3441300813008131,0.344130081300813,-89.25086778745313,,INCAPABLE
S28,Suspension / Chassis Fastening,final_assembly,TORQUE_FASTENING,ARRIVAL_BURST,SUPERVISED,MODERATE,0.55,RAMP_BURST,0.25809756097560976,25.0,56.7000567000567,4,False,peak_headway_multiplier=0.750; expected_headway_multiplier=0.781,26.455000000000002,44.956097560975614,136.08013608013607,0.33036487804878056,0.344130081300813,-91.12403851916045,,INCAPABLE
S28,Suspension / Chassis Fastening,final_assembly,TORQUE_FASTENING,VEHICLE_MIX_OVERLOAD,HARD_NEGATIVE,MODERATE,0.55,SUSTAINED_MIX,0.25809756097560976,45.0,102.06010206010205,4,False,shift_to_actual_highest_workload_variant=0.60; variant=ICE_SUV,26.962000000000003,35.1219512195122,133.5212521326311,0.2630439024390244,0.2630439024390244,-98.3993009131189,,INCAPABLE
S28,Suspension / Chassis Fastening,final_assembly,TORQUE_FASTENING,ARRIVAL_BURST,SUPERVISED,SEVERE,0.9,STEP_BURST,0.25809756097560976,40.0,90.72009072009071,4,False,peak_headway_multiplier=0.600; expected_headway_multiplier=0.600,26.455000000000002,58.53658536585367,136.08013608013607,0.4301626016260164,0.43016260162601627,-77.5435507142824,,INCAPABLE
S28,Suspension / Chassis Fastening,final_assembly,TORQUE_FASTENING,ARRIVAL_BURST,SUPERVISED,SEVERE,0.9,RAMP_BURST,0.25809756097560976,40.0,90.72009072009071,4,False,peak_headway_multiplier=0.600; expected_headway_multiplier=0.650,26.455000000000002,54.03377110694185,136.08013608013607,0.3970731707317074,0.43016260162601627,-82.04636497319422,,INCAPABLE
S28,Suspension / Chassis Fastening,final_assembly,TORQUE_FASTENING,VEHICLE_MIX_OVERLOAD,HARD_NEGATIVE,SEVERE,0.9,SUSTAINED_MIX,0.25809756097560976,60.0,136.08013608013607,4,False,shift_to_actual_highest_workload_variant=0.90; variant=ICE_SUV,27.215500000000002,35.1219512195122,132.27756241847476,0.26551707317073175,0.26551707317073175,-97.15561119896256,,INCAPABLE
S29,Seat Installation,final_assembly,MANUAL_ASSEMBLY,ARRIVAL_BURST,SUPERVISED,MILD,0.25,STEP_BURST,0.5365853658536586,15.0,16.363636363636363,4,False,peak_headway_multiplier=0.900; expected_headway_multiplier=0.900,55.0,39.02439024390244,65.45454545454545,0.5962059620596206,0.5962059620596206,-26.430155210643015,,INCAPABLE
S29,Seat Installation,final_assembly,MANUAL_ASSEMBLY,ARRIVAL_BURST,SUPERVISED,MILD,0.25,RAMP_BURST,0.5365853658536586,15.0,16.363636363636363,4,False,peak_headway_multiplier=0.900; expected_headway_multiplier=0.912,55.0,38.489809555629805,65.45454545454545,0.5880387570998998,0.5962059620596206,-26.96473589891565,,INCAPABLE
S29,Seat Installation,final_assembly,MANUAL_ASSEMBLY,VEHICLE_MIX_OVERLOAD,HARD_NEGATIVE,MILD,0.25,SUSTAINED_MIX,0.5365853658536586,30.0,32.72727272727273,4,False,shift_to_actual_highest_workload_variant=0.25; variant=ICE_SEDAN,55.0,35.1219512195122,65.45454545454545,0.5365853658536586,0.5365853658536586,-30.332594235033255,,INCAPABLE
S29,Seat Installation,final_assembly,MANUAL_ASSEMBLY,ARRIVAL_BURST,SUPERVISED,MODERATE,0.55,STEP_BURST,0.5365853658536586,25.0,27.272727272727273,4,False,peak_headway_multiplier=0.750; expected_headway_multiplier=0.750,55.0,46.82926829268293,65.45454545454545,0.7154471544715448,0.7154471544715447,-18.62527716186252,,INCAPABLE
S29,Seat Installation,final_assembly,MANUAL_ASSEMBLY,ARRIVAL_BURST,SUPERVISED,MODERATE,0.55,RAMP_BURST,0.5365853658536586,25.0,27.272727272727273,4,False,peak_headway_multiplier=0.750; expected_headway_multiplier=0.781,55.0,44.956097560975614,65.45454545454545,0.686829268292683,0.7154471544715447,-20.49844789356984,,INCAPABLE
S29,Seat Installation,final_assembly,MANUAL_ASSEMBLY,VEHICLE_MIX_OVERLOAD,HARD_NEGATIVE,MODERATE,0.55,SUSTAINED_MIX,0.5365853658536586,45.0,49.09090909090909,4,False,shift_to_actual_highest_workload_variant=0.60; variant=ICE_SEDAN,55.0,35.1219512195122,65.45454545454545,0.5365853658536586,0.5365853658536586,-30.332594235033255,,INCAPABLE
S29,Seat Installation,final_assembly,MANUAL_ASSEMBLY,ARRIVAL_BURST,SUPERVISED,SEVERE,0.9,STEP_BURST,0.5365853658536586,40.0,43.63636363636363,4,False,peak_headway_multiplier=0.600; expected_headway_multiplier=0.600,55.0,58.53658536585367,65.45454545454545,0.8943089430894311,0.894308943089431,-6.917960088691785,,INCAPABLE
S29,Seat Installation,final_assembly,MANUAL_ASSEMBLY,ARRIVAL_BURST,SUPERVISED,SEVERE,0.9,RAMP_BURST,0.5365853658536586,40.0,43.63636363636363,4,False,peak_headway_multiplier=0.600; expected_headway_multiplier=0.650,55.0,54.03377110694185,65.45454545454545,0.8255159474671672,0.894308943089431,-11.420774347603604,,INCAPABLE
S29,Seat Installation,final_assembly,MANUAL_ASSEMBLY,VEHICLE_MIX_OVERLOAD,HARD_NEGATIVE,SEVERE,0.9,SUSTAINED_MIX,0.5365853658536586,60.0,65.45454545454545,4,False,shift_to_actual_highest_workload_variant=0.90; variant=ICE_SEDAN,55.0,35.1219512195122,65.45454545454545,0.5365853658536586,0.5365853658536586,-30.332594235033255,,INCAPABLE
S30,Seat Torque Verification,final_assembly,TORQUE_FASTENING,ARRIVAL_BURST,SUPERVISED,MILD,0.25,STEP_BURST,0.1786829268292683,15.0,49.140049140049136,4,False,peak_headway_multiplier=0.900; expected_headway_multiplier=0.900,18.315,39.02439024390244,196.56019656019654,0.19853658536585367,0.19853658536585367,-157.5358063162941,,INCAPABLE
S30,Seat Torque Verification,final_assembly,TORQUE_FASTENING,ARRIVAL_BURST,SUPERVISED,MILD,0.25,RAMP_BURST,0.1786829268292683,15.0,49.140049140049136,4,False,peak_headway_multiplier=0.900; expected_headway_multiplier=0.912,18.315,38.489809555629805,196.56019656019654,0.19581690611426664,0.19853658536585367,-158.07038700456673,,INCAPABLE
S30,Seat Torque Verification,final_assembly,TORQUE_FASTENING,VEHICLE_MIX_OVERLOAD,HARD_NEGATIVE,MILD,0.25,SUSTAINED_MIX,0.1786829268292683,30.0,98.28009828009827,4,False,shift_to_actual_highest_workload_variant=0.25; variant=ICE_SUV,18.46125,35.1219512195122,195.00304692260818,0.18010975609756097,0.18010975609756097,-159.88109570309598,,INCAPABLE
S30,Seat Torque Verification,final_assembly,TORQUE_FASTENING,ARRIVAL_BURST,SUPERVISED,MODERATE,0.55,STEP_BURST,0.1786829268292683,25.0,81.9000819000819,4,False,peak_headway_multiplier=0.750; expected_headway_multiplier=0.750,18.315,46.82926829268293,196.56019656019654,0.23824390243902444,0.2382439024390244,-149.7309282675136,,INCAPABLE
S30,Seat Torque Verification,final_assembly,TORQUE_FASTENING,ARRIVAL_BURST,SUPERVISED,MODERATE,0.55,RAMP_BURST,0.1786829268292683,25.0,81.9000819000819,4,False,peak_headway_multiplier=0.750; expected_headway_multiplier=0.781,18.315,44.956097560975614,196.56019656019654,0.22871414634146345,0.2382439024390244,-151.60409899922092,,INCAPABLE
S30,Seat Torque Verification,final_assembly,TORQUE_FASTENING,VEHICLE_MIX_OVERLOAD,HARD_NEGATIVE,MODERATE,0.55,SUSTAINED_MIX,0.1786829268292683,45.0,147.4201474201474,4,False,shift_to_actual_highest_workload_variant=0.60; variant=ICE_SUV,18.666,35.1219512195122,192.86403085824494,0.18210731707317074,0.18210731707317074,-157.74207963873275,,INCAPABLE
S30,Seat Torque Verification,final_assembly,TORQUE_FASTENING,ARRIVAL_BURST,SUPERVISED,SEVERE,0.9,STEP_BURST,0.1786829268292683,40.0,131.04013104013103,4,False,peak_headway_multiplier=0.600; expected_headway_multiplier=0.600,18.315,58.53658536585367,196.56019656019654,0.2978048780487806,0.29780487804878053,-138.0236111943429,,INCAPABLE
S30,Seat Torque Verification,final_assembly,TORQUE_FASTENING,ARRIVAL_BURST,SUPERVISED,SEVERE,0.9,RAMP_BURST,0.1786829268292683,40.0,131.04013104013103,4,False,peak_headway_multiplier=0.600; expected_headway_multiplier=0.650,18.315,54.03377110694185,196.56019656019654,0.27489681050656667,0.29780487804878053,-142.5264254532547,,INCAPABLE
S30,Seat Torque Verification,final_assembly,TORQUE_FASTENING,VEHICLE_MIX_OVERLOAD,HARD_NEGATIVE,SEVERE,0.9,SUSTAINED_MIX,0.1786829268292683,60.0,196.56019656019654,4,False,shift_to_actual_highest_workload_variant=0.90; variant=ICE_SUV,18.8415,35.1219512195122,191.0675901600191,0.18381951219512196,0.18381951219512194,-155.9456389405069,,INCAPABLE
S31,Wheel Installation,final_assembly,ROBOTIC_HANDLING_ASSEMBLY,ARRIVAL_BURST,SUPERVISED,MILD,0.25,STEP_BURST,0.1951219512195122,15.0,45.0,4,False,peak_headway_multiplier=0.900; expected_headway_multiplier=0.900,20.0,39.02439024390244,180.0,0.2168021680216802,0.21680216802168023,-140.97560975609755,,INCAPABLE
S31,Wheel Installation,final_assembly,ROBOTIC_HANDLING_ASSEMBLY,ARRIVAL_BURST,SUPERVISED,MILD,0.25,RAMP_BURST,0.1951219512195122,15.0,45.0,4,False,peak_headway_multiplier=0.900; expected_headway_multiplier=0.912,20.0,38.489809555629805,180.0,0.21383227530905446,0.21680216802168023,-141.5101904443702,,INCAPABLE
S31,Wheel Installation,final_assembly,ROBOTIC_HANDLING_ASSEMBLY,VEHICLE_MIX_OVERLOAD,HARD_NEGATIVE,MILD,0.25,SUSTAINED_MIX,0.1951219512195122,30.0,90.0,4,False,shift_to_actual_highest_workload_variant=0.25; variant=ICE_SEDAN,20.0,35.1219512195122,180.0,0.1951219512195122,0.1951219512195122,-144.8780487804878,,INCAPABLE
S31,Wheel Installation,final_assembly,ROBOTIC_HANDLING_ASSEMBLY,ARRIVAL_BURST,SUPERVISED,MODERATE,0.55,STEP_BURST,0.1951219512195122,25.0,75.0,4,False,peak_headway_multiplier=0.750; expected_headway_multiplier=0.750,20.0,46.82926829268293,180.0,0.2601626016260163,0.2601626016260163,-133.17073170731706,,INCAPABLE
S31,Wheel Installation,final_assembly,ROBOTIC_HANDLING_ASSEMBLY,ARRIVAL_BURST,SUPERVISED,MODERATE,0.55,RAMP_BURST,0.1951219512195122,25.0,75.0,4,False,peak_headway_multiplier=0.750; expected_headway_multiplier=0.781,20.0,44.956097560975614,180.0,0.24975609756097564,0.2601626016260163,-135.04390243902438,,INCAPABLE
S31,Wheel Installation,final_assembly,ROBOTIC_HANDLING_ASSEMBLY,VEHICLE_MIX_OVERLOAD,HARD_NEGATIVE,MODERATE,0.55,SUSTAINED_MIX,0.1951219512195122,45.0,135.0,4,False,shift_to_actual_highest_workload_variant=0.60; variant=ICE_SEDAN,20.0,35.1219512195122,180.0,0.1951219512195122,0.1951219512195122,-144.8780487804878,,INCAPABLE
S31,Wheel Installation,final_assembly,ROBOTIC_HANDLING_ASSEMBLY,ARRIVAL_BURST,SUPERVISED,SEVERE,0.9,STEP_BURST,0.1951219512195122,40.0,120.0,4,False,peak_headway_multiplier=0.600; expected_headway_multiplier=0.600,20.0,58.53658536585367,180.0,0.3252032520325204,0.3252032520325204,-121.46341463414633,,INCAPABLE
S31,Wheel Installation,final_assembly,ROBOTIC_HANDLING_ASSEMBLY,ARRIVAL_BURST,SUPERVISED,SEVERE,0.9,RAMP_BURST,0.1951219512195122,40.0,120.0,4,False,peak_headway_multiplier=0.600; expected_headway_multiplier=0.650,20.0,54.03377110694185,180.0,0.3001876172607881,0.3252032520325204,-125.96622889305814,,INCAPABLE
S31,Wheel Installation,final_assembly,ROBOTIC_HANDLING_ASSEMBLY,VEHICLE_MIX_OVERLOAD,HARD_NEGATIVE,SEVERE,0.9,SUSTAINED_MIX,0.1951219512195122,60.0,180.0,4,False,shift_to_actual_highest_workload_variant=0.90; variant=ICE_SEDAN,20.0,35.1219512195122,180.0,0.1951219512195122,0.1951219512195122,-144.8780487804878,,INCAPABLE
S32,Wheel Torque,final_assembly,TORQUE_FASTENING,ARRIVAL_BURST,SUPERVISED,MILD,0.25,STEP_BURST,0.15882926829268293,15.0,55.28255528255528,4,False,peak_headway_multiplier=0.900; expected_headway_multiplier=0.900,16.28,39.02439024390244,221.13022113022112,0.1764769647696477,0.1764769647696477,-182.10583088631867,,INCAPABLE
S32,Wheel Torque,final_assembly,TORQUE_FASTENING,ARRIVAL_BURST,SUPERVISED,MILD,0.25,RAMP_BURST,0.15882926829268293,15.0,55.28255528255528,4,False,peak_headway_multiplier=0.900; expected_headway_multiplier=0.912,16.28,38.489809555629805,221.13022113022112,0.17405947210157036,0.1764769647696477,-182.64041157459133,,INCAPABLE
S32,Wheel Torque,final_assembly,TORQUE_FASTENING,VEHICLE_MIX_OVERLOAD,HARD_NEGATIVE,MILD,0.25,SUSTAINED_MIX,0.15882926829268293,30.0,110.56511056511056,4,False,shift_to_actual_highest_workload_variant=0.25; variant=ICE_SUV,16.41,35.1219512195122,219.37842778793419,0.16009756097560976,0.16009756097560976,-184.256476568422,,INCAPABLE
S32,Wheel Torque,final_assembly,TORQUE_FASTENING,ARRIVAL_BURST,SUPERVISED,MODERATE,0.55,STEP_BURST,0.15882926829268293,25.0,92.13759213759214,4,False,peak_headway_multiplier=0.750; expected_headway_multiplier=0.750,16.28,46.82926829268293,221.13022113022112,0.21177235772357728,0.21177235772357725,-174.30095283753818,,INCAPABLE
S32,Wheel Torque,final_assembly,TORQUE_FASTENING,ARRIVAL_BURST,SUPERVISED,MODERATE,0.55,RAMP_BURST,0.15882926829268293,25.0,92.13759213759214,4,False,peak_headway_multiplier=0.750; expected_headway_multiplier=0.781,16.28,44.956097560975614,221.13022113022112,0.20330146341463418,0.21177235772357725,-176.1741235692455,,INCAPABLE
S32,Wheel Torque,final_assembly,TORQUE_FASTENING,VEHICLE_MIX_OVERLOAD,HARD_NEGATIVE,MODERATE,0.55,SUSTAINED_MIX,0.15882926829268293,45.0,165.84766584766584,4,False,shift_to_actual_highest_workload_variant=0.60; variant=ICE_SUV,16.592000000000002,35.1219512195122,216.97203471552552,0.16187317073170734,0.16187317073170734,-181.85008349601333,,INCAPABLE
S32,Wheel Torque,final_assembly,TORQUE_FASTENING,ARRIVAL_BURST,SUPERVISED,SEVERE,0.9,STEP_BURST,0.15882926829268293,40.0,147.4201474201474,4,False,peak_headway_multiplier=0.600; expected_headway_multiplier=0.600,16.28,58.53658536585367,221.13022113022112,0.2647154471544716,0.26471544715447154,-162.59363576436743,,INCAPABLE
S32,Wheel Torque,final_assembly,TORQUE_FASTENING,ARRIVAL_BURST,SUPERVISED,SEVERE,0.9,RAMP_BURST,0.15882926829268293,40.0,147.4201474201474,4,False,peak_headway_multiplier=0.600; expected_headway_multiplier=0.650,16.28,54.03377110694185,221.13022113022112,0.24435272045028147,0.26471544715447154,-167.09645002327926,,INCAPABLE
S32,Wheel Torque,final_assembly,TORQUE_FASTENING,VEHICLE_MIX_OVERLOAD,HARD_NEGATIVE,SEVERE,0.9,SUSTAINED_MIX,0.15882926829268293,60.0,221.13022113022112,4,False,shift_to_actual_highest_workload_variant=0.90; variant=ICE_SUV,16.748,35.1219512195122,214.95103893002147,0.16339512195121955,0.16339512195121952,-179.82908771050927,,INCAPABLE
S33,Door / Closure Finishing,final_assembly,MANUAL_ASSEMBLY,ARRIVAL_BURST,SUPERVISED,MILD,0.25,STEP_BURST,0.5658536585365853,15.0,15.517241379310345,4,False,peak_headway_multiplier=0.900; expected_headway_multiplier=0.900,58.0,39.02439024390244,62.06896551724138,0.6287262872628726,0.6287262872628726,-23.044575273338943,,INCAPABLE
S33,Door / Closure Finishing,final_assembly,MANUAL_ASSEMBLY,ARRIVAL_BURST,SUPERVISED,MILD,0.25,RAMP_BURST,0.5658536585365853,15.0,15.517241379310345,4,False,peak_headway_multiplier=0.900; expected_headway_multiplier=0.912,58.0,38.489809555629805,62.06896551724138,0.6201135983962579,0.6287262872628726,-23.579155961611576,,INCAPABLE
S33,Door / Closure Finishing,final_assembly,MANUAL_ASSEMBLY,VEHICLE_MIX_OVERLOAD,HARD_NEGATIVE,MILD,0.25,SUSTAINED_MIX,0.5658536585365853,30.0,31.03448275862069,4,False,shift_to_actual_highest_workload_variant=0.25; variant=ICE_SEDAN,58.0,35.1219512195122,62.06896551724138,0.5658536585365854,0.5658536585365853,-26.947014297729183,,INCAPABLE
S33,Door / Closure Finishing,final_assembly,MANUAL_ASSEMBLY,ARRIVAL_BURST,SUPERVISED,MODERATE,0.55,STEP_BURST,0.5658536585365853,25.0,25.862068965517242,4,False,peak_headway_multiplier=0.750; expected_headway_multiplier=0.750,58.0,46.82926829268293,62.06896551724138,0.7544715447154472,0.7544715447154471,-15.239697224558448,,INCAPABLE
S33,Door / Closure Finishing,final_assembly,MANUAL_ASSEMBLY,ARRIVAL_BURST,SUPERVISED,MODERATE,0.55,RAMP_BURST,0.5658536585365853,25.0,25.862068965517242,4,False,peak_headway_multiplier=0.750; expected_headway_multiplier=0.781,58.0,44.956097560975614,62.06896551724138,0.7242926829268294,0.7544715447154471,-17.112867956265767,,INCAPABLE
S33,Door / Closure Finishing,final_assembly,MANUAL_ASSEMBLY,VEHICLE_MIX_OVERLOAD,HARD_NEGATIVE,MODERATE,0.55,SUSTAINED_MIX,0.5658536585365853,45.0,46.55172413793103,4,False,shift_to_actual_highest_workload_variant=0.60; variant=ICE_SEDAN,58.0,35.1219512195122,62.06896551724138,0.5658536585365854,0.5658536585365853,-26.947014297729183,,INCAPABLE
S33,Door / Closure Finishing,final_assembly,MANUAL_ASSEMBLY,ARRIVAL_BURST,SUPERVISED,SEVERE,0.9,STEP_BURST,0.5658536585365853,40.0,41.37931034482759,4,False,peak_headway_multiplier=0.600; expected_headway_multiplier=0.600,58.0,58.53658536585367,62.06896551724138,0.9430894308943091,0.9430894308943089,-3.532380151387713,,HARD_NEGATIVE
S33,Door / Closure Finishing,final_assembly,MANUAL_ASSEMBLY,ARRIVAL_BURST,SUPERVISED,SEVERE,0.9,RAMP_BURST,0.5658536585365853,40.0,41.37931034482759,4,False,peak_headway_multiplier=0.600; expected_headway_multiplier=0.650,58.0,54.03377110694185,62.06896551724138,0.8705440900562853,0.9430894308943089,-8.035194410299532,,HARD_NEGATIVE
S33,Door / Closure Finishing,final_assembly,MANUAL_ASSEMBLY,VEHICLE_MIX_OVERLOAD,HARD_NEGATIVE,SEVERE,0.9,SUSTAINED_MIX,0.5658536585365853,60.0,62.06896551724138,4,False,shift_to_actual_highest_workload_variant=0.90; variant=ICE_SEDAN,58.0,35.1219512195122,62.06896551724138,0.5658536585365854,0.5658536585365853,-26.947014297729183,,INCAPABLE
S34,Electrical Connection / System Check,final_assembly,MANUAL_ASSEMBLY,ARRIVAL_BURST,SUPERVISED,MILD,0.25,STEP_BURST,0.6634146341463415,15.0,13.235294117647058,3,False,peak_headway_multiplier=0.900; expected_headway_multiplier=0.900,68.0,39.02439024390244,52.94117647058823,0.7371273712737128,0.7371273712737128,-13.916786226685794,,INCAPABLE
S34,Electrical Connection / System Check,final_assembly,MANUAL_ASSEMBLY,ARRIVAL_BURST,SUPERVISED,MILD,0.25,RAMP_BURST,0.6634146341463415,15.0,13.235294117647058,3,False,peak_headway_multiplier=0.900; expected_headway_multiplier=0.912,68.0,38.489809555629805,52.94117647058823,0.7270297360507852,0.7371273712737128,-14.451366914958427,,INCAPABLE
S34,Electrical Connection / System Check,final_assembly,MANUAL_ASSEMBLY,VEHICLE_MIX_OVERLOAD,HARD_NEGATIVE,MILD,0.25,SUSTAINED_MIX,0.6634146341463415,30.0,26.470588235294116,3,False,shift_to_actual_highest_workload_variant=0.25; variant=ICE_SEDAN,68.0,35.1219512195122,52.94117647058823,0.6634146341463416,0.6634146341463415,-17.819225251076034,,INCAPABLE
S34,Electrical Connection / System Check,final_assembly,MANUAL_ASSEMBLY,ARRIVAL_BURST,SUPERVISED,MODERATE,0.55,STEP_BURST,0.6634146341463415,25.0,22.058823529411764,3,False,peak_headway_multiplier=0.750; expected_headway_multiplier=0.750,68.0,46.82926829268293,52.94117647058823,0.8845528455284555,0.8845528455284554,-6.111908177905299,,INCAPABLE
S34,Electrical Connection / System Check,final_assembly,MANUAL_ASSEMBLY,ARRIVAL_BURST,SUPERVISED,MODERATE,0.55,RAMP_BURST,0.6634146341463415,25.0,22.058823529411764,3,False,peak_headway_multiplier=0.750; expected_headway_multiplier=0.781,68.0,44.956097560975614,52.94117647058823,0.8491707317073172,0.8845528455284554,-7.985078909612618,,INCAPABLE
S34,Electrical Connection / System Check,final_assembly,MANUAL_ASSEMBLY,VEHICLE_MIX_OVERLOAD,HARD_NEGATIVE,MODERATE,0.55,SUSTAINED_MIX,0.6634146341463415,45.0,39.705882352941174,3,False,shift_to_actual_highest_workload_variant=0.60; variant=ICE_SEDAN,68.0,35.1219512195122,52.94117647058823,0.6634146341463416,0.6634146341463415,-17.819225251076034,,INCAPABLE
S34,Electrical Connection / System Check,final_assembly,MANUAL_ASSEMBLY,ARRIVAL_BURST,SUPERVISED,SEVERE,0.9,STEP_BURST,0.6634146341463415,40.0,35.294117647058826,3,False,peak_headway_multiplier=0.600; expected_headway_multiplier=0.600,68.0,58.53658536585367,52.94117647058823,1.1056910569105693,1.1056910569105691,5.595408895265436,32.1692307692307,POSITIVE_CAPABLE
S34,Electrical Connection / System Check,final_assembly,MANUAL_ASSEMBLY,ARRIVAL_BURST,SUPERVISED,SEVERE,0.9,RAMP_BURST,0.6634146341463415,40.0,35.294117647058826,3,False,peak_headway_multiplier=0.600; expected_headway_multiplier=0.650,68.0,54.03377110694185,52.94117647058823,1.0206378986866795,1.1056910569105691,1.092594636353617,164.74545454545247,BORDERLINE
S34,Electrical Connection / System Check,final_assembly,MANUAL_ASSEMBLY,VEHICLE_MIX_OVERLOAD,HARD_NEGATIVE,SEVERE,0.9,SUSTAINED_MIX,0.6634146341463415,60.0,52.94117647058823,3,False,shift_to_actual_highest_workload_variant=0.90; variant=ICE_SEDAN,68.0,35.1219512195122,52.94117647058823,0.6634146341463416,0.6634146341463415,-17.819225251076034,,INCAPABLE
S35,Fluid-Related Process / Preparation,final_assembly,FLUID_FILL_FUNCTIONAL,ARRIVAL_BURST,SUPERVISED,MILD,0.25,STEP_BURST,0.2965853658536585,15.0,23.684210526315795,5,False,peak_headway_multiplier=0.900; expected_headway_multiplier=0.900,37.99999999999999,31.21951219512195,94.73684210526318,0.32953929539295385,0.3295392953929539,-63.51732991014123,,INCAPABLE
S35,Fluid-Related Process / Preparation,final_assembly,FLUID_FILL_FUNCTIONAL,ARRIVAL_BURST,SUPERVISED,MILD,0.25,RAMP_BURST,0.2965853658536585,15.0,23.684210526315795,5,False,peak_headway_multiplier=0.900; expected_headway_multiplier=0.912,37.99999999999999,30.791847644503843,94.73684210526318,0.3250250584697627,0.3295392953929539,-63.94499446075933,,INCAPABLE
S35,Fluid-Related Process / Preparation,final_assembly,FLUID_FILL_FUNCTIONAL,VEHICLE_MIX_OVERLOAD,HARD_NEGATIVE,MILD,0.25,SUSTAINED_MIX,0.2965853658536585,30.0,47.36842105263159,5,False,shift_to_actual_highest_workload_variant=0.25; variant=ICE_SEDAN,38.0,29.853658536585368,94.73684210526316,0.3151219512195122,0.31512195121951214,-64.8831835686778,,INCAPABLE
S35,Fluid-Related Process / Preparation,final_assembly,FLUID_FILL_FUNCTIONAL,ARRIVAL_BURST,SUPERVISED,MODERATE,0.55,STEP_BURST,0.2965853658536585,25.0,39.47368421052632,5,False,peak_headway_multiplier=0.750; expected_headway_multiplier=0.750,37.99999999999999,37.46341463414634,94.73684210526318,0.3954471544715446,0.3954471544715447,-57.27342747111684,,INCAPABLE
S35,Fluid-Related Process / Preparation,final_assembly,FLUID_FILL_FUNCTIONAL,ARRIVAL_BURST,SUPERVISED,MODERATE,0.55,RAMP_BURST,0.2965853658536585,25.0,39.47368421052632,5,False,peak_headway_multiplier=0.750; expected_headway_multiplier=0.781,37.99999999999999,35.96487804878049,94.73684210526318,0.3796292682926829,0.3954471544715447,-58.77196405648269,,INCAPABLE
S35,Fluid-Related Process / Preparation,final_assembly,FLUID_FILL_FUNCTIONAL,VEHICLE_MIX_OVERLOAD,HARD_NEGATIVE,MODERATE,0.55,SUSTAINED_MIX,0.2965853658536585,45.0,71.05263157894738,5,False,shift_to_actual_highest_workload_variant=0.60; variant=ICE_SEDAN,38.0,32.31219512195123,94.73684210526316,0.3410731707317074,0.34107317073170734,-62.42464698331194,,INCAPABLE
S35,Fluid-Related Process / Preparation,final_assembly,FLUID_FILL_FUNCTIONAL,ARRIVAL_BURST,SUPERVISED,SEVERE,0.9,STEP_BURST,0.2965853658536585,40.0,63.15789473684212,5,False,peak_headway_multiplier=0.600; expected_headway_multiplier=0.600,37.99999999999999,46.829268292682926,94.73684210526318,0.4943089430894308,0.4943089430894309,-47.90757381258025,,INCAPABLE
S35,Fluid-Related Process / Preparation,final_assembly,FLUID_FILL_FUNCTIONAL,ARRIVAL_BURST,SUPERVISED,SEVERE,0.9,RAMP_BURST,0.2965853658536585,40.0,63.15789473684212,5,False,peak_headway_multiplier=0.600; expected_headway_multiplier=0.650,37.99999999999999,43.227016885553475,94.73684210526318,0.4562851782363977,0.4943089430894309,-51.509825219709704,,INCAPABLE
S35,Fluid-Related Process / Preparation,final_assembly,FLUID_FILL_FUNCTIONAL,VEHICLE_MIX_OVERLOAD,HARD_NEGATIVE,SEVERE,0.9,SUSTAINED_MIX,0.2965853658536585,60.0,94.73684210526318,5,False,shift_to_actual_highest_workload_variant=0.90; variant=ICE_SEDAN,38.0,34.41951219512196,94.73684210526316,0.36331707317073175,0.36331707317073175,-60.317329910141204,,INCAPABLE
S36,Variant-Specific ICE / EV Process,final_assembly,FLUID_FILL_FUNCTIONAL,ARRIVAL_BURST,SUPERVISED,MILD,0.25,STEP_BURST,0.429219512195122,15.0,20.45687009887487,4,False,peak_headway_multiplier=0.900; expected_headway_multiplier=0.900,43.995000000000005,39.02439024390244,81.82748039549948,0.47691056910569113,0.4769105691056911,-42.80309015159704,,INCAPABLE
S36,Variant-Specific ICE / EV Process,final_assembly,FLUID_FILL_FUNCTIONAL,ARRIVAL_BURST,SUPERVISED,MILD,0.25,RAMP_BURST,0.429219512195122,15.0,20.45687009887487,4,False,peak_headway_multiplier=0.900; expected_headway_multiplier=0.912,43.995000000000005,38.489809555629805,81.82748039549948,0.47037754761109263,0.4769105691056911,-43.33767083986967,,INCAPABLE
S36,Variant-Specific ICE / EV Process,final_assembly,FLUID_FILL_FUNCTIONAL,VEHICLE_MIX_OVERLOAD,HARD_NEGATIVE,MILD,0.25,SUSTAINED_MIX,0.429219512195122,30.0,40.91374019774974,4,False,shift_to_actual_highest_workload_variant=0.25; variant=EV,45.07125,35.1219512195122,79.87353357184458,0.439719512195122,0.43971951219512195,-44.75158235233238,,INCAPABLE
S36,Variant-Specific ICE / EV Process,final_assembly,FLUID_FILL_FUNCTIONAL,ARRIVAL_BURST,SUPERVISED,MODERATE,0.55,STEP_BURST,0.429219512195122,25.0,34.094783498124784,4,False,peak_headway_multiplier=0.750; expected_headway_multiplier=0.750,43.995000000000005,46.82926829268293,81.82748039549948,0.5722926829268294,0.5722926829268293,-34.998212102816545,,INCAPABLE
S36,Variant-Specific ICE / EV Process,final_assembly,FLUID_FILL_FUNCTIONAL,ARRIVAL_BURST,SUPERVISED,MODERATE,0.55,RAMP_BURST,0.429219512195122,25.0,34.094783498124784,4,False,peak_headway_multiplier=0.750; expected_headway_multiplier=0.781,43.995000000000005,44.956097560975614,81.82748039549948,0.5494009756097562,0.5722926829268293,-36.871382834523864,,INCAPABLE
S36,Variant-Specific ICE / EV Process,final_assembly,FLUID_FILL_FUNCTIONAL,VEHICLE_MIX_OVERLOAD,HARD_NEGATIVE,MODERATE,0.55,SUSTAINED_MIX,0.429219512195122,45.0,61.37061029662461,4,False,shift_to_actual_highest_workload_variant=0.60; variant=EV,46.577999999999996,35.1219512195122,77.28970758727297,0.45441951219512194,0.4544195121951219,-42.167756367760774,,INCAPABLE
S36,Variant-Specific ICE / EV Process,final_assembly,FLUID_FILL_FUNCTIONAL,ARRIVAL_BURST,SUPERVISED,SEVERE,0.9,STEP_BURST,0.429219512195122,40.0,54.55165359699966,4,False,peak_headway_multiplier=0.600; expected_headway_multiplier=0.600,43.995000000000005,58.53658536585367,81.82748039549948,0.7153658536585368,0.7153658536585367,-23.29089502964581,,INCAPABLE
S36,Variant-Specific ICE / EV Process,final_assembly,FLUID_FILL_FUNCTIONAL,ARRIVAL_BURST,SUPERVISED,SEVERE,0.9,RAMP_BURST,0.429219512195122,40.0,54.55165359699966,4,False,peak_headway_multiplier=0.600; expected_headway_multiplier=0.650,43.995000000000005,54.03377110694185,81.82748039549948,0.6603377110694186,0.7153658536585367,-27.79370928855763,,INCAPABLE
S36,Variant-Specific ICE / EV Process,final_assembly,FLUID_FILL_FUNCTIONAL,VEHICLE_MIX_OVERLOAD,HARD_NEGATIVE,SEVERE,0.9,SUSTAINED_MIX,0.429219512195122,60.0,81.82748039549948,4,False,shift_to_actual_highest_workload_variant=0.90; variant=EV,47.8695,35.1219512195122,75.20446213141979,0.46701951219512206,0.467019512195122,-40.08251091190759,,INCAPABLE
S37,Functional Assembly Check,final_assembly,INSPECTION_EOL_TESTING,ARRIVAL_BURST,SUPERVISED,MILD,0.25,STEP_BURST,0.44878048780487806,15.0,19.565217391304348,4,False,peak_headway_multiplier=0.900; expected_headway_multiplier=0.900,46.0,39.02439024390244,78.26086956521739,0.4986449864498645,0.4986449864498645,-39.23647932131495,,INCAPABLE
S37,Functional Assembly Check,final_assembly,INSPECTION_EOL_TESTING,ARRIVAL_BURST,SUPERVISED,MILD,0.25,RAMP_BURST,0.44878048780487806,15.0,19.565217391304348,4,False,peak_headway_multiplier=0.900; expected_headway_multiplier=0.912,46.0,38.489809555629805,78.26086956521739,0.4918142332108253,0.4986449864498645,-39.771060009587586,,INCAPABLE
S37,Functional Assembly Check,final_assembly,INSPECTION_EOL_TESTING,VEHICLE_MIX_OVERLOAD,HARD_NEGATIVE,MILD,0.25,SUSTAINED_MIX,0.44878048780487806,30.0,39.130434782608695,4,False,shift_to_actual_highest_workload_variant=0.25; variant=ICE_SEDAN,46.0,35.1219512195122,78.26086956521739,0.4487804878048781,0.44878048780487806,-43.13891834570519,,INCAPABLE
S37,Functional Assembly Check,final_assembly,INSPECTION_EOL_TESTING,ARRIVAL_BURST,SUPERVISED,MODERATE,0.55,STEP_BURST,0.44878048780487806,25.0,32.608695652173914,4,False,peak_headway_multiplier=0.750; expected_headway_multiplier=0.750,46.0,46.82926829268293,78.26086956521739,0.5983739837398375,0.5983739837398374,-31.431601272534458,,INCAPABLE
S37,Functional Assembly Check,final_assembly,INSPECTION_EOL_TESTING,ARRIVAL_BURST,SUPERVISED,MODERATE,0.55,RAMP_BURST,0.44878048780487806,25.0,32.608695652173914,4,False,peak_headway_multiplier=0.750; expected_headway_multiplier=0.781,46.0,44.956097560975614,78.26086956521739,0.574439024390244,0.5983739837398374,-33.30477200424178,,INCAPABLE
S37,Functional Assembly Check,final_assembly,INSPECTION_EOL_TESTING,VEHICLE_MIX_OVERLOAD,HARD_NEGATIVE,MODERATE,0.55,SUSTAINED_MIX,0.44878048780487806,45.0,58.69565217391305,4,False,shift_to_actual_highest_workload_variant=0.60; variant=ICE_SEDAN,46.0,35.1219512195122,78.26086956521739,0.4487804878048781,0.44878048780487806,-43.13891834570519,,INCAPABLE
S37,Functional Assembly Check,final_assembly,INSPECTION_EOL_TESTING,ARRIVAL_BURST,SUPERVISED,SEVERE,0.9,STEP_BURST,0.44878048780487806,40.0,52.17391304347826,4,False,peak_headway_multiplier=0.600; expected_headway_multiplier=0.600,46.0,58.53658536585367,78.26086956521739,0.7479674796747968,0.7479674796747968,-19.724284199363723,,INCAPABLE
S37,Functional Assembly Check,final_assembly,INSPECTION_EOL_TESTING,ARRIVAL_BURST,SUPERVISED,SEVERE,0.9,RAMP_BURST,0.44878048780487806,40.0,52.17391304347826,4,False,peak_headway_multiplier=0.600; expected_headway_multiplier=0.650,46.0,54.03377110694185,78.26086956521739,0.6904315196998125,0.7479674796747968,-24.22709845827554,,INCAPABLE
S37,Functional Assembly Check,final_assembly,INSPECTION_EOL_TESTING,VEHICLE_MIX_OVERLOAD,HARD_NEGATIVE,SEVERE,0.9,SUSTAINED_MIX,0.44878048780487806,60.0,78.26086956521739,4,False,shift_to_actual_highest_workload_variant=0.90; variant=ICE_SEDAN,46.00000000000001,35.1219512195122,78.26086956521738,0.44878048780487817,0.4487804878048781,-43.13891834570518,,INCAPABLE
S38,Final Trim / Manual Inspection,final_assembly,MANUAL_ASSEMBLY,ARRIVAL_BURST,SUPERVISED,MILD,0.25,STEP_BURST,0.5853658536585366,15.0,15.0,3,False,peak_headway_multiplier=0.900; expected_headway_multiplier=0.900,60.0,39.02439024390244,60.0,0.6504065040650406,0.6504065040650406,-20.975609756097562,,INCAPABLE
S38,Final Trim / Manual Inspection,final_assembly,MANUAL_ASSEMBLY,ARRIVAL_BURST,SUPERVISED,MILD,0.25,RAMP_BURST,0.5853658536585366,15.0,15.0,3,False,peak_headway_multiplier=0.900; expected_headway_multiplier=0.912,60.0,38.489809555629805,60.0,0.6414968259271634,0.6504065040650406,-21.510190444370195,,INCAPABLE
S38,Final Trim / Manual Inspection,final_assembly,MANUAL_ASSEMBLY,VEHICLE_MIX_OVERLOAD,HARD_NEGATIVE,MILD,0.25,SUSTAINED_MIX,0.5853658536585366,30.0,30.0,3,False,shift_to_actual_highest_workload_variant=0.25; variant=ICE_SEDAN,60.0,35.1219512195122,60.0,0.5853658536585367,0.5853658536585366,-24.878048780487802,,INCAPABLE
S38,Final Trim / Manual Inspection,final_assembly,MANUAL_ASSEMBLY,ARRIVAL_BURST,SUPERVISED,MODERATE,0.55,STEP_BURST,0.5853658536585366,25.0,25.0,3,False,peak_headway_multiplier=0.750; expected_headway_multiplier=0.750,60.0,46.82926829268293,60.0,0.7804878048780489,0.7804878048780487,-13.170731707317067,,INCAPABLE
S38,Final Trim / Manual Inspection,final_assembly,MANUAL_ASSEMBLY,ARRIVAL_BURST,SUPERVISED,MODERATE,0.55,RAMP_BURST,0.5853658536585366,25.0,25.0,3,False,peak_headway_multiplier=0.750; expected_headway_multiplier=0.781,60.0,44.956097560975614,60.0,0.7492682926829269,0.7804878048780487,-15.043902439024386,,INCAPABLE
S38,Final Trim / Manual Inspection,final_assembly,MANUAL_ASSEMBLY,VEHICLE_MIX_OVERLOAD,HARD_NEGATIVE,MODERATE,0.55,SUSTAINED_MIX,0.5853658536585366,45.0,45.0,3,False,shift_to_actual_highest_workload_variant=0.60; variant=ICE_SEDAN,60.0,35.1219512195122,60.0,0.5853658536585367,0.5853658536585366,-24.878048780487802,,INCAPABLE
S38,Final Trim / Manual Inspection,final_assembly,MANUAL_ASSEMBLY,ARRIVAL_BURST,SUPERVISED,SEVERE,0.9,STEP_BURST,0.5853658536585366,40.0,40.0,3,False,peak_headway_multiplier=0.600; expected_headway_multiplier=0.600,60.0,58.53658536585367,60.0,0.9756097560975612,0.975609756097561,-1.463414634146332,,HARD_NEGATIVE
S38,Final Trim / Manual Inspection,final_assembly,MANUAL_ASSEMBLY,ARRIVAL_BURST,SUPERVISED,SEVERE,0.9,RAMP_BURST,0.5853658536585366,40.0,40.0,3,False,peak_headway_multiplier=0.600; expected_headway_multiplier=0.650,60.0,54.03377110694185,60.0,0.9005628517823642,0.975609756097561,-5.966228893058151,,HARD_NEGATIVE
S38,Final Trim / Manual Inspection,final_assembly,MANUAL_ASSEMBLY,VEHICLE_MIX_OVERLOAD,HARD_NEGATIVE,SEVERE,0.9,SUSTAINED_MIX,0.5853658536585366,60.0,60.0,3,False,shift_to_actual_highest_workload_variant=0.90; variant=ICE_SEDAN,60.0,35.1219512195122,60.0,0.5853658536585367,0.5853658536585366,-24.878048780487802,,INCAPABLE
S39,Dimensional / Final Visual Check,inspection_eol,DIMENSIONAL_INSPECTION,ARRIVAL_BURST,SUPERVISED,MILD,0.25,STEP_BURST,0.2731707317073171,15.0,32.142857142857146,5,False,peak_headway_multiplier=0.900; expected_headway_multiplier=0.900,28.0,39.02439024390244,128.57142857142858,0.3035230352303523,0.30352303523035234,-89.54703832752614,,INCAPABLE
S39,Dimensional / Final Visual Check,inspection_eol,DIMENSIONAL_INSPECTION,ARRIVAL_BURST,SUPERVISED,MILD,0.25,RAMP_BURST,0.2731707317073171,15.0,32.142857142857146,5,False,peak_headway_multiplier=0.900; expected_headway_multiplier=0.912,28.0,38.489809555629805,128.57142857142858,0.2993651854326762,0.30352303523035234,-90.08161901579878,,INCAPABLE
S39,Dimensional / Final Visual Check,inspection_eol,DIMENSIONAL_INSPECTION,VEHICLE_MIX_OVERLOAD,HARD_NEGATIVE,MILD,0.25,SUSTAINED_MIX,0.2731707317073171,30.0,64.28571428571429,5,False,shift_to_actual_highest_workload_variant=0.25; variant=ICE_SEDAN,28.0,35.1219512195122,128.57142857142858,0.2731707317073171,0.2731707317073171,-93.44947735191639,,INCAPABLE
S39,Dimensional / Final Visual Check,inspection_eol,DIMENSIONAL_INSPECTION,ARRIVAL_BURST,SUPERVISED,MODERATE,0.55,STEP_BURST,0.2731707317073171,25.0,53.57142857142857,5,False,peak_headway_multiplier=0.750; expected_headway_multiplier=0.750,28.0,46.82926829268293,128.57142857142858,0.3642276422764228,0.3642276422764228,-81.74216027874564,,INCAPABLE
S39,Dimensional / Final Visual Check,inspection_eol,DIMENSIONAL_INSPECTION,ARRIVAL_BURST,SUPERVISED,MODERATE,0.55,RAMP_BURST,0.2731707317073171,25.0,53.57142857142857,5,False,peak_headway_multiplier=0.750; expected_headway_multiplier=0.781,28.0,44.956097560975614,128.57142857142858,0.34965853658536583,0.3642276422764228,-83.61533101045296,,INCAPABLE
S39,Dimensional / Final Visual Check,inspection_eol,DIMENSIONAL_INSPECTION,VEHICLE_MIX_OVERLOAD,HARD_NEGATIVE,MODERATE,0.55,SUSTAINED_MIX,0.2731707317073171,45.0,96.42857142857143,5,False,shift_to_actual_highest_workload_variant=0.60; variant=ICE_SEDAN,28.0,35.1219512195122,128.57142857142858,0.2731707317073171,0.2731707317073171,-93.44947735191639,,INCAPABLE
S39,Dimensional / Final Visual Check,inspection_eol,DIMENSIONAL_INSPECTION,ARRIVAL_BURST,SUPERVISED,SEVERE,0.9,STEP_BURST,0.2731707317073171,40.0,85.71428571428571,5,False,peak_headway_multiplier=0.600; expected_headway_multiplier=0.600,28.0,58.53658536585367,128.57142857142858,0.4552845528455285,0.4552845528455285,-70.03484320557492,,INCAPABLE
S39,Dimensional / Final Visual Check,inspection_eol,DIMENSIONAL_INSPECTION,ARRIVAL_BURST,SUPERVISED,SEVERE,0.9,RAMP_BURST,0.2731707317073171,40.0,85.71428571428571,5,False,peak_headway_multiplier=0.600; expected_headway_multiplier=0.650,28.0,54.03377110694185,128.57142857142858,0.4202626641651032,0.4552845528455285,-74.53765746448673,,INCAPABLE
S39,Dimensional / Final Visual Check,inspection_eol,DIMENSIONAL_INSPECTION,VEHICLE_MIX_OVERLOAD,HARD_NEGATIVE,SEVERE,0.9,SUSTAINED_MIX,0.2731707317073171,60.0,128.57142857142858,5,False,shift_to_actual_highest_workload_variant=0.90; variant=ICE_SEDAN,28.0,35.1219512195122,128.57142857142858,0.2731707317073171,0.2731707317073171,-93.44947735191639,,INCAPABLE
S40,Electrical Diagnostics,inspection_eol,INSPECTION_EOL_TESTING,ARRIVAL_BURST,SUPERVISED,MILD,0.25,STEP_BURST,0.3902439024390244,15.0,22.5,4,False,peak_headway_multiplier=0.900; expected_headway_multiplier=0.900,40.0,39.02439024390244,90.0,0.4336043360433604,0.43360433604336046,-50.97560975609756,,INCAPABLE
S40,Electrical Diagnostics,inspection_eol,INSPECTION_EOL_TESTING,ARRIVAL_BURST,SUPERVISED,MILD,0.25,RAMP_BURST,0.3902439024390244,15.0,22.5,4,False,peak_headway_multiplier=0.900; expected_headway_multiplier=0.912,40.0,38.489809555629805,90.0,0.42766455061810893,0.43360433604336046,-51.510190444370195,,INCAPABLE
S40,Electrical Diagnostics,inspection_eol,INSPECTION_EOL_TESTING,VEHICLE_MIX_OVERLOAD,HARD_NEGATIVE,MILD,0.25,SUSTAINED_MIX,0.3902439024390244,30.0,45.0,4,False,shift_to_actual_highest_workload_variant=0.25; variant=ICE_SEDAN,40.0,35.1219512195122,90.0,0.3902439024390244,0.3902439024390244,-54.8780487804878,,INCAPABLE
S40,Electrical Diagnostics,inspection_eol,INSPECTION_EOL_TESTING,ARRIVAL_BURST,SUPERVISED,MODERATE,0.55,STEP_BURST,0.3902439024390244,25.0,37.5,4,False,peak_headway_multiplier=0.750; expected_headway_multiplier=0.750,40.0,46.82926829268293,90.0,0.5203252032520326,0.5203252032520326,-43.17073170731707,,INCAPABLE
S40,Electrical Diagnostics,inspection_eol,INSPECTION_EOL_TESTING,ARRIVAL_BURST,SUPERVISED,MODERATE,0.55,RAMP_BURST,0.3902439024390244,25.0,37.5,4,False,peak_headway_multiplier=0.750; expected_headway_multiplier=0.781,40.0,44.956097560975614,90.0,0.4995121951219513,0.5203252032520326,-45.043902439024386,,INCAPABLE
S40,Electrical Diagnostics,inspection_eol,INSPECTION_EOL_TESTING,VEHICLE_MIX_OVERLOAD,HARD_NEGATIVE,MODERATE,0.55,SUSTAINED_MIX,0.3902439024390244,45.0,67.5,4,False,shift_to_actual_highest_workload_variant=0.60; variant=ICE_SEDAN,40.0,35.1219512195122,90.0,0.3902439024390244,0.3902439024390244,-54.8780487804878,,INCAPABLE
S40,Electrical Diagnostics,inspection_eol,INSPECTION_EOL_TESTING,ARRIVAL_BURST,SUPERVISED,SEVERE,0.9,STEP_BURST,0.3902439024390244,40.0,60.0,4,False,peak_headway_multiplier=0.600; expected_headway_multiplier=0.600,40.0,58.53658536585367,90.0,0.6504065040650407,0.6504065040650407,-31.463414634146332,,INCAPABLE
S40,Electrical Diagnostics,inspection_eol,INSPECTION_EOL_TESTING,ARRIVAL_BURST,SUPERVISED,SEVERE,0.9,RAMP_BURST,0.3902439024390244,40.0,60.0,4,False,peak_headway_multiplier=0.600; expected_headway_multiplier=0.650,40.0,54.03377110694185,90.0,0.6003752345215762,0.6504065040650407,-35.96622889305815,,INCAPABLE
S40,Electrical Diagnostics,inspection_eol,INSPECTION_EOL_TESTING,VEHICLE_MIX_OVERLOAD,HARD_NEGATIVE,SEVERE,0.9,SUSTAINED_MIX,0.3902439024390244,60.0,90.0,4,False,shift_to_actual_highest_workload_variant=0.90; variant=ICE_SEDAN,40.0,35.1219512195122,90.0,0.3902439024390244,0.3902439024390244,-54.8780487804878,,INCAPABLE
S41,Leak / Pressure Test,inspection_eol,FLUID_FILL_FUNCTIONAL,ARRIVAL_BURST,SUPERVISED,MILD,0.25,STEP_BURST,0.34146341463414637,15.0,25.714285714285715,4,False,peak_headway_multiplier=0.900; expected_headway_multiplier=0.900,35.0,39.02439024390244,102.85714285714286,0.37940379403794033,0.3794037940379404,-63.83275261324042,,INCAPABLE
S41,Leak / Pressure Test,inspection_eol,FLUID_FILL_FUNCTIONAL,ARRIVAL_BURST,SUPERVISED,MILD,0.25,RAMP_BURST,0.34146341463414637,15.0,25.714285714285715,4,False,peak_headway_multiplier=0.900; expected_headway_multiplier=0.912,35.0,38.489809555629805,102.85714285714286,0.3742064817908453,0.3794037940379404,-64.36733330151306,,INCAPABLE
S41,Leak / Pressure Test,inspection_eol,FLUID_FILL_FUNCTIONAL,VEHICLE_MIX_OVERLOAD,HARD_NEGATIVE,MILD,0.25,SUSTAINED_MIX,0.34146341463414637,30.0,51.42857142857143,4,False,shift_to_actual_highest_workload_variant=0.25; variant=ICE_SEDAN,35.0,35.1219512195122,102.85714285714286,0.34146341463414637,0.34146341463414637,-67.73519163763066,,INCAPABLE
S41,Leak / Pressure Test,inspection_eol,FLUID_FILL_FUNCTIONAL,ARRIVAL_BURST,SUPERVISED,MODERATE,0.55,STEP_BURST,0.34146341463414637,25.0,42.857142857142854,4,False,peak_headway_multiplier=0.750; expected_headway_multiplier=0.750,35.0,46.82926829268293,102.85714285714286,0.4552845528455285,0.4552845528455285,-56.02787456445993,,INCAPABLE
S41,Leak / Pressure Test,inspection_eol,FLUID_FILL_FUNCTIONAL,ARRIVAL_BURST,SUPERVISED,MODERATE,0.55,RAMP_BURST,0.34146341463414637,25.0,42.857142857142854,4,False,peak_headway_multiplier=0.750; expected_headway_multiplier=0.781,35.0,44.956097560975614,102.85714285714286,0.4370731707317073,0.4552845528455285,-57.90104529616725,,INCAPABLE
S41,Leak / Pressure Test,inspection_eol,FLUID_FILL_FUNCTIONAL,VEHICLE_MIX_OVERLOAD,HARD_NEGATIVE,MODERATE,0.55,SUSTAINED_MIX,0.34146341463414637,45.0,77.14285714285714,4,False,shift_to_actual_highest_workload_variant=0.60; variant=ICE_SEDAN,35.0,35.1219512195122,102.85714285714286,0.34146341463414637,0.34146341463414637,-67.73519163763066,,INCAPABLE
S41,Leak / Pressure Test,inspection_eol,FLUID_FILL_FUNCTIONAL,ARRIVAL_BURST,SUPERVISED,SEVERE,0.9,STEP_BURST,0.34146341463414637,40.0,68.57142857142857,4,False,peak_headway_multiplier=0.600; expected_headway_multiplier=0.600,35.0,58.53658536585367,102.85714285714286,0.5691056910569107,0.5691056910569107,-44.32055749128919,,INCAPABLE
S41,Leak / Pressure Test,inspection_eol,FLUID_FILL_FUNCTIONAL,ARRIVAL_BURST,SUPERVISED,SEVERE,0.9,RAMP_BURST,0.34146341463414637,40.0,68.57142857142857,4,False,peak_headway_multiplier=0.600; expected_headway_multiplier=0.650,35.0,54.03377110694185,102.85714285714286,0.525328330206379,0.5691056910569107,-48.82337175020101,,INCAPABLE
S41,Leak / Pressure Test,inspection_eol,FLUID_FILL_FUNCTIONAL,VEHICLE_MIX_OVERLOAD,HARD_NEGATIVE,SEVERE,0.9,SUSTAINED_MIX,0.34146341463414637,60.0,102.85714285714286,4,False,shift_to_actual_highest_workload_variant=0.90; variant=ICE_SEDAN,35.0,35.1219512195122,102.85714285714286,0.34146341463414637,0.34146341463414637,-67.73519163763066,,INCAPABLE
S42,Functional Test,inspection_eol,INSPECTION_EOL_TESTING,ARRIVAL_BURST,SUPERVISED,MILD,0.25,STEP_BURST,0.4878048780487805,15.0,18.0,4,False,peak_headway_multiplier=0.900; expected_headway_multiplier=0.900,50.0,39.02439024390244,72.0,0.5420054200542005,0.5420054200542005,-32.97560975609756,,INCAPABLE
S42,Functional Test,inspection_eol,INSPECTION_EOL_TESTING,ARRIVAL_BURST,SUPERVISED,MILD,0.25,RAMP_BURST,0.4878048780487805,15.0,18.0,4,False,peak_headway_multiplier=0.900; expected_headway_multiplier=0.912,50.0,38.489809555629805,72.0,0.5345806882726362,0.5420054200542005,-33.510190444370195,,INCAPABLE
S42,Functional Test,inspection_eol,INSPECTION_EOL_TESTING,VEHICLE_MIX_OVERLOAD,HARD_NEGATIVE,MILD,0.25,SUSTAINED_MIX,0.4878048780487805,30.0,36.0,4,False,shift_to_actual_highest_workload_variant=0.25; variant=ICE_SEDAN,50.0,35.1219512195122,72.0,0.48780487804878053,0.4878048780487805,-36.8780487804878,,INCAPABLE
S42,Functional Test,inspection_eol,INSPECTION_EOL_TESTING,ARRIVAL_BURST,SUPERVISED,MODERATE,0.55,STEP_BURST,0.4878048780487805,25.0,30.0,4,False,peak_headway_multiplier=0.750; expected_headway_multiplier=0.750,50.0,46.82926829268293,72.0,0.6504065040650407,0.6504065040650406,-25.170731707317067,,INCAPABLE
S42,Functional Test,inspection_eol,INSPECTION_EOL_TESTING,ARRIVAL_BURST,SUPERVISED,MODERATE,0.55,RAMP_BURST,0.4878048780487805,25.0,30.0,4,False,peak_headway_multiplier=0.750; expected_headway_multiplier=0.781,50.0,44.956097560975614,72.0,0.6243902439024391,0.6504065040650406,-27.043902439024386,,INCAPABLE
S42,Functional Test,inspection_eol,INSPECTION_EOL_TESTING,VEHICLE_MIX_OVERLOAD,HARD_NEGATIVE,MODERATE,0.55,SUSTAINED_MIX,0.4878048780487805,45.0,54.0,4,False,shift_to_actual_highest_workload_variant=0.60; variant=ICE_SEDAN,50.0,35.1219512195122,72.0,0.48780487804878053,0.4878048780487805,-36.8780487804878,,INCAPABLE
S42,Functional Test,inspection_eol,INSPECTION_EOL_TESTING,ARRIVAL_BURST,SUPERVISED,SEVERE,0.9,STEP_BURST,0.4878048780487805,40.0,48.0,4,False,peak_headway_multiplier=0.600; expected_headway_multiplier=0.600,50.0,58.53658536585367,72.0,0.8130081300813009,0.8130081300813008,-13.463414634146332,,INCAPABLE
S42,Functional Test,inspection_eol,INSPECTION_EOL_TESTING,ARRIVAL_BURST,SUPERVISED,SEVERE,0.9,RAMP_BURST,0.4878048780487805,40.0,48.0,4,False,peak_headway_multiplier=0.600; expected_headway_multiplier=0.650,50.0,54.03377110694185,72.0,0.7504690431519702,0.8130081300813008,-17.96622889305815,,INCAPABLE
S42,Functional Test,inspection_eol,INSPECTION_EOL_TESTING,VEHICLE_MIX_OVERLOAD,HARD_NEGATIVE,SEVERE,0.9,SUSTAINED_MIX,0.4878048780487805,60.0,72.0,4,False,shift_to_actual_highest_workload_variant=0.90; variant=ICE_SEDAN,50.0,35.1219512195122,72.0,0.48780487804878053,0.4878048780487805,-36.8780487804878,,INCAPABLE
S43,Dynamic / Roll Test,inspection_eol,INSPECTION_EOL_TESTING,ARRIVAL_BURST,SUPERVISED,MILD,0.25,STEP_BURST,0.5365853658536586,15.0,16.363636363636363,3,False,peak_headway_multiplier=0.900; expected_headway_multiplier=0.900,55.0,39.02439024390244,65.45454545454545,0.5962059620596206,0.5962059620596206,-26.430155210643015,,INCAPABLE
S43,Dynamic / Roll Test,inspection_eol,INSPECTION_EOL_TESTING,ARRIVAL_BURST,SUPERVISED,MILD,0.25,RAMP_BURST,0.5365853658536586,15.0,16.363636363636363,3,False,peak_headway_multiplier=0.900; expected_headway_multiplier=0.912,55.0,38.489809555629805,65.45454545454545,0.5880387570998998,0.5962059620596206,-26.96473589891565,,INCAPABLE
S43,Dynamic / Roll Test,inspection_eol,INSPECTION_EOL_TESTING,VEHICLE_MIX_OVERLOAD,HARD_NEGATIVE,MILD,0.25,SUSTAINED_MIX,0.5365853658536586,30.0,32.72727272727273,3,False,shift_to_actual_highest_workload_variant=0.25; variant=ICE_SEDAN,55.0,35.1219512195122,65.45454545454545,0.5365853658536586,0.5365853658536586,-30.332594235033255,,INCAPABLE
S43,Dynamic / Roll Test,inspection_eol,INSPECTION_EOL_TESTING,ARRIVAL_BURST,SUPERVISED,MODERATE,0.55,STEP_BURST,0.5365853658536586,25.0,27.272727272727273,3,False,peak_headway_multiplier=0.750; expected_headway_multiplier=0.750,55.0,46.82926829268293,65.45454545454545,0.7154471544715448,0.7154471544715447,-18.62527716186252,,INCAPABLE
S43,Dynamic / Roll Test,inspection_eol,INSPECTION_EOL_TESTING,ARRIVAL_BURST,SUPERVISED,MODERATE,0.55,RAMP_BURST,0.5365853658536586,25.0,27.272727272727273,3,False,peak_headway_multiplier=0.750; expected_headway_multiplier=0.781,55.0,44.956097560975614,65.45454545454545,0.686829268292683,0.7154471544715447,-20.49844789356984,,INCAPABLE
S43,Dynamic / Roll Test,inspection_eol,INSPECTION_EOL_TESTING,VEHICLE_MIX_OVERLOAD,HARD_NEGATIVE,MODERATE,0.55,SUSTAINED_MIX,0.5365853658536586,45.0,49.09090909090909,3,False,shift_to_actual_highest_workload_variant=0.60; variant=ICE_SEDAN,55.0,35.1219512195122,65.45454545454545,0.5365853658536586,0.5365853658536586,-30.332594235033255,,INCAPABLE
S43,Dynamic / Roll Test,inspection_eol,INSPECTION_EOL_TESTING,ARRIVAL_BURST,SUPERVISED,SEVERE,0.9,STEP_BURST,0.5365853658536586,40.0,43.63636363636363,3,False,peak_headway_multiplier=0.600; expected_headway_multiplier=0.600,55.0,58.53658536585367,65.45454545454545,0.8943089430894311,0.894308943089431,-6.917960088691785,,INCAPABLE
S43,Dynamic / Roll Test,inspection_eol,INSPECTION_EOL_TESTING,ARRIVAL_BURST,SUPERVISED,SEVERE,0.9,RAMP_BURST,0.5365853658536586,40.0,43.63636363636363,3,False,peak_headway_multiplier=0.600; expected_headway_multiplier=0.650,55.0,54.03377110694185,65.45454545454545,0.8255159474671672,0.894308943089431,-11.420774347603604,,INCAPABLE
S43,Dynamic / Roll Test,inspection_eol,INSPECTION_EOL_TESTING,VEHICLE_MIX_OVERLOAD,HARD_NEGATIVE,SEVERE,0.9,SUSTAINED_MIX,0.5365853658536586,60.0,65.45454545454545,3,False,shift_to_actual_highest_workload_variant=0.90; variant=ICE_SEDAN,55.0,35.1219512195122,65.45454545454545,0.5365853658536586,0.5365853658536586,-30.332594235033255,,INCAPABLE
S44,Final Quality Inspection,inspection_eol,INSPECTION_EOL_TESTING,ARRIVAL_BURST,SUPERVISED,MILD,0.25,STEP_BURST,0.5073170731707317,15.0,17.307692307692307,4,False,peak_headway_multiplier=0.900; expected_headway_multiplier=0.900,52.0,39.02439024390244,69.23076923076923,0.5636856368563686,0.5636856368563685,-30.20637898686679,,INCAPABLE
S44,Final Quality Inspection,inspection_eol,INSPECTION_EOL_TESTING,ARRIVAL_BURST,SUPERVISED,MILD,0.25,RAMP_BURST,0.5073170731707317,15.0,17.307692307692307,4,False,peak_headway_multiplier=0.900; expected_headway_multiplier=0.912,52.0,38.489809555629805,69.23076923076923,0.5559639158035417,0.5636856368563685,-30.740959675139422,,INCAPABLE
S44,Final Quality Inspection,inspection_eol,INSPECTION_EOL_TESTING,VEHICLE_MIX_OVERLOAD,HARD_NEGATIVE,MILD,0.25,SUSTAINED_MIX,0.5073170731707317,30.0,34.61538461538461,4,False,shift_to_actual_highest_workload_variant=0.25; variant=ICE_SEDAN,52.0,35.1219512195122,69.23076923076923,0.5073170731707318,0.5073170731707317,-34.10881801125703,,INCAPABLE
S44,Final Quality Inspection,inspection_eol,INSPECTION_EOL_TESTING,ARRIVAL_BURST,SUPERVISED,MODERATE,0.55,STEP_BURST,0.5073170731707317,25.0,28.846153846153847,4,False,peak_headway_multiplier=0.750; expected_headway_multiplier=0.750,52.0,46.82926829268293,69.23076923076923,0.6764227642276424,0.6764227642276422,-22.401500938086294,,INCAPABLE
S44,Final Quality Inspection,inspection_eol,INSPECTION_EOL_TESTING,ARRIVAL_BURST,SUPERVISED,MODERATE,0.55,RAMP_BURST,0.5073170731707317,25.0,28.846153846153847,4,False,peak_headway_multiplier=0.750; expected_headway_multiplier=0.781,52.0,44.956097560975614,69.23076923076923,0.6493658536585367,0.6764227642276422,-24.274671669793612,,INCAPABLE
S44,Final Quality Inspection,inspection_eol,INSPECTION_EOL_TESTING,VEHICLE_MIX_OVERLOAD,HARD_NEGATIVE,MODERATE,0.55,SUSTAINED_MIX,0.5073170731707317,45.0,51.92307692307692,4,False,shift_to_actual_highest_workload_variant=0.60; variant=ICE_SEDAN,52.0,35.1219512195122,69.23076923076923,0.5073170731707318,0.5073170731707317,-34.10881801125703,,INCAPABLE
S44,Final Quality Inspection,inspection_eol,INSPECTION_EOL_TESTING,ARRIVAL_BURST,SUPERVISED,SEVERE,0.9,STEP_BURST,0.5073170731707317,40.0,46.15384615384615,4,False,peak_headway_multiplier=0.600; expected_headway_multiplier=0.600,52.0,58.53658536585367,69.23076923076923,0.845528455284553,0.8455284552845529,-10.694183864915559,,INCAPABLE
S44,Final Quality Inspection,inspection_eol,INSPECTION_EOL_TESTING,ARRIVAL_BURST,SUPERVISED,SEVERE,0.9,RAMP_BURST,0.5073170731707317,40.0,46.15384615384615,4,False,peak_headway_multiplier=0.600; expected_headway_multiplier=0.650,52.0,54.03377110694185,69.23076923076923,0.780487804878049,0.8455284552845529,-15.196998123827377,,INCAPABLE
S44,Final Quality Inspection,inspection_eol,INSPECTION_EOL_TESTING,VEHICLE_MIX_OVERLOAD,HARD_NEGATIVE,SEVERE,0.9,SUSTAINED_MIX,0.5073170731707317,60.0,69.23076923076923,4,False,shift_to_actual_highest_workload_variant=0.90; variant=ICE_SEDAN,52.0,35.1219512195122,69.23076923076923,0.5073170731707318,0.5073170731707317,-34.10881801125703,,INCAPABLE
S45,Release / End-of-Line QC,inspection_eol,INSPECTION_EOL_TESTING,ARRIVAL_BURST,SUPERVISED,MILD,0.25,STEP_BURST,0.43902439024390244,15.0,20.0,4,False,peak_headway_multiplier=0.900; expected_headway_multiplier=0.900,45.0,39.02439024390244,80.0,0.4878048780487805,0.4878048780487805,-40.97560975609756,,INCAPABLE
S45,Release / End-of-Line QC,inspection_eol,INSPECTION_EOL_TESTING,ARRIVAL_BURST,SUPERVISED,MILD,0.25,RAMP_BURST,0.43902439024390244,15.0,20.0,4,False,peak_headway_multiplier=0.900; expected_headway_multiplier=0.912,45.0,38.489809555629805,80.0,0.48112261944537255,0.4878048780487805,-41.510190444370195,,INCAPABLE
S45,Release / End-of-Line QC,inspection_eol,INSPECTION_EOL_TESTING,VEHICLE_MIX_OVERLOAD,HARD_NEGATIVE,MILD,0.25,SUSTAINED_MIX,0.43902439024390244,30.0,40.0,4,False,shift_to_actual_highest_workload_variant=0.25; variant=ICE_SEDAN,45.0,35.1219512195122,80.0,0.4390243902439025,0.43902439024390244,-44.8780487804878,,INCAPABLE
S45,Release / End-of-Line QC,inspection_eol,INSPECTION_EOL_TESTING,ARRIVAL_BURST,SUPERVISED,MODERATE,0.55,STEP_BURST,0.43902439024390244,25.0,33.333333333333336,4,False,peak_headway_multiplier=0.750; expected_headway_multiplier=0.750,45.0,46.82926829268293,80.0,0.5853658536585367,0.5853658536585366,-33.17073170731707,,INCAPABLE
S45,Release / End-of-Line QC,inspection_eol,INSPECTION_EOL_TESTING,ARRIVAL_BURST,SUPERVISED,MODERATE,0.55,RAMP_BURST,0.43902439024390244,25.0,33.333333333333336,4,False,peak_headway_multiplier=0.750; expected_headway_multiplier=0.781,45.0,44.956097560975614,80.0,0.5619512195121952,0.5853658536585366,-35.043902439024386,,INCAPABLE
S45,Release / End-of-Line QC,inspection_eol,INSPECTION_EOL_TESTING,VEHICLE_MIX_OVERLOAD,HARD_NEGATIVE,MODERATE,0.55,SUSTAINED_MIX,0.43902439024390244,45.0,60.0,4,False,shift_to_actual_highest_workload_variant=0.60; variant=ICE_SEDAN,45.0,35.1219512195122,80.0,0.4390243902439025,0.43902439024390244,-44.8780487804878,,INCAPABLE
S45,Release / End-of-Line QC,inspection_eol,INSPECTION_EOL_TESTING,ARRIVAL_BURST,SUPERVISED,SEVERE,0.9,STEP_BURST,0.43902439024390244,40.0,53.333333333333336,4,False,peak_headway_multiplier=0.600; expected_headway_multiplier=0.600,45.0,58.53658536585367,80.0,0.7317073170731708,0.7317073170731707,-21.463414634146332,,INCAPABLE
S45,Release / End-of-Line QC,inspection_eol,INSPECTION_EOL_TESTING,ARRIVAL_BURST,SUPERVISED,SEVERE,0.9,RAMP_BURST,0.43902439024390244,40.0,53.333333333333336,4,False,peak_headway_multiplier=0.600; expected_headway_multiplier=0.650,45.0,54.03377110694185,80.0,0.6754221388367732,0.7317073170731707,-25.96622889305815,,INCAPABLE
S45,Release / End-of-Line QC,inspection_eol,INSPECTION_EOL_TESTING,VEHICLE_MIX_OVERLOAD,HARD_NEGATIVE,SEVERE,0.9,SUSTAINED_MIX,0.43902439024390244,60.0,80.0,4,False,shift_to_actual_highest_workload_variant=0.90; variant=ICE_SEDAN,45.00000000000001,35.1219512195122,79.99999999999999,0.43902439024390255,0.4390243902439025,-44.87804878048779,,INCAPABLE
S01,Underbody Framing,body_joining,WELDING_BODY_JOINING,EQUIPMENT_DEGRADATION,UNSEEN_ONLY,MILD,0.25,GRADUAL,0.4582048780487805,30.0,38.325597240556995,20,False,peak_cycle_multiplier=1.250; profile_average_fraction=0.7500,55.772125,35.1219512195122,64.54837429988547,0.5441182926829269,0.5727560975609757,-29.42642308037327,,INCAPABLE
S01,Underbody Framing,body_joining,WELDING_BODY_JOINING,EQUIPMENT_DEGRADATION,UNSEEN_ONLY,MILD,0.25,ACCELERATING,0.4582048780487805,30.0,38.325597240556995,20,False,peak_cycle_multiplier=1.250; profile_average_fraction=0.3333,50.87983333333333,35.1219512195122,70.75494875179754,0.4963886178861789,0.5727560975609757,-35.632997532285344,,INCAPABLE
S01,Underbody Framing,body_joining,WELDING_BODY_JOINING,EQUIPMENT_DEGRADATION,UNSEEN_ONLY,MILD,0.25,STEP,0.4582048780487805,30.0,38.325597240556995,20,False,peak_cycle_multiplier=1.250; profile_average_fraction=1.0000,58.7075,35.1219512195122,61.320955584891195,0.5727560975609757,0.5727560975609757,-26.199004365378997,,INCAPABLE
S01,Underbody Framing,body_joining,WELDING_BODY_JOINING,EQUIPMENT_DEGRADATION,UNSEEN_ONLY,MILD,0.25,INTERMITTENT,0.4582048780487805,30.0,38.325597240556995,20,False,peak_cycle_multiplier=1.250; profile_average_fraction=0.5000,52.83675,35.1219512195122,68.13439509432355,0.5154804878048781,0.5727560975609757,-33.01244387481135,,INCAPABLE
S01,Underbody Framing,body_joining,WELDING_BODY_JOINING,EQUIPMENT_DEGRADATION,UNSEEN_ONLY,MODERATE,0.55,GRADUAL,0.4582048780487805,60.0,76.65119448111399,20,False,peak_cycle_multiplier=1.500; profile_average_fraction=0.7500,64.57825,35.1219512195122,55.746323258992,0.6300317073170733,0.6873073170731707,-20.624372039479802,,INCAPABLE
S01,Underbody Framing,body_joining,WELDING_BODY_JOINING,EQUIPMENT_DEGRADATION,UNSEEN_ONLY,MODERATE,0.55,ACCELERATING,0.4582048780487805,60.0,76.65119448111399,20,False,peak_cycle_multiplier=1.500; profile_average_fraction=0.3333,54.793666666666674,35.1219512195122,65.70102384095485,0.5345723577235774,0.6873073170731707,-30.57907262144265,,INCAPABLE
S01,Underbody Framing,body_joining,WELDING_BODY_JOINING,EQUIPMENT_DEGRADATION,UNSEEN_ONLY,MODERATE,0.55,STEP,0.4582048780487805,60.0,76.65119448111399,20,False,peak_cycle_multiplier=1.500; profile_average_fraction=1.0000,70.449,35.1219512195122,51.10079632074267,0.6873073170731707,0.6873073170731707,-15.978845101230469,,INCAPABLE
S01,Underbody Framing,body_joining,WELDING_BODY_JOINING,EQUIPMENT_DEGRADATION,UNSEEN_ONLY,MODERATE,0.55,INTERMITTENT,0.4582048780487805,60.0,76.65119448111399,20,False,peak_cycle_multiplier=1.500; profile_average_fraction=0.5000,58.7075,35.1219512195122,61.320955584891195,0.5727560975609757,0.6873073170731707,-26.199004365378997,,INCAPABLE
S01,Underbody Framing,body_joining,WELDING_BODY_JOINING,EQUIPMENT_DEGRADATION,UNSEEN_ONLY,SEVERE,0.9,GRADUAL,0.4582048780487805,90.0,114.97679172167099,20,False,peak_cycle_multiplier=1.850; profile_average_fraction=0.7500,76.90682500000001,35.1219512195122,46.80988975945892,0.7503104878048783,0.847679024390244,-11.687938539946721,,INCAPABLE
S01,Underbody Framing,body_joining,WELDING_BODY_JOINING,EQUIPMENT_DEGRADATION,UNSEEN_ONLY,SEVERE,0.9,ACCELERATING,0.4582048780487805,90.0,114.97679172167099,20,False,peak_cycle_multiplier=1.850; profile_average_fraction=0.3333,60.27303333333333,35.1219512195122,59.728203491777144,0.588029593495935,0.847679024390244,-24.606252272264946,,INCAPABLE
S01,Underbody Framing,body_joining,WELDING_BODY_JOINING,EQUIPMENT_DEGRADATION,UNSEEN_ONLY,SEVERE,0.9,STEP,0.4582048780487805,90.0,114.97679172167099,20,False,peak_cycle_multiplier=1.850; profile_average_fraction=1.0000,86.8871,35.1219512195122,41.433078097899454,0.847679024390244,0.847679024390244,-6.311126878387256,,INCAPABLE
S01,Underbody Framing,body_joining,WELDING_BODY_JOINING,EQUIPMENT_DEGRADATION,UNSEEN_ONLY,SEVERE,0.9,INTERMITTENT,0.4582048780487805,90.0,114.97679172167099,20,False,peak_cycle_multiplier=1.850; profile_average_fraction=0.5000,66.92655,35.1219512195122,53.79031191657122,0.6529419512195124,0.847679024390244,-18.668360697059022,,INCAPABLE
S02,Floor-Pan Welding,body_joining,WELDING_BODY_JOINING,EQUIPMENT_DEGRADATION,UNSEEN_ONLY,MILD,0.25,GRADUAL,0.4980487804878049,30.0,35.25954946131244,4,False,peak_cycle_multiplier=1.250; profile_average_fraction=0.7500,60.621874999999996,35.1219512195122,59.384504355894634,0.5914329268292683,0.6225609756097561,-24.262553136382436,,INCAPABLE
S02,Floor-Pan Welding,body_joining,WELDING_BODY_JOINING,EQUIPMENT_DEGRADATION,UNSEEN_ONLY,MILD,0.25,ACCELERATING,0.4980487804878049,30.0,35.25954946131244,4,False,peak_cycle_multiplier=1.250; profile_average_fraction=0.3333,55.30416666666666,35.1219512195122,65.09455285165375,0.5395528455284553,0.6225609756097561,-29.972601632141547,,INCAPABLE
S02,Floor-Pan Welding,body_joining,WELDING_BODY_JOINING,EQUIPMENT_DEGRADATION,UNSEEN_ONLY,MILD,0.25,STEP,0.4980487804878049,30.0,35.25954946131244,4,False,peak_cycle_multiplier=1.250; profile_average_fraction=1.0000,63.8125,35.1219512195122,56.415279138099905,0.6225609756097561,0.6225609756097561,-21.293327918587707,,INCAPABLE
S02,Floor-Pan Welding,body_joining,WELDING_BODY_JOINING,EQUIPMENT_DEGRADATION,UNSEEN_ONLY,MILD,0.25,INTERMITTENT,0.4980487804878049,30.0,35.25954946131244,4,False,peak_cycle_multiplier=1.250; profile_average_fraction=0.5000,57.43125,35.1219512195122,62.68364348677767,0.5603048780487805,0.6225609756097561,-27.56169226726547,,INCAPABLE
S02,Floor-Pan Welding,body_joining,WELDING_BODY_JOINING,EQUIPMENT_DEGRADATION,UNSEEN_ONLY,MODERATE,0.55,GRADUAL,0.4980487804878049,60.0,70.51909892262488,4,False,peak_cycle_multiplier=1.500; profile_average_fraction=0.7500,70.19375,35.1219512195122,51.28661739827264,0.6848170731707317,0.7470731707317073,-16.16466617876044,,INCAPABLE
S02,Floor-Pan Welding,body_joining,WELDING_BODY_JOINING,EQUIPMENT_DEGRADATION,UNSEEN_ONLY,MODERATE,0.55,ACCELERATING,0.4980487804878049,60.0,70.51909892262488,4,False,peak_cycle_multiplier=1.500; profile_average_fraction=0.3333,59.55833333333334,35.1219512195122,60.444941933678464,0.5810569105691058,0.7470731707317073,-25.322990714166266,,INCAPABLE
S02,Floor-Pan Welding,body_joining,WELDING_BODY_JOINING,EQUIPMENT_DEGRADATION,UNSEEN_ONLY,MODERATE,0.55,STEP,0.4980487804878049,60.0,70.51909892262488,4,False,peak_cycle_multiplier=1.500; profile_average_fraction=1.0000,76.57499999999999,35.1219512195122,47.01273261508326,0.7470731707317073,0.7470731707317073,-11.89078139557106,,INCAPABLE
S02,Floor-Pan Welding,body_joining,WELDING_BODY_JOINING,EQUIPMENT_DEGRADATION,UNSEEN_ONLY,MODERATE,0.55,INTERMITTENT,0.4980487804878049,60.0,70.51909892262488,4,False,peak_cycle_multiplier=1.500; profile_average_fraction=0.5000,63.8125,35.1219512195122,56.415279138099905,0.6225609756097561,0.7470731707317073,-21.293327918587707,,INCAPABLE
S02,Floor-Pan Welding,body_joining,WELDING_BODY_JOINING,EQUIPMENT_DEGRADATION,UNSEEN_ONLY,SEVERE,0.9,GRADUAL,0.4980487804878049,90.0,105.77864838393732,4,False,peak_cycle_multiplier=1.850; profile_average_fraction=0.7500,83.594375,35.1219512195122,43.06509857870221,0.8155548780487806,0.9213902439024391,-7.943147359190014,,HARD_NEGATIVE
S02,Floor-Pan Welding,body_joining,WELDING_BODY_JOINING,EQUIPMENT_DEGRADATION,UNSEEN_ONLY,SEVERE,0.9,ACCELERATING,0.4980487804878049,90.0,105.77864838393732,4,False,peak_cycle_multiplier=1.850; profile_average_fraction=0.3333,65.51416666666665,35.1219512195122,54.94994721243498,0.6391626016260162,0.9213902439024391,-19.82799599292278,,HARD_NEGATIVE
S02,Floor-Pan Welding,body_joining,WELDING_BODY_JOINING,EQUIPMENT_DEGRADATION,UNSEEN_ONLY,SEVERE,0.9,STEP,0.4980487804878049,90.0,105.77864838393732,4,False,peak_cycle_multiplier=1.850; profile_average_fraction=1.0000,94.4425,35.1219512195122,38.1184318500675,0.9213902439024391,0.9213902439024391,-2.996480630555304,,HARD_NEGATIVE
S02,Floor-Pan Welding,body_joining,WELDING_BODY_JOINING,EQUIPMENT_DEGRADATION,UNSEEN_ONLY,SEVERE,0.9,INTERMITTENT,0.4980487804878049,90.0,105.77864838393732,4,False,peak_cycle_multiplier=1.850; profile_average_fraction=0.5000,72.74625,35.1219512195122,49.487086963245524,0.7097195121951221,0.9213902439024391,-14.365135743733326,,HARD_NEGATIVE
S03,Body Side Panel Joining,body_joining,WELDING_BODY_JOINING,EQUIPMENT_DEGRADATION,UNSEEN_ONLY,MILD,0.25,GRADUAL,0.551609756097561,30.0,31.8358684117439,4,False,peak_cycle_multiplier=1.250; profile_average_fraction=0.7500,67.14125,35.1219512195122,53.61830469346341,0.6550365853658537,0.6895121951219513,-18.49635347395121,,INCAPABLE
S03,Body Side Panel Joining,body_joining,WELDING_BODY_JOINING,EQUIPMENT_DEGRADATION,UNSEEN_ONLY,MILD,0.25,ACCELERATING,0.551609756097561,30.0,31.8358684117439,4,False,peak_cycle_multiplier=1.250; profile_average_fraction=0.3333,61.25166666666666,35.1219512195122,58.77391091398874,0.5975772357723577,0.6895121951219513,-23.651959694476545,,INCAPABLE
S03,Body Side Panel Joining,body_joining,WELDING_BODY_JOINING,EQUIPMENT_DEGRADATION,UNSEEN_ONLY,MILD,0.25,STEP,0.551609756097561,30.0,31.8358684117439,4,False,peak_cycle_multiplier=1.250; profile_average_fraction=1.0000,70.675,35.1219512195122,50.937389458790236,0.6895121951219513,0.6895121951219513,-15.815438239278038,,INCAPABLE
S03,Body Side Panel Joining,body_joining,WELDING_BODY_JOINING,EQUIPMENT_DEGRADATION,UNSEEN_ONLY,MILD,0.25,INTERMITTENT,0.551609756097561,30.0,31.8358684117439,4,False,peak_cycle_multiplier=1.250; profile_average_fraction=0.5000,63.6075,35.1219512195122,56.597099398655814,0.6205609756097562,0.6895121951219513,-21.475148179143616,,INCAPABLE
S03,Body Side Panel Joining,body_joining,WELDING_BODY_JOINING,EQUIPMENT_DEGRADATION,UNSEEN_ONLY,MODERATE,0.55,GRADUAL,0.551609756097561,60.0,63.6717368234878,4,False,peak_cycle_multiplier=1.500; profile_average_fraction=0.7500,77.74249999999999,35.1219512195122,46.30671768980931,0.7584634146341463,0.8274146341463415,-11.184766470297113,,INCAPABLE
S03,Body Side Panel Joining,body_joining,WELDING_BODY_JOINING,EQUIPMENT_DEGRADATION,UNSEEN_ONLY,MODERATE,0.55,ACCELERATING,0.551609756097561,60.0,63.6717368234878,4,False,peak_cycle_multiplier=1.500; profile_average_fraction=0.3333,65.96333333333334,35.1219512195122,54.57577442013239,0.6435447154471546,0.8274146341463415,-19.453823200620192,,INCAPABLE
S03,Body Side Panel Joining,body_joining,WELDING_BODY_JOINING,EQUIPMENT_DEGRADATION,UNSEEN_ONLY,MODERATE,0.55,STEP,0.551609756097561,60.0,63.6717368234878,4,False,peak_cycle_multiplier=1.500; profile_average_fraction=1.0000,84.81,35.1219512195122,42.44782454899186,0.8274146341463416,0.8274146341463415,-7.325873329479663,,INCAPABLE
S03,Body Side Panel Joining,body_joining,WELDING_BODY_JOINING,EQUIPMENT_DEGRADATION,UNSEEN_ONLY,MODERATE,0.55,INTERMITTENT,0.551609756097561,60.0,63.6717368234878,4,False,peak_cycle_multiplier=1.500; profile_average_fraction=0.5000,70.675,35.1219512195122,50.937389458790236,0.6895121951219513,0.8274146341463415,-15.815438239278038,,INCAPABLE
S03,Body Side Panel Joining,body_joining,WELDING_BODY_JOINING,EQUIPMENT_DEGRADATION,UNSEEN_ONLY,SEVERE,0.9,GRADUAL,0.551609756097561,90.0,95.5076052352317,4,False,peak_cycle_multiplier=1.850; profile_average_fraction=0.7500,92.58425000000001,35.1219512195122,38.88350340365666,0.9032609756097564,1.0204780487804879,-3.7615521841444632,,BORDERLINE
S03,Body Side Panel Joining,body_joining,WELDING_BODY_JOINING,EQUIPMENT_DEGRADATION,UNSEEN_ONLY,SEVERE,0.9,ACCELERATING,0.551609756097561,90.0,95.5076052352317,4,False,peak_cycle_multiplier=1.850; profile_average_fraction=0.3333,72.55966666666666,35.1219512195122,49.61434038193855,0.7078991869918699,1.0204780487804879,-14.492389162426349,,BORDERLINE
S03,Body Side Panel Joining,body_joining,WELDING_BODY_JOINING,EQUIPMENT_DEGRADATION,UNSEEN_ONLY,SEVERE,0.9,STEP,0.551609756097561,90.0,95.5076052352317,4,False,peak_cycle_multiplier=1.850; profile_average_fraction=1.0000,104.599,35.1219512195122,34.417155039723134,1.0204780487804879,1.0204780487804879,0.7047961797890636,340.5239796728593,BORDERLINE
S03,Body Side Panel Joining,body_joining,WELDING_BODY_JOINING,EQUIPMENT_DEGRADATION,UNSEEN_ONLY,SEVERE,0.9,INTERMITTENT,0.551609756097561,90.0,95.5076052352317,4,False,peak_cycle_multiplier=1.850; profile_average_fraction=0.5000,80.5695,35.1219512195122,44.68192057788617,0.7860439024390246,1.0204780487804879,-9.55996935837397,,BORDERLINE
S09,Additional Spot Welding / Reinforcement,body_joining,WELDING_BODY_JOINING,EQUIPMENT_DEGRADATION,UNSEEN_ONLY,MILD,0.25,GRADUAL,0.37073170731707317,30.0,47.36842105263158,4,False,peak_cycle_multiplier=1.250; profile_average_fraction=0.7500,45.125,35.1219512195122,79.77839335180056,0.4402439024390244,0.46341463414634143,-44.65644213228836,,INCAPABLE
S09,Additional Spot Welding / Reinforcement,body_joining,WELDING_BODY_JOINING,EQUIPMENT_DEGRADATION,UNSEEN_ONLY,MILD,0.25,ACCELERATING,0.37073170731707317,30.0,47.36842105263158,4,False,peak_cycle_multiplier=1.250; profile_average_fraction=0.3333,41.166666666666664,35.1219512195122,87.44939271255062,0.4016260162601626,0.46341463414634143,-52.32744149303842,,INCAPABLE
S09,Additional Spot Welding / Reinforcement,body_joining,WELDING_BODY_JOINING,EQUIPMENT_DEGRADATION,UNSEEN_ONLY,MILD,0.25,STEP,0.37073170731707317,30.0,47.36842105263158,4,False,peak_cycle_multiplier=1.250; profile_average_fraction=1.0000,47.5,35.1219512195122,75.78947368421052,0.46341463414634154,0.46341463414634143,-40.66752246469832,,INCAPABLE
S09,Additional Spot Welding / Reinforcement,body_joining,WELDING_BODY_JOINING,EQUIPMENT_DEGRADATION,UNSEEN_ONLY,MILD,0.25,INTERMITTENT,0.37073170731707317,30.0,47.36842105263158,4,False,peak_cycle_multiplier=1.250; profile_average_fraction=0.5000,42.75,35.1219512195122,84.21052631578948,0.4170731707317073,0.46341463414634143,-49.08857509627728,,INCAPABLE
S09,Additional Spot Welding / Reinforcement,body_joining,WELDING_BODY_JOINING,EQUIPMENT_DEGRADATION,UNSEEN_ONLY,MODERATE,0.55,GRADUAL,0.37073170731707317,60.0,94.73684210526316,4,False,peak_cycle_multiplier=1.500; profile_average_fraction=0.7500,52.25,35.1219512195122,68.89952153110048,0.5097560975609756,0.5560975609756098,-33.77757031158828,,INCAPABLE
S09,Additional Spot Welding / Reinforcement,body_joining,WELDING_BODY_JOINING,EQUIPMENT_DEGRADATION,UNSEEN_ONLY,MODERATE,0.55,ACCELERATING,0.37073170731707317,60.0,94.73684210526316,4,False,peak_cycle_multiplier=1.500; profile_average_fraction=0.3333,44.333333333333336,35.1219512195122,81.203007518797,0.43252032520325207,0.5560975609756098,-46.081056299284796,,INCAPABLE
S09,Additional Spot Welding / Reinforcement,body_joining,WELDING_BODY_JOINING,EQUIPMENT_DEGRADATION,UNSEEN_ONLY,MODERATE,0.55,STEP,0.37073170731707317,60.0,94.73684210526316,4,False,peak_cycle_multiplier=1.500; profile_average_fraction=1.0000,57.0,35.1219512195122,63.1578947368421,0.5560975609756098,0.5560975609756098,-28.035943517329905,,INCAPABLE
S09,Additional Spot Welding / Reinforcement,body_joining,WELDING_BODY_JOINING,EQUIPMENT_DEGRADATION,UNSEEN_ONLY,MODERATE,0.55,INTERMITTENT,0.37073170731707317,60.0,94.73684210526316,4,False,peak_cycle_multiplier=1.500; profile_average_fraction=0.5000,47.5,35.1219512195122,75.78947368421052,0.46341463414634154,0.5560975609756098,-40.66752246469832,,INCAPABLE
S09,Additional Spot Welding / Reinforcement,body_joining,WELDING_BODY_JOINING,EQUIPMENT_DEGRADATION,UNSEEN_ONLY,SEVERE,0.9,GRADUAL,0.37073170731707317,90.0,142.10526315789474,4,False,peak_cycle_multiplier=1.850; profile_average_fraction=0.7500,62.22500000000001,35.1219512195122,57.854560064282836,0.6070731707317074,0.6858536585365854,-22.73260884477064,,INCAPABLE
S09,Additional Spot Welding / Reinforcement,body_joining,WELDING_BODY_JOINING,EQUIPMENT_DEGRADATION,UNSEEN_ONLY,SEVERE,0.9,ACCELERATING,0.37073170731707317,90.0,142.10526315789474,4,False,peak_cycle_multiplier=1.850; profile_average_fraction=0.3333,48.766666666666666,35.1219512195122,73.82091592617908,0.4757723577235773,0.6858536585365854,-38.698964706666885,,INCAPABLE
S09,Additional Spot Welding / Reinforcement,body_joining,WELDING_BODY_JOINING,EQUIPMENT_DEGRADATION,UNSEEN_ONLY,SEVERE,0.9,STEP,0.37073170731707317,90.0,142.10526315789474,4,False,peak_cycle_multiplier=1.850; profile_average_fraction=1.0000,70.3,35.1219512195122,51.20910384068279,0.6858536585365853,0.6858536585365854,-16.087152621170596,,INCAPABLE
S09,Additional Spot Welding / Reinforcement,body_joining,WELDING_BODY_JOINING,EQUIPMENT_DEGRADATION,UNSEEN_ONLY,SEVERE,0.9,INTERMITTENT,0.37073170731707317,90.0,142.10526315789474,4,False,peak_cycle_multiplier=1.850; profile_average_fraction=0.5000,54.15,35.1219512195122,66.4819944598338,0.5282926829268293,0.6858536585365854,-31.360043240321602,,INCAPABLE
S10,Seam / Body Joining,body_joining,WELDING_BODY_JOINING,EQUIPMENT_DEGRADATION,UNSEEN_ONLY,MILD,0.25,GRADUAL,0.4292682926829268,30.0,40.90909090909091,4,False,peak_cycle_multiplier=1.250; profile_average_fraction=0.7500,52.25,35.1219512195122,68.89952153110048,0.5097560975609756,0.5365853658536586,-33.77757031158828,,INCAPABLE
S10,Seam / Body Joining,body_joining,WELDING_BODY_JOINING,EQUIPMENT_DEGRADATION,UNSEEN_ONLY,MILD,0.25,ACCELERATING,0.4292682926829268,30.0,40.90909090909091,4,False,peak_cycle_multiplier=1.250; profile_average_fraction=0.3333,47.666666666666664,35.1219512195122,75.52447552447553,0.46504065040650405,0.5365853658536586,-40.402524304963336,,INCAPABLE
S10,Seam / Body Joining,body_joining,WELDING_BODY_JOINING,EQUIPMENT_DEGRADATION,UNSEEN_ONLY,MILD,0.25,STEP,0.4292682926829268,30.0,40.90909090909091,4,False,peak_cycle_multiplier=1.250; profile_average_fraction=1.0000,55.0,35.1219512195122,65.45454545454545,0.5365853658536586,0.5365853658536586,-30.332594235033255,,INCAPABLE
S10,Seam / Body Joining,body_joining,WELDING_BODY_JOINING,EQUIPMENT_DEGRADATION,UNSEEN_ONLY,MILD,0.25,INTERMITTENT,0.4292682926829268,30.0,40.90909090909091,4,False,peak_cycle_multiplier=1.250; profile_average_fraction=0.5000,49.5,35.1219512195122,72.72727272727273,0.48292682926829267,0.5365853658536586,-37.605321507760536,,INCAPABLE
S10,Seam / Body Joining,body_joining,WELDING_BODY_JOINING,EQUIPMENT_DEGRADATION,UNSEEN_ONLY,MODERATE,0.55,GRADUAL,0.4292682926829268,60.0,81.81818181818181,4,False,peak_cycle_multiplier=1.500; profile_average_fraction=0.7500,60.5,35.1219512195122,59.50413223140496,0.5902439024390245,0.6439024390243903,-24.38218101189276,,INCAPABLE
S10,Seam / Body Joining,body_joining,WELDING_BODY_JOINING,EQUIPMENT_DEGRADATION,UNSEEN_ONLY,MODERATE,0.55,ACCELERATING,0.4292682926829268,60.0,81.81818181818181,4,False,peak_cycle_multiplier=1.500; profile_average_fraction=0.3333,51.333333333333336,35.1219512195122,70.12987012987013,0.5008130081300813,0.6439024390243903,-35.00791891035793,,INCAPABLE
S10,Seam / Body Joining,body_joining,WELDING_BODY_JOINING,EQUIPMENT_DEGRADATION,UNSEEN_ONLY,MODERATE,0.55,STEP,0.4292682926829268,60.0,81.81818181818181,4,False,peak_cycle_multiplier=1.500; profile_average_fraction=1.0000,66.0,35.1219512195122,54.54545454545455,0.6439024390243903,0.6439024390243903,-19.42350332594235,,INCAPABLE
S10,Seam / Body Joining,body_joining,WELDING_BODY_JOINING,EQUIPMENT_DEGRADATION,UNSEEN_ONLY,MODERATE,0.55,INTERMITTENT,0.4292682926829268,60.0,81.81818181818181,4,False,peak_cycle_multiplier=1.500; profile_average_fraction=0.5000,55.0,35.1219512195122,65.45454545454545,0.5365853658536586,0.6439024390243903,-30.332594235033255,,INCAPABLE
S10,Seam / Body Joining,body_joining,WELDING_BODY_JOINING,EQUIPMENT_DEGRADATION,UNSEEN_ONLY,SEVERE,0.9,GRADUAL,0.4292682926829268,90.0,122.72727272727273,4,False,peak_cycle_multiplier=1.850; profile_average_fraction=0.7500,72.05000000000001,35.1219512195122,49.96530187369881,0.7029268292682929,0.7941463414634147,-14.843350654186615,,INCAPABLE
S10,Seam / Body Joining,body_joining,WELDING_BODY_JOINING,EQUIPMENT_DEGRADATION,UNSEEN_ONLY,SEVERE,0.9,ACCELERATING,0.4292682926829268,90.0,122.72727272727273,4,False,peak_cycle_multiplier=1.850; profile_average_fraction=0.3333,56.46666666666666,35.1219512195122,63.75442739079103,0.5508943089430894,0.7941463414634147,-28.63247617127883,,INCAPABLE
S10,Seam / Body Joining,body_joining,WELDING_BODY_JOINING,EQUIPMENT_DEGRADATION,UNSEEN_ONLY,SEVERE,0.9,STEP,0.4292682926829268,90.0,122.72727272727273,4,False,peak_cycle_multiplier=1.850; profile_average_fraction=1.0000,81.4,35.1219512195122,44.22604422604422,0.7941463414634148,0.7941463414634147,-9.104093006532025,,INCAPABLE
S10,Seam / Body Joining,body_joining,WELDING_BODY_JOINING,EQUIPMENT_DEGRADATION,UNSEEN_ONLY,SEVERE,0.9,INTERMITTENT,0.4292682926829268,90.0,122.72727272727273,4,False,peak_cycle_multiplier=1.850; profile_average_fraction=0.5000,62.7,35.1219512195122,57.41626794258373,0.6117073170731708,0.7941463414634147,-22.294316723071532,,INCAPABLE
S27,Powertrain / Battery Pack Mounting Fastening,final_assembly,TORQUE_FASTENING,EQUIPMENT_DEGRADATION,UNSEEN_ONLY,MILD,0.25,GRADUAL,0.21839024390243905,30.0,80.41098950189858,5,False,peak_cycle_multiplier=1.250; profile_average_fraction=0.7500,26.582187500000003,35.1219512195122,135.42903495056603,0.2593384146341464,0.2729878048780488,-100.30708373105384,,INCAPABLE
S27,Powertrain / Battery Pack Mounting Fastening,final_assembly,TORQUE_FASTENING,EQUIPMENT_DEGRADATION,UNSEEN_ONLY,MILD,0.25,ACCELERATING,0.21839024390243905,30.0,80.41098950189858,5,False,peak_cycle_multiplier=1.250; profile_average_fraction=0.3333,24.250416666666666,35.1219512195122,148.45105754196663,0.23658943089430895,0.2729878048780488,-113.32910632245444,,INCAPABLE
S27,Powertrain / Battery Pack Mounting Fastening,final_assembly,TORQUE_FASTENING,EQUIPMENT_DEGRADATION,UNSEEN_ONLY,MILD,0.25,STEP,0.21839024390243905,30.0,80.41098950189858,5,False,peak_cycle_multiplier=1.250; profile_average_fraction=1.0000,27.981250000000003,35.1219512195122,128.65758320303775,0.2729878048780488,0.2729878048780488,-93.53563198352555,,INCAPABLE
S27,Powertrain / Battery Pack Mounting Fastening,final_assembly,TORQUE_FASTENING,EQUIPMENT_DEGRADATION,UNSEEN_ONLY,MILD,0.25,INTERMITTENT,0.21839024390243905,30.0,80.41098950189858,5,False,peak_cycle_multiplier=1.250; profile_average_fraction=0.5000,25.183125,35.1219512195122,142.9528702255975,0.2456890243902439,0.2729878048780488,-107.83091900608531,,INCAPABLE
S27,Powertrain / Battery Pack Mounting Fastening,final_assembly,TORQUE_FASTENING,EQUIPMENT_DEGRADATION,UNSEEN_ONLY,MODERATE,0.55,GRADUAL,0.21839024390243905,60.0,160.82197900379717,5,False,peak_cycle_multiplier=1.500; profile_average_fraction=0.7500,30.779375,35.1219512195122,116.96143927548886,0.3002865853658537,0.3275853658536586,-81.83948805597666,,INCAPABLE
S27,Powertrain / Battery Pack Mounting Fastening,final_assembly,TORQUE_FASTENING,EQUIPMENT_DEGRADATION,UNSEEN_ONLY,MODERATE,0.55,ACCELERATING,0.21839024390243905,60.0,160.82197900379717,5,False,peak_cycle_multiplier=1.500; profile_average_fraction=0.3333,26.115833333333338,35.1219512195122,137.84741057468327,0.25478861788617896,0.3275853658536586,-102.72545935517107,,INCAPABLE
S27,Powertrain / Battery Pack Mounting Fastening,final_assembly,TORQUE_FASTENING,EQUIPMENT_DEGRADATION,UNSEEN_ONLY,MODERATE,0.55,STEP,0.21839024390243905,60.0,160.82197900379717,5,False,peak_cycle_multiplier=1.500; profile_average_fraction=1.0000,33.5775,35.1219512195122,107.21465266919812,0.3275853658536586,0.3275853658536586,-72.09270144968592,,INCAPABLE
S27,Powertrain / Battery Pack Mounting Fastening,final_assembly,TORQUE_FASTENING,EQUIPMENT_DEGRADATION,UNSEEN_ONLY,MODERATE,0.55,INTERMITTENT,0.21839024390243905,60.0,160.82197900379717,5,False,peak_cycle_multiplier=1.500; profile_average_fraction=0.5000,27.981250000000003,35.1219512195122,128.65758320303775,0.2729878048780488,0.3275853658536586,-93.53563198352555,,INCAPABLE
S27,Powertrain / Battery Pack Mounting Fastening,final_assembly,TORQUE_FASTENING,EQUIPMENT_DEGRADATION,UNSEEN_ONLY,SEVERE,0.9,GRADUAL,0.21839024390243905,90.0,241.23296850569577,5,False,peak_cycle_multiplier=1.850; profile_average_fraction=0.7500,36.655437500000005,35.1219512195122,98.21189557483797,0.357614024390244,0.4040219512195123,-63.08994435532577,,INCAPABLE
S27,Powertrain / Battery Pack Mounting Fastening,final_assembly,TORQUE_FASTENING,EQUIPMENT_DEGRADATION,UNSEEN_ONLY,SEVERE,0.9,ACCELERATING,0.21839024390243905,90.0,241.23296850569577,5,False,peak_cycle_multiplier=1.850; profile_average_fraction=0.3333,28.727416666666667,35.1219512195122,125.31582779516664,0.28026747967479676,0.4040219512195123,-90.19387657565444,,INCAPABLE
S27,Powertrain / Battery Pack Mounting Fastening,final_assembly,TORQUE_FASTENING,EQUIPMENT_DEGRADATION,UNSEEN_ONLY,SEVERE,0.9,STEP,0.21839024390243905,90.0,241.23296850569577,5,False,peak_cycle_multiplier=1.850; profile_average_fraction=1.0000,41.41225000000001,35.1219512195122,86.93079946151198,0.4040219512195123,0.4040219512195123,-51.80884824199978,,INCAPABLE
S27,Powertrain / Battery Pack Mounting Fastening,final_assembly,TORQUE_FASTENING,EQUIPMENT_DEGRADATION,UNSEEN_ONLY,SEVERE,0.9,INTERMITTENT,0.21839024390243905,90.0,241.23296850569577,5,False,peak_cycle_multiplier=1.850; profile_average_fraction=0.5000,31.898625000000003,35.1219512195122,112.8575291254717,0.31120609756097567,0.4040219512195123,-77.7355779059595,,INCAPABLE
S28,Suspension / Chassis Fastening,final_assembly,TORQUE_FASTENING,EQUIPMENT_DEGRADATION,UNSEEN_ONLY,MILD,0.25,GRADUAL,0.25809756097560976,30.0,68.04006804006804,4,False,peak_cycle_multiplier=1.250; profile_average_fraction=0.7500,31.415312500000002,35.1219512195122,114.59379880432512,0.3064908536585366,0.3226219512195122,-79.47184758481292,,INCAPABLE
S28,Suspension / Chassis Fastening,final_assembly,TORQUE_FASTENING,EQUIPMENT_DEGRADATION,UNSEEN_ONLY,MILD,0.25,ACCELERATING,0.25809756097560976,30.0,68.04006804006804,4,False,peak_cycle_multiplier=1.250; profile_average_fraction=0.3333,28.659583333333334,35.1219512195122,125.61243330474099,0.27960569105691063,0.3226219512195122,-90.49048208522879,,INCAPABLE
S28,Suspension / Chassis Fastening,final_assembly,TORQUE_FASTENING,EQUIPMENT_DEGRADATION,UNSEEN_ONLY,MILD,0.25,STEP,0.25809756097560976,30.0,68.04006804006804,4,False,peak_cycle_multiplier=1.250; profile_average_fraction=1.0000,33.06875,35.1219512195122,108.86410886410886,0.32262195121951226,0.3226219512195122,-73.74215764459666,,INCAPABLE
S28,Suspension / Chassis Fastening,final_assembly,TORQUE_FASTENING,EQUIPMENT_DEGRADATION,UNSEEN_ONLY,MILD,0.25,INTERMITTENT,0.25809756097560976,30.0,68.04006804006804,4,False,peak_cycle_multiplier=1.250; profile_average_fraction=0.5000,29.761875000000003,35.1219512195122,120.96012096012095,0.29035975609756104,0.3226219512195122,-85.83816974060875,,INCAPABLE
S28,Suspension / Chassis Fastening,final_assembly,TORQUE_FASTENING,EQUIPMENT_DEGRADATION,UNSEEN_ONLY,MODERATE,0.55,GRADUAL,0.25809756097560976,60.0,136.08013608013607,4,False,peak_cycle_multiplier=1.500; profile_average_fraction=0.7500,36.375625,35.1219512195122,98.96737169464443,0.3548841463414634,0.38714634146341464,-63.84542047513223,,INCAPABLE
S28,Suspension / Chassis Fastening,final_assembly,TORQUE_FASTENING,EQUIPMENT_DEGRADATION,UNSEEN_ONLY,MODERATE,0.55,ACCELERATING,0.25809756097560976,60.0,136.08013608013607,4,False,peak_cycle_multiplier=1.500; profile_average_fraction=0.3333,30.86416666666667,35.1219512195122,116.64011664011663,0.30111382113821145,0.38714634146341464,-81.51816542060443,,INCAPABLE
S28,Suspension / Chassis Fastening,final_assembly,TORQUE_FASTENING,EQUIPMENT_DEGRADATION,UNSEEN_ONLY,MODERATE,0.55,STEP,0.25809756097560976,60.0,136.08013608013607,4,False,peak_cycle_multiplier=1.500; profile_average_fraction=1.0000,39.682500000000005,35.1219512195122,90.72009072009071,0.3871463414634147,0.38714634146341464,-55.59813950057851,,INCAPABLE
S28,Suspension / Chassis Fastening,final_assembly,TORQUE_FASTENING,EQUIPMENT_DEGRADATION,UNSEEN_ONLY,MODERATE,0.55,INTERMITTENT,0.25809756097560976,60.0,136.08013608013607,4,False,peak_cycle_multiplier=1.500; profile_average_fraction=0.5000,33.06875,35.1219512195122,108.86410886410886,0.32262195121951226,0.38714634146341464,-73.74215764459666,,INCAPABLE
S28,Suspension / Chassis Fastening,final_assembly,TORQUE_FASTENING,EQUIPMENT_DEGRADATION,UNSEEN_ONLY,SEVERE,0.9,GRADUAL,0.25809756097560976,90.0,204.1202041202041,4,False,peak_cycle_multiplier=1.850; profile_average_fraction=0.7500,43.320062500000006,35.1219512195122,83.10237317870904,0.42263475609756107,0.47748048780487806,-47.980421959196846,,INCAPABLE
S28,Suspension / Chassis Fastening,final_assembly,TORQUE_FASTENING,EQUIPMENT_DEGRADATION,UNSEEN_ONLY,SEVERE,0.9,ACCELERATING,0.25809756097560976,90.0,204.1202041202041,4,False,peak_cycle_multiplier=1.850; profile_average_fraction=0.3333,33.950583333333334,35.1219512195122,106.0364696728333,0.33122520325203253,0.47748048780487806,-70.91451845332111,,INCAPABLE
S28,Suspension / Chassis Fastening,final_assembly,TORQUE_FASTENING,EQUIPMENT_DEGRADATION,UNSEEN_ONLY,SEVERE,0.9,STEP,0.25809756097560976,90.0,204.1202041202041,4,False,peak_cycle_multiplier=1.850; profile_average_fraction=1.0000,48.941750000000006,35.1219512195122,73.55683031358706,0.4774804878048782,0.47748048780487806,-38.43487909407486,,INCAPABLE
S28,Suspension / Chassis Fastening,final_assembly,TORQUE_FASTENING,EQUIPMENT_DEGRADATION,UNSEEN_ONLY,SEVERE,0.9,INTERMITTENT,0.25809756097560976,90.0,204.1202041202041,4,False,peak_cycle_multiplier=1.850; profile_average_fraction=0.5000,37.698375000000006,35.1219512195122,95.49483233693759,0.36778902439024397,0.47748048780487806,-60.37288111742539,,INCAPABLE
S26,Powertrain / Battery Pack Marriage,final_assembly,ROBOTIC_HANDLING_ASSEMBLY,EQUIPMENT_DEGRADATION,UNSEEN_ONLY,MILD,0.25,GRADUAL,0.7551219512195121,30.0,23.255813953488374,4,False,peak_cycle_multiplier=1.250; profile_average_fraction=0.7500,91.9125,35.1219512195122,39.16768665850673,0.8967073170731709,0.9439024390243901,-4.045735438994534,,HARD_NEGATIVE
S26,Powertrain / Battery Pack Marriage,final_assembly,ROBOTIC_HANDLING_ASSEMBLY,EQUIPMENT_DEGRADATION,UNSEEN_ONLY,MILD,0.25,ACCELERATING,0.7551219512195121,30.0,23.255813953488374,4,False,peak_cycle_multiplier=1.250; profile_average_fraction=0.3333,83.84999999999998,35.1219512195122,42.93381037567085,0.8180487804878047,0.9439024390243901,-7.811859156158654,,HARD_NEGATIVE
S26,Powertrain / Battery Pack Marriage,final_assembly,ROBOTIC_HANDLING_ASSEMBLY,EQUIPMENT_DEGRADATION,UNSEEN_ONLY,MILD,0.25,STEP,0.7551219512195121,30.0,23.255813953488374,4,False,peak_cycle_multiplier=1.250; profile_average_fraction=1.0000,96.74999999999999,35.1219512195122,37.2093023255814,0.9439024390243903,0.9439024390243901,-2.0873511060691996,,HARD_NEGATIVE
S26,Powertrain / Battery Pack Marriage,final_assembly,ROBOTIC_HANDLING_ASSEMBLY,EQUIPMENT_DEGRADATION,UNSEEN_ONLY,MILD,0.25,INTERMITTENT,0.7551219512195121,30.0,23.255813953488374,4,False,peak_cycle_multiplier=1.250; profile_average_fraction=0.5000,87.07499999999999,35.1219512195122,41.343669250646,0.8495121951219511,0.9439024390243901,-6.221718031133804,,HARD_NEGATIVE
S26,Powertrain / Battery Pack Marriage,final_assembly,ROBOTIC_HANDLING_ASSEMBLY,EQUIPMENT_DEGRADATION,UNSEEN_ONLY,MODERATE,0.55,GRADUAL,0.7551219512195121,60.0,46.51162790697675,4,False,peak_cycle_multiplier=1.500; profile_average_fraction=0.7500,106.42499999999998,35.1219512195122,33.826638477801275,1.038292682926829,1.1326829268292682,1.295312741710923,185.28343949044637,BORDERLINE
S26,Powertrain / Battery Pack Marriage,final_assembly,ROBOTIC_HANDLING_ASSEMBLY,EQUIPMENT_DEGRADATION,UNSEEN_ONLY,MODERATE,0.55,ACCELERATING,0.7551219512195121,60.0,46.51162790697675,4,False,peak_cycle_multiplier=1.500; profile_average_fraction=0.3333,90.3,35.1219512195122,39.8671096345515,0.8809756097560976,1.1326829268292682,-4.745158415039299,,BORDERLINE
S26,Powertrain / Battery Pack Marriage,final_assembly,ROBOTIC_HANDLING_ASSEMBLY,EQUIPMENT_DEGRADATION,UNSEEN_ONLY,MODERATE,0.55,STEP,0.7551219512195121,60.0,46.51162790697675,4,False,peak_cycle_multiplier=1.500; profile_average_fraction=1.0000,116.1,35.1219512195122,31.007751937984498,1.1326829268292684,1.1326829268292682,4.1141992815277,58.3345588235294,POSITIVE_CAPABLE
S26,Powertrain / Battery Pack Marriage,final_assembly,ROBOTIC_HANDLING_ASSEMBLY,EQUIPMENT_DEGRADATION,UNSEEN_ONLY,MODERATE,0.55,INTERMITTENT,0.7551219512195121,60.0,46.51162790697675,4,False,peak_cycle_multiplier=1.500; profile_average_fraction=0.5000,96.74999999999999,35.1219512195122,37.2093023255814,0.9439024390243903,1.1326829268292682,-2.0873511060691996,,BORDERLINE
S26,Powertrain / Battery Pack Marriage,final_assembly,ROBOTIC_HANDLING_ASSEMBLY,EQUIPMENT_DEGRADATION,UNSEEN_ONLY,SEVERE,0.9,GRADUAL,0.7551219512195121,90.0,69.76744186046513,4,False,peak_cycle_multiplier=1.850; profile_average_fraction=0.7500,126.7425,35.1219512195122,28.40404757677969,1.2365121951219513,1.3969756097560975,6.717903642732509,35.72543054552952,POSITIVE_CAPABLE
S26,Powertrain / Battery Pack Marriage,final_assembly,ROBOTIC_HANDLING_ASSEMBLY,EQUIPMENT_DEGRADATION,UNSEEN_ONLY,SEVERE,0.9,ACCELERATING,0.7551219512195121,90.0,69.76744186046513,4,False,peak_cycle_multiplier=1.850; profile_average_fraction=0.3333,99.32999999999998,35.1219512195122,36.24282694050137,0.9690731707317072,1.3969756097560975,-1.1208757209891687,,BORDERLINE
S26,Powertrain / Battery Pack Marriage,final_assembly,ROBOTIC_HANDLING_ASSEMBLY,EQUIPMENT_DEGRADATION,UNSEEN_ONLY,SEVERE,0.9,STEP,0.7551219512195121,90.0,69.76744186046513,4,False,peak_cycle_multiplier=1.850; profile_average_fraction=1.0000,143.19,35.1219512195122,25.1414204902577,1.3969756097560975,1.3969756097560975,9.980530729254497,24.04681739985254,POSITIVE_CAPABLE
S26,Powertrain / Battery Pack Marriage,final_assembly,ROBOTIC_HANDLING_ASSEMBLY,EQUIPMENT_DEGRADATION,UNSEEN_ONLY,SEVERE,0.9,INTERMITTENT,0.7551219512195121,90.0,69.76744186046513,4,False,peak_cycle_multiplier=1.850; profile_average_fraction=0.5000,110.29499999999999,35.1219512195122,32.63973888208895,1.0760487804878047,1.3969756097560975,2.482212337423249,96.68794098781281,POSITIVE_CAPABLE
