tree
version=v4
num_class=1
num_tree_per_iteration=1
label_index=0
max_feature_idx=41
objective=binary sigmoid:1
feature_names=last_cycle_time cycle_time_mean_1m cycle_time_mean_3m cycle_time_mean_5m cycle_time_std_5m cycle_time_dev_from_baseline cycle_time_dev_relative cycle_time_slope_5m completions_1m completions_3m completions_5m microstop_count_5m microstop_duration_5m time_since_last_microstop inbound_occupancy_ratio inbound_occupancy_max_5m inbound_occupancy_mean_5m inbound_growth_1m inbound_growth_3m inbound_growth_5m inbound_recent_full outbound_occupancy_ratio outbound_growth_3m arrivals_3m arrivals_5m arrival_minus_departure_5m arrival_rate_trend mix_ice_sedan_5m mix_ice_suv_5m mix_ev_5m sensor_latest_value_dev sensor_mean_dev_5m sensor_std_5m sensor_missing_ratio_5m sensor_time_since_available prop_processing_5m prop_starved_5m prop_blocked_5m prop_down_5m station_type sensor_maturity zone
feature_infos=[9.8187646754288309:262.00829886129645] [11.358749128202676:262.00829886129645] [9.8187646754288309:262.00829886129645] [11.036341213416122:262.00829886129645] [0:140.18121143902727] [-61.600000000000001:192.00829886129645] [-0.69999999999999996:2.7429756980185207] [-91.953909561790368:108.22695145770423] [0:2] [0:4] [0:5] [0:3] [0:166.40315889232167] [0.19482042573145009:32612.957479523109] [0:1] [0:1] [0:0.91999999999999993] [-2:21] [-2:20] [-3:21] [0:1] [0:1] [-2:2] [0:4] [0:6] [-1:1] [-0.016666666666666666:0.026666666666666665] [0:1] [0:1] [0:1] [-619.40018284360849:611.10329472298145] [-480.47040280556939:447.58041957029673] [0:371.99212150936728] [0:1] [8.6387481132987887e-05:9999] [0:1] [0:1] [0:0.85433653028427825] [0:0.48717990700866115] -1:5:4:9:6:7:8:3:2:0:1 -1:2:0:1 -1:1:0:3:2
tree_sizes=365 1930 2097 1644 973 5428 377 886 1952 1238 1646 2439 1693 1565 1785 2103 1933 2365 1556 3530 1397 3378 1796 1465 2166 1912 4235 1595 2328 1860 1682 1423 2629 2759 2541 1598 1498 3705 2486 1858 2166 1524 1708 1619 3253 2286 2586 3441 2263 3059 4597 2594 3124 3413 2923 2574 3458 2899 2283 2118 3126 2626 2675 3342 3629 2283 2096

Tree=0
num_leaves=2
num_cat=0
split_feature=16
split_gain=1.71938e+10
threshold=0.16458333333333339
decision_type=10
left_child=-1
right_child=-2
leaf_value=-9.4392148388772092 257.14004996173668
leaf_weight=228.65602426294936 229.26959241778241
leaf_count=2815836 4007
internal_value=124.34
internal_weight=457.926
internal_count=2819843
is_linear=0
shrinkage=1


Tree=1
num_leaves=18
num_cat=1
split_feature=36 14 14 36 2 32 24 30 36 30 40 2 32 3 32 1 10
split_gain=6.63405e+06 133614 65420.7 7430.04 4051.33 771.115 603.194 161.88 111.726 55.8026 47.4849 14.9205 5.7027 3.39931 3.16838 3.192 0.13944
threshold=1.0000000180025095e-35 1.0000000180025095e-35 1.0000000180025095e-35 0.16224728945331665 88.885390164157442 0.030905165296778118 2.5000000000000004 63.238284685109541 0.33061420551122872 -0.51254028612578739 0 86.611251204320041 0.020934131614482879 57.362826784742765 76.318807848451726 61.549033291836579 1.5000000000000002
decision_type=2 10 10 2 8 10 2 10 2 10 1 10 8 10 10 8 2
left_child=1 -1 3 6 11 -6 -2 9 10 -8 -5 14 13 -12 15 -4 -15
right_child=2 -3 4 8 5 -7 7 -9 -10 -11 12 -13 -14 16 -16 -17 -18
leaf_value=-5.084293979422406 0 -51.910338083180797 0 0 -4.9169001545064264 0 0 0 -0.021359967849163858 -1.2305349769175062 0 0 0 0 0 -0.53037307642858 -0.12866238470000546
leaf_weight=0.30714556334714771 0.36560024720529272 0.11635265644144965 0.0058852334768734185 3.1555985661543673 0.32766435033408925 0.033561736854608171 0.20614223205484439 0.058057032947544829 209.4528349459506 1.6820633518364045 0.15023251402453563 0.028312744834693149 0.26515362718782842 0.0060442938411141558 0.0058852334768744177 0.50843645429267781 7.2689791155789862
leaf_count=4193 4600 4537 74 39678 4445 424 2597 730 2633633 21313 1889 356 3334 76 74 6440 91450
internal_value=-0.386452 -46.0794 -0.0791776 -0.0429985 -4.01824 -4.83275 -1.05713 -1.16084 -0.0263977 -1.18317 -0.0965869 -0.517805 -0.123523 -0.126697 -0.526617 -0.528488 -0.128585
internal_weight=223.944 0.423498 223.52 222.611 0.909746 0.361226 2.31186 1.94626 220.299 1.88821 10.846 0.54852 7.69041 7.42526 0.520207 0.514322 7.27502
internal_count=2819843 8730 2811113 2799300 11813 4869 29240 24640 2770060 23910 136427 6944 96749 93415 6588 6514 91526
cat_boundaries=0 1
cat_threshold=4
is_linear=0
shrinkage=0.0217778


Tree=2
num_leaves=20
num_cat=0
split_feature=17 18 34 35 30 31 24 4 31 30 4 35 31 31 30 34 4 30 34
split_gain=7.04406e+06 114397 10532.5 1610.64 688.949 452.232 337.165 168.293 53.9559 21.1589 10.2665 5.71196 3.90621 3.29657 3.26633 1.14949 0.995521 0.585625 0.332701
threshold=1.0000000180025095e-35 -1.0000000180025095e-35 82.693290981456371 0.82510731911262014 128.13684079269026 43.145528807920762 2.5000000000000004 5.2867516117886924 23.998982385596126 63.238284685109541 16.146913412390905 0.51078895008592562 1.0000000180025095e-35 -0.26282278798548359 -142.67250691603837 127.19017387827263 1.4871835895386509 -0.038429933189936753 83.850265314529693
decision_type=2 2 2 2 10 10 2 10 10 10 10 2 10 10 10 2 10 10 2
left_child=1 2 5 10 -2 -1 -5 -8 9 14 -3 -12 13 -4 -9 16 -15 -18 -19
right_child=4 3 12 6 -6 -7 7 8 -10 -11 11 -13 -14 15 -16 -17 17 18 -20
leaf_value=-6.5901708040777693 -48.295402336221628 -0.02197930179542654 0 0 0 0 0 0 0 0 0 -0.091824800323357963 0 0 -0.81525387248518477 0 0 0 -0.23150408444341428
leaf_weight=0.3188602496581997 0.37327429089555053 210.81557006431365 0.039153897598680487 0.39873201041916562 0.0019463153839751604 0.0049891956016381292 0.21175769800709077 0.0024659282745460578 0.042602719796832389 0.01614906062980026 0.75114982343075043 2.6399529621515967 0.049669057580672415 0.011130091846439427 0.62663371371729681 0.013103414202646491 0.0064551047772738448 0.0036372874506014332 0.16675608509137874
leaf_count=7833 16318 2714353 512 5528 32 82 4972 32 755 212 9648 35494 667 156 20242 177 96 79 2655
internal_value=-0.398939 -0.076822 -5.72612 -0.0315276 -48.2606 -6.56672 -0.599722 -0.716515 -0.787676 -0.80666 -0.0242017 -0.0800399 -0.212561 -0.219774 -0.814105 -0.225856 -0.227976 -0.229811 -0.230891
internal_weight=216.494 216.119 0.613754 215.505 0.375221 0.323849 1.29834 0.899609 0.687851 0.645249 214.207 3.3911 0.289905 0.240236 0.6291 0.201082 0.187979 0.176848 0.170393
internal_count=2819843 2803493 12257 2791236 16350 7915 31741 26213 21241 20486 2759495 45142 4342 3675 20274 3163 2986 2830 2734
is_linear=0
shrinkage=0.0217778


Tree=3
num_leaves=15
num_cat=0
split_feature=15 34 34 26 15 4 34 26 30 30 26 2 30 15
split_gain=1.39483e+06 1.00137e+07 9717.77 3251.76 2259.83 1132.32 492.067 253.173 26.1805 25.2827 24.8912 2.43151 0.367839 0.186405
threshold=0.32500000000000007 226.29954639034625 201.09015256794012 -1.0000000180025095e-35 0.22500000000000003 1.0000000180025095e-35 499.93611831597815 -0.0049999999999999992 -24.524010536680006 27.461397433676101 0.011666666666666667 111.09738423036769 -1.0961814273444419 1.0000000180025095e-35
decision_type=8 2 2 2 10 10 2 2 10 10 2 8 8 10
left_child=2 -2 11 4 -4 7 8 -6 -3 -10 -5 -1 -12 -14
right_child=1 6 3 10 5 -7 -8 -9 9 -11 12 -13 13 -15
leaf_value=-0.021556234977533596 -71.059583196270353 0 0 0 0 0 0 -2.4936869757950229 -0.44537515752440171 0 0 -0.08403203386701584 0 -0.17551847302247969
leaf_weight=199.51332351305433 0.0050003681762394994 0.077756851336744148 0.24422147798389915 0.83190762988669897 0.019953276248998009 0.097267577184538823 6.6892586443573236 0.22991962212108785 0.77444982395894602 0.069531836699752603 0.0076157542935106903 1.705479308394273 0.0038276047416729844 0.33509318891447037
leaf_count=2663881 3855 1021 3249 11019 387 1425 87768 3177 10229 913 100 28348 50 4421
internal_value=-0.409432 -8.95384 -0.0424775 -1.30812 -1.95703 -2.28972 -0.111915 -2.45642 -0.414105 -0.430015 -0.117943 -0.0234959 -0.17428 -0.175102
internal_weight=210.605 7.616 202.989 1.76981 0.591362 0.34714 7.611 0.249873 0.921739 0.843982 1.17844 201.219 0.346537 0.338921
internal_count=2819843 103786 2716057 23828 8238 4989 99931 3564 12163 11142 15590 2692229 4571 4471
is_linear=0
shrinkage=0.0217778


Tree=4
num_leaves=8
num_cat=0
split_feature=35 37 16 35 16 16 31
split_gain=4.49916e+06 497856 58974 412430 26139.1 4359.8 1439.98
threshold=0.95947602022448952 0.041818995597398809 0.15625000000000003 0.1671091763042705 0.11180555555555557 0.12250000000000001 47.385271744604616
decision_type=2 2 8 2 8 10 10
left_child=1 2 -1 -4 -2 -3 -6
right_child=4 5 3 -5 6 -7 -8
leaf_value=-0.020680661628060183 0 0 -0.00087871163530923351 -14.417995088934951 -43.739974902314572 -14.958026270454075 0
leaf_weight=198.24025890181395 0.0065333050214359534 0.0093484701312264717 7.3208428453799561 0.011070125008700304 0.0642419777082332 0.011224662995873602 0.0013547458341918164
leaf_count=2706517 1697 291 99645 1131 9410 1112 40
internal_value=-0.418695 -0.176994 -0.097547 -1.88452 -43.458 -14.8304 -43.7071
internal_weight=205.665 205.593 205.572 7.33191 0.07213 0.0205731 0.0655967
internal_count=2819843 2808696 2807293 100776 11147 1403 9450
is_linear=0
shrinkage=0.0217778


Tree=5
num_leaves=55
num_cat=1
split_feature=3 21 3 24 10 3 10 31 29 0 30 26 2 26 1 23 10 31 3 10 3 30 30 30 30 31 40 23 3 30 31 29 29 31 31 31 6 3 31 31 5 31 0 29 31 30 30 24 30 30 31 9 5 31
split_gain=2.03617e+06 506024 82487.9 14615.5 24436.6 9640.11 15195.1 2562.41 1748.03 1444.64 1279.19 872.607 777.933 2005.16 321.717 466.641 229.114 125.929 121.042 109.877 315.733 43.0024 40.1103 36.4025 36.7254 32.3306 26.6768 22.5776 24.5991 10.1515 6.26677 4.76473 4.50072 3.06842 2.95226 2.95113 2.69985 2.67813 2.04378 1.53962 1.14469 0.87668 0.748231 0.412827 0.410885 0.395674 0.28705 0.204 0.199851 0.100868 0.0709189 0.0393777 0.0289701 0.0128459
threshold=97.862205675236623 0.45000000000000007 82.893018348532053 2.5000000000000004 2.5000000000000004 70.022660909179379 3.5000000000000004 23.998982385596126 inf 26.961763825123132 63.238284685109541 0.0050000000000000001 74.823273986332012 -1.0000000180025095e-35 39.279457087254535 1.0000000180025095e-35 2.5000000000000004 47.385271744604616 72.823941731567785 3.5000000000000004 56.819236904873414 116.80834102669452 -63.384087140400304 -74.705583766345384 106.68000013281745 52.054183475557544 0 1.0000000180025095e-35 51.701944595233975 81.878471872034552 -62.602773017697011 inf inf -85.957355953284136 0.0011649736649102147 -8.6420610120076713 0.28200249225361523 69.397162278495074 -0.021028267947244317 0.054560773423683449 24.722349095807726 52.054183475557544 35.272150662319071 0.70833333333333337 -1.0124644241315151 89.18553592197965 -17.693533427936924 3.5000000000000004 -68.854989222037133 68.668532967549268 -17.379445526654283 2.5000000000000004 21.125032737026427 69.930616672229931
decision_type=10 10 10 2 2 10 2 10 8 8 8 2 8 2 10 2 2 10 10 2 10 10 8 10 8 8 1 2 8 8 10 8 8 8 10 10 8 10 10 10 10 8 8 10 8 8 10 2 10 10 8 2 8 10
left_child=1 2 5 16 38 12 11 10 -2 -3 -6 18 19 14 15 -14 22 21 46 -1 -21 -8 -4 -20 31 29 -22 -15 -29 30 -24 33 -32 -25 37 -13 41 40 -5 -40 42 43 -30 45 -44 48 -7 49 -37 50 -48 52 -50 -52
right_child=8 9 3 4 7 6 17 -9 -10 -11 -12 35 13 27 -16 -17 -18 -19 23 20 26 -23 25 24 -26 -27 -28 28 34 -31 32 -33 -34 -35 -36 36 -38 -39 39 -41 -42 -43 44 -45 -46 -47 47 -49 51 -51 53 -53 -54 -55
leaf_value=-0.021899309220509276 -24.677979367919338 0 0 0 -5.8680227795613868 0 -2.8836025554548717 0 0 -14.342638979669175 0 0 -0.033322659765639202 0 0 -1.1838504897227509 0 0 0 0 0 0 0 0 0 0 -0.39297020258953341 0 0 0 -0.82129178137204595 0 0 -0.63278349408916368 0 0 0 0 -0.12302008106979186 0 0 0 0 0 -0.16295024968804439 0 0 0 -0.085575531102503308 0 -0.069135005600896346 0 0 0
leaf_weight=170.36201724367379 0.55696367048549233 0.0033501244106368937 0.031646839376592795 0.11936075990606554 0.70317802706466692 0.091406008396972882 0.31106673592014011 0.05248047569637615 0.0013648636502746605 0.12778864907716744 0.017929892231384525 0.59055108467804807 0.70702290047210947 7.4697140774113278 0.22208191985028591 0.23729884777370891 0.54068100798265561 0.0073579340534024587 0.12415388050298926 5.3950728155365839 0.23250448490765763 0.0024948445681047806 0.0046822225049254476 0.0039065662717874261 0.047436311602169545 0.024749156636833525 0.62465073905701896 1.1379553076767481 0.018604497648993634 0.007635912967088653 0.74998930816521459 0.0060800721566404139 0.0033479604097882412 3.3085620276291339 0.085256499303795752 0.026623199776637629 0.43925788649839237 0.071704150817822665 0.42018223882999095 0.078843397470052423 0.029156993078686355 0.12674050788336355 0.010068362338643055 0.05735337888381753 0.92329348471285666 0.053650138695957916 0.019301407419348493 0.059827075780873318 4.0278033162330562 0.028184954678657337 1.2000410765052365 0.0052088500443189236 0.0038244759750732929 0.003452200813626515
leaf_count=2339208 21733 46 477 1863 20131 1305 7254 918 64 3154 272 8290 12350 101726 3142 4287 7975 112 1843 73984 3231 38 67 59 666 374 9976 16156 291 117 12566 196 115 51956 1231 376 6521 1032 7433 1159 426 1752 145 820 13528 735 279 1055 58890 402 17899 101 67 50
internal_value=-0.426826 -0.227877 -0.141719 -3.30959 -4.40254 -0.0790764 -0.689006 -5.66875 -24.6574 -14.3028 -5.80961 -0.337827 -0.0400174 -0.212462 -0.808774 -0.895391 -0.664899 -2.86338 -0.528983 -0.0270427 -0.116742 -2.87846 -0.790897 -0.613245 -0.62488 -0.803956 -0.359548 -0.0498465 -0.105937 -0.814481 -0.817786 -0.631394 -0.819827 -0.632239 -0.14924 -0.0725941 -0.0777556 -0.15435 -0.11116 -0.117944 -0.158977 -0.0823303 -0.160952 -0.0837927 -0.162242 -0.0844779 -0.0652678 -0.066935 -0.0851327 -0.0680973 -0.0686658 -0.0854628 -0.0855277 -0.0690632
internal_weight=201.515 200.957 200.825 2.75471 1.39197 198.071 10.5443 0.773588 0.558329 0.131139 0.721108 10.2234 187.526 10.9122 1.1664 0.944322 1.36273 0.32092 4.89235 176.614 6.25223 0.313562 0.822051 3.49014 3.36598 0.790405 0.857155 9.74575 2.27604 0.765655 0.758019 3.31855 0.753337 3.31247 1.13808 5.33101 4.74046 1.05283 0.618386 0.499026 0.981123 4.3012 0.951966 4.17446 0.933362 4.11711 1.40221 1.31081 4.06346 1.25098 1.22279 4.03684 4.03163 1.20349
internal_count=2819843 2798046 2794846 53467 31776 2741379 160666 21321 21797 3200 20403 153262 2580713 154314 19779 16637 21691 7404 75710 2426399 87191 7292 13716 54720 52877 13239 13207 134535 32809 12865 12748 52211 12681 52015 16653 77552 69262 15422 10455 8592 14390 62741 13964 60989 13673 60169 20990 19685 59434 18630 18228 59058 58957 17949
cat_boundaries=0 1
cat_threshold=4
is_linear=0
shrinkage=0.0217778


Tree=6
num_leaves=2
num_cat=0
split_feature=16
split_gain=1.286e+07
threshold=0.16458333333333339
decision_type=10
left_child=-1
right_child=-2
leaf_value=-0.020651997256944898 -74.772805723419253
leaf_weight=193.18553607501684 0.02424757928241561
leaf_count=2815836 4007
internal_value=-0.444135
internal_weight=193.21
internal_count=2819843
is_linear=0
shrinkage=0.0217778


Tree=7
num_leaves=7
num_cat=0
split_feature=14 31 31 16 31 16
split_gain=5.9442e+12 1.01873e+11 8.51933e+10 2.17521e+09 3.7999e+07 697647
threshold=0.45000000000000007 -10.46228109342894 43.145528807920762 0.3357142857142858 0.19208657288337308 0.16458333333333339
decision_type=10 10 10 10 8 10
left_child=3 -2 -3 5 -5 -1
right_child=1 2 -4 4 -6 -7
leaf_value=-0.020628579800506634 -0.00073234237190384851 51464.616388053313 0 984.28614148937243 0 -17.408599467296142
leaf_weight=189.23732706733554 0.019068023409527998 0.031056907079918768 0.01546708412526044 0.015929225261090578 0.018879215282138713 0.027435568163467816
leaf_count=2815835 102 1618 18 475 58 1737
internal_value=304.001 49904.1 50753.9 5.50913 967.499 -0.122345
internal_weight=189.365 0.065592 0.046524 189.3 0.0348084 189.265
internal_count=2819843 1738 1636 2818105 533 2817572
is_linear=0
shrinkage=0.0217778


Tree=8
num_leaves=18
num_cat=0
split_feature=36 24 19 14 3 32 36 36 9 7 32 36 32 7 3 19 7
split_gain=3.41508e+06 65421.2 10608.9 10602.3 20706.5 6601.52 1605.15 1471.23 713.873 50.3804 30.4626 21.5879 19.3637 8.65417 4.07796 3.42497 1.10857
threshold=1.0000000180025095e-35 1.5000000000000002 -1.0000000180025095e-35 0.22500000000000003 97.862205675236623 0.01614555583280081 0.33061420551122872 0.16224728945331665 1.5000000000000002 inf 70.069070913366929 0.3235012664451582 86.712031575107559 18.335526671842874 60.919351726294757 2.5000000000000004 -6.2538944125064253
decision_type=2 2 2 10 10 10 2 2 2 8 10 2 10 10 10 2 8
left_child=1 -1 6 7 5 -5 12 8 -4 -6 13 14 -2 -10 -9 -7 -17
right_child=2 -3 3 4 9 15 -8 11 10 -11 -12 -13 -14 -15 -16 16 -18
leaf_value=-2.7889188943595276 -2.3136740334933625 -38.37744380526329 0 -3.7609841837727278 -0.10063703532398 0 0 0 -0.95018040066528164 -0.38979507008569331 0 -0.020926319696192235 0 0 -0.080179621534725021 0 -0.15439783507319413
leaf_weight=0.22469093462936357 0.094740510724915711 0.053540450495120517 1.103789862539708 0.22175895704737447 6.1902553332065358 0.14440372586250305 0.2327539771762869 0.74684983125891147 0.19189331156403705 0.98434005692602422 0.017126276525070344 179.07829085218773 0.0017511306442532506 0.0047825719861291629 5.5284784794496327 0.22167350351810455 0.16867943260237572
leaf_count=291 7046 8439 4839 6599 329 1 4032 11206 20178 1596 575 2640321 51 821 111220 17 2282
internal_value=-0.324568 -34.8213 -0.0838917 -0.0688601 -0.799763 -2.8837 -1.9771 -0.0323688 -0.573093 -0.209595 -0.93438 -0.0241979 -2.31024 -0.946685 -0.0742445 -0.130673 -0.140959
internal_weight=195.21 0.278231 194.932 194.602 7.93111 0.756516 0.329246 186.671 1.31759 7.1746 0.213802 185.354 0.0964916 0.196676 6.27533 0.534757 0.390353
internal_count=2819843 8730 2811113 2799984 10824 8899 11129 2789160 26413 1925 21574 2762747 7097 20999 122426 2300 2299
is_linear=0
shrinkage=0.0217778


Tree=9
num_leaves=10
num_cat=0
split_feature=16 19 17 4 8 16 16 3 17
split_gain=1.90126e+06 837801 30563.7 13696.6 16616.6 7735.04 3324.94 375.363 262.514
threshold=0.29583333333333339 -1.4999999999999998 3.5000000000000004 17.215849415106891 1.0000000180025095e-35 0.16458333333333339 0.21130952380952384 97.862205675236623 -1.0000000180025095e-35
decision_type=10 2 2 10 2 10 10 10 2
left_child=2 -2 5 4 -4 -1 8 -8 -7
right_child=1 -3 3 -5 -6 6 7 -9 -10
leaf_value=-0.020576973145572476 -0.012193763780545911 -34.732996812992695 -4.9435811930435705 -0.30290823633840108 -0.047624262628236692 -0.35446454148760737 -0.46034967141374267 -0.092024412433269961 -1.2414592739611416
leaf_weight=181.07890965401907 0.48993146025134138 0.015647464752389761 0.14613142828599435 1.5940172246688948 0.59274438960560949 2.2859895244418027 2.0047992889968924 7.4096834576049719 2.2084938960231097
leaf_count=2804287 13 2275 9917 1943 307 187 206 330 378
internal_value=-0.290278 -24.0924 -0.0982747 -2.14535 -3.47847 -0.0611729 -0.537287 -0.228201 -0.980767
internal_weight=197.826 0.505579 197.321 2.33289 0.738876 194.988 13.909 9.41448 4.49448
internal_count=2819843 2288 2817555 12167 10224 2805388 1101 536 565
is_linear=0
shrinkage=0.0217778


Tree=10
num_leaves=15
num_cat=0
split_feature=16 27 17 14 18 1 16 2 36 26 0 6 0 0
split_gain=2.09109e+06 448926 38338.9 38080.4 18729.6 19076.9 8072.71 5141.81 24804 867.119 699.199 55.1581 159.716 83.9734
threshold=0.3357142857142858 inf 3.5000000000000004 0.22500000000000003 3.5000000000000004 103.30516189234376 0.16458333333333339 101.11020666688013 1.0000000180025095e-35 0.0083333333333333332 95.535337570583835 -0.14602338937117398 83.193501755114013 71.63062708146164
decision_type=10 8 2 8 2 10 10 10 2 2 10 8 10 10
left_child=2 -2 6 -4 -5 -6 -1 8 11 10 -10 -8 13 -13
right_child=1 -3 3 4 5 -7 7 -9 9 -11 -12 12 -14 -15
leaf_value=-0.020552101472883368 -33.507095395884086 0 -0.0052200019919285724 0 -7.1901429452661167 -0.073001625528284361 0 -0.13669609472073213 -3.8248858100813905 -0.014475591061192823 -0.082430812806030443 -0.47474962363222922 0 0
leaf_weight=177.3914186358611 0.01257992697003274 0.2417672008681393 1.8044971786647772 0.38174549843354577 0.0018033490201044824 0.30922940373420715 2.3619043435584608 8.1034781788792838 0.23257138400524402 0.15890418551310037 0.18652894005789977 0.27044850110267049 1.5729554514124542 0.75394492642035726
leaf_count=2804287 2056 10 1233 646 10386 46 113 455 239 10 14 124 157 67
internal_value=-0.294157 -27.531 -0.105685 -2.34327 -4.618 -5.79844 -0.0624847 -0.553221 -1.01201 -3.33545 -3.54754 -0.16345 -0.225902 -0.354122
internal_weight=193.784 0.254347 193.529 2.49728 0.692778 0.311033 191.032 13.6407 5.53726 0.578005 0.4191 4.95925 2.59735 1.02439
internal_count=2819843 2066 2817777 12311 11078 10432 2805466 1179 724 263 253 461 348 191
is_linear=0
shrinkage=0.0217778


Tree=11
num_leaves=23
num_cat=0
split_feature=19 14 36 14 17 19 19 30 18 18 17 36 36 3 14 30 30 30 30 30 4 35
split_gain=1.23358e+09 774187 41984.9 33379.1 11973.6 9150.08 6701.91 4540.74 3048.34 527.422 607.474 461.138 252.466 85.4669 77.4837 45.7518 51.697 34.2522 26.4021 24.4662 6.04863 0.630216
threshold=10.500000000000002 0.45000000000000007 0.08383164838717222 0.22500000000000003 3.5000000000000004 4.5000000000000009 9.5000000000000018 16.870378485823498 -1.0000000180025095e-35 4.5000000000000009 -1.0000000180025095e-35 0.30741644380064226 0.35680409232386112 97.862205675236623 0.22500000000000003 1.4841453668918183 -2.4824544818115792 -14.754313953730273 75.020916019166876 43.38255052265766 0.93080272770584405 0.70482866573856884
decision_type=2 10 2 8 2 2 2 10 2 2 2 2 2 8 10 8 10 8 10 10 8 2
left_child=1 2 3 9 8 -6 7 -5 12 10 18 13 17 15 -13 16 -10 -4 -1 20 -19 -15
right_child=-2 -3 4 6 5 -7 -8 -9 11 -11 -12 14 -14 21 -16 -17 -18 19 -20 -21 -22 -23
leaf_value=-0.25707083493728722 738.5231000501002 -16.915469232609702 0 -4.3357015892687452 -2.7379729221799889 0 0 0 0 0 -0.95292869872933172 -0.021644314471277626 0 0 -0.17745492418424608 0 -0.31484304398866436 0 0 0 -1.2346810051429569 -0.064779150613673522
leaf_weight=3.0135594902528418 0.0044977163239242604 0.24052102337361603 0.011352982996412849 1.1349566783370528 0.32333167316008271 1.1376739703118799 0.24907071888446797 0.16547971684489393 0.48543385135344852 0.9265870228409766 1.8941558948478983 169.42421604388846 0.091211063301044143 0.22575214354422968 0.87539369918508114 0.52585611559051315 2.9351161413541758 0.001954005255957209 0.27916559163759602 0.0079732296208678971 0.056680207843686534 6.9432289749440272
leaf_count=2673 504 1234 499 3328 8992 938 33 117 11928 124 11183 2661283 2284 3588 229 12623 84232 105 33 269 5612 8032
internal_value=3.89004 -0.254801 -0.138203 -1.61427 -0.0662949 -1.5554 -3.71409 -4.07195 -0.0441721 -0.579576 -0.652366 -0.0354812 -1.12488 -0.167982 -0.0246933 -0.26448 -0.288033 -1.21226 -0.242883 -1.22412 -1.23259 -0.0636014
internal_weight=190.953 190.949 190.708 7.66298 183.045 1.46101 1.54951 1.30044 181.584 6.11347 5.18688 181.415 0.169171 11.1154 170.3 3.94641 3.42055 0.0779604 3.29273 0.0666074 0.0586342 7.16898
internal_count=2819843 2819339 2818105 17491 2800614 9930 3478 3445 2790684 14013 13889 2781915 8769 120403 2661512 108783 96160 6485 2706 5986 5717 11620
is_linear=0
shrinkage=0.0217778


Tree=12
num_leaves=15
num_cat=0
split_feature=14 35 14 35 35 15 17 17 7 7 34 15 34 26
split_gain=1.45682e+06 136528 29494 28175.8 20744.8 12735.6 7531.49 3589.13 3178.01 1036.41 250.815 238.226 31.759 25.4321
threshold=0.32500000000000007 0.23850274662982582 0.22500000000000003 0.95947602022448952 0.65847241129738909 0.45000000000000007 3.5000000000000004 -1.0000000180025095e-35 -11.616298648195274 18.335526671842874 16.212334876225217 0.32500000000000007 1.8424417788701251 0.0083333333333333332
decision_type=10 2 10 2 2 10 2 2 8 10 2 10 2 2
left_child=2 -2 5 4 8 11 -5 -7 -4 -9 -10 -1 -6 -14
right_child=1 -3 3 6 12 7 -8 9 10 -11 -12 -13 13 -15
leaf_value=-0.020749487896117139 -0.91367299448877415 -24.114670535479132 0 -5.0945598179838996 0 -0.34696258866154278 0 -2.0143295191116484 0 -0.028797472167563409 -3.6451660237089913 -0.22706276940424003 -0.28425296126884225 -0.017143542016703477
leaf_weight=169.31294399594802 0.24907071888445997 0.24908598554325323 0.17730258405208588 0.012423051855012357 0.32342776656150896 2.937100770000824 0.16936040028050614 0.96343569084511793 0.11805933965658727 0.38659480710570759 0.13271391947242922 1.8756126588214659 6.1365959433034778 2.0345558216479667
leaf_count=2803978 103 1885 12 1128 6 256 1222 262 29 13 4443 303 5964 239
internal_value=-0.306845 -21.1864 -0.127262 -1.26813 -0.715575 -0.0596103 -4.428 -1.10581 -3.09687 -1.79108 -3.46595 -0.0255465 -0.241139 -0.248619
internal_weight=185.078 0.498157 184.58 9.10444 8.92266 175.476 0.181783 4.28713 0.428076 1.35003 0.250773 171.189 8.49458 8.17115
internal_count=2819843 1988 2817855 13043 10693 2804812 2350 531 4484 275 4472 2804281 6209 6203
is_linear=0
shrinkage=0.0217778


Tree=13
num_leaves=14
num_cat=0
split_feature=16 17 17 14 34 18 17 19 36 15 16 3 15
split_gain=2.07646e+06 325076 25895.7 28205.3 12173.9 9720.32 9197.07 9401.32 6648.02 1974.66 1871.45 4308.49 8.43355
threshold=0.29583333333333339 -1.0000000180025095e-35 3.5000000000000004 0.22500000000000003 12.957587623996007 -1.0000000180025095e-35 8.5000000000000018 2.5000000000000004 1.0000000180025095e-35 0.32500000000000007 0.16458333333333339 92.995293542814366 0.67500000000000016
decision_type=10 2 2 8 2 2 2 2 2 10 10 10 10
left_child=2 -2 5 -4 -5 8 7 -6 12 -10 -7 -12 -1
right_child=1 -3 3 4 6 10 -8 -9 9 -11 11 -13 -14
leaf_value=-0.19113301724780987 0 -30.471205002068857 -0.0017503460473222883 0 0 -0.020466063229521193 0 -6.0042285509872402 0 -2.8959031799944777 -1.2433037970608378 -0.089271197744165851 0
leaf_weight=1.5340685693859266 0.20533873491356802 0.17026503379321267 2.0035666041153659 0.32342776656150829 0.13995729386806474 165.70967639728298 0.19334118071197501 0.076303307512834817 0.12674136473471431 0.0020222183987572686 0.91236227812353732 9.9759714204447771 0.16347090899944317
leaf_count=1738 42 2246 1220 12 27 2792482 37 10871 10302 168 237 460 1
internal_value=-0.311638 -26.2779 -0.10225 -1.88089 -3.85569 -0.0627946 -4.69057 -5.35552 -1.3159 -2.59291 -0.0408622 -0.305224 -0.181475
internal_weight=181.537 0.375604 181.161 2.7366 0.73303 178.424 0.409602 0.216261 1.8263 0.128764 176.598 10.8883 1.69754
internal_count=2819843 2288 2817555 12167 10947 2805388 10935 10898 12209 10470 2793179 697 1739
is_linear=0
shrinkage=0.0217778


Tree=14
num_leaves=16
num_cat=0
split_feature=19 15 15 19 4 34 24 15 24 0 0 10 28 37 0
split_gain=1.4708e+06 61285.3 16025.7 25569.4 4663.13 5667.31 3227.98 2975.82 2835.17 441.675 71.8804 54.2682 323.631 41.4251 4.6575
threshold=5.5000000000000009 0.55000000000000016 0.32500000000000007 3.5000000000000004 1.0000000180025095e-35 201.09015256794012 3.5000000000000004 0.22500000000000003 1.5000000000000002 95.535337570583835 25.822341349825077 1.0000000180025095e-35 inf 0.74004227637580711 35.272150662319071
decision_type=2 10 10 2 8 2 2 10 2 10 10 2 8 2 8
left_child=1 2 4 6 5 -1 -4 -7 10 -5 -9 12 14 -13 -6
right_child=-2 -3 3 9 11 7 -8 8 -10 -11 -12 13 -14 -15 -16
leaf_value=-0.015538945000027364 -23.676627526585527 -4.9687964587554756 -2.9636288378895386 -0.47192588190630946 0 0 -0.8187347085736747 0 0 -0.090152838685674558 -2.6444954705875885 -0.02092162036566356 0 0.0069307152832716558 -0.41796316188210469
leaf_weight=2.6127362360731476 0.19334118071196726 0.16347681401495506 1.2371882876662437 1.539171310209716 0.014283351018353652 0.38948151846953732 2.2018597331161907 0.0049782657574722463 0.23875841246990603 10.453893133185339 0.055330213372198442 152.80809566573953 6.2249227754319305 18.038499832910304 0.13274195061370531
leaf_count=46074 1816 343 930 215 266 7443 319 799 4221 234 3162 2651741 99183 7 3090
internal_value=-0.285185 -0.132364 -0.100286 -0.750575 -0.0395086 -0.743317 -2.15516 -1.70198 -2.17876 -0.188866 -2.63298 -0.0209041 -0.0859645 -0.0168181 -0.413327
internal_weight=196.309 196.115 195.952 15.4321 180.52 3.30128 3.43905 0.688548 0.299067 11.9931 0.0603085 177.219 6.37195 170.847 0.147025
internal_count=2819843 2818027 2817684 1698 2815986 61699 1249 15625 8182 449 3961 2754287 102539 2651748 3356
is_linear=0
shrinkage=0.0217778


Tree=15
num_leaves=19
num_cat=0
split_feature=16 17 19 4 17 34 35 15 15 3 17 36 3 35 34 36 19 36
split_gain=2.49707e+06 12611.4 6382.99 3906.15 9577.98 2188.34 1887.07 1698 1689.45 5185.4 1595.51 355.163 54.7489 366.243 53.7968 33.8175 21.4844 6.92119
threshold=0.29583333333333339 4.5000000000000009 -1.0000000180025095e-35 1.0000000180025095e-35 3.5000000000000004 28.770796789401178 0.95947602022448952 0.32500000000000007 0.32500000000000007 97.862205675236623 3.5000000000000004 1.0000000180025095e-35 1.0000000180025095e-35 0.11137017900933037 0.44359343624091713 1.0000000180025095e-35 3.5000000000000004 0.8493138156804807
decision_type=10 2 2 8 2 2 2 8 10 10 2 2 10 2 2 2 2 2
left_child=1 2 6 4 16 -6 7 -1 12 10 -10 -8 13 -5 -13 -14 -4 -15
right_child=-2 -3 3 8 5 -7 11 -9 9 -11 -12 14 15 17 -16 -17 -18 -19
leaf_value=0 -31.561933508913192 -2.2220337573450788 0 0 0 -2.6596893800124275 0 -2.1464214782256139 -1.7700155176987558 -0.074578803933949611 -0.01489915682026343 0 0.0033937934499869865 -0.46296990015629758 -0.56137511056517542 -0.020468664863455482 -0.12018716881824715 0
leaf_weight=0.21390450815790399 0.12999754046370426 0.24415083232008683 3.2096055265710168 6.2997381105882297 0.18371522426605205 0.02406631187557115 1.4824886143177884 0.0021572309816393067 0.25958834487138638 11.374877180781453 0.61365584577544041 0.1535582870730306 17.915773165332325 0.0096925071390278061 0.30899098051469048 149.42933316569241 0.86714240300717182 0.017173708052723669
leaf_count=10568 2288 1219 60176 101510 1 1273 1255 141 262 557 109 10 4087 476 531 2634701 128 551
internal_value=-0.289182 -0.0922512 -0.0762207 -0.0584761 -0.640985 -2.2912 -1.03978 -1.79399 -0.0404033 -0.278069 -1.32546 -0.28298 -0.0209173 -0.0863578 -0.516746 -0.0167471 -0.0588596 -0.456084
internal_weight=192.74 192.61 192.365 190.204 4.28453 0.207782 2.1611 0.216062 185.92 12.2481 0.873244 1.94504 173.672 6.3266 0.462549 167.345 4.07675 0.0268662
internal_count=2819843 2817555 2816336 2803831 61578 1274 12505 10709 2742253 928 371 1796 2741325 102537 541 2638788 60304 1027
is_linear=0
shrinkage=0.0217778


Tree=16
num_leaves=18
num_cat=0
split_feature=16 18 16 3 4 16 35 16 18 4 35 0 37 0 32 18 3
split_gain=2.78328e+06 10360.7 9252.01 19398.8 4720.6 12717.4 1913.62 1500.61 654.039 194.981 755.123 305.263 42.1637 23.7891 13.868 7.10633 3.2448
threshold=0.28869047619047622 -1.4999999999999998 0.17261904761904764 97.862205675236623 1.0000000180025095e-35 0.12708333333333335 0.1618915040436423 0.18303571428571433 4.5000000000000009 26.561858677818986 0.1502830483730456 81.736289268074543 0.74004227637580711 29.986326393096011 0.013876945872319862 4.5000000000000009 58.314276553092959
decision_type=10 2 10 10 8 8 2 10 2 8 2 10 2 8 10 2 8
left_child=2 -2 4 7 5 -1 -7 -4 -5 12 -11 13 -6 -12 15 16 -15
right_child=1 -3 3 8 9 6 -8 -9 -10 10 11 -13 -14 14 -16 -17 -18
leaf_value=0 0 -34.993015597254896 -0.36849213517691931 -0.08013220642711355 -0.02147509282720755 0 -2.9575549330082271 -2.5133594345770089 -0.52031700069886044 0 0 0 0.0067851746656376142 0 0 0 -0.76414444023547989
leaf_weight=3.0911450154228577 0.010295906132594783 0.020626969864880003 0.8833285387188351 11.41717806311914 146.47590109464852 0.11674312875459358 0.0017206279106591884 1.273023119516155 1.4376076990738518 6.3177276734687231 0.022863444398338054 0.4782824221200041 17.853757859025563 0.0028016934993500458 0.012945951414786022 0.068316176554062524 0.068937108727390325
leaf_count=57333 30 2400 68 545 2642993 2653 1714 582 106 102093 604 3666 9 53 685 13 4296
internal_value=-0.292991 -34.7656 -0.0905629 -0.591436 -0.043012 -0.758761 -2.67002 -2.1098 -0.179713 -0.0238247 -0.13257 -0.53772 -0.0171979 -0.718134 -0.731115 -0.738682 -0.762328
internal_weight=189.553 0.0309229 189.522 15.0111 174.511 3.20961 0.118464 2.15635 12.8548 171.302 6.97187 0.654147 164.33 0.175864 0.153001 0.140055 0.0717388
internal_count=2819843 2430 2817413 1301 2816112 61700 4367 650 651 2754412 111410 9317 2643002 5651 5047 4362 4349
is_linear=0
shrinkage=0.0217778


Tree=17
num_leaves=22
num_cat=0
split_feature=17 35 17 17 15 2 17 3 4 17 34 4 35 2 31 22 34 37 31 3 2
split_gain=2.01575e+06 44384.4 8971.22 15404.6 5696.64 17506.9 5860.66 5211.18 4488.4 11425.7 3264.78 123.206 275.117 479.891 83.0086 73.7916 73.3388 43.2944 31.7288 5.33839 2.85322
threshold=4.5000000000000009 0.95947602022448952 -1.0000000180025095e-35 1.0000000180025095e-35 0.45000000000000007 101.11020666688013 3.5000000000000004 97.862205675236623 1.0000000180025095e-35 2.5000000000000004 28.770796789401178 26.561858677818986 0.11137017900933037 111.09738423036769 -0.023780928078202004 -1.0000000180025095e-35 0.44359343624091713 0.74004227637580711 -0.010015875440644939 58.314276553092959 36.121412373435774
decision_type=2 2 2 2 10 8 2 10 8 2 2 8 2 10 8 2 2 2 8 8 8
left_child=1 4 -3 14 8 6 7 -6 9 -1 -11 17 -13 18 -4 -16 -17 -10 -14 -20 -21
right_child=-2 2 3 -5 5 -7 -8 -9 11 10 -12 12 13 -15 15 16 -18 -19 19 20 -22
leaf_value=0 -29.145642325941591 -0.14816332022586037 0 -5.5831628987663553 -3.4191695199918333 -0.091813721923053843 -0.0089551800600359104 -0.087070022289474247 -0.022069947540268069 0 -2.9323209051320136 0 0 0 0 0 -0.6124041516512071 0.0066887843020376888 0 0 -0.64788536481301462
leaf_weight=3.2079720547683901 0.06831617655487221 0.6424948865254364 0.23032528225956769 0.0070839926328632999 0.37612735559348542 10.430001369844861 0.65256687699366012 0.48009791970321736 143.36106396645792 0.227538302540779 0.010894507872010628 6.2997381105881276 0.040480313872889494 1.8903499470820191 0.13490953643528675 0.16123260140180673 0.26914166799711975 17.733387769522949 0.0065428124980826249 0.0034666339943160195 0.072397458850187044
leaf_count=60175 3004 1920 381 2518 329 121 28 32 2634644 1 1369 101510 2095 1552 11 44 5030 10 125 115 4829
internal_value=-0.297054 -0.118454 -2.99247 -3.77746 -0.0777712 -0.51876 -2.1293 -2.73998 -0.0431742 -0.72209 -2.43453 -0.023755 -0.105249 -0.275602 -0.459353 -0.514475 -0.558302 -0.0176745 -0.621462 -0.642464 -0.645997
internal_weight=186.306 186.238 1.44519 0.802693 184.793 11.9388 1.50879 0.856225 172.854 3.4464 0.238433 169.407 8.31298 2.01324 0.795609 0.565284 0.430374 161.094 0.122887 0.0824069 0.0758641
internal_count=2819843 2816839 9904 7984 2806935 510 389 361 2806425 61545 1370 2744880 110226 8716 5466 5085 5074 2634654 7164 5069 4944
is_linear=0
shrinkage=0.0217778


Tree=18
num_leaves=14
num_cat=0
split_feature=16 14 16 6 16 21 35 0 16 34 32 6 34
split_gain=2.83692e+06 8828.7 4788.88 18307.1 2183.06 2526.15 5170.74 2157.91 4964.22 1614.83 647.927 303.789 23.5342
threshold=0.28869047619047622 0.32500000000000007 0.16458333333333339 -0.029642207600270011 0.26500000000000007 0.90000000000000013 0.95947602022448952 48.062188566970285 0.19375000000000003 5.0484501996979825 1.3315115451654731 0.35590060575846655 0.44359343624091713
decision_type=10 10 10 10 8 10 2 10 10 2 10 10 2
left_child=1 2 -1 4 5 6 -4 -5 9 -9 -11 -10 -8
right_child=-2 -3 3 7 -6 -7 12 8 11 10 -12 -13 -14
leaf_value=-0.020327812344757692 -35.452613912678984 -1.8909167363345458 -3.6300247381506212 0.0025437611082288038 0 0 0 0 -0.27633241584088686 -1.8268923088075022 0 -0.042489071483604667 -0.39487383417149835
leaf_weight=149.83551106493726 0.0088931229511207688 0.22040478885173698 0.10857975613702997 17.863454586041684 0.25051509402692307 0.34113053990352804 0.16849355590988779 0.42015257472839374 6.0903391423658482 0.38203232889185834 0.23807266785990111 8.8677245494678427 0.66148890929812909
leaf_count=2815829 2430 180 211 30 23 39 4 11 383 175 11 278 239
internal_value=-0.297194 -0.0904292 -0.0763535 -0.300598 -2.06936 -2.27555 -2.57905 -0.153937 -0.329293 -1.3381 -1.63918 -0.162031 -0.369133
internal_weight=185.457 185.448 185.227 35.392 1.53021 1.27969 0.938562 33.8618 15.9983 1.04026 0.620105 14.9581 0.829982
internal_count=2819843 2817413 2817233 1404 516 493 454 888 858 197 186 661 243
is_linear=0
shrinkage=0.0217778


Tree=19
num_leaves=34
num_cat=0
split_feature=14 35 19 4 4 14 35 19 35 3 5 14 32 4 4 37 37 36 35 32 4 3 32 6 6 32 36 0 32 29 0 5 35
split_gain=2.02086e+06 43331.5 28723.7 5209.71 3588.45 7149.47 5056.92 3050.45 1334.03 865.653 287.411 151.77 1036.83 99.0449 66.3759 53.3693 254.402 42.0745 28.1393 27.1159 9.57858 9.13004 5.44345 3.76049 3.97393 2.11186 1.46068 0.85043 0.771072 0.569538 0.108824 0.103359 0.0834164
threshold=0.32500000000000007 0.95947602022448952 -1.0000000180025095e-35 1.0000000180025095e-35 1.0000000180025095e-35 0.22500000000000003 0.78383412147005116 -1.0000000180025095e-35 0.68770031797641429 67.350904127166586 -9.026545311061474 1.0000000180025095e-35 0.019106076695962981 1.6529308093672461 8.3007532570417926 0.74004227637580711 0.3256887440209903 0.2525252085514596 0.17408891177336502 0.0236061439253492 2.7811387790325139 69.397162278495074 86.712031575107559 0.43454312927647654 -0.049529981117390647 70.069070913366929 0.52762028713575404 61.947536898560955 0.0021468772071900569 0.70833333333333337 60.491684395379316 -3.6845258795311806 0.67214013162107233
decision_type=10 2 2 8 8 10 2 2 2 8 8 10 8 8 8 2 2 2 2 10 10 8 10 10 10 8 2 10 8 10 8 8 2
left_child=1 4 -3 -4 5 -1 -7 8 26 15 14 17 27 -14 -11 16 -9 20 -16 21 -12 -20 -10 24 -22 29 28 -13 -6 30 -26 -32 -33
right_child=-2 2 3 -5 7 6 -8 9 22 10 11 12 13 -15 18 -17 -18 -19 19 -21 23 -23 -24 -25 25 -27 -28 -29 -30 -31 31 32 -34
leaf_value=0 -29.239591430302518 -0.34158250617077918 0 -5.9100913107469033 0 -2.4482259099160375 0 -0.021970254287176076 -1.4200537955116663 0 0 0 0 -0.80704766851780763 0 0.0053886556286393888 -0.3284967014739778 -0.0077340516446424432 0 0 0 -0.47531055984020704 0 0 0 0 0 -0.084243656135680536 -0.16175057247445648 0 0 0 -0.17148822737275857
leaf_weight=3.5332215336676542 0.063898839056490853 1.350580249609713 0.082856372004264572 0.0099081251793361191 0.019259403792673952 0.25632011315887115 0.69774517416954041 128.53180335215896 0.045748433238924746 0.20543326632792841 0.33658433235676199 0.17114539444446819 0.0813979506494555 0.24629296579192544 0.078664738128060629 17.570881781252723 0.3426125458200876 12.968925694315232 0.22978881690749914 0.071633392277230423 0.096722133496682017 1.2855191843951819 0.0013223198580156739 0.2553237598799557 0.0023657020809878439 0.047752712293992916 0.037215011989864766 12.020956535592424 1.8178235566922867 0.012478770860815502 0.0022414044428954484 0.0018050513913104851 0.84457999967864683
leaf_count=60329 1988 1826 29 8111 490 1285 90 2367551 6052 5387 8840 51 283 1605 1395 12 250 264213 5025 1784 5864 25418 49 2600 118 1394 693 4427 3436 713 273 125 38137
internal_value=-0.299507 -0.118131 -2.95864 -5.50718 -0.0772779 -0.626329 -1.65779 -0.0586023 -0.752599 -0.0453601 -0.153074 -0.114484 -0.174394 -0.761553 -0.399918 -0.0217747 -0.0269975 -0.0420578 -0.428278 -0.440298 -0.132288 -0.451878 -1.4184 -0.148206 -0.159738 -0.166461 -0.159069 -0.0835166 -0.160824 -0.170028 -0.170989 -0.171173 -0.171347
internal_weight=183.321 183.257 1.44334 0.0927645 181.814 4.48729 0.954065 177.326 1.92137 175.405 28.9596 27.0886 12.5198 0.327691 1.87104 146.445 128.874 14.5688 1.66561 1.58694 1.59985 1.51531 0.0470708 1.26327 1.00795 0.911224 1.8743 12.1921 1.83708 0.863471 0.850992 0.848626 0.846385
internal_count=2819843 2817855 9966 8140 2807889 61704 1375 2746185 10720 2735465 367652 328643 6366 1888 39009 2367813 2367801 322277 33622 32227 58064 30443 6101 49224 46624 40760 4619 4478 3926 39366 38653 38535 38262
is_linear=0
shrinkage=0.0217778


Tree=20
num_leaves=12
num_cat=0
split_feature=16 36 16 34 26 14 36 16 15 3 3
split_gain=1.48754e+06 820327 6912.14 30746.7 5793.46 5705.94 6337.63 532.659 450.183 164.834 355.434
threshold=0.26500000000000007 0.12847114310773275 0.16458333333333339 93.018126431885335 -0.0083333333333333315 1.0000000180025095e-35 1.0000000180025095e-35 0.17261904761904764 0.45000000000000007 105.27628416061184 97.862205675236623
decision_type=10 2 10 2 2 8 2 10 10 8 8
left_child=2 -2 -1 5 -5 6 -4 -8 -7 10 -10
right_child=1 -3 3 4 -6 8 7 -9 9 -11 -12
leaf_value=-0.020415514921378702 -28.943753780435721 0 -0.093752894360800643 -0.14863311507365301 -3.465219798247845 0.0002163303803270834 -0.10245509827679329 -1.8576079997815302 -0.48649048704635767 -0.052872607329950361 0
leaf_weight=143.57541353135741 0.25118478790363852 0.725775346159935 3.3758541543669058 0.56149837501361155 0.65734057719081629 19.635858673210251 0.48526544540238237 0.96576362755532896 1.1565824957332087 7.4172798581421384 2.1072388831526045
leaf_count=2815836 2502 7 266 55 407 120 17 185 146 242 60
internal_value=-0.302555 -18.7475 -0.0907409 -0.354642 -2.80777 -0.183462 -0.806087 -1.64129 -0.0539232 -0.161024 -0.287788
internal_weight=180.915 0.97696 179.938 36.3627 1.21884 35.1438 4.82688 1.45103 30.317 10.6811 3.26382
internal_count=2819843 2509 2817334 1498 462 1036 468 202 568 448 206
is_linear=0
shrinkage=0.0217778


Tree=21
num_leaves=33
num_cat=0
split_feature=19 36 17 2 36 17 17 24 18 10 10 36 18 1 18 31 24 18 2 31 36 30 36 36 30 31 31 27 17 30 30 13
split_gain=692755 398560 61215.3 11449.4 31467.1 33057.2 8543.01 9058.12 4896.18 2211.22 1268.66 2976.31 285.394 109.841 99.0868 62.0591 47.7261 493.462 47.636 57.5319 17.4097 16.219 15.9803 11.7747 8.61777 7.09024 5.80122 2.44874 2.29641 1.52634 0.341356 0.267257
threshold=4.5000000000000009 0.12847114310773275 3.5000000000000004 69.727670255982318 1.0000000180025095e-35 -1.0000000180025095e-35 3.5000000000000004 1.5000000000000002 -1.0000000180025095e-35 3.5000000000000004 3.5000000000000004 0.27770905803608614 -1.0000000180025095e-35 114.72499268689124 -1.0000000180025095e-35 -0.0516638019777814 1.5000000000000002 1.0000000180025095e-35 34.816037968891415 0.11644152627628836 0.50770515205302236 -0.51254028612578739 0.2987390384948807 0.2525252085514596 63.238284685109541 26.927400672924367 -1.1260478275886496 0.70833333333333337 3.5000000000000004 48.283265328809314 -68.854989222037133 9962.7428895906723
decision_type=2 2 2 8 2 2 2 2 2 2 2 2 2 10 2 10 2 2 8 10 2 10 2 2 8 10 10 8 2 8 10 2
left_child=3 2 -2 10 5 -5 9 -8 -7 12 14 18 23 -3 21 -14 28 -18 -12 -20 25 -1 24 -6 -11 27 -23 29 -16 30 -17 -32
right_child=1 13 -4 4 6 8 7 -9 -10 22 11 -13 15 -15 16 20 17 -19 19 -21 -22 26 -24 -25 -26 -27 -28 -29 -30 -31 31 -33
leaf_value=0 0 -0.37164517091411525 -17.585507218153047 0 -0.39835079195273065 0 -2.833747464555934 0 -5.9202972153938527 -1.0384779269723583 0 -0.00081235739125368135 0 0 0 0 -0.021586811144917454 -0.41441660874879643 -1.2597522412462923 0 0 0 0 0 0 0 -0.21165186245656306 0 0.0076604690360698446 0 0 -0.11541416798916961
leaf_weight=0.65430603370609453 0.099301412963056834 0.24836491048336073 0.73915447615218 1.0419210904239959 0.9702892189857969 0.093361630622611352 0.18115761877686054 1.0817770731369583 0.019166530989471992 0.33625513493054465 0.052841476993600957 4.1783721625979124 7.7475202702651087 0.9449106752872467 2.2227157335864645 0.019587756224992314 119.22097647111714 0.54008805416462635 0.32517854486174247 0.22438649039982472 1.9976552415983295 0.30520021844190726 0.0074155481131806247 0.040294508249530403 0.0039669748656120376 0.46086673799096622 0.96741769618870432 0.8954950010710484 17.486062327482493 0.088222636262400012 0.015299670726432235 14.568383905328808
leaf_count=219 13 935 2076 1551 4481 833 173 6754 3910 7354 3 82003 138261 7 40521 439 2298103 3104 6259 494 43602 37 302 2144 336 10433 2017 21819 3 2326 574 138757
internal_value=-0.306659 -10.5043 -16.6734 -0.124606 -0.508031 -3.01832 -0.293238 -1.5727 -5.50753 -0.169241 -0.0425801 -0.359874 -0.11181 -0.239921 -0.0278482 -0.0783984 -0.0233308 -0.0286432 -1.13785 -1.16222 -0.100878 -0.164287 -1.03033 -0.39107 -1.03562 -0.108839 -0.194413 -0.111245 0 -0.114683 -0.115206 -0.115323
internal_weight=177.778 2.03173 0.838456 175.746 29.5686 1.15445 28.4142 1.26293 0.112528 27.1513 146.178 4.78078 26.8036 1.19328 141.397 25.793 139.47 119.761 0.602407 0.549565 18.0455 1.92692 0.347638 1.01058 0.340222 16.0479 1.27262 15.587 19.7088 14.6915 14.6033 14.5837
internal_count=2819843 3031 2089 2816812 384049 6294 377755 6927 4743 370828 2432763 88759 362836 942 2344004 356211 2341731 2301207 6756 6753 217950 2273 7992 6625 7690 174348 2054 163915 40524 142096 139770 139331
is_linear=0
shrinkage=0.0217778


Tree=22
num_leaves=16
num_cat=1
split_feature=35 14 14 40 34 17 15 0 17 32 32 5 32 34 17
split_gain=556361 864786 59423.4 8093.53 5379.71 17608.4 4411.36 3982.13 1265.44 2776.54 461.259 84.2727 59.2337 46.4803 24.7388
threshold=0.95947602022448952 1.0000000180025095e-35 0.32500000000000007 0 201.09015256794012 2.5000000000000004 0.32500000000000007 84.810745486512744 3.5000000000000004 0.17500094740836819 0.00057152590459838288 31.431051774000967 0.0013952689574382728 0.44359343624091713 3.5000000000000004
decision_type=2 8 8 1 2 2 8 10 2 10 10 10 8 2 2
left_child=2 12 4 -4 6 -6 14 8 9 10 -8 -9 -2 -14 -1
right_child=1 -3 3 -5 5 -7 7 11 -10 -11 -12 -13 13 -15 -16
leaf_value=-0.020931221746406971 0 -25.088545938457656 -0.18833378944758233 -3.0477030742138349 0 -3.1220408263276735 -0.12323780503416325 -0.2295717495891379 0 -0.3381613490931753 -2.1047664607972227 -0.051624809760500524 0 -0.47010320842906517 0
leaf_weight=130.70910553924492 0.60021171586387667 0.017671075068027231 0.88048600002366462 2.6613981570262704 3.3552819372034124 0.099302209333730906 0.44771019263184242 3.8816795836842788 0.99505031217995554 2.7340718047521673 0.26512294271568204 8.7139090066429254 0.11756181220445028 1.1673566553701016 17.359036688776172
leaf_count=2673569 1291 3761 14326 43945 65698 594 32 111 72 155 177 87 51 6044 9930
internal_value=-0.31231 -9.64916 -0.148776 -2.5884 -0.0803048 -0.824758 -0.0583239 -0.379727 -0.87811 -1.03614 -1.7917 -0.134498 -0.387861 -0.447921 -0.0175628
internal_weight=174.005 1.9028 172.102 3.54188 168.56 3.45458 165.106 17.0375 4.44196 3.4469 0.712833 12.5956 1.88513 1.28492 148.068
internal_count=2819843 11147 2808696 58271 2750425 66292 2684133 634 436 364 209 198 7386 6095 2683499
cat_boundaries=0 1
cat_threshold=1
is_linear=0
shrinkage=0.0217778


Tree=23
num_leaves=13
num_cat=0
split_feature=16 7 16 5 2 2 3 17 1 19 3 3
split_gain=1.86915e+06 299484 6587.28 14718.6 6099.73 5584.4 3903.95 7203.26 9842.5 4241.37 1711.82 1502.72
threshold=0.26500000000000007 13.966804724564382 0.16458333333333339 -5.4307682062497511 88.885390164157442 34.816037968891415 46.585468450318189 3.5000000000000004 90.602556874853263 3.5000000000000004 97.862205675236623 67.803136683759718
decision_type=10 10 10 10 10 8 8 2 10 2 10 8
left_child=2 -2 -1 4 5 -4 -5 10 9 -9 11 -8
right_child=1 -3 3 6 -6 -7 7 8 -10 -11 -12 -13
leaf_value=-0.020298806812186439 -30.15210729775557 -2.4724270126169814 0 0 -0.20480902050119906 -3.5424210864756942 -0.071851482235111536 0 -0.0097737633633497214 -3.1125121369142064 -0.041515177365032255 -1.0262635653552994
leaf_weight=132.17691754338114 0.064869187787620741 0.49538812041282654 0.2792026902170468 18.204647509143836 1.0197912441142911 0.1437158536635682 2.3680632176806018 0.26766806104040042 1.4933845232715512 0.26593994075035221 10.878572441965556 0.99578264636831848
leaf_count=2815836 2268 241 4 48 101 333 54 48 43 296 366 205
internal_value=-0.321013 -23.5033 -0.0939353 -0.351182 -1.9756 -2.90473 -0.220092 -0.453926 -1.42508 -2.61199 -0.212742 -0.578392
internal_weight=168.654 0.560257 168.094 35.9168 1.44271 0.422919 34.4741 16.2694 2.02699 0.533608 14.2424 3.36385
internal_count=2819843 2509 2817334 1498 438 337 1060 1012 387 344 625 259
is_linear=0
shrinkage=0.0217778


Tree=24
num_leaves=20
num_cat=0
split_feature=14 36 15 36 17 17 2 36 10 2 2 4 2 15 15 36 15 2 30
split_gain=1.18929e+06 853502 16570.3 14406.3 38020.7 6698.95 5391.85 7973.48 5642.99 1996.73 648.872 537.698 530.27 446.461 92.5726 31.7303 29.3444 26.3696 0.943975
threshold=0.32500000000000007 0.397476231941364 0.45000000000000007 0.08383164838717222 1.0000000180025095e-35 3.5000000000000004 1.0000000180025095e-35 0.79055081943974093 1.5000000000000002 101.11020666688013 88.885390164157442 4.6897240847698631 101.11020666688013 0.22500000000000003 0.32500000000000007 1.0000000180025095e-35 0.32500000000000007 111.09738423036769 2.7599485998968025
decision_type=8 2 10 2 2 2 10 2 2 10 8 10 10 10 10 2 10 10 10
left_child=2 -2 6 4 11 -6 7 8 13 10 -5 -4 -13 -1 15 18 -15 -16 -8
right_child=1 -3 3 9 5 -7 14 -9 -10 -11 -12 12 -14 16 17 -17 -18 -19 -20
leaf_value=0 -29.661231046816273 0 -0.056600403285577042 -0.99197193534394645 -4.9734642008550773 0 0.0053304528978640629 -0.011421872152841473 0 -0.05416233086116768 -0.14170924373392052 -0.82255463011091268 0 -2.6752310013212348 -0.20978906738694786 -0.020902403105357712 0 0 0
leaf_weight=0.047880188437238236 0.044776366653421884 0.79373170723783915 2.6151094988842285 1.0390557757943295 0.39689506756547643 0.22168146073818207 17.486441524977277 3.2501137824954256 0.57181095909494029 9.0736790785852328 1.9106764627513035 0.96554115243131522 0.8255202686412525 0.25564622792232 0.77372231354056675 124.55728543721575 0.0019798034336417905 1.5701170641265416 0.17771801376279128
leaf_count=1087 5064 54388 50 112 858 114 5109 64071 13464 59 35 265 73 6623 219 2667975 3 77 197
internal_value=-0.323976 -17.4025 -0.124968 -0.747554 -1.62211 -4.42911 -0.0474332 -0.737573 -1.84081 -0.264132 -0.674606 -0.401857 -0.627547 -2.59508 -0.0210947 -0.0166909 -2.67128 -0.141881 0.0020618
internal_weight=166.579 0.838508 165.741 17.0482 5.02475 0.618577 148.693 4.12743 0.877317 12.0234 2.94973 4.40617 1.79106 0.305506 144.565 142.221 0.257626 2.34384 17.6642
internal_count=2819843 59452 2760391 1566 1360 972 2758825 85248 21177 206 147 388 338 7713 2673577 2673281 6626 296 5306
is_linear=0
shrinkage=0.0217778


Tree=25
num_leaves=17
num_cat=0
split_feature=16 2 17 7 2 15 14 19 16 3 17 35 3 3 17 19
split_gain=2.48087e+06 6294.92 15979.3 17657.7 13208 1809.82 1587.99 1381.27 391.593 1609.99 252.594 156.934 143.46 162.097 40.1663 2.70842
threshold=0.26500000000000007 69.727670255982318 3.5000000000000004 -1.0000000180025095e-35 95.761677204716577 0.32500000000000007 0.22500000000000003 -1.0000000180025095e-35 0.16458333333333339 97.862205675236623 -1.0000000180025095e-35 0.70482866573856884 67.350904127166586 97.862205675236623 3.5000000000000004 3.5000000000000004
decision_type=10 8 2 10 8 10 10 2 10 10 2 2 10 10 2 2
left_child=1 5 7 4 15 14 -6 11 -9 -10 -7 -3 -13 -14 -1 -4
right_child=-2 2 3 -5 6 10 -8 8 9 -11 -12 12 13 -15 -16 -17
leaf_value=-0.020821357196826398 -31.08493615569861 0 0 -0.0086012550727516193 0 -0.048549668611286192 -4.9430292690688908 -0.0034445117627338049 -0.65036987091455734 -0.046047900790125787 -0.58172083818894593 0 -1.0340957023812742 0 0.0076763991443087095 -0.16364412029811759
leaf_weight=115.74893287027244 0.16109320521354575 0.27594236769615421 0.070386931300163491 1.550850333329066 0.032030651965212653 1.768066651524409 0.0059781596620981916 10.871493681809794 1.944501553185886 10.428730752948143 2.1315887332864607 0.1544099488949775 0.22835087129981274 0.38369725680419092 17.425768703304314 0.5520372513567926
leaf_count=2429468 2509 1827 236 156 324 29 3817 366950 186 357 230 45 4217 2002 3360 4130
internal_value=-0.328662 -0.0947087 -0.39567 -1.8321 -3.34493 -0.0324901 -4.80123 -0.185159 -0.120274 -0.199906 -0.441982 -0.744494 -0.823316 -0.883354 -0.0156037 -0.157831
internal_weight=163.734 163.573 26.4984 2.21128 0.660433 137.074 0.0380088 24.2871 23.2447 12.3732 3.89966 1.0424 0.766458 0.612048 133.175 0.622424
internal_count=2819843 2817334 384247 8663 8507 2433087 4141 375584 367493 543 259 8091 6264 6219 2432828 4366
is_linear=0
shrinkage=0.0217778


Tree=26
num_leaves=42
num_cat=0
split_feature=19 36 3 36 32 2 19 3 2 36 4 27 36 32 19 5 23 31 28 36 25 36 6 31 31 9 2 26 3 9 3 32 19 31 26 6 30 3 32 36 23
split_gain=1.05156e+06 551588 14951.4 38474.7 23881 6302.42 2787.67 1310.81 914.12 1577.14 1107.24 391.265 270.206 176.656 147.277 129.422 124.137 96.1228 53.0415 1086.15 51.6938 46.9956 42.4888 38.7429 25.4165 16.9634 12.5489 15.5027 7.38637 7.0381 6.46608 5.26972 4.14353 4.13489 2.70338 2.22926 1.49622 1.37193 0.748128 0.577494 0.43409
threshold=4.5000000000000009 0.16224728945331665 68.818720093690629 1.0000000180025095e-35 11.23930313241353 53.093614927134929 -1.0000000180025095e-35 97.862205675236623 75.60999482375361 0.8493138156804807 1.0000000180025095e-35 inf 0.33061420551122872 0.013574869053489392 -1.0000000180025095e-35 -9.026545311061474 1.0000000180025095e-35 -0.0516638019777814 0.77500000000000013 0.16224728945331665 1.0000000180025095e-35 0.30741644380064226 0.14323820782725502 -1.0000000180025095e-35 -0.26282278798548359 3.5000000000000004 71.75214861305443 0.0050000000000000001 25.746349471978931 1.5000000000000002 70.022660909179379 0.0236061439253492 3.5000000000000004 26.927400672924367 0.0083333333333333332 -0.087617015456269529 48.283265328809314 69.397162278495074 76.318807848451726 0.63827603712218373 1.0000000180025095e-35
decision_type=2 2 10 2 10 10 2 10 8 2 10 8 2 10 2 10 2 8 8 2 2 2 10 10 10 2 10 2 8 2 8 10 2 10 2 10 8 8 10 2 2
left_child=2 -2 8 4 -4 13 7 12 14 10 11 17 -7 16 24 21 -5 -10 19 -16 -18 25 28 -6 -1 29 27 -26 -19 -8 -17 37 -20 35 -3 -32 38 -31 39 40 -37
right_child=1 34 3 5 23 6 15 -9 9 -11 -12 -13 -14 -15 18 30 20 22 32 -21 -22 -23 -24 -25 26 -27 -28 -29 -30 31 33 -33 -34 -35 -36 36 -38 -39 -40 -41 -42
leaf_value=0 -24.212802808025096 -0.22438133249258629 -5.6670405888133075 0 -0.33024882940968259 -1.6136364607601021 0 0 0 0 0 0 0 0 -0.55719353165218621 0 -2.0207384548452625 0 -0.0089710381391069714 -0.021035429438221381 0 0 0 0 -0.28353875654933564 0 0 0 -1.3264364747214974 0 0 0 0.0074045970009116125 0 0 0 0 -0.3713584235657108 0 0 -0.095411161064361025
leaf_weight=1.115688472090709 0.24918931584684756 0.25703033059835434 0.06383619586932221 0.015101564062109975 0.50080707530232527 0.0063993316252327478 0.028351951244138252 0.61783216916888917 0.063476196637577809 3.5731684712491587 1.0019999152639583 0.13270977238143519 0.053068378829996057 0.022208622243683272 0.79865541838009235 0.73175631957114085 0.037142843635702118 0.0020622132597392607 10.924587804009454 102.27681232365656 0.0061704628904754233 0.39761858109110093 0.012001495481113622 0.40168348296270517 0.69749480925278728 0.23366724778315973 0.15633761746568509 0.78747461343129688 0.12742482578756156 0.005357092246480343 0.22564186990553992 0.020802033685137 17.157456454048653 0.43599991135813354 0.48411531746387482 0.041723509264893432 0.14794201223828807 1.3292147450275009 0.072949297562149407 0.055852898347459212 16.128041182431062
leaf_count=232 2121 768 5902 788 261 5288 2690 1191 1777 102176 24373 12395 1620 754 1042 17550 2075 39 231562 2175531 863 14770 388 225 1492 3 80 910 7955 276 7926 785 365 12120 142 1422 4380 13138 1924 1399 159145
internal_value=-0.332532 -15.7798 -0.131685 -0.651195 -3.52547 -0.339587 -0.227881 -1.08524 -0.0451571 -0.312601 -0.743222 -1.14749 -1.53907 -1.94543 -0.0314884 -0.135121 -1.98317 -1.26434 -0.0256024 -0.0327683 -2.00969 -0.308808 -1.31133 -0.278557 -0.174783 -0.343128 -0.218046 -0.229729 -1.3242 -0.363603 -0.0887466 -0.367593 0 -0.0914419 -0.190286 -0.0931535 -0.0940727 -0.370581 -0.0946884 -0.0949958 -0.095233
internal_weight=161.397 0.990335 160.407 21.5792 0.966327 20.6128 20.5322 0.6773 138.827 4.91284 1.33967 0.337675 0.0594677 0.0806235 133.915 19.8549 0.0584149 0.204965 131.158 103.075 0.0433133 2.01501 0.141489 0.902491 2.757 1.61739 1.64131 1.48497 0.129487 1.38373 17.8399 1.35537 28.082 17.1082 0.741146 16.6722 16.4465 1.33457 16.2986 16.2256 16.1698
internal_count=2819843 3031 2816812 256495 6388 250107 245627 8099 2560317 149103 46927 22554 6908 4480 2411214 237528 3726 10159 2408500 2176573 2938 31662 8382 486 2714 16892 2482 2402 7994 16889 205866 14199 231927 188316 910 176196 168270 13414 163890 161966 160567
is_linear=0
shrinkage=0.0217778


Tree=27
num_leaves=14
num_cat=0
split_feature=16 35 2 17 15 16 16 3 31 3 36 36 31
split_gain=716019 2.06384e+06 14080.5 20429.3 5552.57 3472.27 846.882 1570.1 737.583 332.926 106.848 30.9338 2.10048
threshold=0.26500000000000007 0.15479512424456821 1.0000000180025095e-35 2.5000000000000004 0.32500000000000007 0.21130952380952384 0.17261904761904764 66.157685341209785 -42.432878512033177 97.862205675236623 0.41351981444503211 1.0000000180025095e-35 0.076493220444340662
decision_type=8 2 10 2 8 10 8 8 10 8 2 2 8
left_child=2 10 3 -1 11 6 -6 -8 -9 -7 -2 12 -4
right_child=1 -3 4 -5 5 9 7 8 -10 -11 -12 -13 -14
leaf_value=0 -0.27458793146309984 -35.232874278609685 0 -3.9877147380351374 -0.093411596372368511 -0.31551360654153759 -0.1732306258016128 0 -1.3263286936901806 -0.04862398387650365 0 -0.020845708956557261 0.0076211201669919692
leaf_weight=1.4413338733810388 0.041536720251598491 0.0020409617893094581 0.17118639883110101 0.0024592796325469948 1.5449949304180008 3.8242821891740748 1.9538066404357961 0.44942037277497382 2.3439555282496176 9.375291600769625 3.034604727116001 116.93270026057695 17.256413981400595
leaf_count=41534 6198 2840 5090 1292 125 218 63 9 600 283 93402 2667973 216
internal_value=-0.337937 -9.26417 -0.0973714 -1.71691 -0.0691192 -0.402815 -0.792783 -0.927582 -1.21005 -0.157569 -0.0897098 -0.0164562 0.00192314
internal_weight=158.374 3.07818 155.296 1.44379 153.852 19.4918 6.29218 4.74718 2.79338 13.1996 3.07614 134.36 17.4276
internal_count=2819843 102440 2717403 42826 2674577 1298 797 672 609 501 99600 2673279 5306
is_linear=0
shrinkage=0.0217778


Tree=28
num_leaves=22
num_cat=0
split_feature=19 25 16 3 9 19 19 21 31 7 3 13 16 17 16 3 31 3 17 7 3
split_gain=1.27225e+06 232199 31462.5 89018 10238.9 13357.2 2974.54 1574.85 1125.61 1120.01 837.396 1300.89 767.12 1550.21 693.541 361.438 263.242 37.6234 35.0183 23.22 3.3016
threshold=4.5000000000000009 1.0000000180025095e-35 0.26500000000000007 39.186944837321811 1.0000000180025095e-35 3.5000000000000004 -1.0000000180025095e-35 0.77500000000000013 1.0059789483742587 22.709481160553199 97.862205675236623 615.71302307850613 0.17261904761904764 1.0000000180025095e-35 0.16458333333333339 105.27628416061184 -142.67653832793982 97.862205675236623 3.5000000000000004 -12.631927071825197 52.693021229618701
decision_type=2 2 8 10 2 2 2 10 10 10 8 2 10 2 10 8 10 8 2 10 10
left_child=2 -2 4 -4 5 -1 7 10 16 -3 11 -6 18 15 -13 -14 -5 19 -8 -15 -20
right_child=1 9 3 8 6 -7 12 -9 -10 -11 -12 14 13 17 -16 -17 -18 -19 20 -21 -22
leaf_value=0 -24.050317208038241 -1.6653850557774845 0 0 0 -3.1514376639020161 -0.022524733674446688 -0.074214608618582228 0 0 0 0 -0.97284557913312852 0 -1.6774357867738072 0 -7.2581733066619583 -0.015727667507187092 0.0095953998808128958 -0.21029448544641288 0
leaf_weight=1.4602150546368577 0.18178052176753412 0.21226206421852167 2.9955347586451539 0.0023892466560937456 0.49948038101943198 0.10755885934718223 115.3523145994715 2.6508835920465765 0.010331118974917328 0.24302962422370911 0.64251332566668529 0.13184322410097293 0.35273512007027669 2.2922306087493785 0.26452559368973888 0.64958296734647758 0.057913379249721411 9.0756760058102373 16.861957550048832 1.0975075441983602 0.62807093997656593
leaf_count=41582 2509 521 97864 44 172 1063 2650809 130 292 1 2083 9761 105 106 199 36 2453 350 468 96 9199
internal_value=-0.342492 -19.0225 -0.134329 -2.01006 -0.0814054 -1.42914 -0.056053 -0.567588 -7.17772 -1.40895 -0.962935 -1.19643 -0.0360517 -0.187797 -1.52893 -0.753446 -7.24292 -0.0717317 -0.0178246 -0.137999 0.00214589
internal_weight=155.77 0.637072 155.133 3.06617 152.067 1.56777 150.499 4.18925 0.0706337 0.455292 1.53836 0.895849 146.31 13.4677 0.396369 1.00232 0.0603026 12.4654 132.842 3.38974 17.49
internal_count=2819843 3031 2816812 100653 2716159 42645 2673514 12345 2789 522 12215 10132 2661169 693 9960 141 2497 552 2660476 202 9667
is_linear=0
shrinkage=0.0217778


Tree=29
num_leaves=17
num_cat=0
split_feature=18 34 35 18 34 17 5 15 18 17 5 2 2 5 36 21
split_gain=1.37313e+06 442461 31464.7 43741.9 3732.88 7894.97 5742.28 4111.39 3808.31 2671.83 2111.04 109.848 46.9682 32.3184 31.6847 8.91598
threshold=4.5000000000000009 4.5747162703764852 0.95947602022448952 -1.0000000180025095e-35 201.09015256794012 2.5000000000000004 24.722349095807726 0.32500000000000007 2.5000000000000004 -1.0000000180025095e-35 15.006625650293303 101.11020666688013 111.09738423036769 -9.6834412699334802 1.0000000180025095e-35 0.67500000000000016
decision_type=2 2 2 2 2 2 10 8 2 2 10 8 8 10 2 10
left_child=2 -2 4 12 7 -6 10 14 9 -9 -7 13 15 -10 -1 -4
right_child=1 -3 3 -5 5 6 -8 8 11 -11 -12 -13 -14 -15 -16 -17
leaf_value=0.0016055500631054448 -0.6501213539884948 -27.66984245442822 -0.28725157694566961 -5.7574539916073046 0 -2.9370989741017031 0 -0.20666316082524475 0 -1.3844057853987524 0 -0.043834909042214938 0 -0.27502619938277695 -0.021576462810348966 0
leaf_weight=17.138440959984692 0.47526930272579637 0.070975306525065451 1.4074094217917699 0.046309355047344236 3.7625746924526018 0.060640445222014616 0.77352291797803363 2.8092514130548976 1.03985603210458 1.6183753155798521 0.25784097573776377 8.741358121741996 0.61253182771950831 2.3724360120468191 112.66031835956953 0.17388230580585684
leaf_count=340 67 2963 1769 7539 123162 513 8 70 26 271 9 87 585 175 2682251 8
internal_value=-0.345508 -20.2932 -0.132782 -2.23497 -0.0848261 -0.624855 -1.67271 -0.0611712 -0.373563 -0.858857 -2.51184 -0.126624 -0.23354 -0.233855 -0.0170327 -0.274802
internal_weight=154.021 0.546245 153.475 2.24013 151.235 4.85458 1.092 146.38 16.5813 4.42763 0.318481 12.1537 2.19382 3.41229 129.799 1.58129
internal_count=2819843 3030 2816813 9901 2806912 123692 530 2683220 629 341 522 288 2362 201 2682591 1777
is_linear=0
shrinkage=0.0217778


Tree=30
num_leaves=15
num_cat=0
split_feature=19 35 18 16 16 6 37 3 17 16 36 6 3 3
split_gain=1.6595e+06 32091.8 40879.4 8479.08 4013.07 7660.69 2202.79 3661.55 1674.62 1642.88 7829.98 238.523 155.008 23.9766
threshold=4.5000000000000009 0.95947602022448952 -1.0000000180025095e-35 0.18303571428571433 0.16458333333333339 -0.029642207600270011 0.74004227637580711 97.862205675236623 -1.0000000180025095e-35 0.21130952380952384 1.0000000180025095e-35 -0.019411831883026604 97.862205675236623 62.632549340285429
decision_type=2 2 2 8 10 10 2 10 2 8 2 10 10 8
left_child=1 4 12 -4 -1 9 7 8 -7 10 -6 -10 13 -3
right_child=-2 2 3 -5 5 6 -8 -9 11 -11 -12 -13 -14 -15
leaf_value=-0.019875915346116383 -24.686813615280478 0 0 -6.1067129270940432 0 -0.049556645567473086 0.0012422496768474043 -0.088432653227991598 -0.032816627986651283 -0.24316231180112552 -2.6379397121912467 -1.1843142314233637 0 -0.3840474400218678
leaf_weight=114.01813268475905 0.24397519230851017 0.17388232215114383 0.16961162606205979 0.0035606229062408448 0.98304786943800537 1.5883181632743784 16.913018581671462 11.15396139107539 0.5253171467671488 1.5203553542400192 0.37097383306569975 2.1053651258298478 1.37540596786131 0.67233109927826729
leaf_count=2806116 3031 6 6675 865 26 27 14 145 20 94 187 281 1503 853
internal_value=-0.349298 -0.135508 -2.20927 -5.38447 -0.0853695 -0.285472 -0.161853 -0.341552 -0.820103 -1.20288 -1.61584 -1.08333 -0.228873 -0.358063
internal_weight=151.817 151.573 2.39479 0.173172 149.178 35.1604 32.286 15.373 4.219 2.87438 1.35402 2.63068 2.22162 0.846213
internal_count=2819843 2816812 9902 7540 2806910 794 487 473 328 307 213 301 2362 859
is_linear=0
shrinkage=0.0217778


Tree=31
num_leaves=12
num_cat=0
split_feature=18 16 35 2 18 6 16 17 36 37 36
split_gain=1.68842e+06 29832.6 89794.7 5923.27 4099.27 5666.22 2475.18 2849.08 4419.57 45.0939 30.9274
threshold=4.5000000000000009 0.26500000000000007 0.13601336538225575 1.0000000180025095e-35 3.5000000000000004 0.16150175356602967 0.17261904761904764 1.0000000180025095e-35 1.0000000180025095e-35 0.74004227637580711 0.2525252085514596
decision_type=2 8 2 10 2 10 8 2 2 2 2
left_child=1 3 -3 4 -1 -6 9 8 -8 10 -5
right_child=-2 2 -4 6 5 -7 7 -9 -10 -11 -12
leaf_value=0 -24.864897920436995 0 -7.3748716711630466 -0.10667626859605162 -2.4816519677634443 -0.12066112007113894 -0.03982222817190148 -0.063975523011283758 -1.2261428619220245 0.005803419975927932 -0.019948703291831939
leaf_weight=1.595587677079868 0.24770314992863873 2.947644764813226 0.0014549477450244144 2.2829864954268677 0.21395106783862683 1.2703664099088765 3.5136394260566077 12.118763742229715 2.228555465449682 16.695130661979334 106.69702944988335
leaf_count=41536 3030 99363 1286 87776 1006 101 254 561 204 7 2584719
internal_value=-0.352694 -0.133896 -1.98672 -0.081133 -0.895596 -1.43616 -0.0557855 -0.288716 -0.649541 -0.0189731 -0.0245659
internal_weight=149.813 149.565 2.9491 146.616 3.07991 1.48432 143.536 17.861 5.74219 125.675 108.98
internal_count=2819843 2816813 100649 2716164 42643 1107 2673521 1019 458 2672502 2672495
is_linear=0
shrinkage=0.0217778


Tree=32
num_leaves=25
num_cat=1
split_feature=14 16 31 34 15 15 17 24 17 0 31 34 2 0 2 10 0 28 18 30 39 10 31 31
split_gain=1.23467e+06 33583.1 71277.9 11268.2 4960.11 2501.17 2400.26 708.775 537.51 433.206 225.866 132.97 101.799 88.1831 87.9241 66.651 36.6564 24.9568 12.1262 8.57814 1.6946 1.44952 0.859777 0.157163
threshold=0.32500000000000007 0.26500000000000007 0.19208657288337308 226.29954639034625 0.22500000000000003 0.32500000000000007 1.0000000180025095e-35 1.5000000000000002 -1.0000000180025095e-35 26.378584103037024 -142.67653832793982 297.49201910139169 95.761677204716577 25.822341349825077 111.09738423036769 1.5000000000000002 75.017157934629225 0.77500000000000013 -1.4999999999999998 31.306076477445348 0 1.5000000000000002 0.34396506020274137 0.36977806282608444
decision_type=8 8 8 2 10 10 2 2 2 10 10 2 10 8 8 2 8 10 2 8 1 2 10 8
left_child=1 3 9 5 -5 14 8 13 18 -3 -11 -12 -10 -6 17 -15 -16 -1 -7 21 22 -18 -19 -24
right_child=-2 2 -4 4 7 6 -8 -9 12 10 11 -13 -14 15 16 -17 19 20 -20 -21 -22 -23 23 -25
leaf_value=-0.020555833807970041 -18.090908423204088 0 0 0 0 0 -0.06168344014313535 0 -0.84810686300540128 0 -6.8860930048912907 0 -0.012178380296921741 -2.7691585427043455 0 0 -0.19594220036324136 0 -0.25005025062125713 0 -0.0023437050844288213 0 0.0093490291845679356 0
leaf_weight=95.397503580840436 0.76566052292946452 0.0044071529992018533 2.1562370031490699 0.4999311073951202 0.0056109293768718599 1.253581798943699 11.983684116991681 0.047222945482448639 2.82549450117408 0.0022838234920357072 0.017717111877443972 0.0013400624351422854 0.60322271235827951 0.043730979762901419 0.99046892812794884 0.0042039468826260409 1.196624160674101 0.95072542433857776 2.5619307363745731 0.24829174562085876 9.1597852310080636 0.023263718236587239 16.577862756599643 0.22095890330411805
leaf_count=2408067 59452 118 40303 6325 530 33 626 2029 263 47 2607 89 31 4314 28491 84 878 22661 213 205 228389 9320 476 4292
internal_value=-0.357011 -0.132498 -2.32263 -0.0812326 -1.86209 -0.0587305 -0.283735 -2.63571 -0.572173 -6.83594 -6.86337 -6.87767 -0.78246 -2.74523 -0.0203753 -2.75886 -0.135672 -0.0153118 -0.212877 -0.180056 0 -0.194176 0.00490185 0.00906384
internal_weight=147.542 146.776 2.18199 144.594 0.6007 143.993 19.2279 0.100769 7.24423 0.0257482 0.021341 0.0190572 3.42872 0.0535459 124.765 0.0479349 2.45865 122.307 3.81551 1.46818 26.9093 1.21989 17.7495 16.7988
internal_count=2819843 2760391 43164 2717227 13282 2703945 1166 6957 540 2861 2743 2696 294 4928 2702779 4398 38894 2663885 246 10403 255818 10198 27429 4768
cat_boundaries=0 1
cat_threshold=64
is_linear=0
shrinkage=0.0217778


Tree=33
num_leaves=26
num_cat=0
split_feature=35 0 17 25 17 17 28 36 31 0 36 25 0 31 17 36 31 35 0 0 36 13 31 10 31
split_gain=344500 212284 25106 17817.9 18668 16414.5 79097.4 36737.7 6800.2 5142.85 3427.57 2634.13 1700.73 892.113 850.831 551.927 299.827 238.014 161.861 623.761 12.0699 9.14642 2.35005 0.611514 0.489947
threshold=0.95947602022448952 81.736289268074543 -1.0000000180025095e-35 -1.0000000180025095e-35 -1.0000000180025095e-35 3.5000000000000004 0.77500000000000013 0.08383164838717222 0.34396506020274137 26.378584103037024 0.30741644380064226 -1.0000000180025095e-35 95.535337570583835 0.19208657288337308 -1.0000000180025095e-35 0.3235012664451582 -38.415128795396335 0.67214013162107233 101.3228732367578 95.535337570583835 0.31539750675456163 10078.137409032124 -0.73480679037373509 1.5000000000000002 1.0000000180025095e-35
decision_type=2 8 2 2 2 2 10 2 10 10 2 2 8 8 2 2 10 2 10 10 2 2 10 2 8
left_child=5 3 -3 -2 -5 10 7 -7 18 -6 12 -4 13 14 22 20 -16 -17 19 -8 -9 -18 -1 -14 -25
right_child=1 2 11 4 9 6 8 15 -10 -11 -12 -13 23 -15 16 17 21 -19 -20 -21 -22 -23 -24 24 -26
leaf_value=0 0 0 0 -0.0069855750717527174 0 -6.4034750000211682 -1.9158339014743762 -0.2109162898142864 -0.00081115395126861868 -4.5878991453143687 -0.02569134672372176 -14.156755733447357 0 -0.026101465530278062 0 -1.3922134361723222 -0.99738258720122763 0 -0.12489080933501094 0 0 0 -0.16093110951345438 -0.090470947362689139 0
leaf_weight=0.84240067097097715 1.4314338114424745 0.073427224702736882 0.021691207661033052 0.77237260905989147 0.13235871493816453 0.48800038035330295 0.0065303603268328505 1.2973110559635004 16.900254377048906 0.73785254685697954 107.12743275667387 0.29332082844760954 0.51983369902566678 1.7931079336653919 0.45710408285835757 0.0060311989189664175 2.7876573788824581 0.063828118145465851 0.51663719226859417 0.1150935509965052 0.24977582693101497 0.0045652344588978924 1.1970232593258938 6.4488582694327343 0.26040787023366174
leaf_count=515 318 1498 275 390 6 1271 1222 4127 171 2160 2664778 6500 3265 14385 3383 4083 90101 88 188 67 175 216 2641 17326 694
internal_value=-0.363366 -6.27266 -13.3557 -2.10531 -3.14319 -0.17069 -0.73851 -3.90313 -0.144972 -4.28492 -0.0715778 -14.0137 -0.376594 -0.599131 -0.72548 -0.821908 -0.924464 -1.3158 -1.45349 -1.75197 -0.195093 -0.99623 -0.136133 -0.0857489 -0.0887765
internal_weight=144.544 3.46246 0.388439 3.07402 1.64258 141.082 19.6435 2.10495 17.5385 0.870211 121.438 0.315012 14.311 7.08186 5.28875 1.61695 3.24933 0.0698593 0.638261 0.121624 1.54709 2.79222 2.03942 7.2291 6.70927
internal_count=2819843 11147 8273 2874 2556 2808696 11392 9744 1648 2166 2797304 6775 132526 111241 96856 8473 93700 4171 1477 1289 4302 90317 3156 21285 18020
is_linear=0
shrinkage=0.0217778


Tree=34
num_leaves=24
num_cat=0
split_feature=15 35 35 14 32 34 14 15 34 26 31 3 6 3 7 10 3 37 31 31 3 7 10
split_gain=495573 1.01684e+06 32752.4 28662.7 12504.4 11735.8 5978.87 5361.58 3963.87 2997.08 2205.84 1164.92 379.274 350.876 163.059 72.1027 52.733 32.7442 8.10041 6.68725 2.80997 2.82809 1.99171
threshold=0.55000000000000016 0.088816000487689367 0.89546909770312 0.22500000000000003 0.015704778685211085 226.29954639034625 0.22500000000000003 0.32500000000000007 8.265192314638627 1.0000000180025095e-35 69.930616672229931 89.239769396316134 0.35590060575846655 86.554828170642125 -12.631927071825197 1.5000000000000002 64.718552259262154 0.74004227637580711 32.704204429796754 -0.012659302446740588 60.55839331645636 -13.982530302920834 2.5000000000000004
decision_type=8 2 2 10 10 2 10 10 2 2 10 10 10 10 8 2 10 2 8 10 8 8 2
left_child=2 -2 5 14 8 7 -7 15 -5 11 -3 13 -11 -9 20 16 -1 -17 -18 -6 -4 22 -22
right_child=1 10 3 4 19 6 -8 9 -10 12 -12 -13 -14 -15 -16 17 18 -19 -20 -21 21 -23 -24
leaf_value=0 0 -26.093409531512247 0 -0.12309199719681158 -0.39055695536272866 0 -2.8017563992795123 -1.7921083588537425 -4.950490347041546 -0.35798242494359062 0 -0.30450264875192684 -0.047119755331909978 0 -0.59111720956413683 -0.020025677978843272 -0.18747723685650999 0.0055490717172524233 0 0 0 0 -0.13267239289647251
leaf_weight=1.823601699994301 2.1038399854345307 0.0040154985272716761 0.21124940016458671 0.23441843688487984 0.4071521557871165 0.55292402313652522 0.068734521438088558 0.25454639369540411 0.51762049714579916 6.240066088933121 0.0015413041535303762 1.7722290335114486 5.2325616143725711 0.13500021584332011 0.78027095125331092 99.009639976601008 1.3938663242794962 16.417503789763387 0.2555372473391212 0.38734830915927887 0.43436674773693429 0.24495535542764368 2.3267249577584668
leaf_count=45393 98615 2888 2 48 380 13050 238 236 2909 281 46 94 71 5 13825 2631864 6055 7 347 88 169 295 2937
internal_value=-0.370183 -8.86833 -0.172424 -1.67012 -3.4633 -0.0957502 -1.90173 -0.0706035 -4.51014 -0.463524 -26.0562 -1.08521 -0.247956 -1.67378 -0.351527 -0.020172 -0.112821 -0.0146913 -0.174466 -0.345264 -0.114478 -0.118788 -0.123942
internal_weight=140.81 2.1094 138.7 5.54411 1.54654 133.156 0.621659 132.535 0.752039 13.6344 0.0055568 2.16178 11.4726 0.389547 3.99757 118.9 3.47301 115.427 1.6494 0.7945 3.2173 3.00605 2.76109
internal_count=2819843 101549 2718294 20653 3425 2697641 13288 2684353 2957 687 2934 335 352 241 17228 2683666 51795 2631871 6402 468 3403 3401 3106
is_linear=0
shrinkage=0.0217778


Tree=35
num_leaves=14
num_cat=0
split_feature=16 36 2 24 14 16 16 16 7 38 36 6 14
split_gain=941621 1.91117e+06 5807.87 3384.3 1894.64 1180.91 779.725 2481.09 3418.26 1032.75 143.951 56.12 33.0442
threshold=0.26500000000000007 0.9110322523808646 69.727670255982318 1.5000000000000002 0.22500000000000003 0.17261904761904764 0.16458333333333339 0.21130952380952384 -12.631927071825197 0.11249787809696198 1.0000000180025095e-35 0.35590060575846655 0.22500000000000003
decision_type=8 2 8 2 10 10 10 10 8 2 2 8 10
left_child=2 -2 5 4 -4 12 -5 8 -8 -10 -7 -9 -1
right_child=1 -3 3 6 -6 10 7 11 9 -11 -12 -13 -14
leaf_value=-0.022000917140033566 -35.714845984588131 0 0 0 -1.1899209642866424 -0.097670390978934901 -0.16522211731033673 -0.17337011190903537 -1.7759310302921432 0 -0.58541517332931281 -0.017915077018324659 0.0030025985680361355
leaf_weight=93.891024964399051 0.0015511445205887977 2.1038399837171093 0.82757647143859836 5.1735357409165852 2.5927808732566344 2.5325717784083723 2.9883870790037528 4.4056438849655271 0.42223854052188947 0.25814222916960716 0.9295882498595297 6.0777840593399626 16.371531576459034
leaf_count=2429906 15954 86486 21022 262043 244 136 162 236 421 11 77 177 2968
internal_value=-0.374856 -12.0925 -0.0996939 -0.409719 -0.977345 -0.0327303 -0.253523 -0.332267 -0.756965 -1.55256 -0.379319 -0.110207 -0.0165382
internal_weight=138.576 2.10539 136.471 22.7461 3.42036 113.725 19.3257 14.1522 3.66877 0.680381 3.46216 10.4834 110.263
internal_count=2819843 102440 2717403 284316 21266 2433087 263050 1007 594 432 213 413 2432874
is_linear=0
shrinkage=0.0217778


Tree=36
num_leaves=13
num_cat=0
split_feature=16 31 15 26 34 34 14 16 6 6 6 37
split_gain=2.52731e+06 263126 4509.07 3644.97 2594.42 1729.91 1425.5 575.415 553.996 743.23 327.388 34.4174
threshold=0.26500000000000007 -77.136630375381927 0.32500000000000007 -1.0000000180025095e-35 201.09015256794012 12.021991279802025 0.22500000000000003 0.21130952380952384 0.35590060575846655 -0.03844984892863839 0.16150175356602967 0.74004227637580711
decision_type=10 8 10 2 2 2 10 10 10 8 10 2
left_child=2 -2 4 5 11 -4 -6 -5 9 -8 -11 -1
right_child=1 -3 3 7 6 -7 8 -9 -10 10 -12 -13
leaf_value=-0.021765513078443464 0 -35.279202874711565 -0.048830262557029866 -0.39241330944363878 0 -1.2535369221206547 -0.27493333585065388 -0.070942887734990231 0 -1.4362886409286715 -0.032975865463054602 0.0042054799319644438
leaf_weight=96.600577533662914 0.12127219162473511 0.0043284416760840513 1.225375534985391 4.7248108186021289 2.9802414469971623 2.1552303202994532 3.0240371148471819 9.7618275439007132 0.88507774944264372 0.18353620951693006 0.46887954201098125 16.319917612656198
leaf_count=2692227 14 2495 31 492 123222 546 305 277 8 188 28 10
internal_value=-0.372498 -31.8539 -0.0974366 -0.411307 -0.0460513 -0.977796 -0.411375 -0.208201 -0.615393 -0.710346 -1.1889 -0.0162917
internal_weight=138.455 0.125601 138.33 17.8672 120.462 3.38061 7.54177 14.4866 4.56153 3.67645 0.652416 112.92
internal_count=2819843 2509 2817334 1346 2815988 577 123751 769 529 521 216 2692237
is_linear=0
shrinkage=0.0217778


Tree=37
num_leaves=36
num_cat=0
split_feature=19 35 19 36 3 7 35 3 0 32 32 19 7 24 19 35 30 19 30 13 7 30 31 3 1 30 32 0 3 0 24 7 32 35 13
split_gain=1.80508e+06 22639.1 22590.6 21700.9 2551.86 906.964 1084.68 220.6 245.829 286.776 127.888 151.832 114.401 63.0084 287.208 28.7214 13.8858 10.9502 7.89426 5.00033 3.48871 3.35943 2.82298 2.63507 1.71692 1.28434 0.918415 0.878188 0.784177 0.480642 0.245196 0.197399 0.184525 0.093781 0.0891634
threshold=4.5000000000000009 0.89546909770312 1.0000000180025095e-35 0.08383164838717222 67.350904127166586 -3.1168620311484143 0.1502830483730456 70.022660909179379 95.535337570583835 15.892661445501089 1.0000000180025095e-35 2.5000000000000004 -12.631927071825197 1.5000000000000002 1.0000000180025095e-35 0.68770031797641429 -74.705583766345384 -1.0000000180025095e-35 0.063859042432133847 10078.137409032124 -13.982530302920834 106.68000013281745 0.34396506020274137 61.273304359954878 67.789629561470107 48.283265328809314 1.4796506316829703 27.563633439309687 84.496872728109778 75.017157934629225 1.5000000000000002 -2.8458230147722534 83.033575094760366 0.36105858464015911 10078.137409032124
decision_type=2 2 2 2 8 10 2 8 10 10 8 2 8 2 2 2 8 2 10 2 10 10 10 10 10 10 10 10 8 10 2 10 8 2 2
left_child=1 4 12 -4 10 6 -6 26 9 16 11 -1 20 22 17 -16 -9 -15 28 21 23 -18 -12 -3 -7 30 29 -25 -10 -8 -26 -32 33 -33 -35
right_child=-2 2 3 -5 5 24 7 8 18 -11 13 -13 -14 14 15 -17 19 -19 -20 -21 -22 -23 -24 27 25 -27 -28 -29 -30 -31 31 32 -34 34 -36
leaf_value=0 -27.029624833137106 0 -5.0811165005391938 0 0 0 -0.080454583323801995 0 0 -0.042279526374695099 0 -0.22945863540250447 -0.59139399861554065 -0.087267301108934991 -0.41946641969637793 0 -0.80074145265958574 -0.021770915416870387 0 0 0 0 0.0088915877407323169 0 0 0 0 -0.13638192189552964 -0.14145286649129535 0 0 0 0 -0.098882551819148998 0
leaf_weight=3.5730372220333506 0.12127236755210802 0.12084348751161345 0.202629090887258 0.60217001708315365 2.4379780300681153 0.3942562617134201 1.4182585211127492 0.01091674994981293 0.027150902803565136 0.98544501155672914 0.8953005905357817 2.7216532560614097 0.79737724502513652 2.8317170322905687 0.017071391455828144 0.25018299371004105 3.6936528038854832 85.102541959883425 0.37550126578744292 0.0039189543647325511 0.23494638819130553 0.002629307664104962 16.346318283557427 0.2307361240686755 0.021548026147565902 0.11461137906039454 0.17029759794147081 2.5187871923403073 1.4981638485461692 0.079651252558359809 0.017271506062089936 0.0081520429157543317 0.016084240922382587 8.4854515528676071 0.0077366459618922736
leaf_count=100735 3031 2 3043 304 102390 4310 26998 372 1679 26864 22926 841 13644 2283 1794 209 108959 2292762 437 155 293 76 3425 12 857 3946 4833 3057 7400 3221 1022 241 574 76843 305
internal_value=-0.376646 -0.140326 -1.47655 -3.47291 -0.0794498 -0.302121 -0.436208 -0.54317 -0.608948 -0.710618 -0.0358207 -0.131704 -0.365169 -0.0269904 -0.0346912 -0.364636 -0.797898 -0.027105 -0.12616 -0.799673 -0.123267 -0.800312 0.00144701 -0.128528 -0.0950812 -0.0974155 -0.0751053 -0.13179 -0.140203 -0.078637 -0.0983157 -0.0984874 -0.0986255 -0.0987546 -0.0988202
internal_weight=136.335 136.214 4.70749 0.804799 131.506 19.7687 10.7036 8.26559 6.59738 4.69656 111.738 6.29469 3.90269 105.443 88.2015 0.267254 3.71112 87.9343 1.90082 3.7002 3.10531 3.69628 17.2416 2.87037 9.06511 8.67086 1.66821 2.74952 1.52531 1.49791 8.55624 8.5347 8.51742 8.50134 8.49319
internal_count=2819843 2816812 20355 3347 2796457 371482 283384 180994 145942 136426 2424975 101576 17008 2323399 2297048 2003 109562 2295045 9516 109190 3364 109035 26351 3071 88098 83788 35052 3069 9079 30219 79842 78985 77963 77389 77148
is_linear=0
shrinkage=0.0217778


Tree=38
num_leaves=23
num_cat=0
split_feature=15 3 15 36 3 30 30 30 2 30 14 7 14 5 3 24 30 3 7 7 14 36
split_gain=486202 975455 32782.4 36545.6 49641.7 26477.2 16387.2 3137.3 2246.58 2204.46 2101.48 460.434 419.888 509.52 919.855 404.081 301.094 102.25 84.1644 69.2048 35.8468 3.4746
threshold=0.55000000000000016 27.571360777226896 0.45000000000000007 1.0000000180025095e-35 66.533411748295762 0.26411741205796063 -43.87463178319512 97.439602441932053 95.761677204716577 -74.705583766345384 0.22500000000000003 -10.636993976008617 0.22500000000000003 -3.9668256548472196 97.862205675236623 3.5000000000000004 -81.561642544993433 58.314276553092959 2.3805687538976774 -3.3404741729353193 0.22500000000000003 0.2525252085514596
decision_type=8 10 10 2 10 8 10 8 8 10 10 8 10 8 10 2 8 8 10 10 10 2
left_child=2 -2 8 4 15 6 -6 9 20 -3 11 -5 -10 -14 16 -4 -15 -18 19 -12 21 -1
right_child=1 7 3 10 5 -7 -8 -9 12 -11 18 -13 13 14 -16 -17 17 -19 -20 -21 -22 -23
leaf_value=-0.083530963272402364 -0.00073617698969436624 0 -0.63414519857824236 -0.3012162845064672 -0.11656132128664741 -0.16646072742616741 -8.321556438635584 0 0 -25.616584708733008 -0.37176299429626142 -1.2471716082635826 -0.16473494170443093 0 -0.031094101350364622 0 0 -1.1090932655202825 -0.052379802233830125 0 0.0027285937015163308 -0.019386251695284244
leaf_weight=1.6700016516723071 2.0894940511027547 0.001598336162228803 1.1092620659746866 2.3580527655586803 0.21858836710452909 0.44734311558944995 0.046781954352862615 0.0022828305372968325 2.0747357483203785 0.010475144361232109 1.204330396181452 0.78637586783597457 4.6815230465263653 0.21936444193124771 1.3692344511268895 1.166232906284195 0.19357530275010482 0.73818082033315058 5.7579862039404563 1.3447418685827877 16.122308005095036 90.468574834944832
leaf_count=64254 97188 109 158 73 49 73 1138 75 67945 4177 96 129 632 16 2518 23 79 1413 51 19 7475 2572153
internal_value=-0.381316 -8.80152 -0.17569 -1.11731 -2.9123 -5.66419 -7.22154 -25.5253 -0.049295 -25.5789 -0.423842 -0.841369 -0.356944 -0.428271 -0.667928 -0.452632 -0.956955 -1.04267 -0.166745 -0.279003 -0.0178983 -0.0235962
internal_weight=134.081 2.10385 131.977 14.4397 2.98821 0.712713 0.26537 0.0143563 117.537 0.0120735 11.4515 3.14443 9.27661 7.20188 2.52036 2.27549 1.15112 0.931756 8.30706 2.54907 108.261 92.1386
internal_count=2819843 101549 2718294 1809 1441 1260 1187 4361 2716485 4286 368 202 72603 4658 4026 181 1508 1492 166 115 2643882 2636407
is_linear=0
shrinkage=0.0217778


Tree=39
num_leaves=17
num_cat=0
split_feature=15 36 35 18 36 15 1 19 7 4 18 1 19 18 26 36
split_gain=487302 1.00688e+06 34645.1 65081.5 48836.5 5844.94 5324.21 4100.32 3142.86 1672.7 366.692 51.0104 40.1732 36.4528 17.909 9.39067
threshold=0.55000000000000016 0.9110322523808646 0.89546909770312 1.0000000180025095e-35 0.08383164838717222 0.45000000000000007 86.446931605070077 -1.4999999999999998 2.8229329188890877 1.0000000180025095e-35 2.5000000000000004 31.60695466017744 -2.4999999999999996 3.5000000000000004 0.0083333333333333332 0.12847114310773275
decision_type=8 2 2 2 2 10 10 2 10 10 2 8 2 2 2 2
left_child=2 -2 5 11 -5 9 7 -7 -9 10 -1 -4 -13 -11 -14 -12
right_child=1 -3 3 4 -6 6 -8 8 -10 13 15 12 14 -15 -16 -17
leaf_value=0 -25.956006403517957 0 0 -8.1803610319618745 0 -0.035658857492968932 -0.12843613671124873 -2.0005689742392443 -0.0029081675671645078 -0.022359500208302956 0 0 -0.3407203954509106 0.0051692362625496788 0 -0.34369734022390452
leaf_weight=2.0878880040139576 0.0013269113842228055 2.0918377465737756 0.35924167940411356 0.015447035155696898 0.55235545888490378 1.4592340568261599 6.7871925322938251 1.2985640142735015 0.68488412315508451 89.209704281468476 0.25170435775868938 0.2493591309469555 3.576600354806815 16.025806287451047 0.29066345911219427 9.0924240542308983
leaf_count=62747 15063 86486 12 3344 312 22 120 389 18 2623884 33 8 16625 8932 352 1496
internal_value=-0.380049 -8.82427 -0.174482 -1.77759 -5.50325 -0.0948587 -0.569507 -1.15853 -1.61802 -0.0467653 -0.285946 -0.296571 -0.314172 -0.0163173 -0.327935 -0.33889
internal_weight=134.034 2.09316 131.941 5.04367 0.567802 126.897 10.2299 3.44268 1.98345 116.668 11.432 4.47586 4.11662 105.236 3.86726 9.34413
internal_count=2819843 101549 2718294 20653 3656 2697641 549 429 407 2697092 64276 16997 16985 2632816 16977 1529
is_linear=0
shrinkage=0.0217778


Tree=40
num_leaves=20
num_cat=0
split_feature=16 3 31 3 1 16 31 1 16 16 6 16 10 25 37 25 3 37 6
split_gain=931535 1.85011e+06 5980.49 4666.1 1592.46 4409.91 1251.19 675.044 588.45 312.827 190.855 194.004 118.99 59.5456 31.759 15.6991 3.11736 2.16986 1.14019
threshold=0.26500000000000007 27.571360777226896 43.145528807920762 69.397162278495074 59.801751104549403 0.19375000000000003 16.334572079570215 44.76620317383891 0.17261904761904764 0.16458333333333339 0.43454312927647654 0.17261904761904764 1.5000000000000002 1.0000000180025095e-35 0.74004227637580711 1.0000000180025095e-35 25.746349471978931 0.11106849584719992 0.14323820782725502
decision_type=8 10 10 8 10 10 8 8 10 10 8 8 2 2 2 2 10 2 10
left_child=3 -2 -3 8 5 9 7 -7 12 -5 11 -6 15 -10 -14 16 -1 18 -18
right_child=1 2 -4 4 10 6 -8 -9 13 -11 -12 -13 14 -15 -16 -17 17 -19 -20
leaf_value=0 -0.00072594222290298127 -35.308141816745731 0 0 0 0 0 -2.1460700543783919 -0.39794448028117524 -0.37423187507225092 -0.0087254365931546621 -0.28493968422293686 -0.020524798017933547 -0.0053791685369261573 0.0050927243139393891 0 -0.12152042692652269 0 0
leaf_weight=0.16608802688375224 2.0879565798741475 0.001598336162300186 0.0022828305373109514 1.4100931898169209 1.6370180337225071 0.22280584226754385 0.20010224002180621 0.15518891057110984 1.3639194087523367 6.9683630165571842 4.5512399939867345 6.4557879089334369 83.882568295822978 1.4482792574711285 15.940758177197052 0.97552888461730969 6.1078395089103035 0.052271194826642886 0.057558500865182327
leaf_count=4526 97189 5098 153 127410 117127 21 7 416 139 202 5118 409 2413013 34 9 29027 18511 7 1427
internal_value=-0.379452 -12.0547 -35.2334 -0.0963489 -0.38182 -0.601726 -1.69504 -1.91783 -0.0353789 -0.321651 -0.176887 -0.238018 -0.0235988 -0.303458 -0.0144844 -0.106448 -0.117525 -0.119706 -0.120727
internal_weight=133.687 2.09184 0.00388117 131.595 21.6006 8.95655 0.578097 0.377995 109.995 8.37846 12.644 8.09281 107.183 2.8122 99.8233 7.35929 6.38376 6.21767 6.1654
internal_count=2819843 102440 5251 2717403 250710 128056 444 437 2466693 127612 122654 117536 2466520 173 2413022 53498 24471 19945 19938
is_linear=0
shrinkage=0.0217778


Tree=41
num_leaves=13
num_cat=0
split_feature=16 34 16 26 34 10 16 16 5 17 16 24
split_gain=932427 1.83604e+06 4558.25 4823.32 5894.36 1086.79 425.301 179.092 148.531 47.207 31.0241 11.9303
threshold=0.26500000000000007 297.49201910139169 0.17261904761904764 -1.0000000180025095e-35 12.499442392401763 1.5000000000000002 0.21130952380952384 0.12708333333333335 -3.9668256548472196 3.5000000000000004 0.16458333333333339 4.5000000000000009
decision_type=8 2 8 2 2 2 10 8 8 2 10 2
left_child=2 -2 5 4 -4 7 11 -1 -9 10 -7 -5
right_child=1 -3 3 6 -6 9 -8 8 -10 -11 -12 -13
leaf_value=0 -35.067506894983254 -0.00067438734995807872 -0.034882369775423742 -0.39718885723700753 -2.0337118732967623 -0.019224225637569439 -0.067721222797726771 -0.10422542633245063 -0.34611808709891323 0.0088656483535586184 -0.12719039319280112 0
leaf_weight=2.0094260223574327 0.0089795828127575694 2.0802336743362115 1.5278853370259828 3.6778305385726435 0.76738518563087676 84.663708077387355 8.2919070218377815 7.1444655693129464 5.5699042692567007 15.863008765504018 1.0657373971266384 0.60482766178792058
leaf_count=62863 5313 97127 28 401 507 2641524 277 377 1054 10323 40 9
internal_value=-0.37932 -12.0647 -0.0953313 -0.442302 -1.19634 -0.0456692 -0.20706 -0.21493 -0.243079 -0.017242 -0.0243764 -0.372677
internal_weight=133.275 2.08921 131.186 14.8698 2.29527 116.316 12.5746 14.7238 12.7144 101.592 85.7294 4.28266
internal_count=2819843 102440 2717403 1222 535 2716181 687 64294 1431 2651887 2641564 410
is_linear=0
shrinkage=0.0217778


Tree=42
num_leaves=15
num_cat=0
split_feature=16 26 15 26 1 10 16 19 19 3 1 3 37 15
split_gain=1.41154e+06 129355 4636.28 4315.67 2927.1 811.213 410.827 303.563 250.667 90.8184 81.2106 76.5304 40.688 8.88214
threshold=0.26500000000000007 -0.011666666666666665 0.45000000000000007 -1.0000000180025095e-35 65.872033190942446 1.5000000000000002 0.21130952380952384 -1.4999999999999998 2.5000000000000004 82.893018348532053 50.426254971897372 97.862205675236623 0.74004227637580711 0.32500000000000007
decision_type=10 2 10 2 10 2 8 2 2 8 8 10 2 8
left_child=2 -2 5 4 -4 8 7 -5 -1 -10 -9 -11 13 -7
right_child=1 -3 3 6 -6 12 -8 10 9 11 -12 -13 -14 -15
leaf_value=0 -0.32498562645584533 -20.583610747797383 -1.8044852188838854 0 -0.16925910250508439 -0.019693091422677642 -0.068827891416698622 0 -0.13707300671563441 -0.49310195221410819 -0.57383073606630564 -0.018579433251884818 0.0048730182991545854 -0.088250826676667768
leaf_weight=4.0882574372456562 0.22321284060109292 0.69132597442697274 0.73437524282916045 1.5403314317540586 1.5104394531888481 83.054813849673494 7.6518328572836696 0.70295985250528747 11.988009605679073 1.198264800887481 1.7260034259920534 1.3067753848583006 15.720362190614393 2.0023551616855135
leaf_count=162672 45 2464 415 31 38 2651754 236 20 974 273 317 328 15 261
internal_value=-0.367047 -18.5829 -0.0930064 -0.45637 -1.17386 -0.0454784 -0.214819 -0.382899 -0.174771 -0.214952 -0.502191 -0.380059 -0.018128 -0.0246581
internal_weight=134.139 0.914539 133.225 13.8659 2.24481 119.359 11.6211 3.96929 18.5813 14.493 2.42896 2.50504 100.778 85.0572
internal_count=2819843 2509 2817334 1057 453 2816277 604 368 164247 1575 337 601 2652030 2652015
is_linear=0
shrinkage=0.0217778


Tree=43
num_leaves=14
num_cat=0
split_feature=16 26 9 15 26 10 26 16 14 17 5 36 15
split_gain=1.99147e+06 256159 178028 4724.3 4841.6 715.587 514.82 386.994 207.334 49.1145 40.6686 40.2979 0.278614
threshold=0.26500000000000007 -0.011666666666666665 3.5000000000000004 0.45000000000000007 -1.0000000180025095e-35 1.5000000000000002 -0.011666666666666665 0.21130952380952384 1.0000000180025095e-35 3.5000000000000004 2.8109241437934434 0.2525252085514596 0.22500000000000003
decision_type=10 2 2 10 2 2 2 10 10 2 8 2 10
left_child=3 -2 -3 5 6 8 -5 -6 -1 11 -10 12 -7
right_child=1 2 -4 4 7 9 -8 -9 10 -11 -12 -13 -14
leaf_value=0 -0.33070067433153616 -32.677886330821075 0 -0.026960414701817929 -0.37827428359245424 0 -1.4058968989082068 -0.068861088723406211 -0.12022631986588479 0.0086982963362199472 -0.3082549067888895 -0.019115385479305635 -0.1148977113326555
leaf_weight=4.0882574372453826 0.19630469062752809 0.019476942170881695 0.095168196596205235 0.4961933343072843 3.973535611004495 0.016203604796678817 1.5067137775364781 7.4828986937250352 11.697962028038047 15.647121772024787 3.9963260279117856 81.160530617919449 2.2517161491271551
leaf_count=162672 45 2451 13 27 368 6402 426 236 757 10425 818 2558477 76726
internal_value=-0.3666 -26.3512 -30.1869 -0.0924959 -0.464813 -0.044921 -1.25648 -0.215004 -0.162203 -0.0180621 -0.196441 -0.0254428 -0.114446
internal_weight=132.628 0.31095 0.114645 132.317 13.4593 118.858 2.00291 11.4564 19.7825 99.0756 15.6943 83.4285 2.26792
internal_count=2819843 2509 2464 2817334 1057 2816277 453 604 164247 2652030 1575 2641605 83128
is_linear=0
shrinkage=0.0217778


Tree=44
num_leaves=32
num_cat=0
split_feature=2 14 26 14 18 14 25 3 5 32 1 9 38 29 31 17 29 30 9 32 32 6 31 31 31 32 13 1 13 17 26
split_gain=161228 607506 29970.9 172740 5162.83 11545.6 23627 1312.03 698.654 388.399 322.445 211.721 189.585 87.691 65.6464 207.749 44.4313 25.9527 18.0067 16.7467 12.9187 12.3894 10.728 10.0081 7.07013 4.57309 2.76458 0.85647 0.320304 0.296733 0.115443
threshold=74.016975036757117 0.32500000000000007 0.011666666666666667 0.32500000000000007 3.5000000000000004 1.0000000180025095e-35 1.0000000180025095e-35 63.984147480063776 -17.389691945918212 0.0013952689574382728 26.371974415820709 1.5000000000000002 0.039348125769599097 inf 0.34396506020274137 1.0000000180025095e-35 inf 63.238284685109541 3.5000000000000004 44.759179999426642 0.02209493185360523 -0.21667465791862858 43.145528807920762 0.36977806282608444 -0.025559539675532147 86.712031575107559 10078.137409032124 51.473841003899523 10078.137409032124 3.5000000000000004 -0.0049999999999999992
decision_type=10 10 2 10 2 10 2 8 10 8 8 2 2 8 10 2 8 10 2 10 10 8 8 10 8 10 2 8 2 2 2
left_child=2 4 3 7 5 11 -7 14 9 -9 -11 -2 17 19 15 -1 20 18 22 21 24 -10 25 29 -12 26 -13 -23 -29 -16 -6
right_child=1 -3 -4 -5 30 6 -8 8 13 10 16 12 -14 -15 23 -17 -18 -19 -20 -21 -22 27 -24 -25 -26 -27 -28 28 -30 -31 -32
leaf_value=-0.024843272402560519 0 -16.781958097529035 0.21399393013220014 -8.8069318715772216 0 -4.2849179669204771 0 0 0 0 0 -0.4657433494189237 0 0 0 -0.16484349541345322 0 0 0 0 0 0 0 -0.014644948005027457 -0.92378047195867097 0 0 -0.17533422620581146 0 0.008596743157992982 -0.062492182678776473
leaf_weight=60.462903962958023 1.4133225583188425 0.16480651135150992 1120.3690597357568 0.0096634047635139053 0.049952245070987611 0.23927901946744046 1.2692742463227571 0.52062854445502316 0.31236594979673821 0.23616383940305341 0.0041352807501432737 2.844021573413825 0.6412787861292969 2.1742241190886942 0.32689275347958258 5.4699859340650212 0.026800311789190401 0.071004917306016657 0.29742836439982046 0.40052866400014764 0.0076160091012513744 0.017611108104302498 0.026286709934457586 15.999832964505558 0.40941779853494104 0.011099432298788403 0.0066795744571898066 17.045744952639804 0.0065772651330168177 15.508991241455078 5.0534863547787472
leaf_count=1828755 76961 1319 12087 640 5638 1332 257 3632 3592 28 280 87026 1133 41844 10077 2299 57967 3195 7 7375 398 724 1273 475072 12443 555 383 181972 267 5 1307
internal_value=0.15357 -2.24354 0.17903 -0.14765 -0.657988 -1.00999 -2.23496 -0.0665411 -0.219108 -0.627746 -0.7846 -0.314132 -0.383317 -0.154354 -0.0295182 -0.0418324 -0.900925 -0.435268 -0.442162 -0.169641 -0.916689 -0.172722 -0.460805 0 -0.921272 -0.463738 -0.464988 -0.17513 -0.175279 0.00800953 -0.0621677
internal_weight=1251.4 12.0879 1239.31 118.94 11.9231 6.81968 1.50855 118.93 21.1618 1.20476 0.684133 5.31112 3.8978 19.9571 97.7686 65.9329 0.447969 3.25652 3.18552 17.7828 0.421169 17.3823 2.88809 31.8357 0.413553 2.8618 2.8507 17.0699 17.0523 15.8359 5.10344
internal_count=2819843 180386 2639457 2627370 179067 172122 1589 2626730 310522 74748 71116 170533 93572 235774 2316208 1831054 71088 92439 89244 193930 13121 186555 89237 485154 12723 87964 87409 182963 182239 10082 6945
is_linear=0
shrinkage=0.0217778


Tree=45
num_leaves=21
num_cat=0
split_feature=2 16 26 16 26 15 26 19 16 1 1 2 1 1 14 18 23 16 16 16
split_gain=162972 946225 24318.1 145446 28536.1 2180.65 1563.41 1152.51 759.294 628.518 1326.24 401.201 85.8063 227.08 80.1147 35.9919 32.379 40.8284 16.4739 12.9826
threshold=74.016975036757117 0.26500000000000007 0.011666666666666667 0.28869047619047622 -0.011666666666666665 0.45000000000000007 0.0050000000000000001 -1.4999999999999998 0.16458333333333339 97.437870946054019 67.789629561470107 74.016975036757117 66.791704755396836 43.749711603273241 0.22500000000000003 3.5000000000000004 1.5000000000000002 0.15625000000000003 0.21130952380952384 0.19375000000000003
decision_type=10 8 2 10 2 10 2 2 10 10 8 8 10 8 10 2 2 8 8 10
left_child=2 6 3 5 -5 11 8 -7 -2 10 -10 15 13 -9 -13 -1 -8 -18 19 -19
right_child=1 -3 -4 4 -6 7 16 12 9 -11 -12 14 -14 -15 -16 -17 17 18 -20 -21
leaf_value=-0.023200528628546917 0 -20.590200854360255 0.17695671549564884 -0.17979643056520142 -8.693845570691261 -0.039935747976350223 0 0 -0.065274897037744792 0 -1.4857937289897607 0 -0.057778731796407294 -1.0982182497338973 -0.14223041775810438 0.0046156272088762702 0 0 -0.055341835614126367 -0.37442429216282508
leaf_weight=77.500936800360662 0.59445254847391349 0.14408347775453201 1322.9640120145959 0.33812621003016829 0.046164408586675587 2.2995338793020554 2.8427631452964004 0.28190336732610632 0.93185218978440887 0.64790156706368929 0.3947655756376921 3.1906361678257964 0.70061781291668668 0.56768561335297429 17.514539552104942 15.476114706156592 0.8860109220532969 0.63857064750098169 4.0670519408292867 0.35804313115052278
leaf_count=2483938 84259 1732 12087 32 693 36 14926 12 43 32 411 137059 34 182 1091 4293 78591 41 140 211
internal_value=0.128607 -2.33893 0.150172 -0.147578 -6.98563 -0.0605465 -0.334204 -0.51301 -0.734043 -0.872956 -1.04497 -0.0388639 -0.836736 -0.98655 -0.124584 -0.0164907 -0.130393 -0.161465 -0.181631 -0.30655
internal_weight=1452.39 11.5055 1440.88 117.916 0.384291 117.532 11.3614 3.84974 2.56897 1.97452 1.32662 113.682 1.55021 0.849589 20.7052 92.9771 8.79244 5.94968 5.06367 0.996614
internal_count=2819843 180386 2639457 2627370 725 2626645 178654 264 84745 486 454 2626381 228 194 138150 2488231 93909 78983 392 252
is_linear=0
shrinkage=0.0217778


Tree=46
num_leaves=24
num_cat=0
split_feature=3 36 12 32 26 16 0 30 7 15 7 26 7 9 36 26 14 17 30 16 16 3 16
split_gain=155381 516530 191245 120352 25363.4 179921 22719.2 5870.71 5108.12 3238.52 577.885 497.666 408.55 256.766 250.718 73.7005 53.0528 41.2507 24.7156 15.1902 5.86606 3.90035 0.0061986
threshold=89.239769396316134 1.0000000180025095e-35 107.27601384703688 76.318807848451726 0.011666666666666667 0.26500000000000007 30.561338360774219 -88.772105640893741 22.709481160553199 0.45000000000000007 2.8229329188890877 -1.0000000180025095e-35 -1.0469726144576688 1.0000000180025095e-35 1.0000000180025095e-35 -0.011666666666666665 0.22500000000000003 3.5000000000000004 31.306076477445348 0.16458333333333339 0.16458333333333339 82.893018348532053 0.12708333333333335
decision_type=10 2 2 10 2 10 10 10 10 10 10 2 10 2 2 2 10 2 10 10 10 8 8
left_child=4 2 3 7 5 9 -7 -2 -8 13 11 -11 15 16 -13 -3 -1 20 19 -17 -15 -18 -14
right_child=1 12 -4 -5 -6 6 8 -9 -10 10 -12 14 22 17 -16 18 21 -19 -20 -21 -22 -23 -24
leaf_value=0 0 0 -0.28244087003640572 0 0.15172553732242378 0 -8.1643403677163686 -20.710568112731533 -0.15948500624165141 -1.0913870034175792 -0.11412291748570526 0 0 -0.018934285080136982 -0.4016788198875651 0 -0.08438908768118164 0.0070979323376809322 0 -0.4499284595745518 -0.09145576327116943 -0.26657237494850572 -0.04562765305254924
leaf_weight=3.1904088781222475 0.0086660506203770638 0.2474504411220545 0.45148585736751556 0.15456105768680573 1507.2367119432597 0.24995642900466974 0.45211224687422047 0.0043590702850496718 0.13572387397289276 0.68940480339969079 2.9460877358840349 1.5555743117702974 0.032198869611853038 75.925823239893688 1.4765414274382433 0.039798689595433756 15.720844135400762 15.308846565649487 0.066953045936490763 2.8951624334462527 1.3033675193659053 0.92721071315176828 4.6090091679482477
leaf_count=136813 13 2 87 22 12091 11 910 6661 26 178 73 68 9707 2618596 72 25300 859 7153 534 163 36 116 352
internal_value=0.111073 -2.65325 -13.5743 -18.0077 0.12739 -0.175593 -6.80563 -20.5656 -7.73118 -0.0668997 -0.499912 -0.670598 -0.251629 -0.0349964 -0.266928 -0.416395 -0.105954 -0.0166542 -0.438736 -0.445677 -0.0238935 -0.121108 -0.0454933
internal_weight=1635.63 8.50964 0.619072 0.167586 1627.12 119.882 0.837793 0.0130251 0.587836 119.044 6.66761 3.72152 7.89057 112.377 3.03212 3.24936 19.8385 92.538 3.00191 2.93496 77.2292 16.6481 4.64121
internal_count=2819843 42841 6783 6696 2777002 2764911 947 6674 936 2763964 391 318 36058 2763573 140 25999 137788 2625785 25997 25463 2618632 975 10059
is_linear=0
shrinkage=0.0217778


Tree=47
num_leaves=33
num_cat=0
split_feature=35 36 26 26 17 7 35 7 34 36 34 2 2 31 31 1 31 34 17 17 17 6 36 6 4 7 31 31 34 31 31 31
split_gain=262267 733308 195993 19992.8 175491 17473.5 1329.08 709.305 421.374 291.527 305.807 209.001 191.694 189.638 182.708 159.891 151.036 136.098 94.2999 56.6615 179.553 7.53407 22.3208 16.1053 5.18928 5.92216 2.70568 2.69552 1.32419 0.776127 32.0879 15.4246
threshold=0.89546909770312 1.0000000180025095e-35 -0.011666666666666665 0.011666666666666667 4.5000000000000009 22.709481160553199 0.61388149850728346 -8.9966587170433971 12.957587623996007 0.33061420551122872 201.09015256794012 53.450681812783394 63.537568436020784 23.998982385596126 1.0000000180025095e-35 46.564365768383759 -62.602773017697011 6.8955597242141957 1.0000000180025095e-35 3.5000000000000004 1.0000000180025095e-35 0.43454312927647654 0.2987390384948807 0.35590060575846655 0.69837658226457167 -6.5676377758098985 32.704204429796754 -8.6420610120076713 1.3788929882284722 -85.957355953284136 -0.0516638019777814 -31.373223570582145
decision_type=2 2 2 2 2 10 2 10 2 2 2 8 8 8 8 8 10 2 2 2 2 10 2 8 10 8 10 8 2 8 10 8
left_child=3 2 -2 4 6 -6 12 9 -3 10 14 -10 19 15 16 -13 -8 -18 -14 20 -1 22 23 24 -9 -26 27 -27 -29 -20 31 -31
right_child=1 8 -4 -5 5 -7 7 21 11 -11 -12 13 18 -15 -16 -17 17 -19 29 -21 -22 -23 -24 -25 25 26 -28 28 -30 30 -32 -33
leaf_value=-0.022522640600729719 -0.2339067820611368 -0.028175222677380332 -22.207687929318606 0.13350638195002706 -9.3064241140885287 0 0 0 0 -0.040629905249330439 -0.016656552635497552 0 0 0 0 -0.72834127656141989 0 -0.91770060347598681 0 0.0070007267064054173 -0.3123098510293999 -9.7454285162864072e-05 0 0 0 0 0 0 -0.23247456633064573 0 -0.083457396088469513 -0.37306601021184654
leaf_weight=68.631120668350249 0.28182962781102106 3.0950056411688105 0.059114341744576637 1674.3631246029131 0.010039567067535837 0.15063685178756714 0.16803055421427582 0.080466228269499784 0.6120005479611349 1.5366712910095901 0.98027212023323373 0.24252668779220088 7.4954967193322863 0.31094449739071683 0.14995166247068592 0.77836625338519083 0.25175513149551476 1.0212005019281853 0.46482133865356445 15.200540015939636 0.10578195624070375 3.6556797181139826 2.2962470345606198 0.29186534728395619 0.52279610510763141 0.029849512326875403 0.030741514310930973 0.014414930656137526 1.2676069358729436 1.1187867027806246 16.272076444047286 0.25546182696962461
leaf_count=2217974 66 2531 7252 12086 1690 12 749 565 23 50069 60 65 305126 338 9190 11358 2375 68608 20 1250 91 3195 73317 2118 4827 4079 1720 1161 35824 95 1789 220
internal_value=0.0980352 -4.28389 -18.1452 0.113818 -0.153608 -8.32607 -0.0686175 -0.276561 -0.291937 -0.493686 -0.619063 -0.487632 -0.0410478 -0.582664 -0.760564 -0.657909 -0.804622 -0.851062 -0.0944779 -0.0214596 -0.0305664 -0.101943 -0.133434 -0.182616 -0.197743 -0.20251 -0.225935 -0.228566 -0.231186 -0.121428 -0.123006 -0.269398
internal_weight=1801.75 5.37979 0.340944 1796.37 122.002 0.160676 121.842 12.2975 5.03884 4.10788 2.57121 1.94384 109.544 1.33184 1.59094 1.02089 1.44099 1.27296 25.6066 83.9374 68.7369 8.18967 4.53399 2.23774 1.94588 1.86541 1.34261 1.31187 1.28202 18.1111 17.6463 1.37425
internal_count=2819843 21633 7318 2798210 2786124 1702 2784422 257857 14315 131051 80982 11784 2526565 11761 80922 11423 71732 70983 307250 2219315 2218065 126806 123611 50294 48176 47611 42784 41064 36985 2124 2104 315
is_linear=0
shrinkage=0.0217778


Tree=48
num_leaves=21
num_cat=0
split_feature=2 17 36 36 16 26 16 26 34 15 17 34 18 16 2 34 34 34 16 17
split_gain=153065 653119 54965.2 25589.6 18023.5 16448.6 128552 14401.5 4297.8 2258.36 484.976 497.786 311.993 398.79 310.79 239.032 511.497 235.004 58.6772 38.1235
threshold=74.016975036757117 3.5000000000000004 0.28865863932835062 1.0000000180025095e-35 0.2416666666666667 0.011666666666666667 0.28869047619047622 -0.011666666666666665 1.3788929882284722 0.45000000000000007 -1.0000000180025095e-35 5.9723106872270373 2.5000000000000004 0.12708333333333335 70.3616876068875 43.692481757445428 45.126748592781503 7.3415218955774444 0.16458333333333339 3.5000000000000004
decision_type=10 2 2 2 10 2 10 2 2 10 2 2 2 8 8 2 2 2 10 2
left_child=5 3 -3 4 -2 6 9 -8 -9 14 -11 -12 13 -5 19 -13 -17 -15 -16 -1
right_child=1 2 -4 12 -6 -7 7 8 -10 10 11 15 -14 17 18 16 -18 -19 -20 -21
leaf_value=-0.023059437487847122 0 -19.146400479766417 0 0 -4.5197757231279745 0.11948605995830404 -0.16970635109361756 0 -7.664762083851814 0 0 -0.15434155824618956 -0.038260044285611347 -0.011056376688259335 0 0 -1.2417682544471567 -0.55611610583118554 -0.12343295344198048 0.0069036782787388704
leaf_weight=71.728414474870704 0.64411407132156639 0.010525256589321005 0.088539256631127508 1.5702737907502795 0.17564532160758972 1827.809349076944 0.27290357690617384 0.088308461010462275 0.15063692460073944 1.2714666871608966 0.57227413502039848 1.2768244249645553 6.0304617399768459 1.3879262307802847 3.9709466303324801 0.18793641030788416 0.28278747209044436 1.8300961296643357 19.485432341241065 15.094793755911438
leaf_count=2432490 4500 6216 1629 166413 638 12087 32 12 681 28 9 57 848 20 190181 1 169 122 191 3519
internal_value=0.0878664 -2.2843 -17.7953 -0.64529 -2.99387 0.103557 -0.148033 -6.30819 -7.29675 -0.0599862 -0.533016 -0.677011 -0.196698 -0.319317 -0.0378351 -0.796876 -1.09418 -0.428187 -0.107865 -0.0156039
internal_weight=1953.93 11.7376 0.0990645 11.6385 0.819759 1942.19 114.383 0.511849 0.238945 113.871 3.59129 2.31982 10.8188 4.7883 110.28 1.74755 0.470724 3.21802 23.4564 86.8232
internal_count=2819843 180386 7845 172541 5138 2639457 2627370 725 693 2626645 264 236 167403 166555 2626381 227 170 142 190372 2436009
is_linear=0
shrinkage=0.0217778


Tree=49
num_leaves=29
num_cat=0
split_feature=4 16 5 16 4 16 15 17 1 15 16 1 32 9 17 4 26 26 30 15 30 17 16 1 16 30 16 37
split_gain=118741 531015 23225.1 32776.6 13057.9 163412 796.127 745.72 423.691 623.119 347.914 280.93 385.718 163.295 118.953 90.0175 130.245 147.458 76.6008 46.9538 37.0104 33.4461 8.53202 2.72655 2.00385 1.28828 1.28463 0.427997
threshold=13.320456233168569 0.26500000000000007 10.1374306771869 0.26500000000000007 inf 0.26500000000000007 0.45000000000000007 3.5000000000000004 86.446931605070077 0.45000000000000007 0.85357142857142865 47.963384489093883 39.045786603019913 1.0000000180025095e-35 -1.0000000180025095e-35 10.95805168004431 0.0050000000000000001 -0.011666666666666665 68.668532967549268 0.22500000000000003 89.18553592197965 3.5000000000000004 0.16458333333333339 88.193699568781952 0.16458333333333339 -0.045356255151977991 0.12708333333333335 0.79785081507647204
decision_type=10 8 8 8 8 8 10 2 10 10 10 8 8 2 2 10 2 2 8 10 10 2 10 10 10 8 8 2
left_child=2 8 4 7 5 6 13 -4 9 24 19 -11 -13 22 -8 16 17 -16 -5 -6 -9 27 -1 -10 -2 -25 -27 -15
right_child=1 -3 3 18 10 -7 14 20 23 11 -12 12 -14 21 15 -17 -18 -19 -20 -21 -22 -23 -24 25 -26 26 -28 -29
leaf_value=0 0 -15.039725471665573 -0.030855195739660227 -4.5791877407266384 0 -8.2550979586800146 -0.007376738059672319 -0.61948890162325232 0 -0.013575019325834815 0.10894662732165331 -0.88979303471917082 0 -0.02123781095944445 0 0 -0.018321291298179321 -0.72447956012431425 0 -0.1974117290681055 0 0.0068070318072905381 -0.090496808987421171 0 -0.066411023197382013 0 -0.10091158106410412 0
leaf_weight=1.0068376159394947 1.134124997189369 0.2651359861685173 3.0910405914647332 0.087435995264970673 2.3680794736881436 0.089711956331341436 1.6624126550855329 1.8202103362633961 0.33895237907819264 0.87622037952133036 1967.10400390625 1.3672204929594205 0.39829024730236429 70.027221992634807 0.23876188749272798 0.76004170125764359 1.0665493147763037 0.33571789068485758 0.0017518274691934723 0.16415587748880645 0.050267081707729422 14.991438518306451 18.697624768312576 0.25009482378710313 1.1158486706983874 0.1076855821258013 4.0085931812707125 0.14792445302018009
leaf_count=35419 84650 1396 86754 2371 40531 3407 46 2637 1316 28 1 374 8 2482169 5 25 43 121 57506 274 40 5568 129 519 93 13866 544 3
internal_value=0.0797339 -2.18309 0.0916563 -1.24582 0.0956415 -0.13461 -0.0456543 -0.350934 -0.332267 -0.472141 0.108552 -0.659637 -0.784997 -0.0302856 -0.314995 -0.403595 -0.473523 -0.637486 -4.57232 -0.0848568 -0.609304 -0.0139358 -0.0871669 -0.0923064 -0.0511802 -0.0963799 -0.0992696 -0.0211485
internal_weight=2093.57 9.86217 2083.71 5.05071 2078.66 109.024 108.935 4.96152 9.59703 4.8917 1969.64 2.64173 1.76551 104.871 4.06348 2.40107 1.64103 0.57448 0.0891878 2.53224 1.87048 85.1666 19.7045 4.70533 2.24997 4.36637 4.11628 70.1751
internal_count=2819843 102794 2717049 149308 2567741 2526935 2523528 89431 101398 85153 40806 410 382 2523288 240 194 169 126 59877 40805 2677 2487740 35548 16245 84743 14929 14410 2482172
is_linear=0
shrinkage=0.0217778


Tree=50
num_leaves=46
num_cat=0
split_feature=4 36 13 32 32 17 18 1 36 17 7 36 22 32 36 18 1 9 17 18 1 31 7 17 17 36 4 31 4 4 34 31 34 34 34 7 7 19 1 36 7 31 34 13 13
split_gain=117901 407924 186901 98777.4 19894.7 425117 675.73 407.978 682.597 365.605 305.747 165.584 226.554 148.442 154.421 137.392 85.9846 75.9448 69.9895 44.0496 31.1321 26.8183 17.2496 17.4197 25.7151 13.7565 8.18803 7.62538 5.68553 4.28656 3.61978 4.32057 3.44836 2.55579 2.26802 2.47158 2.19102 1.70756 1.56549 1.03628 0.249839 0.222325 0.156829 0.107349 0.0829042
threshold=13.320456233168569 1.0000000180025095e-35 23.32973258571656 76.318807848451726 83.033575094760366 4.5000000000000009 12.500000000000002 63.406829834430106 1.0000000180025095e-35 1.0000000180025095e-35 1.3091959650495613 0.3378249985211248 1.5000000000000002 0.010162475941733544 0.38358158871805553 -1.4999999999999998 26.55375898239841 3.5000000000000004 3.5000000000000004 3.5000000000000004 58.422711862833033 0.02274123705512696 -8.9966587170433971 -1.0000000180025095e-35 3.5000000000000004 0.37878461890542292 15.288957859990683 1.0000000180025095e-35 0.69837658226457167 12.757378732021477 3.190273281110422 32.704204429796754 3.190273281110422 6.8955597242141957 57.939437772480126 3.7016696703856451 -12.631927071825197 -2.4999999999999996 44.902800819469576 0.50770515205302236 15.664721016494264 -62.602773017697011 59.408213050784987 10078.137409032124 615.71302307850613
decision_type=10 2 2 10 8 2 2 10 2 2 10 2 2 8 2 2 8 2 2 2 10 10 10 2 2 2 8 8 8 10 2 10 2 2 2 8 10 2 8 2 8 8 2 2 2
left_child=4 2 -2 -4 5 7 9 13 -9 -6 11 12 15 14 20 -3 -17 27 -15 -16 21 22 23 -1 29 28 -12 -18 -10 33 -30 36 -28 -25 35 -34 -32 -37 -35 -39 41 -38 43 44 -43
right_child=1 10 3 -5 6 -7 -8 8 25 -11 26 -13 -14 18 19 16 17 -19 -20 -21 -22 -23 -24 24 -26 -27 32 -29 30 -31 31 -33 34 38 -36 37 40 39 -40 -41 -42 42 -44 -45 -46
leaf_value=0 -0.025814520078579248 0 -18.785866485008839 0 0 -13.825751879187585 0.099886497837219188 -0.68929434365092679 0 -0.41492504181238432 0 0 0 -0.037395923991014608 -0.0044194883282311767 0 -0.67768722383838031 0 0.0067115324115555311 -0.081496995695510624 0 0 0 0 -0.036184826349171924 0 0 0 0 0 0 0 0 0 0 0 0 -0.11816378841211821 -0.44364277388135764 0 0 0 0 0 -0.12627439421894338
leaf_weight=0.12494975905541483 0.48562493920326233 0.6270500626175316 0.0034986514286382822 0.15456105771868264 7.6920693235126247 0.0023839329369498277 2096.2423662890396 0.33037173650559815 0.53302131481317649 0.27238276257166738 1.078329412854633 0.82805737336896168 0.73249200506014611 51.256753464082884 11.542574710200098 0.18811854079097665 1.9539851513263344 0.19654759528776855 14.89002212621566 18.966522899639404 0.31818465176067023 0.16140465666705983 0.12926820361856428 0.0069019919767329676 1.787033106977276 2.2541872893110932 0.30446751372662761 0.0084390438882456786 0.30987060622318852 0.011725570293399656 0.11216998497960995 0.46367552251020194 0.18252343290567324 0.0041952645782750856 0.19269069647934722 0.10629828274250153 0.010194155103347093 2.7254331243179273 0.36758237537563204 0.056626229850106902 0.011513887907949605 0.0037676896978847676 0.0071619380962858461 0.0048885408029509794 3.3866155544096981
leaf_count=24 34 12 4529 15 296832 1846 9 1545 1964 114 7647 40933 27 1773970 414128 51 32410 6 2851 2033 6056 60 5597 448 3122 77128 963 767 5679 1587 1923 3108 802 252 463 1 665 12289 41914 1845 1152 418 712 303 71609
internal_value=0.0730685 -2.186 -11.9347 -16.4493 0.0842502 -0.203492 0.0990709 -0.0640448 -0.216912 -0.0803233 -0.305619 -0.434514 -0.487789 -0.0485055 -0.0878947 -0.554566 -0.618846 -0.646432 -0.0246083 -0.0596715 -0.238817 -0.256924 -0.269589 -0.279079 -0.288825 -0.0833061 -0.087682 -0.675864 -0.103377 -0.437066 -0.110661 -0.115465 -0.101543 -0.440419 -0.106826 -0.110463 -0.122954 -0.11428 -0.442418 -0.116748 -0.125403 -0.125668 -0.125905 -0.126072 -0.126186
internal_weight=2221.03 9.82474 0.643685 0.15806 2211.2 106.997 2104.21 106.995 7.42744 7.96445 9.18106 4.53469 3.70663 99.5671 33.4203 2.97414 2.34709 2.15897 66.1468 30.5091 2.91125 2.59306 2.43166 2.30239 2.17744 7.09707 4.64637 1.96242 4.84288 0.390405 4.30986 3.99999 3.56804 0.37868 3.26357 3.07088 3.53631 2.88836 0.371778 2.78206 3.42414 3.41263 3.40243 3.39527 3.39038
internal_count=2819843 102794 4578 4544 2717049 2420094 296955 2418248 166206 296946 98216 74206 33273 2252042 475221 33246 33234 33183 1776821 416161 59060 53004 52944 47347 47323 164661 24010 33177 87533 44201 85569 79890 16363 42614 15400 14937 76782 14135 42166 14134 74859 73707 73042 72330 72027
is_linear=0
shrinkage=0.0217778


Tree=51
num_leaves=24
num_cat=0
split_feature=3 36 30 16 3 16 36 14 16 15 0 16 36 0 16 25 36 37 22 16 31 16 36
split_gain=145109 620240 128646 126879 19118.1 142304 74233.8 2861.76 4930.59 1305.62 510.848 210.589 552.99 177.825 78.2564 65.8072 43.0822 30.203 20.8032 34.4387 18.2204 11.1661 5.583
threshold=89.239769396316134 1.0000000180025095e-35 -43.87463178319512 0.18303571428571433 47.250251595332564 0.2416666666666667 1.0000000180025095e-35 0.90000000000000013 0.21130952380952384 0.32500000000000007 49.321235979415512 0.21130952380952384 0.08383164838717222 54.123739654687888 0.16458333333333339 1.0000000180025095e-35 0.63668561344427277 0.74004227637580711 1.5000000000000002 0.21130952380952384 39.380912892705219 0.16458333333333339 0.8493138156804807
decision_type=10 2 10 8 10 8 2 10 10 10 8 10 2 8 10 2 2 2 2 8 10 10 2
left_child=4 2 -2 -4 7 9 -7 8 13 14 -10 12 -11 17 -6 -15 -17 -1 19 21 -8 -3 -18
right_child=1 18 3 -5 5 6 20 -9 10 11 -12 -13 -14 15 -16 16 22 -19 -20 -21 -22 -23 -24
leaf_value=-0.023159131676829686 -0.040119232724997275 0 0 -21.129178205326443 -0.014115621821610493 -9.3889271937493657 -0.26699419547454645 0.092425218456529082 -1.5320333843584009 -0.15932803534293613 0 0 -0.75685604522887329 0 -0.085046485785511119 0 -0.3741824443563499 0.0040413628355815091 0 -0.078587784200176425 0 -0.32303310090303661 0
leaf_weight=45.186835145097781 0.24073560538352851 0.059454783896422447 0.15456105768692602 0.0015545781934633842 27.506442855320614 0.14931486700220409 0.56086371950497815 2213.9289550781277 0.093881428747093862 4.3003779794194426 0.15044568781282791 1.5791097297243011 1.1368976872936194 0.50736652175885577 17.561007743948814 0.25552661931768239 0.086963910476597794 14.935751501494698 0.43843679130094226 4.4968636762872753 0.23906700171076523 3.3344043606547347 0.02180691969240911
leaf_count=1524499 99 35720 4650 2034 1177128 856 1242 18 192 212 7 55 108 69408 115 532 624 16 6 205 63 127 1927
internal_value=0.0674973 -2.57656 -15.6204 -18.4766 0.078674 -0.325325 -5.99483 0.088326 -0.0557717 -0.0993408 -1.37671 -0.358624 -0.418503 -0.0236094 -0.0473299 -0.235836 -0.311372 -0.0132529 -0.221874 -0.229644 -0.239951 -0.319024 -0.367682
internal_weight=2336.93 8.72601 0.396851 0.156116 2328.2 53.0331 0.949246 2275.17 61.2386 52.0838 0.244327 7.01639 5.43728 60.9943 45.0675 0.871664 0.364297 60.1226 8.32916 7.89072 0.799931 3.39386 0.108771
internal_count=2819843 42841 6783 6684 2777002 1179779 2161 1597223 1597205 1177618 199 375 320 1597006 1177243 72491 3083 1524515 36058 36052 1305 35847 2551
is_linear=0
shrinkage=0.0217778


Tree=52
num_leaves=30
num_cat=0
split_feature=3 36 32 3 36 17 19 0 17 36 1 32 26 1 1 19 3 19 0 36 22 36 36 0 34 3 1 3 36
split_gain=149523 617062 87390.7 18475.1 106635 134781 12851.7 2590.34 5055.83 1692.4 205.81 234.052 269.064 168.525 111.008 75.8193 58.6814 53.0718 29.673 24.7585 21.252 12.1742 11.051 3.93084 2.77855 1.85946 0.548043 0.438159 0.242556
threshold=89.239769396316134 1.0000000180025095e-35 76.318807848451726 47.250251595332564 1.0000000180025095e-35 -1.0000000180025095e-35 -1.0000000180025095e-35 61.585163609535876 4.5000000000000009 0.33061420551122872 86.446931605070077 55.1757903744884 0.0083333333333333332 35.476423775951069 114.72499268689124 -1.4999999999999998 45.14102950579553 3.5000000000000004 54.123739654687888 0.42973955404227587 1.5000000000000002 0.8493138156804807 0.63668561344427277 95.535337570583835 2.2837000594381611 45.272362928872816 63.053223139141977 31.532367943598075 0.2525252085514596
decision_type=10 2 10 10 2 2 2 10 2 2 10 10 2 8 10 2 10 2 8 2 2 2 2 8 2 10 8 10 2
left_child=3 2 -2 7 5 -5 -7 8 16 10 11 12 13 -6 15 -3 18 -11 19 -1 24 22 -20 -15 -17 28 -19 -24 -18
right_child=1 14 -4 4 9 6 -8 -9 -10 17 -12 -13 -14 23 -16 20 25 26 21 -21 -22 -23 27 -25 -26 -27 -28 -29 -30
leaf_value=-0.12370623190731977 -17.481859096367021 0 0 0 0 0 -10.807102002944628 0.086161285799756862 -1.4448529897272877 -0.01776914913858255 -0.032736398445184327 0 0 -0.65977030604155207 -0.036172694357891097 0 0.0079428996259972521 0 0 -0.01727204365107508 0 0 -0.2177578009500637 0 -0.33822957550182126 0 -0.081374166245930926 0 0
leaf_weight=1.0020452571186158 0.23879124226660398 0.48791338503461457 0.15456105768680573 1.3524348048131285 0.67004333892162571 0.055095622590812021 0.0026410224341824043 2321.6678651202828 0.15044566989082753 26.391142075034441 1.7417936695147949 0.6401210073351663 0.47019743246963663 2.8152347373539812 3.4408142415717089 0.013280626043289501 14.728325843811032 0.2275107353925695 0.25920362866557273 38.267922640233969 0.18888799846189241 0.252806878048001 0.11659406610357825 0.0045909565587923798 3.8358243968890782 4.8380398681661481 18.584805496014276 0.0055038450846041078 0.29272420216958472
leaf_count=1890 6755 5 28 217 228 123 1331 6384 333 1036467 11899 7177 1609 114167 3792 578 2 48 9741 1350297 5 51643 3381 2161 31678 162605 4352 209 10738
internal_value=0.0627594 -2.67327 -15.6575 0.0734091 -0.324243 -4.73423 -10.2819 0.0824753 -0.0561512 -0.105755 -0.415101 -0.491812 -0.542855 -0.594155 -0.227412 -0.303056 -0.0240065 -0.0495051 -0.0391764 -0.0280562 -0.328093 -0.162712 -0.187203 -0.659018 -0.337377 0 -0.0808265 -0.216856 0.00740233
internal_weight=2442.9 8.36007 0.393352 2434.54 52.9556 1.41017 0.0577366 2381.58 59.9136 51.5454 6.34198 4.60019 3.96007 3.48987 7.96672 4.52591 59.7632 45.2035 39.9041 39.27 4.03799 0.634108 0.381302 2.81983 3.84911 19.8591 18.8123 0.122098 15.0211
internal_count=2819843 42841 6783 2777002 1179779 1671 1454 1597223 1590839 1178108 137241 125342 118165 116556 36058 32266 1590506 1040867 1417161 1352187 32261 64974 13331 116328 32256 173345 4400 3590 10740
is_linear=0
shrinkage=0.0217778


Tree=53
num_leaves=33
num_cat=0
split_feature=35 10 15 35 36 14 14 25 32 15 15 7 2 8 5 36 15 2 30 5 15 14 32 14 14 2 15 35 30 2 30 32
split_gain=272906 281596 178588 16385.5 13395.2 6733.87 54510.5 6197.11 3434.4 5227.94 3272.04 4613.88 3028.83 2881.48 853.378 1804.58 374.255 221.487 114.683 75.4018 49.4213 22.5457 13.0576 11.9335 8.19041 1.06149 1.10385 0.298748 0.177965 0.176828 0.117584 0.0222978
threshold=0.95947602022448952 3.5000000000000004 0.45000000000000007 0.60033968544695504 1.0000000180025095e-35 0.90000000000000013 0.45000000000000007 -1.0000000180025095e-35 55.1757903744884 0.45000000000000007 0.45000000000000007 -20.42980365259152 50.656309666207683 1.5000000000000002 31.431051774000967 0.33061420551122872 0.45000000000000007 111.09738423036769 35.226477500277504 9.5114333956204984 0.22500000000000003 0.22500000000000003 86.712031575107559 1.0000000180025095e-35 0.22500000000000003 59.560641395795301 0.22500000000000003 0.60469046325068743 48.283265328809314 101.11020666688013 -68.854989222037133 76.318807848451726
decision_type=2 2 8 2 2 10 10 2 8 10 8 8 10 2 10 2 10 8 10 8 8 10 8 10 10 8 10 2 10 10 10 10
left_child=3 2 -2 5 10 6 16 -3 9 -9 -5 -12 -11 -14 15 18 17 21 20 23 -6 -1 -22 -19 -21 -17 -27 -28 29 30 -29 -32
right_child=1 7 -4 4 14 -7 -8 8 -10 12 11 -13 13 -15 -16 25 -18 19 -20 24 22 -23 -24 -25 -26 26 27 28 -30 -31 31 -33
leaf_value=-0.019435194708335768 0 0 -16.031290977575622 0 0 0.080660709690199492 -4.8751187674866223 0 0 0 -0.053370937509046534 -3.5593479103751395 -3.5062727268946494 0 -0.042020303729333394 0 -0.31139545010183634 0 0 0 -0.78261840675274319 0.0010922905120114722 0 -0.073499138749626505 -0.29836193032600034 0 0 0 0 0 -0.067031068631795837 0
leaf_weight=62.779182633271176 0.44391996689253793 1.9964388057999898 0.24905290126311436 0.22420755746125837 0.041028526005923216 2419.3120117187568 0.048070987366599094 0.48814435768941333 0.55748288337380025 0.2267720103263855 0.38929943740367889 0.083552672840441933 0.088014302978910441 0.22579696774482727 4.2753895460983999 0.70470639281351988 1.5423869506901997 3.0561522196215547 0.20423280843822755 0.052755506834145538 3.9584897636897551 14.759418340421318 0.010729738727083826 19.312563583048092 0.56105819332118667 0.48037924262159348 0.10564425260391797 0.036102261932167923 0.059246798927747313 0.063381863492284807 2.4076561778151908 0.0067377954092079353
leaf_count=2362847 7986 357 1716 318 18374 66 371 605 78 8 32 366 377 20 6438 29440 163 78069 8498 63347 131463 2280 730 790 124 24119 5153 1501 2345 633 70957 272
internal_value=0.0586938 -4.85475 -12.0195 0.0691118 -0.669486 0.0732955 -0.098334 -0.975288 -1.6644 -2.06874 -2.48375 -2.84026 -2.66649 -3.05088 -0.362159 -0.485411 -0.043469 -0.0341856 -0.752962 -0.0935057 -0.774872 -0.0130778 -0.781 -0.0667564 -0.289714 -0.0537006 -0.0590154 -0.0637827 -0.0649996 -0.0657134 -0.0664809 -0.0669437
internal_weight=2538.75 4.27562 0.692973 2534.47 13.0508 2521.42 102.112 3.58265 1.58621 1.02873 0.69706 0.472852 0.540583 0.313811 12.3537 8.07834 102.064 100.521 4.21448 22.9825 4.01025 77.5386 3.96922 22.3687 0.613814 3.86385 3.15915 2.67877 2.57312 2.51388 2.4505 2.41439
internal_count=2819843 11147 9702 2808696 300639 2508057 2507991 1445 1088 1010 716 398 405 397 299923 293485 2507620 2507457 159065 142330 150567 2365127 132193 78859 63471 134420 104980 80861 75708 73363 72730 71229
is_linear=0
shrinkage=0.0217778


Tree=54
num_leaves=28
num_cat=0
split_feature=3 36 14 3 16 31 36 14 16 36 1 1 36 16 3 36 22 16 36 37 16 1 13 16 31 1 25
split_gain=166720 745568 123065 17553.9 152626 37141.2 38860.8 2235.58 5974.61 1158.72 166.556 138.749 320.21 239.167 111.719 164.957 74.6458 59.8626 45.0763 26.8564 9.40334 11.7615 9.717 8.32715 7.95857 7.46486 0.397651
threshold=89.239769396316134 1.0000000180025095e-35 1.0000000180025095e-35 47.250251595332564 0.2416666666666667 23.998982385596126 0.43325094530540814 0.90000000000000013 0.2416666666666667 0.33061420551122872 114.72499268689124 90.602556874853263 0.08383164838717222 0.15625000000000003 1.0000000180025095e-35 0.8493138156804807 1.5000000000000002 0.16458333333333339 0.36825760733932844 0.74004227637580711 0.21130952380952384 45.99850979380205 9962.7428895906723 0.16458333333333339 23.998982385596126 86.446931605070077 1.0000000180025095e-35
decision_type=10 2 10 10 8 10 2 10 10 2 10 10 2 8 10 2 2 10 2 2 10 8 2 10 8 10 2
left_child=3 2 -2 7 9 6 -6 8 14 11 16 12 20 -14 15 18 23 -11 -1 -16 21 -5 -23 -3 25 -24 -20
right_child=1 10 -4 4 5 -7 -8 -9 -10 17 -12 -13 13 -15 19 -17 -18 -19 26 -21 -22 22 24 -25 -26 -27 -28
leaf_value=0 0 0 -21.257763014848702 0 -9.4463219650320784 0 0 0.076273918576947333 -1.65634126714273 -0.01350638701909967 -0.035126438969113008 0 0 -0.72317662022415818 -0.022002940082797282 0 0 -0.078097040250142927 0 0.0038249618768010107 0 0 -0.19695901213128195 -0.37101493793839696 0 0 -0.37436861075584854
leaf_weight=0.25034057972588658 0.14948228048946366 0.032754672478799374 0.0052894627113839734 0.83603261626744296 0.19967390918550831 0.35831157618649456 0.26068150098786136 2508.0529785156314 0.018284868379658259 25.401607019842594 3.3700548218170248 1.3393446182405027 0.25776996544253827 1.1340121625732584 41.276518101784809 2.1313380383690754 0.43843679130085078 19.045732550274153 0.0015246686525641198 14.743335265333284 0.35772889604821534 0.2315282204360124 2.3052468162838684 3.2433412587130013 0.15053841204686902 0.12820264173077101 0.19577576850040079
leaf_count=3182 3561 32087 3222 35 886 84 1191 18 193 1039481 3792 7287 126807 105 1494455 89702 6 119 9065 17 36 120 3199 173 250 179 591
internal_value=0.0551658 -3.02368 -18.6916 0.0649874 -0.326479 -6.40245 -7.87728 0.0731288 -0.0571169 -0.0960447 -0.242907 -0.345453 -0.392668 -0.649838 -0.0235516 -0.146217 -0.340422 -0.04667 -0.320573 -0.011835 -0.146515 -0.155034 -0.175034 -0.368385 -0.183947 -0.190697 -0.373946
internal_weight=2625.92 7.23936 0.154772 2618.68 52.0064 0.818667 0.460355 2566.67 58.6171 51.1877 7.08459 6.7404 5.40106 1.39178 58.5988 2.57898 3.71453 44.4473 0.447641 56.0199 4.00928 3.65155 2.81552 3.2761 2.58399 2.43345 0.1973
internal_count=2819843 42841 6783 2777002 1179779 2161 2077 1597223 1597205 1177618 36058 138018 130731 126912 1597012 102540 32266 1039600 12838 1494472 3819 3783 3748 32260 3628 3378 9656
is_linear=0
shrinkage=0.0217778


Tree=55
num_leaves=24
num_cat=0
split_feature=3 16 0 2 16 14 14 32 14 16 32 1 19 1 16 3 22 16 19 16 32 37 16
split_gain=146529 303396 209439 17388.8 36695.1 20553.2 14202.6 8869.06 5934.93 32052.1 2615.86 2337.26 883.377 645.272 579.946 333.744 221.476 96.0761 94.414 77.0527 52.4433 40.8358 23.0516
threshold=89.239769396316134 0.26500000000000007 67.359661487150433 60.277175499253666 0.2416666666666667 1.0000000180025095e-35 0.22500000000000003 1.0000000180025095e-35 0.90000000000000013 0.2416666666666667 22.423232005691172 49.223991605575712 2.5000000000000004 114.72499268689124 0.16458333333333339 60.55839331645636 1.5000000000000002 0.21130952380952384 -1.4999999999999998 0.16458333333333339 70.069070913366929 0.74004227637580711 0.12708333333333335
decision_type=10 8 10 10 10 10 10 10 10 10 10 10 2 10 10 8 2 10 2 10 8 2 8
left_child=3 13 12 8 14 -6 -4 -7 9 15 -9 -11 -3 16 -5 21 18 -16 -2 -17 22 -1 -20
right_child=1 2 6 4 5 7 -8 10 -10 11 -12 -13 -14 -15 17 19 -18 -19 20 -21 -22 -23 -24
leaf_value=-0.027048051171968082 0 -0.046128463696111656 0 0 0 -0.39139067886000828 -16.526403465085238 -5.9703686786008312 0.072038476518385894 -3.7607701112819161 -0.034306796439991544 -0.47203549646910919 -1.438208512013933 -0.040005738281003192 -0.35925351200777378 0 0 0 0 -0.143170079571802 0 0.0037608147188467568 -0.62263523004115506
leaf_weight=63.152718707895311 0.14050784707115571 0.71922129052610617 0.044054398333246314 6.8444943412246095 0.80220134453127179 0.48472084105014801 0.073090867661044889 0.017163244986859394 2588.6452636718809 0.10860599524894565 0.11924457550048828 0.69009623630481487 0.30922760177782038 3.3086130900225363 4.1960342455777386 3.0490537553626433 0.43843679130085078 1.3703298715103223 0.030562802059005179 15.617176887891638 0.15167415043570587 14.687181857387179 2.7820842262046428
leaf_count=2179245 30 37 172 443887 45 70 1266 455 57 370 31 79 158 4686 229 152288 12 50 32161 176 281 20 4038
internal_value=0.0522197 -2.71064 -9.71716 0.0615505 -0.679227 -3.0953 -16.0424 -4.45742 0.0657086 -0.0996482 -5.57745 -2.92368 -1.07851 -0.356997 -0.163276 -0.0423647 -0.532495 -0.309135 -0.581759 -0.12442 -0.601091 -0.0187839 -0.61791
internal_weight=2707.78 7.99747 1.14559 2699.78 13.8342 1.42333 0.117145 0.621129 2685.95 97.3048 0.136408 0.798702 1.02845 6.85188 12.4109 96.5061 3.54327 5.56636 3.10483 18.6662 2.96432 77.8399 2.81265
internal_count=2819843 42841 1633 2777002 444767 601 1438 556 2332235 2332178 486 449 195 41208 444166 2331729 36522 279 36510 152464 36480 2179265 36199
is_linear=0
shrinkage=0.0217778


Tree=56
num_leaves=33
num_cat=0
split_feature=3 17 3 16 18 0 0 16 16 16 16 16 16 16 32 16 16 3 18 10 3 16 30 30 0 32 4 32 4 0 10 5
split_gain=113028 248704 16224 80967.3 70779.7 30381.3 1974.82 6650.97 1780.66 10089.9 2498.56 1053.27 234.907 162.49 104.769 74.1581 58.2792 46.8175 44.2623 15.4822 4.64536 3.27662 2.50556 1.7962 1.35571 1.15919 0.842756 0.625858 0.518487 0.297993 0.244 0.128183
threshold=89.239769396316134 3.5000000000000004 47.250251595332564 0.2416666666666667 -1.0000000180025095e-35 91.658758672720467 47.10127863164157 0.20416666666666669 0.26500000000000007 0.4366666666666667 0.40833333333333338 0.17261904761904764 0.85357142857142865 0.21130952380952384 0.22257247128117316 0.16458333333333339 0.16458333333333339 46.328330049042698 2.5000000000000004 4.5000000000000009 47.11977801078406 0.12708333333333335 -2.4824544818115792 58.129291127364361 47.2353258748035 0.40701308396123387 0.88958148061073838 0.0036713413846705422 5.0620472009373891 81.736289268074543 3.5000000000000004 9.5114333956204984
decision_type=10 2 10 8 2 10 10 10 8 10 10 10 10 10 10 10 10 8 2 2 10 8 10 8 10 10 8 8 10 10 2 10
left_child=2 8 6 11 -5 -6 7 15 18 10 -10 16 17 14 -13 -1 -4 24 19 21 22 -2 -19 25 -8 26 -24 -28 29 30 31 -29
right_child=1 -3 3 4 5 -7 12 -9 9 -11 -12 13 -14 -15 -16 -17 -18 20 -20 -21 -22 -23 23 -25 -26 -27 27 28 -30 -31 -32 -33
leaf_value=-0.01598150027787262 0 -8.7664023001900109 -0.013338211047000885 -0.032043120893426556 -8.7036992254514942 -0.64626956237484867 0.0075722919124992126 -1.7730547494022424 -2.7390760303756361 -0.080598304396287596 0 -0.45734676143247999 0.068823767968501717 0 -0.011589466299186219 -0.14350528572359714 -0.077426763432577692 0 -0.0074929771338117963 0 0 -0.23372503289584073 0 0 0 0 0 -0.11256280190733985 0 0 0 0
leaf_weight=36.705645116114702 0.035431874855113898 1.0912679398027822 24.874140189500931 1.5255984425611688 0.12222290364443367 0.57576843351125717 14.567996656083212 0.0076978219025239927 0.15110795363263618 3.6001665629222925 0.31923565391237863 3.6181025855561959 2661.158447265625 1.4715770331371381 1.3312262600945137 2.0721922767890311 19.448231681469526 0.24313069024492895 3.4973897819380086 0.24954879283905018 0.28248100469016568 1.598365786775042 0.058990560982294479 0.14849674201764318 1.3096090371488536 0.086595049684652925 0.0418336008751794 1.1367072582114928 0.033462981296906835 0.018765531667074398 0.015119655771343221 0.0078562671069323242
leaf_count=1500636 35912 4868 1177153 63 1998 100 3251 203 456 62 8 218 1 55 46 41 146 6202 1256 1 5391 278 2332 3816 43075 3471 1596 23265 1324 1325 572 722
internal_value=0.0495079 -2.09384 0.0585412 -0.31459 -3.62366 -6.58692 0.0660061 -0.0843832 -0.489259 -0.794561 -2.27675 -0.0937429 0.0682892 -0.337744 -0.393367 -0.031387 -0.0469349 -8.39555e-05 -0.134249 -0.215299 -0.0835179 -0.230951 -0.0918273 -0.0983244 0.00387018 -0.102921 -0.105866 -0.107997 -0.109575 -0.11088 -0.111629 -0.112241
internal_weight=2781.4 10.5425 2770.86 52.9669 2.22359 0.697991 2717.9 38.7855 9.45125 4.07051 0.470344 50.7433 2679.11 6.42091 4.94933 38.7778 44.3224 17.951 5.38074 1.88335 2.07344 1.6338 1.79096 1.54783 15.8776 1.39933 1.31274 1.25375 1.21191 1.17845 1.15968 1.14456
internal_count=2819843 42841 2777002 1179779 2161 2098 1597223 1500880 37973 526 464 1177618 96343 319 264 1500677 1177299 96342 37447 36191 50016 36190 44625 38423 46326 34607 31136 28804 27208 25884 24559 23987
is_linear=0
shrinkage=0.0217778


Tree=57
num_leaves=27
num_cat=0
split_feature=3 17 9 3 16 18 6 14 16 16 16 15 16 3 25 31 18 16 21 19 3 21 16 30 3 21
split_gain=111874 327829 180577 15941.1 88349.1 89675.9 14575.5 1862.1 5123.29 1600.15 9078.76 1079.11 140.201 105.91 124.327 98.5005 40.9824 37.742 31.8877 25.4988 21.0925 10.6221 3.95957 3.59714 1.68115 0.214023
threshold=89.239769396316134 3.5000000000000004 1.0000000180025095e-35 47.250251595332564 0.2416666666666667 -1.0000000180025095e-35 0.43454312927647654 0.90000000000000013 0.20416666666666669 0.26500000000000007 0.40833333333333338 0.32500000000000007 0.21130952380952384 1.0000000180025095e-35 1.0000000180025095e-35 1.0000000180025095e-35 2.5000000000000004 0.16458333333333339 0.90000000000000013 -1.4999999999999998 45.14102950579553 0.45000000000000007 0.12708333333333335 -0.045356255151977991 45.272362928872816 0.90000000000000013
decision_type=10 2 2 10 8 2 10 10 10 8 10 10 10 10 2 8 2 10 10 2 8 10 8 8 8 10
left_child=3 9 15 7 11 -6 -7 8 13 16 -11 17 -13 14 -1 -3 19 -5 23 -2 -15 22 -21 -16 25 -22
right_child=1 2 -4 4 5 6 -8 -9 -10 10 -12 12 -14 20 18 -17 -18 -19 -20 21 24 -23 -24 -25 -26 -27
leaf_value=0 0 -0.44600878381762626 -16.184572664046431 -0.013229627718556522 -0.031717890712710216 -8.4110453192089487 -0.0037589950346188731 0.065619876384887574 -1.4128304828622702 -2.1976331707448602 -0.10826685684838604 -0.37444615570693107 0 -0.021638306091570008 0 0 -0.0073918372812541407 -0.069584497405815654 0 0 0 0 -0.25476383605608427 -0.3174084764654812 0 0.0076272258428839107
leaf_weight=1.9895332061060287 0.369046837091905 0.20735195936322148 0.029883108112473744 24.544582518518073 1.5187589917742506 0.28692291787070123 0.15702325105667114 2726.6162109375059 0.22686355546527082 0.44558091368404262 3.8319815076963435 5.6307408493682995 1.4715770331371381 33.99937252580682 0.019890955917243641 0.39668843313620528 3.4828837466160207 18.742545493349365 0.24999406933784485 0.03543187482399817 0.27030301029439918 0.20976829531852637 1.2739833871911563 0.4143806929544942 4.447988661162376 14.377098083496094
leaf_count=99183 39 136 4726 1177128 63 2069 29 18 206 456 70 320 55 1320907 344 6 1256 115 1 35844 10750 57 251 3012 162799 3
internal_value=0.0471497 -2.10971 -10.9195 0.0558374 -0.316283 -3.92615 -7.67264 0.063028 -0.0586135 -0.477371 -0.759678 -0.0929102 -0.326864 -0.0230852 -0.140626 -0.352187 -0.133097 -0.0431335 -0.275145 -0.212192 -0.010885 -0.236852 -0.2513 -0.313508 0 0.00712163
internal_weight=2845.25 10.2826 0.633924 2834.96 52.3522 1.96271 0.443946 2782.61 55.9954 9.64868 4.27756 50.3894 7.10232 55.7686 2.6738 0.60404 5.37111 43.2871 0.684266 1.88823 53.0948 1.51918 1.30942 0.434272 19.0954 14.6474
internal_count=2819843 42841 4868 2777002 1179779 2161 2098 1597223 1597205 37973 526 1177618 375 1596999 102540 142 37447 1177243 3357 36191 1494459 36152 36095 3356 173552 10753
is_linear=0
shrinkage=0.0217778


Tree=58
num_leaves=20
num_cat=0
split_feature=35 18 35 36 18 26 17 36 26 6 35 2 14 32 31 2 37 32 14
split_gain=154243 524565 15160.3 15628.7 6930.86 5241.54 68552.2 4159.74 2135.7 574.284 906.13 71.7614 86.5129 386.15 39.3519 34.071 12.5931 11.0606 1.14975
threshold=0.95947602022448952 3.5000000000000004 0.6093419667900829 1.0000000180025095e-35 -1.0000000180025095e-35 0.011666666666666667 4.5000000000000009 1.0000000180025095e-35 0.0050000000000000001 0.43454312927647654 0.66515218331505521 48.062099856733553 1.0000000180025095e-35 0.0030218505502046396 32.704204429796754 47.102584650547662 0.37865751223285321 86.712031575107559 1.0000000180025095e-35
decision_type=2 2 2 2 2 2 2 2 2 8 2 8 10 8 10 10 2 8 8
left_child=2 7 5 4 -4 6 11 8 -2 10 -5 15 -13 -14 17 16 -1 -12 -17
right_child=1 -3 3 9 -6 -7 -8 -9 -10 -11 14 12 13 -15 -16 18 -18 -19 -20
leaf_value=-0.015719308694853041 -1.9465300623538229 -16.272085503981678 0 -0.038955550252254077 -3.6023858651455396 0.062623341691883286 -5.5676787346595509 -0.0064435682857622942 -0.48907445853251302 -0.0084189361001372528 -0.60609451882689191 -0.017151674992383521 -0.050940148936121726 -0.42839122117082923 0 0 -0.12059983518547156 0 0.0076607377355301801
leaf_weight=35.07116940675995 0.30323604362105649 0.1201657885685562 0.32858812667664755 2.9741471306027938 0.10620182780510939 2786.194505113157 0.0022300395704480938 3.6859501581047249 3.7056101608467782 2.8629573438963964 5.1047686639835392 24.260657359311146 20.063577111586184 0.62842570269332299 0.055507513090633398 1.8066534821758207 0.38511901099042845 0.015424084546694306 14.414167091250418
leaf_count=1464244 2247 2491 112 107149 590 11918 989 3540 2869 5630 159540 975341 1538 1522 5534 73325 118 1108 38
internal_value=0.0449318 -2.81915 0.0537752 -0.701381 -2.82323 0.0571017 -0.0990408 -0.620313 -1.02567 -0.35811 -0.444465 -0.0357406 -0.0571757 -0.0919544 -0.599462 -0.0126022 -0.0257242 -0.604639 0.00458537
internal_weight=2902.09 7.81496 2894.27 11.4476 0.43479 2882.83 96.632 7.6948 4.00885 11.0128 8.14985 96.6298 44.9527 20.692 5.1757 51.6771 35.4563 5.12019 16.2208
internal_count=2819843 11147 2808696 279663 702 2529033 2517115 8656 5116 278961 273331 2516126 978401 3060 166182 1537725 1464362 160648 73363
is_linear=0
shrinkage=0.0217778


Tree=59
num_leaves=19
num_cat=0
split_feature=35 18 14 35 36 14 16 16 16 16 16 2 5 16 35 35 16 14
split_gain=162974 547987 177526 14850.2 17517.1 5036.08 39560.8 4888.74 1532.98 566.816 1158.39 153.792 44.7461 36.6504 19.6123 5.38045 5.17681 0.17964
threshold=0.95947602022448952 2.5000000000000004 0.22500000000000003 0.6093419667900829 1.0000000180025095e-35 0.90000000000000013 0.28869047619047622 0.19375000000000003 0.3357142857142858 0.16458333333333339 0.21130952380952384 69.727670255982318 31.431051774000967 0.16458333333333339 0.22845890705959396 0.22602430594414086 0.12708333333333335 0.22500000000000003
decision_type=2 2 10 2 2 10 10 10 10 10 10 8 10 10 2 2 8 10
left_child=3 8 -3 5 7 6 11 -5 -2 -6 -11 14 -12 -13 15 -1 -16 -17
right_child=1 2 -4 4 9 -7 -8 -9 -10 10 12 13 -14 -15 16 17 -18 -19
leaf_value=-0.012946201296709132 -0.0063391536490632503 -0.016476980234811665 -19.494472168818753 0 0 0.060154715593062173 -3.4353557409842232 -3.5956042147549825 -0.6721369611140029 -0.68241111751001848 -0.18166887808510601 0 0 -0.096078742959290517 -0.017061244457980816 0 -0.08507315763606256 0.0074243414718755596
leaf_weight=9.6503122294825481 3.6827857050815229 0.30566356800421646 0.025818729609518254 0.22996783332201731 2.0806975724332526 2836.8906250014943 0.58382696301600745 0.10233741107228544 3.2331684176614761 3.6804656489697107 2.3845026000241631 4.1407803254141937 2.9551640449898029 21.731203372068869 45.353671822738889 0.23300415297285582 1.6946975035813228 14.159476280212402
leaf_count=395001 7440 227 3305 282 278625 67 455 420 175 214 85 217106 37 211 1904503 9879 1810 1
internal_value=0.0429346 -3.00024 -15.4087 0.051578 -0.696291 0.054812 -0.0975453 -3.02723 -0.39057 -0.349668 -0.41726 -0.0380561 -0.12036 -0.0846609 -0.0173775 0 -0.0254194 0.00698439
internal_weight=2953.12 7.24744 0.331482 2945.87 11.4331 2934.44 97.547 0.332305 6.91595 11.1008 9.02013 96.9631 5.33967 25.872 71.0912 24.0428 47.0484 14.3925
internal_count=2819843 11147 3532 2808696 279663 2529033 2528966 702 7615 278961 336 2528511 122 217317 2311194 404881 1906313 9880
is_linear=0
shrinkage=0.0217778


Tree=60
num_leaves=30
num_cat=0
split_feature=2 17 32 36 25 18 36 36 32 2 30 30 30 18 30 18 26 22 36 34 30 34 17 32 30 30 17 34 30
split_gain=120244 698967 9966.03 11327.7 31910.9 83999.3 16142.9 4278.17 3018.05 681.059 418.3 345.608 289.775 222.005 193.577 158.588 93.2514 86.5823 78.5634 81.408 36.2692 35.1061 34.124 27.5606 23.7693 4.46799 3.94122 1.0684 1.00279
threshold=75.60999482375361 3.5000000000000004 48.710729682931905 0.33061420551122872 -1.0000000180025095e-35 1.0000000180025095e-35 0.30741644380064226 1.0000000180025095e-35 0.019961863498960428 71.75214861305443 -2.0181660328016444 1.0000000180025095e-35 43.38255052265766 3.5000000000000004 63.238284685109541 1.0000000180025095e-35 0.011666666666666667 1.0000000180025095e-35 0.3378249985211248 7.3415218955774444 35.226477500277504 5.9723106872270373 2.5000000000000004 0.016616593219463714 -63.384087140400304 0.92674903060574831 14.000000000000002 110.74222448124239 -0.05027374106234641
decision_type=10 2 8 2 2 2 2 2 10 10 8 8 10 2 10 2 2 2 2 2 10 2 2 10 8 8 2 2 10
left_child=2 7 3 4 8 25 -7 12 11 14 16 21 17 -12 -10 18 26 -2 19 -9 24 -1 -5 -23 -21 28 -4 -26 -6
right_child=1 -3 10 22 5 6 -8 15 9 -11 13 -13 -14 -15 -16 -17 -18 -19 -20 20 -22 23 -24 -25 27 -27 -28 -29 -30
leaf_value=0 -1.1248390435034612 -18.783487398227535 0 -0.018987329544316534 0 -7.2327977851651335 0 0 -1.3925559071391267 0 0 0.0044443919170138822 0 -0.30599362913641209 0 -0.015913560573008575 0.058142275921563354 0 0 0 0 -0.32036640884784662 -0.063790775075608472 0 -0.40205281943386667 0 0.010369209115130281 0 -0.17631989980615942
leaf_weight=0.6093329398240831 2.9237054749168343 0.011760685298027762 4.0715463106225824 50.209715205296632 0.21542294479933799 0.2690679565268097 0.17658187815038018 1.3781686440567429 0.021324863840716898 0.28528111467386985 5.9302065850292616 14.055791015967706 0.167985439300537 0.78917166796283833 0.079542965291109338 4.6653427481433338 2882.6606131630865 0.19711547480140579 0.80713453960429715 0.25194764670665803 0.22205198840867102 0.94557023681440477 20.720409199644024 0.55969154876415317 1.7217961852313071 0.42001208074734453 18.071876525878906 0.0035199901210308795 2.8365168340196965
leaf_count=2413 4924 7519 163200 2164448 6314 2226 287 7572 2839 965 252964 405 83 128 45 838 79 76 57096 2770 5242 10175 3935 551 69091 4829 1 5204 43624
internal_value=0.0409964 -2.01523 0.0502356 -0.171889 -0.609845 -2.14002 -6.41816 -0.482558 -0.128422 -1.08182 0.0573369 -0.0283809 -1.05757 -0.0941743 -1.31517 -0.164287 0.0577894 -1.09362 -0.25214 -0.287434 -0.359453 -0.23596 -0.0355483 -0.27439 -0.379801 -0.161777 0.00285545 -0.401575 -0.171318
internal_weight=3015.28 12.3505 3002.93 91.4043 20.4741 3.9176 0.44565 12.3388 16.5565 0.386149 2911.52 16.1704 3.28881 6.71938 0.100868 9.04996 2904.8 3.12082 4.38462 3.57748 2.19932 2.11459 70.9301 1.50526 1.97726 3.47195 22.1434 1.72532 3.05194
internal_count=2819843 160415 2659428 2243056 74673 57280 2513 152896 17393 3849 416372 13544 5083 253092 2884 147813 163280 5000 146975 89879 82307 13139 2168383 10726 77065 54767 163201 74295 49938
is_linear=0
shrinkage=0.0217778


Tree=61
num_leaves=24
num_cat=0
split_feature=35 18 14 35 17 15 35 15 14 7 14 30 6 28 14 15 31 18 30 26 14 15 14
split_gain=165736 209551 44705.4 13927.5 16567.3 11279.2 4492.47 23131 23741.1 3477.7 2600.78 825.264 440.188 351.271 607.325 261.322 52.3665 44.0058 43.8488 41.161 13.76 4.579 1.97047
threshold=0.95947602022448952 2.5000000000000004 0.22500000000000003 0.6093419667900829 3.5000000000000004 0.45000000000000007 0.22845890705959396 0.45000000000000007 1.0000000180025095e-35 15.664721016494264 1.0000000180025095e-35 -2.2455663511273651 0.43454312927647654 1.0000000180025095e-35 1.0000000180025095e-35 0.32500000000000007 0.34396506020274137 3.5000000000000004 0.39841570176424673 0.011666666666666667 1.0000000180025095e-35 0.90000000000000013 1.0000000180025095e-35
decision_type=2 2 10 2 2 10 2 8 10 10 8 8 10 8 8 8 8 2 8 2 8 8 10
left_child=3 10 -3 6 12 -6 11 17 -9 -10 -2 19 15 14 -13 -5 20 -8 21 -1 -15 -18 -20
right_child=1 2 -4 4 5 -7 7 8 9 -11 -12 13 -14 16 -16 -17 18 -19 22 -21 -22 -23 -24
leaf_value=0 -0.019025283392272278 -0.011149807257909858 -9.1444941171014431 -0.028456403162847723 0 -4.03748301253321 -0.018076554509682839 0 -4.4876229247576456 0 -0.96951577004999234 0 -0.002520964115745772 0 -0.61151340305097335 -0.46054648692616046 0.020882074187825329 -0.067125452285598658 0 0.056084493496076804 -0.12151988507115345 0 -0.068276582320122209
leaf_weight=2.1852881986601451 3.6490031460230314 0.33645803410365349 1.2666615734715998 2.0043279781383259 0.51764754519353895 0.010844662869338939 45.800189769625021 1.49330012639238 0.16019322878901521 0.16038599798775977 1.7090815234494412 3.1018401348305176 2.8162450002439483 3.381581631613737 0.064291019171199948 6.484583979715584 228.90804272084952 21.001343788290427 1.9764322409405428 2922.9137084264371 0.004145531120773315 0.95047170441819062 0.46733416657238125
leaf_count=85500 7386 227 3305 266834 6897 319 1995915 113 469 13 229 130943 5276 145649 68 337 14556 3774 129726 467 29 21791 20
internal_value=0.0382956 -3.08533 -8.07396 0.0460762 -0.666983 -2.77391 0.0489676 -0.123274 -2.03316 -4.07905 -0.463839 0.0528052 -0.320672 0.0127413 -0.180044 -0.39363 0.0169619 -0.0371966 0.0189229 0.056004 -0.0458823 0.0206122 -0.0421482
internal_weight=3251.36 6.9612 1.60312 3244.4 11.8336 0.528492 3232.57 68.6154 1.81388 0.320579 5.35808 3163.95 11.3052 238.854 3.16613 8.48891 235.688 66.8015 232.302 2925.1 3.38573 229.859 2.44377
internal_count=2819843 11147 3532 2808696 279663 7216 2529033 2000284 595 482 7615 528749 272447 442782 131011 267171 311771 1999689 166093 85967 145678 36347 129746
is_linear=0
shrinkage=0.0217778


Tree=62
num_leaves=25
num_cat=0
split_feature=35 17 34 35 36 35 16 18 16 36 14 13 16 16 16 16 3 26 28 14 16 14 21 36
split_gain=156180 144184 240401 13351.5 21980.1 4399.26 32858.1 13991 2991.12 2171.36 1358.26 1349.17 966.984 745.123 410.844 690.682 241.842 151.33 133.184 199.441 94.2966 60.8568 60.3306 17.9088
threshold=0.95947602022448952 2.5000000000000004 21.371006942361422 0.6093419667900829 1.0000000180025095e-35 0.22845890705959396 0.2416666666666667 -1.0000000180025095e-35 0.38750000000000007 1.0000000180025095e-35 0.22500000000000003 7.2736049461964294 0.17261904761904764 0.85357142857142865 0.15625000000000003 0.21130952380952384 47.250251595332564 -0.0083333333333333315 0.77500000000000013 0.22500000000000003 0.16458333333333339 0.22500000000000003 0.55000000000000016 0.18839735286384743
decision_type=2 2 2 2 2 2 8 2 10 2 10 2 10 10 8 8 10 2 8 10 10 8 8 2
left_child=3 9 8 5 11 13 20 -8 -3 22 -10 -5 -13 16 -6 17 18 -16 19 -1 -7 -18 -2 -20
right_child=1 2 -4 4 14 6 7 -9 10 -11 -12 12 -14 -15 15 -17 21 -19 23 -21 -22 -23 -24 -25
leaf_value=0 -0.96864075872564592 -0.1550013073020958 -13.724371868482599 0 0 -0.016988134392003956 0 -4.2420409691293104 0 -0.0048799081913941467 -2.1308113928351022 0 -3.8252196080561913 0.05414483374796529 -0.22517474479629318 -0.11158345406193956 0 -0.8029237481721665 0.020267280437761319 -0.33046152162080383 -0.080486470529378254 -0.34363870892936477 0 0
leaf_weight=8.4286247087504158 0.9619164883566117 1.6528481041289493 0.25501116227313581 0.12490705400705338 1.9666236916670892 44.645330273979482 0.54209569905560218 0.21365362416381584 0.27081884443759907 3.6403468048039627 0.11354092083638534 0.032679631191787482 0.0026486284334659499 2957.71875 3.2436630171408769 5.4413277778818498 0.39761694088662025 1.3679360177295148 224.21879005431424 0.10595375791802197 22.18313235748073 0.0046769151231274 0.080964870750904194 3.3668253757023754
leaf_count=363138 4127 143 3229 20 278617 1999488 19 561 5 3461 171 274 408 17 78 122 8997 144 19 49 216 35 11 156494
internal_value=0.0370761 -2.99249 -6.4405 0.0445692 -0.644374 0.0474129 -0.124356 -3.00576 -1.04427 -0.384579 -1.80417 -3.44571 -3.71314 0.051149 -0.31264 -0.364051 0.0127869 -0.550214 0.0152404 -0.0596708 -0.041886 -0.25829 -0.942788 0.0191721
internal_weight=3280.98 6.97545 2.29222 3274.01 12.1798 3261.83 67.5842 0.755749 2.03721 4.68323 0.38436 0.160235 0.0353283 3194.24 12.0196 10.0529 236.522 4.6116 236.12 8.53458 66.8285 0.402294 1.04288 227.586
internal_count=2819843 11147 3548 2808696 279663 2529033 2000284 580 319 7599 176 702 682 528749 278961 344 528732 222 519700 363187 1999704 9032 4138 156513
is_linear=0
shrinkage=0.0217778


Tree=63
num_leaves=32
num_cat=0
split_feature=35 8 2 14 35 36 35 36 15 30 15 30 14 1 36 3 0 14 14 14 14 30 12 5 15 36 15 30 30 2 2
split_gain=157448 148579 85439 14798.5 13070.1 22173.4 4303.13 29635.4 5072.49 936.628 833.976 678.819 335.23 266.238 384.276 241.574 221.748 548.941 59.6443 47.215 33.1802 20.5576 11.9381 5.40993 3.18858 2.72444 1.68177 0.417225 0.499008 0.175222 0.12847
threshold=0.95947602022448952 1.0000000180025095e-35 67.581433926829391 0.22500000000000003 0.6093419667900829 1.0000000180025095e-35 0.22845890705959396 1.0000000180025095e-35 0.45000000000000007 68.668532967549268 0.45000000000000007 -2.2455663511273651 0.22500000000000003 114.72499268689124 0.30741644380064226 47.250251595332564 46.694989232501989 0.22500000000000003 0.22500000000000003 0.22500000000000003 0.90000000000000013 43.38255052265766 1.0000000180025095e-35 -0.80706081775302241 0.22500000000000003 0.37878461890542292 0.22500000000000003 -0.038429933189936753 48.283265328809314 55.510855945865195 111.09738423036769
decision_type=2 2 8 10 2 2 2 2 8 10 10 8 10 10 2 10 10 10 8 10 10 8 2 10 10 2 8 8 10 10 8
left_child=4 2 12 29 6 10 11 8 -8 -10 -6 20 -2 14 21 16 17 -13 -17 -9 -1 22 24 -18 -7 26 -16 -28 -29 -3 -31
right_child=1 3 -4 -5 5 13 7 19 9 -11 -12 15 -14 -15 25 18 23 -19 -20 -21 -22 -23 -24 -25 -26 -27 27 28 -30 30 -32
leaf_value=0 0 0 -12.017585372172334 -2.1287423218894679 0 0 0 -0.018982737063196264 -3.216171585160287 0 -3.5465711879802244 0 -0.80464012753617942 -0.022009917187001522 0 0 0 -0.52056994859874228 -0.3429967285889487 -0.069868068278368153 0.052491339799318713 0 0 0.020407213287031645 -0.48367603225293881 0 0 -0.092991517929512393 0 -0.062875362020522144 0
leaf_weight=2.2171914796745105 0.40574063056558607 0.088448820635676273 0.13183495797465117 2.4522858900962854 0.032720498728669625 0.0071116626706427813 0.32952076814504944 44.466510880466473 0.65355667949278884 0.084638357162475586 0.12492413719455935 8.9279332860647909 0.24207308706973407 2.8116698686736479 0.2670941227893362 0.38915163435586819 0.46153001121189063 0.13378817403371712 0.0065733165829442433 21.005424633476593 2987.4575195314951 0.048260972351353959 0.25049157743363704 220.04574224341741 5.5025277671125385 0.55311214792431895 0.68084186444086481 1.9306233822705081 0.05247648099357749 3.4347693733958304 0.059467038093491964
leaf_count=85965 50 6 4679 1087 315 14155 142 1996455 485 6 387 418294 107 3588 20901 8508 4659 55 40 3196 2 6278 928 11226 108706 26339 16485 78867 2714 4078 1140
internal_value=0.035791 -3.03701 -8.51134 -1.12373 0.0431848 -0.636365 0.0459869 -0.125246 -2.64802 -3.10086 -3.45291 0.049627 -0.634401 -0.306544 -0.36257 0.0123731 0.0148942 -0.0811928 -0.259291 -0.0391118 0.0524217 -0.470198 -0.473364 0.0200999 -0.483177 -0.0717355 -0.0786093 -0.0826707 -0.0917689 -0.0616181 -0.0623579
internal_weight=3305.26 6.81462 0.779649 6.03497 3298.44 12.2619 3286.18 66.5397 1.06772 0.738195 0.157645 3219.64 0.647814 12.1042 9.29254 229.965 229.569 9.06172 0.395725 65.4719 2989.67 5.80839 5.76013 220.507 5.50964 3.48415 2.93104 2.66394 1.9831 3.58269 3.49424
internal_count=2819843 11147 4836 6311 2808696 279663 2529033 2000284 633 491 702 528749 157 278961 275373 442782 434234 418349 8548 1999651 85967 130067 123789 15885 122861 145306 118967 98066 81581 5224 5218
is_linear=0
shrinkage=0.0217778


Tree=64
num_leaves=35
num_cat=1
split_feature=35 19 14 30 18 35 16 26 19 16 35 16 18 7 16 30 16 16 35 2 35 19 16 16 30 40 35 32 32 6 35 30 6 14
split_gain=162459 244829 61756.1 53455.7 15223.8 12835 8164.69 13860.9 12275.2 4770.03 3618.28 27788.8 4216.18 3204.84 620.44 619.781 461.02 184.465 182.523 73.1319 121.722 433.768 57.7561 36.4874 13.7206 8.84204 4.92172 1.69063 6.26068 1.46644 1.38329 0.968401 0.797756 0.284176
threshold=0.95947602022448952 3.5000000000000004 0.22500000000000003 -0.055957487846061742 2.5000000000000004 0.56761797688829885 0.2416666666666667 0.0083333333333333332 -1.0000000180025095e-35 0.3357142857142858 0.22845890705959396 0.2416666666666667 -1.4999999999999998 -25.043707117382475 0.15625000000000003 -2.2455663511273651 0.21130952380952384 0.60357142857142865 0.62353309956649672 47.102584650547662 0.088816000487689367 3.5000000000000004 0.12708333333333335 0.85357142857142865 16.870378485823498 0 0.15854280018023628 1.0000000180025095e-35 30.761812275638473 0.1667910926709569 0.22602430594414086 -1.6282521946474728 -0.20525070271555132 0.77500000000000013
decision_type=2 2 8 10 2 2 8 2 2 10 2 8 2 8 8 8 10 8 2 10 2 2 8 10 8 1 2 8 10 10 2 10 10 10
left_child=5 9 -3 -4 -5 10 14 8 -8 -2 15 22 -13 -10 -7 23 18 19 -16 20 33 -22 -12 -1 25 -19 -21 -24 -29 31 -28 -27 -33 -17
right_child=1 2 3 4 -6 6 7 -9 13 -11 11 12 -14 -15 16 17 -18 24 -20 26 21 -23 27 -25 -26 29 30 28 -30 -31 -32 32 -34 -35
leaf_value=0 -0.0039015423867854475 0 0 0 -12.901308411241144 0 0 0 -0.012796521591602938 -1.2625455240333661 -0.016571966012458514 0 -3.3383673491888279 -4.281660695410765 0 0 -0.0064349953015328297 0 -0.48907427927311614 0.020937433711220702 0 -0.45995490328676003 -0.045583043195985766 0.050924593548332737 0 0 -0.0071238906695247611 -0.16648333139878158 0 0 0.0064010925096215712 0 -0.19930109619020872 0.0095674607391692465
leaf_weight=2.2171914799068864 3.6232976675209025 0.2754684739844605 0.1941746623275708 0.055300172577420759 0.43480264689339343 3.951684600214084 0.64463981511835311 1.7984389913339505 0.19748511031502858 1.6988341455252136 40.990948320178838 0.20959113276941321 0.35836490283377431 0.13208625534578244 1.2413673176047666 0.27310314610344022 2.6033490746649823 0.15218322494165409 5.2390631730383372 185.30593466293431 8.0976357086021409 0.19378628735752634 18.497829747240417 3012.48046875 0.28573101870609097 0.015084240441236019 0.3582107837532903 1.5755921599933438 0.17229135199431778 0.023267561679284898 13.164807243577798 0.012262347983778343 1.0051192476504294 16.82111930847168
leaf_count=85966 8210 177 39 16 2443 385782 20 30 24 262 1890177 11 510 430 26 8359 70 4873 261 197 336145 59 1090 1 63097 341 5151 1424 92 870 214 309 23166 1
internal_value=0.0347032 -3.19798 -9.64601 -11.1485 -12.4876 0.0419148 -0.556287 -1.45888 -2.68476 -0.58073 0.0450175 -0.117823 -2.91607 -3.83002 -0.254048 0.0482217 -0.344413 0.0121865 -0.434081 0.0150217 -0.0152469 -0.0816134 -0.0389391 0.0508495 -0.165518 -0.183521 0.019926 -0.0719346 -0.158024 -0.195081 0 -0.196996 -0.19826 0.00909625
internal_weight=3324.3 6.28188 0.959746 0.684277 0.490103 3318.02 15.8081 2.77265 0.974211 5.32213 3302.21 61.8046 0.567956 0.329571 13.0355 3240.41 9.08378 225.708 6.48043 224.215 25.3856 8.29142 61.2367 3014.7 1.49365 1.20792 198.829 20.2457 1.74788 1.05573 13.523 1.03247 1.01738 17.0942
internal_count=2819843 11147 2675 2498 2459 2808696 386643 504 474 8472 2422053 1893304 521 454 386139 528749 357 442782 287 350126 344564 336204 1892783 85967 92656 29559 5562 2606 1516 24686 5365 23816 23475 8360
cat_boundaries=0 1
cat_threshold=2
is_linear=0
shrinkage=0.0217778


Tree=65
num_leaves=21
num_cat=1
split_feature=35 14 5 35 36 16 35 16 31 30 16 31 14 26 30 14 16 16 40 14
split_gain=172017 237966 55030.4 12282.7 35271.2 3563.03 3554.41 35211.7 1507.18 566.945 513.897 244.187 588.178 211.568 131.551 107.749 54.0544 35.1132 15.4739 1.91396
threshold=0.95947602022448952 0.22500000000000003 -5.8216632851235195 0.56761797688829885 1.0000000180025095e-35 0.19375000000000003 0.22845890705959396 0.2416666666666667 -0.033746220508378395 -2.2455663511273651 0.16458333333333339 0.23213536394922743 0.22500000000000003 0.0083333333333333332 0.45402966749404078 0.22500000000000003 0.12708333333333335 0.85357142857142865 0 0.22500000000000003
decision_type=2 10 10 2 2 10 2 8 10 8 10 8 10 2 8 10 8 10 1 10
left_child=3 -2 8 6 5 -5 9 16 -3 17 -6 12 -11 -12 18 -16 -8 -1 19 -13
right_child=1 2 -4 4 10 -7 7 -9 -10 11 13 14 -14 -15 15 -17 -18 -19 -20 -21
leaf_value=0 -0.063680113116716994 0 -11.81777820602079 0 0 -4.5530641585700611 -0.016487219688163451 -3.6600471311527398 -2.4069693959653828 0 -0.34176050023031307 0 -0.58054405830556333 0 0 -0.26343406094954502 -0.070796486308691495 0.049474418525476675 0 0.020828327164467215
leaf_weight=2.2171914799068864 4.1527453196729818 0.19417466232757052 0.41022153752273705 0.1082240201542594 3.9516846002140555 0.0076192741595910293 40.317274879165701 0.23161334258323663 1.042765475793342 5.2583152067760688 10.427155383184115 0.67982871825225188 0.014486047663503032 1.7984389933051641 3.2095066551515639 0.22293489942941125 20.246137460512955 3033.046875 0.90561945185350978 211.31234201217379
leaf_count=85966 7616 9 2942 297 385511 482 1890177 521 580 224379 330 21976 50 23 165449 40 2606 1 30873 15
internal_value=0.0335824 -3.40778 -8.41512 0.0407227 -0.536188 -4.17411 0.0437874 -0.118958 -2.23544 0.0469236 -0.240671 0.0120394 -0.11757 -0.305713 0.0166633 -0.0928736 -0.0387332 0.0494009 0.0198006 0.0206924
internal_weight=3339.76 5.79991 1.64716 3333.96 16.2931 0.115843 3317.66 60.795 1.23694 3256.87 16.1773 221.603 5.2728 12.2256 216.33 3.43244 60.5634 3035.26 212.898 211.992
internal_count=2819843 11147 3531 2808696 386643 779 2422053 1893304 589 528749 385864 442782 224429 353 218353 165489 1892783 85967 52864 21991
cat_boundaries=0 1
cat_threshold=4
is_linear=0
shrinkage=0.0217778


Tree=66
num_leaves=19
num_cat=0
split_feature=0 15 4 18 7 15 1 37 37 18 30 34 15 15 18 14 15 34
split_gain=106430 160795 15801.3 44223.4 10621.9 23320.7 6838.2 4928.16 41469.9 9394.76 8220.04 2949.92 394.802 350.289 230.641 68.9328 60.6833 10.8288
threshold=83.193501755114013 0.67500000000000016 8.3007532570417926 3.5000000000000004 -4.0025317492321077 0.45000000000000007 84.75559826845965 0.74004227637580711 1.0000000180025095e-35 -1.0000000180025095e-35 23.54603446528694 499.93611831597815 0.32500000000000007 0.45000000000000007 -1.0000000180025095e-35 0.22500000000000003 0.32500000000000007 297.49201910139169
decision_type=10 8 10 2 10 10 8 2 2 2 10 2 10 10 2 10 8 2
left_child=2 4 7 12 5 -2 -7 8 13 -10 -11 -3 -4 15 -14 -1 -6 -17
right_child=1 11 3 -5 16 6 -8 -9 9 10 -12 -13 14 -15 -16 17 -18 -19
leaf_value=-0.017699356646532632 -0.036040105821082025 -10.410915228368616 0 -4.770858996178406 0 0 -4.425734301706477 0.045957187437435043 0 -5.0283900714381637 0 0 -0.14584874823799499 -0.30179096099907943 -0.49230854014964776 -0.046328134532676542 -0.3682311829784386 -0.17083779318997511
leaf_weight=52.617001631918669 1.578355875700252 0.003850696735638758 2.4036235226255931 0.10025407486640503 0.25032567331105948 0.21264481492107729 0.37526829534414058 3256.9580422956337 0.34283351836771625 0.079003526450565797 0.25010888279825078 0.013120188058223903 5.8354468197450089 1.6911644654126963 3.5257754122172553 18.272242621644502 5.2320856435795351 1.608752739762944
leaf_count=2539626 40561 1269 183909 2494 43577 14 700 151 93 905 32 905 263 81 352 4379 499 33
internal_value=0.0325719 -2.36729 0.0388903 -0.719959 -1.06351 -2.08447 -3.88948 0.0418824 -0.130967 -3.45092 -4.24222 -10.2859 -0.27417 -0.0495064 -0.332308 -0.0366448 -0.355002 -0.0739747
internal_weight=3351.35 7.66565 3343.68 11.8651 7.64868 2.16627 0.587913 3331.82 74.8611 0.671946 0.329112 0.0169709 11.7648 74.1892 9.36122 72.498 5.48241 19.881
internal_count=2819843 87525 2732318 187018 85351 41275 714 2545300 2545149 1030 937 2174 184524 2544119 615 2544038 44076 4412
is_linear=0
shrinkage=0.0217778


end of trees

feature_importances:
inbound_occupancy_mean_5m=148
prop_starved_5m=103
cycle_time_mean_5m=87
sensor_latest_value_dev=76
inbound_growth_1m=75
sensor_mean_dev_5m=75
inbound_occupancy_ratio=74
prop_processing_5m=66
inbound_occupancy_max_5m=62
sensor_std_5m=52
cycle_time_mean_3m=51
sensor_time_since_available=50
inbound_growth_3m=46
inbound_growth_5m=45
arrival_rate_trend=41
last_cycle_time=38
cycle_time_mean_1m=38
cycle_time_slope_5m=35
cycle_time_std_5m=31
cycle_time_dev_relative=26
cycle_time_dev_from_baseline=21
completions_5m=21
prop_blocked_5m=20
arrivals_5m=15
completions_3m=12
time_since_last_microstop=12
arrival_minus_departure_5m=12
outbound_occupancy_ratio=8
outbound_growth_3m=7
mix_ev_5m=7
mix_ice_suv_5m=6
arrivals_3m=5
sensor_maturity=5
completions_1m=3
mix_ice_sedan_5m=3
microstop_duration_5m=2
prop_down_5m=2
station_type=1

parameters:
[boosting: gbdt]
[objective: binary]
[metric: custom]
[tree_learner: serial]
[device_type: cpu]
[data_sample_strategy: bagging]
[data: ]
[valid: ]
[num_iterations: 500]
[learning_rate: 0.0217778]
[num_leaves: 71]
[num_threads: 0]
[seed: 20240002]
[deterministic: 0]
[force_col_wise: 0]
[force_row_wise: 0]
[histogram_pool_size: -1]
[max_depth: -1]
[min_data_in_leaf: 50]
[min_sum_hessian_in_leaf: 0.001]
[bagging_fraction: 0.515815]
[pos_bagging_fraction: 1]
[neg_bagging_fraction: 1]
[bagging_freq: 0]
[bagging_seed: 6687]
[bagging_by_query: 0]
[feature_fraction: 0.518833]
[feature_fraction_bynode: 1]
[feature_fraction_seed: 21443]
[extra_trees: 0]
[extra_seed: 17765]
[early_stopping_round: 0]
[early_stopping_min_delta: 0]
[first_metric_only: 0]
[max_delta_step: 0]
[lambda_l1: 8.98269]
[lambda_l2: 1.07348]
[linear_lambda: 0]
[min_gain_to_split: 0]
[drop_rate: 0.1]
[max_drop: 50]
[skip_drop: 0.5]
[xgboost_dart_mode: 0]
[uniform_drop: 0]
[drop_seed: 26322]
[top_rate: 0.2]
[other_rate: 0.1]
[min_data_per_group: 100]
[max_cat_threshold: 32]
[cat_l2: 10]
[cat_smooth: 10]
[max_cat_to_onehot: 4]
[top_k: 20]
[monotone_constraints: ]
[monotone_constraints_method: basic]
[monotone_penalty: 0]
[feature_contri: ]
[forcedsplits_filename: ]
[refit_decay_rate: 0.9]
[cegb_tradeoff: 1]
[cegb_penalty_split: 0]
[cegb_penalty_feature_lazy: ]
[cegb_penalty_feature_coupled: ]
[path_smooth: 0]
[interaction_constraints: ]
[verbosity: -1]
[saved_feature_importance_type: 0]
[use_quantized_grad: 0]
[num_grad_quant_bins: 4]
[quant_train_renew_leaf: 0]
[stochastic_rounding: 1]
[linear_tree: 0]
[max_bin: 255]
[max_bin_by_feature: ]
[min_data_in_bin: 3]
[bin_construct_sample_cnt: 200000]
[data_random_seed: 2312]
[is_enable_sparse: 1]
[enable_bundle: 1]
[use_missing: 1]
[zero_as_missing: 0]
[feature_pre_filter: 1]
[pre_partition: 0]
[two_round: 0]
[header: 0]
[label_column: ]
[weight_column: ]
[group_column: ]
[ignore_column: ]
[categorical_feature: 39,40,41]
[forcedbins_filename: ]
[precise_float_parser: 0]
[parser_config_file: ]
[objective_seed: 23302]
[num_class: 1]
[is_unbalance: 0]
[scale_pos_weight: 12312.7]
[sigmoid: 1]
[boost_from_average: 1]
[reg_sqrt: 0]
[alpha: 0.9]
[fair_c: 1]
[poisson_max_delta_step: 0.7]
[tweedie_variance_power: 1.5]
[lambdarank_truncation_level: 30]
[lambdarank_norm: 1]
[label_gain: ]
[lambdarank_position_bias_regularization: 0]
[eval_at: ]
[multi_error_top_k: 1]
[auc_mu_weights: ]
[num_machines: 1]
[local_listen_port: 12400]
[time_out: 120]
[machine_list_filename: ]
[machines: ]
[gpu_platform_id: -1]
[gpu_device_id: -1]
[gpu_device_id_list: ]
[gpu_use_dp: 0]
[num_gpu: 1]

end of parameters

pandas_categorical:[["ADHESIVE_SEALING", "CURING_ENVIRONMENTAL", "DIMENSIONAL_INSPECTION", "FLUID_FILL_FUNCTIONAL", "INSPECTION_EOL_TESTING", "MANUAL_ASSEMBLY", "PAINT_COATING", "ROBOTIC_HANDLING_ASSEMBLY", "TORQUE_FASTENING", "WELDING_BODY_JOINING"], ["partial", "poor", "rich"], ["body_joining", "final_assembly", "inspection_eol", "paint_surface"]]
