event_id,timestamp_ms,event_type,station_id,unit_id,queue_length_after,previous_state,new_state,cycle_time_ms,dark_zone_id
EV000001,0,PROCESSING_STARTED,S01,U000001,0,IDLE,PROCESSING,37811.0,
EV000002,37811,PROCESSING_COMPLETED,S01,U000001,0,PROCESSING,,37811.0,
EV000003,37811,UNIT_ARRIVED,S02,U000001,1,,,,
EV000004,37811,PROCESSING_STARTED,S02,U000001,0,IDLE,PROCESSING,37273.0,
EV000005,37811,PROCESSING_STARTED,S01,U000002,0,IDLE,PROCESSING,33102.0,
EV000006,70913,PROCESSING_COMPLETED,S01,U000002,0,PROCESSING,,33102.0,
EV000007,70913,UNIT_ARRIVED,S02,U000002,1,,,,
EV000008,70913,PROCESSING_STARTED,S01,U000003,0,IDLE,PROCESSING,39571.0,
EV000009,75084,PROCESSING_COMPLETED,S02,U000001,1,PROCESSING,,37273.0,
EV000010,75084,UNIT_ARRIVED,S03,U000001,1,,,,
EV000011,75084,PROCESSING_STARTED,S03,U000001,0,IDLE,PROCESSING,41387.0,
EV000012,75084,PROCESSING_STARTED,S02,U000002,0,IDLE,PROCESSING,38150.0,
EV000013,110484,PROCESSING_COMPLETED,S01,U000003,0,PROCESSING,,39571.0,
EV000014,110484,UNIT_ARRIVED,S02,U000003,1,,,,
EV000015,110484,PROCESSING_STARTED,S01,U000004,0,IDLE,PROCESSING,35659.0,
EV000016,113234,PROCESSING_COMPLETED,S02,U000002,1,PROCESSING,,38150.0,
EV000017,113234,UNIT_ARRIVED,S03,U000002,1,,,,
EV000018,113234,PROCESSING_STARTED,S02,U000003,0,IDLE,PROCESSING,37817.0,
EV000019,116471,PROCESSING_COMPLETED,S03,U000001,1,PROCESSING,,41387.0,
EV000020,116471,UNIT_ARRIVED,S04,U000001,1,,,,
EV000021,116471,PROCESSING_STARTED,S04,U000001,0,IDLE,PROCESSING,36734.0,
EV000022,116471,PROCESSING_STARTED,S03,U000002,0,IDLE,PROCESSING,41108.0,
EV000023,146143,PROCESSING_COMPLETED,S01,U000004,0,PROCESSING,,35659.0,
EV000024,146143,UNIT_ARRIVED,S02,U000004,1,,,,
EV000025,146143,PROCESSING_STARTED,S01,U000005,0,IDLE,PROCESSING,41094.0,
EV000026,151051,PROCESSING_COMPLETED,S02,U000003,1,PROCESSING,,37817.0,
EV000027,151051,UNIT_ARRIVED,S03,U000003,1,,,,
EV000028,151051,PROCESSING_STARTED,S02,U000004,0,IDLE,PROCESSING,34194.0,
EV000029,153205,PROCESSING_COMPLETED,S04,U000001,0,PROCESSING,,36734.0,
EV000030,153205,UNIT_ARRIVED,S05,U000001,1,,,,
EV000031,153205,PROCESSING_STARTED,S05,U000001,0,IDLE,PROCESSING,37266.0,
EV000032,157579,PROCESSING_COMPLETED,S03,U000002,1,PROCESSING,,41108.0,
EV000033,157579,UNIT_ARRIVED,S04,U000002,1,,,,
EV000034,157579,PROCESSING_STARTED,S04,U000002,0,STARVED,PROCESSING,35467.0,
EV000035,157579,PROCESSING_STARTED,S03,U000003,0,IDLE,PROCESSING,31696.0,
EV000036,185245,PROCESSING_COMPLETED,S02,U000004,0,PROCESSING,,34194.0,
EV000037,185245,UNIT_ARRIVED,S03,U000004,1,,,,
EV000038,187237,PROCESSING_COMPLETED,S01,U000005,0,PROCESSING,,41094.0,
EV000039,187237,UNIT_ARRIVED,S02,U000005,1,,,,
EV000040,187237,PROCESSING_STARTED,S02,U000005,0,STARVED,PROCESSING,30876.0,
EV000041,187237,PROCESSING_STARTED,S01,U000006,0,IDLE,PROCESSING,34383.0,
EV000042,189275,PROCESSING_COMPLETED,S03,U000003,1,PROCESSING,,31696.0,
EV000043,189275,UNIT_ARRIVED,S04,U000003,1,,,,
EV000044,189275,PROCESSING_STARTED,S03,U000004,0,IDLE,PROCESSING,36255.0,
EV000045,190471,PROCESSING_COMPLETED,S05,U000001,0,PROCESSING,,37266.0,
EV000046,190471,UNIT_ARRIVED,S06,U000001,1,,,,
EV000047,190471,PROCESSING_STARTED,S06,U000001,0,IDLE,PROCESSING,37629.0,
EV000048,193046,PROCESSING_COMPLETED,S04,U000002,1,PROCESSING,,35467.0,
EV000049,193046,UNIT_ARRIVED,S05,U000002,1,,,,
EV000050,193046,PROCESSING_STARTED,S05,U000002,0,STARVED,PROCESSING,41283.0,
EV000051,193046,PROCESSING_STARTED,S04,U000003,0,IDLE,PROCESSING,38994.0,
EV000052,218113,PROCESSING_COMPLETED,S02,U000005,0,PROCESSING,,30876.0,
EV000053,218113,UNIT_ARRIVED,S03,U000005,1,,,,
EV000054,221620,PROCESSING_COMPLETED,S01,U000006,0,PROCESSING,,34383.0,
EV000055,221620,UNIT_ARRIVED,S02,U000006,1,,,,
EV000056,221620,PROCESSING_STARTED,S02,U000006,0,STARVED,PROCESSING,30934.0,
EV000057,221620,PROCESSING_STARTED,S01,U000007,0,IDLE,PROCESSING,40949.0,
EV000058,225530,PROCESSING_COMPLETED,S03,U000004,1,PROCESSING,,36255.0,
EV000059,225530,UNIT_ARRIVED,S04,U000004,1,,,,
EV000060,225530,PROCESSING_STARTED,S03,U000005,0,IDLE,PROCESSING,41290.0,
EV000061,228100,PROCESSING_COMPLETED,S06,U000001,0,PROCESSING,,37629.0,
EV000062,228100,UNIT_ARRIVED,S07,U000001,1,,,,
EV000063,228100,PROCESSING_STARTED,S07,U000001,0,IDLE,PROCESSING,45678.0,
EV000064,232040,PROCESSING_COMPLETED,S04,U000003,1,PROCESSING,,38994.0,
EV000065,232040,UNIT_ARRIVED,S05,U000003,1,,,,
EV000066,232040,PROCESSING_STARTED,S04,U000004,0,IDLE,PROCESSING,39415.0,
EV000067,234329,PROCESSING_COMPLETED,S05,U000002,1,PROCESSING,,41283.0,
EV000068,234329,UNIT_ARRIVED,S06,U000002,1,,,,
EV000069,234329,PROCESSING_STARTED,S06,U000002,0,STARVED,PROCESSING,38128.0,
EV000070,234329,PROCESSING_STARTED,S05,U000003,0,IDLE,PROCESSING,35092.0,
EV000071,252554,PROCESSING_COMPLETED,S02,U000006,0,PROCESSING,,30934.0,
EV000072,252554,UNIT_ARRIVED,S03,U000006,1,,,,
EV000073,262569,PROCESSING_COMPLETED,S01,U000007,0,PROCESSING,,40949.0,
EV000074,262569,UNIT_ARRIVED,S02,U000007,1,,,,
EV000075,262569,PROCESSING_STARTED,S02,U000007,0,STARVED,PROCESSING,30333.0,
EV000076,262569,PROCESSING_STARTED,S01,U000008,0,IDLE,PROCESSING,36878.0,
EV000077,266820,PROCESSING_COMPLETED,S03,U000005,1,PROCESSING,,41290.0,
EV000078,266820,UNIT_ARRIVED,S04,U000005,1,,,,
EV000079,266820,PROCESSING_STARTED,S03,U000006,0,IDLE,PROCESSING,36267.0,
EV000080,269421,PROCESSING_COMPLETED,S05,U000003,0,PROCESSING,,35092.0,
EV000081,269421,UNIT_ARRIVED,S06,U000003,1,,,,
EV000082,271455,PROCESSING_COMPLETED,S04,U000004,1,PROCESSING,,39415.0,
EV000083,271455,UNIT_ARRIVED,S05,U000004,1,,,,
EV000084,271455,PROCESSING_STARTED,S05,U000004,0,STARVED,PROCESSING,40486.0,
EV000085,271455,PROCESSING_STARTED,S04,U000005,0,IDLE,PROCESSING,36100.0,
EV000086,272457,PROCESSING_COMPLETED,S06,U000002,1,PROCESSING,,38128.0,
EV000087,272457,UNIT_ARRIVED,S07,U000002,1,,,,
EV000088,272457,PROCESSING_STARTED,S06,U000003,0,IDLE,PROCESSING,37410.0,
EV000089,273778,PROCESSING_COMPLETED,S07,U000001,1,PROCESSING,,45678.0,
EV000090,273778,UNIT_ARRIVED,S08,U000001,1,,,,
EV000091,273778,PROCESSING_STARTED,S08,U000001,0,IDLE,PROCESSING,52989.0,
EV000092,273778,PROCESSING_STARTED,S07,U000002,0,IDLE,PROCESSING,37136.0,
EV000093,292902,PROCESSING_COMPLETED,S02,U000007,0,PROCESSING,,30333.0,
EV000094,292902,UNIT_ARRIVED,S03,U000007,1,,,,
EV000095,299447,PROCESSING_COMPLETED,S01,U000008,0,PROCESSING,,36878.0,
EV000096,299447,UNIT_ARRIVED,S02,U000008,1,,,,
EV000097,299447,PROCESSING_STARTED,S02,U000008,0,STARVED,PROCESSING,35889.0,
EV000098,299447,PROCESSING_STARTED,S01,U000009,0,IDLE,PROCESSING,38438.0,
EV000099,303087,PROCESSING_COMPLETED,S03,U000006,1,PROCESSING,,36267.0,
EV000100,303087,UNIT_ARRIVED,S04,U000006,1,,,,
EV000101,303087,PROCESSING_STARTED,S03,U000007,0,IDLE,PROCESSING,39574.0,
EV000102,307555,PROCESSING_COMPLETED,S04,U000005,1,PROCESSING,,36100.0,
EV000103,307555,UNIT_ARRIVED,S05,U000005,1,,,,
EV000104,307555,PROCESSING_STARTED,S04,U000006,0,IDLE,PROCESSING,34601.0,
EV000105,309867,PROCESSING_COMPLETED,S06,U000003,0,PROCESSING,,37410.0,
EV000106,309867,UNIT_ARRIVED,S07,U000003,1,,,,
EV000107,310914,PROCESSING_COMPLETED,S07,U000002,1,PROCESSING,,37136.0,
EV000108,310914,UNIT_ARRIVED,S08,U000002,1,,,,
EV000109,310914,PROCESSING_STARTED,S07,U000003,0,IDLE,PROCESSING,43206.0,
EV000110,311941,PROCESSING_COMPLETED,S05,U000004,1,PROCESSING,,40486.0,
EV000111,311941,UNIT_ARRIVED,S06,U000004,1,,,,
EV000112,311941,PROCESSING_STARTED,S06,U000004,0,STARVED,PROCESSING,26306.0,
EV000113,311941,PROCESSING_STARTED,S05,U000005,0,IDLE,PROCESSING,37437.0,
EV000114,326767,PROCESSING_COMPLETED,S08,U000001,1,PROCESSING,,52989.0,
EV000115,326767,UNIT_ARRIVED,S09,U000001,1,,,,
EV000116,326767,PROCESSING_STARTED,S09,U000001,0,IDLE,PROCESSING,36764.0,
EV000117,326767,PROCESSING_STARTED,S08,U000002,0,IDLE,PROCESSING,65262.0,
EV000118,335336,PROCESSING_COMPLETED,S02,U000008,0,PROCESSING,,35889.0,
EV000119,335336,UNIT_ARRIVED,S03,U000008,1,,,,
EV000120,337885,PROCESSING_COMPLETED,S01,U000009,0,PROCESSING,,38438.0,
EV000121,337885,UNIT_ARRIVED,S02,U000009,1,,,,
EV000122,337885,PROCESSING_STARTED,S02,U000009,0,STARVED,PROCESSING,37727.0,
EV000123,337885,PROCESSING_STARTED,S01,U000010,0,IDLE,PROCESSING,32277.0,
EV000124,338247,PROCESSING_COMPLETED,S06,U000004,0,PROCESSING,,26306.0,
EV000125,338247,UNIT_ARRIVED,S07,U000004,1,,,,
EV000126,342156,PROCESSING_COMPLETED,S04,U000006,0,PROCESSING,,34601.0,
EV000127,342156,UNIT_ARRIVED,S05,U000006,1,,,,
EV000128,342661,PROCESSING_COMPLETED,S03,U000007,1,PROCESSING,,39574.0,
EV000129,342661,UNIT_ARRIVED,S04,U000007,1,,,,
EV000130,342661,PROCESSING_STARTED,S04,U000007,0,STARVED,PROCESSING,33888.0,
EV000131,342661,PROCESSING_STARTED,S03,U000008,0,IDLE,PROCESSING,32473.0,
EV000132,349378,PROCESSING_COMPLETED,S05,U000005,1,PROCESSING,,37437.0,
EV000133,349378,UNIT_ARRIVED,S06,U000005,1,,,,
EV000134,349378,PROCESSING_STARTED,S06,U000005,0,STARVED,PROCESSING,27296.0,
EV000135,349378,PROCESSING_STARTED,S05,U000006,0,IDLE,PROCESSING,35840.0,
EV000136,354120,PROCESSING_COMPLETED,S07,U000003,1,PROCESSING,,43206.0,
EV000137,354120,UNIT_ARRIVED,S08,U000003,1,,,,
EV000138,354120,PROCESSING_STARTED,S07,U000004,0,IDLE,PROCESSING,37320.0,
EV000139,363531,PROCESSING_COMPLETED,S09,U000001,0,PROCESSING,,36764.0,
EV000140,363531,UNIT_ARRIVED,S10,U000001,1,,,,
EV000141,363531,PROCESSING_STARTED,S10,U000001,0,IDLE,PROCESSING,50448.0,
EV000142,370162,PROCESSING_COMPLETED,S01,U000010,0,PROCESSING,,32277.0,
EV000143,370162,UNIT_ARRIVED,S02,U000010,1,,,,
EV000144,370162,PROCESSING_STARTED,S01,U000011,0,IDLE,PROCESSING,35893.0,
EV000145,375134,PROCESSING_COMPLETED,S03,U000008,0,PROCESSING,,32473.0,
EV000146,375134,UNIT_ARRIVED,S04,U000008,1,,,,
EV000147,375612,PROCESSING_COMPLETED,S02,U000009,1,PROCESSING,,37727.0,
EV000148,375612,UNIT_ARRIVED,S03,U000009,1,,,,
EV000149,375612,PROCESSING_STARTED,S03,U000009,0,STARVED,PROCESSING,44348.0,
EV000150,375612,PROCESSING_STARTED,S02,U000010,0,IDLE,PROCESSING,32802.0,
EV000151,376549,PROCESSING_COMPLETED,S04,U000007,1,PROCESSING,,33888.0,
EV000152,376549,UNIT_ARRIVED,S05,U000007,1,,,,
EV000153,376549,PROCESSING_STARTED,S04,U000008,0,IDLE,PROCESSING,40829.0,
EV000154,376674,PROCESSING_COMPLETED,S06,U000005,0,PROCESSING,,27296.0,
EV000155,376674,UNIT_ARRIVED,S07,U000005,1,,,,
EV000156,385218,PROCESSING_COMPLETED,S05,U000006,1,PROCESSING,,35840.0,
EV000157,385218,UNIT_ARRIVED,S06,U000006,1,,,,
EV000158,385218,PROCESSING_STARTED,S06,U000006,0,STARVED,PROCESSING,34453.0,
EV000159,385218,PROCESSING_STARTED,S05,U000007,0,IDLE,PROCESSING,37995.0,
EV000160,391440,PROCESSING_COMPLETED,S07,U000004,1,PROCESSING,,37320.0,
EV000161,391440,UNIT_ARRIVED,S08,U000004,2,,,,
EV000162,391440,PROCESSING_STARTED,S07,U000005,0,IDLE,PROCESSING,39014.0,
EV000163,392029,PROCESSING_COMPLETED,S08,U000002,2,PROCESSING,,65262.0,
EV000164,392029,UNIT_ARRIVED,S09,U000002,1,,,,
EV000165,392029,PROCESSING_STARTED,S09,U000002,0,STARVED,PROCESSING,39264.0,
EV000166,392029,PROCESSING_STARTED,S08,U000003,1,IDLE,PROCESSING,55167.0,
EV000167,406055,PROCESSING_COMPLETED,S01,U000011,0,PROCESSING,,35893.0,
EV000168,406055,UNIT_ARRIVED,S02,U000011,1,,,,
EV000169,406055,PROCESSING_STARTED,S01,U000012,0,IDLE,PROCESSING,38993.0,
EV000170,408414,PROCESSING_COMPLETED,S02,U000010,1,PROCESSING,,32802.0,
EV000171,408414,UNIT_ARRIVED,S03,U000010,1,,,,
EV000172,408414,PROCESSING_STARTED,S02,U000011,0,IDLE,PROCESSING,37871.0,
EV000173,413979,PROCESSING_COMPLETED,S10,U000001,0,PROCESSING,,50448.0,
EV000174,413979,UNIT_ARRIVED,S11,U000001,1,,,,
EV000175,413979,PROCESSING_STARTED,S11,U000001,0,IDLE,PROCESSING,38107.0,
EV000176,417378,PROCESSING_COMPLETED,S04,U000008,0,PROCESSING,,40829.0,
EV000177,417378,UNIT_ARRIVED,S05,U000008,1,,,,
EV000178,419671,PROCESSING_COMPLETED,S06,U000006,0,PROCESSING,,34453.0,
EV000179,419671,UNIT_ARRIVED,S07,U000006,1,,,,
EV000180,419960,PROCESSING_COMPLETED,S03,U000009,1,PROCESSING,,44348.0,
EV000181,419960,UNIT_ARRIVED,S04,U000009,1,,,,
EV000182,419960,PROCESSING_STARTED,S04,U000009,0,STARVED,PROCESSING,38143.0,
EV000183,419960,PROCESSING_STARTED,S03,U000010,0,IDLE,PROCESSING,35506.0,
EV000184,423213,PROCESSING_COMPLETED,S05,U000007,1,PROCESSING,,37995.0,
EV000185,423213,UNIT_ARRIVED,S06,U000007,1,,,,
EV000186,423213,PROCESSING_STARTED,S06,U000007,0,STARVED,PROCESSING,36133.0,
EV000187,423213,PROCESSING_STARTED,S05,U000008,0,IDLE,PROCESSING,48701.0,
EV000188,430454,PROCESSING_COMPLETED,S07,U000005,1,PROCESSING,,39014.0,
EV000189,430454,UNIT_ARRIVED,S08,U000005,2,,,,
EV000190,430454,PROCESSING_STARTED,S07,U000006,0,IDLE,PROCESSING,42595.0,
EV000191,431293,PROCESSING_COMPLETED,S09,U000002,0,PROCESSING,,39264.0,
EV000192,431293,UNIT_ARRIVED,S10,U000002,1,,,,
EV000193,431293,PROCESSING_STARTED,S10,U000002,0,STARVED,PROCESSING,48800.0,
EV000194,445048,PROCESSING_COMPLETED,S01,U000012,0,PROCESSING,,38993.0,
EV000195,445048,UNIT_ARRIVED,S02,U000012,1,,,,
EV000196,445048,PROCESSING_STARTED,S01,U000013,0,IDLE,PROCESSING,38013.0,
EV000197,446285,PROCESSING_COMPLETED,S02,U000011,1,PROCESSING,,37871.0,
EV000198,446285,UNIT_ARRIVED,S03,U000011,1,,,,
EV000199,446285,PROCESSING_STARTED,S02,U000012,0,IDLE,PROCESSING,34602.0,
EV000200,447196,PROCESSING_COMPLETED,S08,U000003,2,PROCESSING,,55167.0,
EV000201,447196,UNIT_ARRIVED,S09,U000003,1,,,,
EV000202,447196,PROCESSING_STARTED,S09,U000003,0,STARVED,PROCESSING,34094.0,
EV000203,447196,PROCESSING_STARTED,S08,U000004,1,IDLE,PROCESSING,50954.0,
EV000204,452086,PROCESSING_COMPLETED,S11,U000001,0,PROCESSING,,38107.0,
EV000205,452086,UNIT_ARRIVED,S12,U000001,1,,,,
EV000206,452086,PROCESSING_STARTED,S12,U000001,0,IDLE,PROCESSING,44192.0,
EV000207,455466,PROCESSING_COMPLETED,S03,U000010,1,PROCESSING,,35506.0,
EV000208,455466,UNIT_ARRIVED,S04,U000010,1,,,,
EV000209,455466,PROCESSING_STARTED,S03,U000011,0,IDLE,PROCESSING,39854.0,
EV000210,458103,PROCESSING_COMPLETED,S04,U000009,1,PROCESSING,,38143.0,
EV000211,458103,UNIT_ARRIVED,S05,U000009,1,,,,
EV000212,458103,PROCESSING_STARTED,S04,U000010,0,IDLE,PROCESSING,35062.0,
EV000213,459346,PROCESSING_COMPLETED,S06,U000007,0,PROCESSING,,36133.0,
EV000214,459346,UNIT_ARRIVED,S07,U000007,1,,,,
EV000215,471914,PROCESSING_COMPLETED,S05,U000008,1,PROCESSING,,48701.0,
EV000216,471914,UNIT_ARRIVED,S06,U000008,1,,,,
EV000217,471914,PROCESSING_STARTED,S06,U000008,0,STARVED,PROCESSING,34008.0,
EV000218,471914,PROCESSING_STARTED,S05,U000009,0,IDLE,PROCESSING,37137.0,
EV000219,473049,PROCESSING_COMPLETED,S07,U000006,1,PROCESSING,,42595.0,
EV000220,473049,UNIT_ARRIVED,S08,U000006,2,,,,
EV000221,473049,PROCESSING_STARTED,S07,U000007,0,IDLE,PROCESSING,37515.0,
EV000222,480093,PROCESSING_COMPLETED,S10,U000002,0,PROCESSING,,48800.0,
EV000223,480093,UNIT_ARRIVED,S11,U000002,1,,,,
EV000224,480093,PROCESSING_STARTED,S11,U000002,0,STARVED,PROCESSING,28649.0,
EV000225,480887,PROCESSING_COMPLETED,S02,U000012,0,PROCESSING,,34602.0,
EV000226,480887,UNIT_ARRIVED,S03,U000012,1,,,,
EV000227,481290,PROCESSING_COMPLETED,S09,U000003,0,PROCESSING,,34094.0,
EV000228,481290,UNIT_ARRIVED,S10,U000003,1,,,,
EV000229,481290,PROCESSING_STARTED,S10,U000003,0,STARVED,PROCESSING,59020.0,
EV000230,483061,PROCESSING_COMPLETED,S01,U000013,0,PROCESSING,,38013.0,
EV000231,483061,UNIT_ARRIVED,S02,U000013,1,,,,
EV000232,483061,PROCESSING_STARTED,S02,U000013,0,STARVED,PROCESSING,33841.0,
EV000233,483061,PROCESSING_STARTED,S01,U000014,0,IDLE,PROCESSING,33000.0,
EV000234,493165,PROCESSING_COMPLETED,S04,U000010,0,PROCESSING,,35062.0,
EV000235,493165,UNIT_ARRIVED,S05,U000010,1,,,,
EV000236,495320,PROCESSING_COMPLETED,S03,U000011,1,PROCESSING,,39854.0,
EV000237,495320,UNIT_ARRIVED,S04,U000011,1,,,,
EV000238,495320,PROCESSING_STARTED,S04,U000011,0,STARVED,PROCESSING,45268.0,
EV000239,495320,PROCESSING_STARTED,S03,U000012,0,IDLE,PROCESSING,40641.0,
EV000240,496278,PROCESSING_COMPLETED,S12,U000001,0,PROCESSING,,44192.0,
EV000241,496278,UNIT_ARRIVED,S13,U000001,1,,,,
EV000242,496278,PROCESSING_STARTED,S13,U000001,0,IDLE,PROCESSING,42637.0,
EV000243,498150,PROCESSING_COMPLETED,S08,U000004,2,PROCESSING,,50954.0,
EV000244,498150,UNIT_ARRIVED,S09,U000004,1,,,,
EV000245,498150,PROCESSING_STARTED,S09,U000004,0,STARVED,PROCESSING,33479.0,
EV000246,498150,PROCESSING_STARTED,S08,U000005,1,IDLE,PROCESSING,43186.0,
EV000247,505922,PROCESSING_COMPLETED,S06,U000008,0,PROCESSING,,34008.0,
EV000248,505922,UNIT_ARRIVED,S07,U000008,1,,,,
EV000249,508742,PROCESSING_COMPLETED,S11,U000002,0,PROCESSING,,28649.0,
EV000250,508742,UNIT_ARRIVED,S12,U000002,1,,,,
EV000251,508742,PROCESSING_STARTED,S12,U000002,0,STARVED,PROCESSING,37977.0,
EV000252,509051,PROCESSING_COMPLETED,S05,U000009,1,PROCESSING,,37137.0,
EV000253,509051,UNIT_ARRIVED,S06,U000009,1,,,,
EV000254,509051,PROCESSING_STARTED,S06,U000009,0,STARVED,PROCESSING,36200.0,
EV000255,509051,PROCESSING_STARTED,S05,U000010,0,IDLE,PROCESSING,37807.0,
EV000256,510564,PROCESSING_COMPLETED,S07,U000007,1,PROCESSING,,37515.0,
EV000257,510564,UNIT_ARRIVED,S08,U000007,2,,,,
EV000258,510564,PROCESSING_STARTED,S07,U000008,0,IDLE,PROCESSING,36152.0,
EV000259,516061,PROCESSING_COMPLETED,S01,U000014,0,PROCESSING,,33000.0,
EV000260,516061,UNIT_ARRIVED,S02,U000014,1,,,,
EV000261,516061,PROCESSING_STARTED,S01,U000015,0,IDLE,PROCESSING,34990.0,
EV000262,516902,PROCESSING_COMPLETED,S02,U000013,1,PROCESSING,,33841.0,
EV000263,516902,UNIT_ARRIVED,S03,U000013,1,,,,
EV000264,516902,PROCESSING_STARTED,S02,U000014,0,IDLE,PROCESSING,29656.0,
EV000265,531629,PROCESSING_COMPLETED,S09,U000004,0,PROCESSING,,33479.0,
EV000266,531629,UNIT_ARRIVED,S10,U000004,1,,,,
EV000267,535961,PROCESSING_COMPLETED,S03,U000012,1,PROCESSING,,40641.0,
EV000268,535961,UNIT_ARRIVED,S04,U000012,1,,,,
EV000269,535961,PROCESSING_STARTED,S03,U000013,0,IDLE,PROCESSING,38484.0,
EV000270,538915,PROCESSING_COMPLETED,S13,U000001,0,PROCESSING,,42637.0,
EV000271,538915,UNIT_ARRIVED,S14,U000001,1,,,,
EV000272,538915,PROCESSING_STARTED,S14,U000001,0,IDLE,PROCESSING,38814.0,
EV000273,540310,PROCESSING_COMPLETED,S10,U000003,1,PROCESSING,,59020.0,
EV000274,540310,UNIT_ARRIVED,S11,U000003,1,,,,
EV000275,540310,PROCESSING_STARTED,S11,U000003,0,STARVED,PROCESSING,38992.0,
EV000276,540310,PROCESSING_STARTED,S10,U000004,0,IDLE,PROCESSING,44633.0,
EV000277,540588,PROCESSING_COMPLETED,S04,U000011,1,PROCESSING,,45268.0,
EV000278,540588,UNIT_ARRIVED,S05,U000011,1,,,,
EV000279,540588,PROCESSING_STARTED,S04,U000012,0,IDLE,PROCESSING,43727.0,
EV000280,541336,PROCESSING_COMPLETED,S08,U000005,2,PROCESSING,,43186.0,
EV000281,541336,UNIT_ARRIVED,S09,U000005,1,,,,
EV000282,541336,PROCESSING_STARTED,S09,U000005,0,STARVED,PROCESSING,38917.0,
EV000283,541336,PROCESSING_STARTED,S08,U000006,1,IDLE,PROCESSING,46159.0,
EV000284,545251,PROCESSING_COMPLETED,S06,U000009,0,PROCESSING,,36200.0,
EV000285,545251,UNIT_ARRIVED,S07,U000009,1,,,,
EV000286,546558,PROCESSING_COMPLETED,S02,U000014,0,PROCESSING,,29656.0,
EV000287,546558,UNIT_ARRIVED,S03,U000014,1,,,,
EV000288,546716,PROCESSING_COMPLETED,S07,U000008,1,PROCESSING,,36152.0,
EV000289,546716,UNIT_ARRIVED,S08,U000008,2,,,,
EV000290,546716,PROCESSING_STARTED,S07,U000009,0,IDLE,PROCESSING,34888.0,
EV000291,546719,PROCESSING_COMPLETED,S12,U000002,0,PROCESSING,,37977.0,
EV000292,546719,UNIT_ARRIVED,S13,U000002,1,,,,
EV000293,546719,PROCESSING_STARTED,S13,U000002,0,STARVED,PROCESSING,48507.0,
EV000294,546858,PROCESSING_COMPLETED,S05,U000010,1,PROCESSING,,37807.0,
EV000295,546858,UNIT_ARRIVED,S06,U000010,1,,,,
EV000296,546858,PROCESSING_STARTED,S06,U000010,0,STARVED,PROCESSING,27023.0,
EV000297,546858,PROCESSING_STARTED,S05,U000011,0,IDLE,PROCESSING,42690.0,
EV000298,551051,PROCESSING_COMPLETED,S01,U000015,0,PROCESSING,,34990.0,
EV000299,551051,UNIT_ARRIVED,S02,U000015,1,,,,
EV000300,551051,PROCESSING_STARTED,S02,U000015,0,STARVED,PROCESSING,40417.0,
EV000301,551051,PROCESSING_STARTED,S01,U000016,0,IDLE,PROCESSING,29980.0,
EV000302,573881,PROCESSING_COMPLETED,S06,U000010,0,PROCESSING,,27023.0,
EV000303,573881,UNIT_ARRIVED,S07,U000010,1,,,,
EV000304,574445,PROCESSING_COMPLETED,S03,U000013,1,PROCESSING,,38484.0,
EV000305,574445,UNIT_ARRIVED,S04,U000013,1,,,,
EV000306,574445,PROCESSING_STARTED,S03,U000014,0,IDLE,PROCESSING,35007.0,
EV000307,577729,PROCESSING_COMPLETED,S14,U000001,0,PROCESSING,,38814.0,
EV000308,577729,UNIT_ARRIVED,S15,U000001,1,,,,
EV000309,577729,PROCESSING_STARTED,S15,U000001,0,IDLE,PROCESSING,41347.0,
EV000310,579302,PROCESSING_COMPLETED,S11,U000003,0,PROCESSING,,38992.0,
EV000311,579302,UNIT_ARRIVED,S12,U000003,1,,,,
EV000312,579302,PROCESSING_STARTED,S12,U000003,0,STARVED,PROCESSING,44205.0,
EV000313,580253,PROCESSING_COMPLETED,S09,U000005,0,PROCESSING,,38917.0,
EV000314,580253,UNIT_ARRIVED,S10,U000005,1,,,,
EV000315,581031,PROCESSING_COMPLETED,S01,U000016,0,PROCESSING,,29980.0,
EV000316,581031,UNIT_ARRIVED,S02,U000016,1,,,,
EV000317,581031,PROCESSING_STARTED,S01,U000017,0,IDLE,PROCESSING,33036.0,
EV000318,581604,PROCESSING_COMPLETED,S07,U000009,1,PROCESSING,,34888.0,
EV000319,581604,UNIT_ARRIVED,S08,U000009,3,,,,
EV000320,581604,PROCESSING_STARTED,S07,U000010,0,IDLE,PROCESSING,35674.0,
EV000321,584315,PROCESSING_COMPLETED,S04,U000012,1,PROCESSING,,43727.0,
EV000322,584315,UNIT_ARRIVED,S05,U000012,1,,,,
EV000323,584315,PROCESSING_STARTED,S04,U000013,0,IDLE,PROCESSING,36655.0,
EV000324,584943,PROCESSING_COMPLETED,S10,U000004,1,PROCESSING,,44633.0,
EV000325,584943,UNIT_ARRIVED,S11,U000004,1,,,,
EV000326,584943,PROCESSING_STARTED,S11,U000004,0,STARVED,PROCESSING,39348.0,
EV000327,584943,PROCESSING_STARTED,S10,U000005,0,IDLE,PROCESSING,46112.0,
EV000328,587495,PROCESSING_COMPLETED,S08,U000006,3,PROCESSING,,46159.0,
EV000329,587495,UNIT_ARRIVED,S09,U000006,1,,,,
EV000330,587495,PROCESSING_STARTED,S09,U000006,0,STARVED,PROCESSING,31959.0,
EV000331,587495,PROCESSING_STARTED,S08,U000007,2,IDLE,PROCESSING,35530.0,
EV000332,589548,PROCESSING_COMPLETED,S05,U000011,1,PROCESSING,,42690.0,
EV000333,589548,UNIT_ARRIVED,S06,U000011,1,,,,
EV000334,589548,PROCESSING_STARTED,S06,U000011,0,STARVED,PROCESSING,30826.0,
EV000335,589548,PROCESSING_STARTED,S05,U000012,0,IDLE,PROCESSING,37797.0,
EV000336,591468,PROCESSING_COMPLETED,S02,U000015,1,PROCESSING,,40417.0,
EV000337,591468,UNIT_ARRIVED,S03,U000015,1,,,,
EV000338,591468,PROCESSING_STARTED,S02,U000016,0,IDLE,PROCESSING,33219.0,
EV000339,595226,PROCESSING_COMPLETED,S13,U000002,0,PROCESSING,,48507.0,
EV000340,595226,UNIT_ARRIVED,S14,U000002,1,,,,
EV000341,595226,PROCESSING_STARTED,S14,U000002,0,STARVED,PROCESSING,39809.0,
EV000342,609452,PROCESSING_COMPLETED,S03,U000014,1,PROCESSING,,35007.0,
EV000343,609452,UNIT_ARRIVED,S04,U000014,1,,,,
EV000344,609452,PROCESSING_STARTED,S03,U000015,0,IDLE,PROCESSING,32459.0,
EV000345,614067,PROCESSING_COMPLETED,S01,U000017,0,PROCESSING,,33036.0,
EV000346,614067,UNIT_ARRIVED,S02,U000017,1,,,,
EV000347,614067,PROCESSING_STARTED,S01,U000018,0,IDLE,PROCESSING,40349.0,
EV000348,617278,PROCESSING_COMPLETED,S07,U000010,0,PROCESSING,,35674.0,
EV000349,617278,UNIT_ARRIVED,S08,U000010,3,,,,
EV000350,619076,PROCESSING_COMPLETED,S15,U000001,0,PROCESSING,,41347.0,
EV000351,619076,UNIT_ARRIVED,S16,U000001,1,,,,
EV000352,619076,PROCESSING_STARTED,S16,U000001,0,IDLE,PROCESSING,42435.0,
EV000353,619454,PROCESSING_COMPLETED,S09,U000006,0,PROCESSING,,31959.0,
EV000354,619454,UNIT_ARRIVED,S10,U000006,1,,,,
EV000355,620374,PROCESSING_COMPLETED,S06,U000011,0,PROCESSING,,30826.0,
EV000356,620374,UNIT_ARRIVED,S07,U000011,1,,,,
EV000357,620374,PROCESSING_STARTED,S07,U000011,0,STARVED,PROCESSING,34733.0,
EV000358,620970,PROCESSING_COMPLETED,S04,U000013,1,PROCESSING,,36655.0,
EV000359,620970,UNIT_ARRIVED,S05,U000013,1,,,,
EV000360,620970,PROCESSING_STARTED,S04,U000014,0,IDLE,PROCESSING,33100.0,
EV000361,623025,PROCESSING_COMPLETED,S08,U000007,3,PROCESSING,,35530.0,
EV000362,623025,UNIT_ARRIVED,S09,U000007,1,,,,
EV000363,623025,PROCESSING_STARTED,S09,U000007,0,STARVED,PROCESSING,36578.0,
EV000364,623025,PROCESSING_STARTED,S08,U000008,2,IDLE,PROCESSING,44707.0,
EV000365,623507,PROCESSING_COMPLETED,S12,U000003,0,PROCESSING,,44205.0,
EV000366,623507,UNIT_ARRIVED,S13,U000003,1,,,,
EV000367,623507,PROCESSING_STARTED,S13,U000003,0,STARVED,PROCESSING,69737.0,
EV000368,624291,PROCESSING_COMPLETED,S11,U000004,0,PROCESSING,,39348.0,
EV000369,624291,UNIT_ARRIVED,S12,U000004,1,,,,
EV000370,624291,PROCESSING_STARTED,S12,U000004,0,STARVED,PROCESSING,45915.0,
EV000371,624687,PROCESSING_COMPLETED,S02,U000016,1,PROCESSING,,33219.0,
EV000372,624687,UNIT_ARRIVED,S03,U000016,1,,,,
EV000373,624687,PROCESSING_STARTED,S02,U000017,0,IDLE,PROCESSING,36818.0,
EV000374,627345,PROCESSING_COMPLETED,S05,U000012,1,PROCESSING,,37797.0,
EV000375,627345,UNIT_ARRIVED,S06,U000012,1,,,,
EV000376,627345,PROCESSING_STARTED,S06,U000012,0,STARVED,PROCESSING,31947.0,
EV000377,627345,PROCESSING_STARTED,S05,U000013,0,IDLE,PROCESSING,42817.0,
EV000378,631055,PROCESSING_COMPLETED,S10,U000005,1,PROCESSING,,46112.0,
EV000379,631055,UNIT_ARRIVED,S11,U000005,1,,,,
EV000380,631055,PROCESSING_STARTED,S11,U000005,0,STARVED,PROCESSING,34993.0,
EV000381,631055,PROCESSING_STARTED,S10,U000006,0,IDLE,PROCESSING,38132.0,
EV000382,635035,PROCESSING_COMPLETED,S14,U000002,0,PROCESSING,,39809.0,
EV000383,635035,UNIT_ARRIVED,S15,U000002,1,,,,
EV000384,635035,PROCESSING_STARTED,S15,U000002,0,STARVED,PROCESSING,40039.0,
EV000385,641911,PROCESSING_COMPLETED,S03,U000015,1,PROCESSING,,32459.0,
EV000386,641911,UNIT_ARRIVED,S04,U000015,1,,,,
EV000387,641911,PROCESSING_STARTED,S03,U000016,0,IDLE,PROCESSING,35383.0,
EV000388,654070,PROCESSING_COMPLETED,S04,U000014,1,PROCESSING,,33100.0,
EV000389,654070,UNIT_ARRIVED,S05,U000014,1,,,,
EV000390,654070,PROCESSING_STARTED,S04,U000015,0,IDLE,PROCESSING,34767.0,
EV000391,654416,PROCESSING_COMPLETED,S01,U000018,0,PROCESSING,,40349.0,
EV000392,654416,UNIT_ARRIVED,S02,U000018,1,,,,
EV000393,654416,PROCESSING_STARTED,S01,U000019,0,IDLE,PROCESSING,37133.0,
EV000394,655107,PROCESSING_COMPLETED,S07,U000011,0,PROCESSING,,34733.0,
EV000395,655107,UNIT_ARRIVED,S08,U000011,3,,,,
EV000396,659292,PROCESSING_COMPLETED,S06,U000012,0,PROCESSING,,31947.0,
EV000397,659292,UNIT_ARRIVED,S07,U000012,1,,,,
EV000398,659292,PROCESSING_STARTED,S07,U000012,0,STARVED,PROCESSING,43662.0,
EV000399,659603,PROCESSING_COMPLETED,S09,U000007,0,PROCESSING,,36578.0,
EV000400,659603,UNIT_ARRIVED,S10,U000007,1,,,,
EV000401,661505,PROCESSING_COMPLETED,S02,U000017,1,PROCESSING,,36818.0,
EV000402,661505,UNIT_ARRIVED,S03,U000017,1,,,,
EV000403,661505,PROCESSING_STARTED,S02,U000018,0,IDLE,PROCESSING,34979.0,
EV000404,661511,PROCESSING_COMPLETED,S16,U000001,0,PROCESSING,,42435.0,
EV000405,661511,UNIT_ARRIVED,S17,U000001,1,,,,
EV000406,661511,PROCESSING_STARTED,S17,U000001,0,IDLE,PROCESSING,51994.0,
EV000407,666048,PROCESSING_COMPLETED,S11,U000005,0,PROCESSING,,34993.0,
EV000408,666048,UNIT_ARRIVED,S12,U000005,1,,,,
EV000409,667732,PROCESSING_COMPLETED,S08,U000008,3,PROCESSING,,44707.0,
EV000410,667732,UNIT_ARRIVED,S09,U000008,1,,,,
EV000411,667732,PROCESSING_STARTED,S09,U000008,0,STARVED,PROCESSING,32612.0,
EV000412,667732,PROCESSING_STARTED,S08,U000009,2,IDLE,PROCESSING,46120.0,
EV000413,669187,PROCESSING_COMPLETED,S10,U000006,1,PROCESSING,,38132.0,
EV000414,669187,UNIT_ARRIVED,S11,U000006,1,,,,
EV000415,669187,PROCESSING_STARTED,S11,U000006,0,STARVED,PROCESSING,34395.0,
EV000416,669187,PROCESSING_STARTED,S10,U000007,0,IDLE,PROCESSING,53849.0,
EV000417,670162,PROCESSING_COMPLETED,S05,U000013,1,PROCESSING,,42817.0,
EV000418,670162,UNIT_ARRIVED,S06,U000013,1,,,,
EV000419,670162,PROCESSING_STARTED,S06,U000013,0,STARVED,PROCESSING,37052.0,
EV000420,670162,PROCESSING_STARTED,S05,U000014,0,IDLE,PROCESSING,31359.0,
EV000421,670206,PROCESSING_COMPLETED,S12,U000004,1,PROCESSING,,45915.0,
EV000422,670206,UNIT_ARRIVED,S13,U000004,1,,,,
EV000423,670206,PROCESSING_STARTED,S12,U000005,0,IDLE,PROCESSING,32687.0,
EV000424,675074,PROCESSING_COMPLETED,S15,U000002,0,PROCESSING,,40039.0,
EV000425,675074,UNIT_ARRIVED,S16,U000002,1,,,,
EV000426,675074,PROCESSING_STARTED,S16,U000002,0,STARVED,PROCESSING,33083.0,
EV000427,677294,PROCESSING_COMPLETED,S03,U000016,1,PROCESSING,,35383.0,
EV000428,677294,UNIT_ARRIVED,S04,U000016,1,,,,
EV000429,677294,PROCESSING_STARTED,S03,U000017,0,IDLE,PROCESSING,45763.0,
EV000430,688837,PROCESSING_COMPLETED,S04,U000015,1,PROCESSING,,34767.0,
EV000431,688837,UNIT_ARRIVED,S05,U000015,1,,,,
EV000432,688837,PROCESSING_STARTED,S04,U000016,0,IDLE,PROCESSING,37070.0,
EV000433,691549,PROCESSING_COMPLETED,S01,U000019,0,PROCESSING,,37133.0,
EV000434,691549,UNIT_ARRIVED,S02,U000019,1,,,,
EV000435,691549,PROCESSING_STARTED,S01,U000020,0,IDLE,PROCESSING,37049.0,
EV000436,693244,PROCESSING_COMPLETED,S13,U000003,1,PROCESSING,,69737.0,
EV000437,693244,UNIT_ARRIVED,S14,U000003,1,,,,
EV000438,693244,PROCESSING_STARTED,S14,U000003,0,STARVED,PROCESSING,54675.0,
EV000439,693244,PROCESSING_STARTED,S13,U000004,0,IDLE,PROCESSING,42458.0,
EV000440,696484,PROCESSING_COMPLETED,S02,U000018,1,PROCESSING,,34979.0,
EV000441,696484,UNIT_ARRIVED,S03,U000018,1,,,,
EV000442,696484,PROCESSING_STARTED,S02,U000019,0,IDLE,PROCESSING,33697.0,
EV000443,700344,PROCESSING_COMPLETED,S09,U000008,0,PROCESSING,,32612.0,
EV000444,700344,UNIT_ARRIVED,S10,U000008,1,,,,
EV000445,701521,PROCESSING_COMPLETED,S05,U000014,1,PROCESSING,,31359.0,
EV000446,701521,UNIT_ARRIVED,S06,U000014,1,,,,
EV000447,701521,PROCESSING_STARTED,S05,U000015,0,IDLE,PROCESSING,35077.0,
EV000448,702893,PROCESSING_COMPLETED,S12,U000005,0,PROCESSING,,32687.0,
EV000449,702893,UNIT_ARRIVED,S13,U000005,1,,,,
EV000450,702954,PROCESSING_COMPLETED,S07,U000012,0,PROCESSING,,43662.0,
EV000451,702954,UNIT_ARRIVED,S08,U000012,3,,,,
EV000452,703582,PROCESSING_COMPLETED,S11,U000006,0,PROCESSING,,34395.0,
EV000453,703582,UNIT_ARRIVED,S12,U000006,1,,,,
EV000454,703582,PROCESSING_STARTED,S12,U000006,0,STARVED,PROCESSING,46718.0,
EV000455,707214,PROCESSING_COMPLETED,S06,U000013,1,PROCESSING,,37052.0,
EV000456,707214,UNIT_ARRIVED,S07,U000013,1,,,,
EV000457,707214,PROCESSING_STARTED,S07,U000013,0,STARVED,PROCESSING,40161.0,
EV000458,707214,PROCESSING_STARTED,S06,U000014,0,IDLE,PROCESSING,36475.0,
EV000459,708157,PROCESSING_COMPLETED,S16,U000002,0,PROCESSING,,33083.0,
EV000460,708157,UNIT_ARRIVED,S17,U000002,1,,,,
EV000461,713505,PROCESSING_COMPLETED,S17,U000001,1,PROCESSING,,51994.0,
EV000462,713505,UNIT_ARRIVED,S18,U000001,1,,,,
EV000463,713505,PROCESSING_STARTED,S18,U000001,0,IDLE,PROCESSING,57008.0,
EV000464,713505,PROCESSING_STARTED,S17,U000002,0,IDLE,PROCESSING,50456.0,
EV000465,713852,PROCESSING_COMPLETED,S08,U000009,3,PROCESSING,,46120.0,
EV000466,713852,UNIT_ARRIVED,S09,U000009,1,,,,
EV000467,713852,PROCESSING_STARTED,S09,U000009,0,STARVED,PROCESSING,33305.0,
EV000468,713852,PROCESSING_STARTED,S08,U000010,2,IDLE,PROCESSING,49903.0,
EV000469,723036,PROCESSING_COMPLETED,S10,U000007,1,PROCESSING,,53849.0,
EV000470,723036,UNIT_ARRIVED,S11,U000007,1,,,,
EV000471,723036,PROCESSING_STARTED,S11,U000007,0,STARVED,PROCESSING,29564.0,
EV000472,723036,PROCESSING_STARTED,S10,U000008,0,IDLE,PROCESSING,49071.0,
EV000473,723057,PROCESSING_COMPLETED,S03,U000017,1,PROCESSING,,45763.0,
EV000474,723057,UNIT_ARRIVED,S04,U000017,1,,,,
EV000475,723057,PROCESSING_STARTED,S03,U000018,0,IDLE,PROCESSING,40796.0,
EV000476,725907,PROCESSING_COMPLETED,S04,U000016,1,PROCESSING,,37070.0,
EV000477,725907,UNIT_ARRIVED,S05,U000016,1,,,,
EV000478,725907,PROCESSING_STARTED,S04,U000017,0,IDLE,PROCESSING,40627.0,
EV000479,728598,PROCESSING_COMPLETED,S01,U000020,0,PROCESSING,,37049.0,
EV000480,728598,UNIT_ARRIVED,S02,U000020,1,,,,
EV000481,728598,PROCESSING_STARTED,S01,U000021,0,IDLE,PROCESSING,33935.0,
EV000482,730181,PROCESSING_COMPLETED,S02,U000019,1,PROCESSING,,33697.0,
EV000483,730181,UNIT_ARRIVED,S03,U000019,1,,,,
EV000484,730181,PROCESSING_STARTED,S02,U000020,0,IDLE,PROCESSING,35002.0,
EV000485,735702,PROCESSING_COMPLETED,S13,U000004,1,PROCESSING,,42458.0,
EV000486,735702,UNIT_ARRIVED,S14,U000004,1,,,,
EV000487,735702,PROCESSING_STARTED,S13,U000005,0,IDLE,PROCESSING,45883.0,
EV000488,736598,PROCESSING_COMPLETED,S05,U000015,1,PROCESSING,,35077.0,
EV000489,736598,UNIT_ARRIVED,S06,U000015,1,,,,
EV000490,736598,PROCESSING_STARTED,S05,U000016,0,IDLE,PROCESSING,36625.0,
EV000491,743689,PROCESSING_COMPLETED,S06,U000014,1,PROCESSING,,36475.0,
EV000492,743689,UNIT_ARRIVED,S07,U000014,1,,,,
EV000493,743689,PROCESSING_STARTED,S06,U000015,0,IDLE,PROCESSING,32612.0,
EV000494,747157,PROCESSING_COMPLETED,S09,U000009,0,PROCESSING,,33305.0,
EV000495,747157,UNIT_ARRIVED,S10,U000009,1,,,,
EV000496,747375,PROCESSING_COMPLETED,S07,U000013,1,PROCESSING,,40161.0,
EV000497,747375,UNIT_ARRIVED,S08,U000013,3,,,,
EV000498,747375,PROCESSING_STARTED,S07,U000014,0,IDLE,PROCESSING,40255.0,
EV000499,747919,PROCESSING_COMPLETED,S14,U000003,1,PROCESSING,,54675.0,
EV000500,747919,UNIT_ARRIVED,S15,U000003,1,,,,
EV000501,747919,PROCESSING_STARTED,S15,U000003,0,STARVED,PROCESSING,33676.0,
EV000502,747919,PROCESSING_STARTED,S14,U000004,0,IDLE,PROCESSING,38148.0,
EV000503,750300,PROCESSING_COMPLETED,S12,U000006,0,PROCESSING,,46718.0,
EV000504,750300,UNIT_ARRIVED,S13,U000006,1,,,,
EV000505,752600,PROCESSING_COMPLETED,S11,U000007,0,PROCESSING,,29564.0,
EV000506,752600,UNIT_ARRIVED,S12,U000007,1,,,,
EV000507,752600,PROCESSING_STARTED,S12,U000007,0,STARVED,PROCESSING,43389.0,
EV000508,762533,PROCESSING_COMPLETED,S01,U000021,0,PROCESSING,,33935.0,
EV000509,762533,UNIT_ARRIVED,S02,U000021,1,,,,
EV000510,762533,PROCESSING_STARTED,S01,U000022,0,IDLE,PROCESSING,32543.0,
EV000511,763755,PROCESSING_COMPLETED,S08,U000010,3,PROCESSING,,49903.0,
EV000512,763755,UNIT_ARRIVED,S09,U000010,1,,,,
EV000513,763755,PROCESSING_STARTED,S09,U000010,0,STARVED,PROCESSING,33154.0,
EV000514,763755,PROCESSING_STARTED,S08,U000011,2,IDLE,PROCESSING,55215.0,
EV000515,763853,PROCESSING_COMPLETED,S03,U000018,1,PROCESSING,,40796.0,
EV000516,763853,UNIT_ARRIVED,S04,U000018,1,,,,
EV000517,763853,PROCESSING_STARTED,S03,U000019,0,IDLE,PROCESSING,32518.0,
EV000518,763961,PROCESSING_COMPLETED,S17,U000002,0,PROCESSING,,50456.0,
EV000519,763961,UNIT_ARRIVED,S18,U000002,1,,,,
EV000520,765183,PROCESSING_COMPLETED,S02,U000020,1,PROCESSING,,35002.0,
EV000521,765183,UNIT_ARRIVED,S03,U000020,1,,,,
EV000522,765183,PROCESSING_STARTED,S02,U000021,0,IDLE,PROCESSING,27754.0,
EV000523,766534,PROCESSING_COMPLETED,S04,U000017,1,PROCESSING,,40627.0,
EV000524,766534,UNIT_ARRIVED,S05,U000017,1,,,,
EV000525,766534,PROCESSING_STARTED,S04,U000018,0,IDLE,PROCESSING,33108.0,
EV000526,770513,PROCESSING_COMPLETED,S18,U000001,1,PROCESSING,,57008.0,
EV000527,770513,UNIT_ARRIVED,S19,U000001,1,,,,
EV000528,770513,PROCESSING_STARTED,S19,U000001,0,IDLE,PROCESSING,37995.0,
EV000529,770513,PROCESSING_STARTED,S18,U000002,0,IDLE,PROCESSING,63987.0,
EV000530,772107,PROCESSING_COMPLETED,S10,U000008,1,PROCESSING,,49071.0,
EV000531,772107,UNIT_ARRIVED,S11,U000008,1,,,,
EV000532,772107,PROCESSING_STARTED,S11,U000008,0,STARVED,PROCESSING,36472.0,
EV000533,772107,PROCESSING_STARTED,S10,U000009,0,IDLE,PROCESSING,59395.0,
EV000534,773223,PROCESSING_COMPLETED,S05,U000016,1,PROCESSING,,36625.0,
EV000535,773223,UNIT_ARRIVED,S06,U000016,1,,,,
EV000536,773223,PROCESSING_STARTED,S05,U000017,0,IDLE,PROCESSING,43035.0,
EV000537,776301,PROCESSING_COMPLETED,S06,U000015,1,PROCESSING,,32612.0,
EV000538,776301,UNIT_ARRIVED,S07,U000015,1,,,,
EV000539,776301,PROCESSING_STARTED,S06,U000016,0,IDLE,PROCESSING,33383.0,
EV000540,781585,PROCESSING_COMPLETED,S13,U000005,1,PROCESSING,,45883.0,
EV000541,781585,UNIT_ARRIVED,S14,U000005,1,,,,
EV000542,781585,PROCESSING_STARTED,S13,U000006,0,IDLE,PROCESSING,61522.0,
EV000543,781595,PROCESSING_COMPLETED,S15,U000003,0,PROCESSING,,33676.0,
EV000544,781595,UNIT_ARRIVED,S16,U000003,1,,,,
EV000545,781595,PROCESSING_STARTED,S16,U000003,0,STARVED,PROCESSING,33495.0,
EV000546,786067,PROCESSING_COMPLETED,S14,U000004,1,PROCESSING,,38148.0,
EV000547,786067,UNIT_ARRIVED,S15,U000004,1,,,,
EV000548,786067,PROCESSING_STARTED,S15,U000004,0,STARVED,PROCESSING,43427.0,
EV000549,786067,PROCESSING_STARTED,S14,U000005,0,IDLE,PROCESSING,54193.0,
EV000550,787630,PROCESSING_COMPLETED,S07,U000014,1,PROCESSING,,40255.0,
EV000551,787630,UNIT_ARRIVED,S08,U000014,3,,,,
EV000552,787630,PROCESSING_STARTED,S07,U000015,0,IDLE,PROCESSING,43535.0,
EV000553,792937,PROCESSING_COMPLETED,S02,U000021,0,PROCESSING,,27754.0,
EV000554,792937,UNIT_ARRIVED,S03,U000021,2,,,,
EV000555,795076,PROCESSING_COMPLETED,S01,U000022,0,PROCESSING,,32543.0,
EV000556,795076,UNIT_ARRIVED,S02,U000022,1,,,,
EV000557,795076,PROCESSING_STARTED,S02,U000022,0,STARVED,PROCESSING,33303.0,
EV000558,795076,PROCESSING_STARTED,S01,U000023,0,IDLE,PROCESSING,39667.0,
EV000559,795989,PROCESSING_COMPLETED,S12,U000007,0,PROCESSING,,43389.0,
EV000560,795989,UNIT_ARRIVED,S13,U000007,1,,,,
EV000561,796371,PROCESSING_COMPLETED,S03,U000019,2,PROCESSING,,32518.0,
EV000562,796371,UNIT_ARRIVED,S04,U000019,1,,,,
EV000563,796371,PROCESSING_STARTED,S03,U000020,1,IDLE,PROCESSING,37416.0,
EV000564,796909,PROCESSING_COMPLETED,S09,U000010,0,PROCESSING,,33154.0,
EV000565,796909,UNIT_ARRIVED,S10,U000010,1,,,,
EV000566,799642,PROCESSING_COMPLETED,S04,U000018,1,PROCESSING,,33108.0,
EV000567,799642,UNIT_ARRIVED,S05,U000018,1,,,,
EV000568,799642,PROCESSING_STARTED,S04,U000019,0,IDLE,PROCESSING,39481.0,
EV000569,808508,PROCESSING_COMPLETED,S19,U000001,0,PROCESSING,,37995.0,
EV000570,808508,UNIT_ARRIVED,S20,U000001,1,,,,
EV000571,808508,PROCESSING_STARTED,S20,U000001,0,IDLE,PROCESSING,41869.0,
EV000572,808579,PROCESSING_COMPLETED,S11,U000008,0,PROCESSING,,36472.0,
EV000573,808579,UNIT_ARRIVED,S12,U000008,1,,,,
EV000574,808579,PROCESSING_STARTED,S12,U000008,0,STARVED,PROCESSING,30494.0,
EV000575,809684,PROCESSING_COMPLETED,S06,U000016,0,PROCESSING,,33383.0,
EV000576,809684,UNIT_ARRIVED,S07,U000016,1,,,,
EV000577,815090,PROCESSING_COMPLETED,S16,U000003,0,PROCESSING,,33495.0,
EV000578,815090,UNIT_ARRIVED,S17,U000003,1,,,,
EV000579,815090,PROCESSING_STARTED,S17,U000003,0,STARVED,PROCESSING,46052.0,
EV000580,816258,PROCESSING_COMPLETED,S05,U000017,1,PROCESSING,,43035.0,
EV000581,816258,UNIT_ARRIVED,S06,U000017,1,,,,
EV000582,816258,PROCESSING_STARTED,S06,U000017,0,STARVED,PROCESSING,40956.0,
EV000583,816258,PROCESSING_STARTED,S05,U000018,0,IDLE,PROCESSING,41689.0,
EV000584,818970,PROCESSING_COMPLETED,S08,U000011,3,PROCESSING,,55215.0,
EV000585,818970,UNIT_ARRIVED,S09,U000011,1,,,,
EV000586,818970,PROCESSING_STARTED,S09,U000011,0,STARVED,PROCESSING,41941.0,
EV000587,818970,PROCESSING_STARTED,S08,U000012,2,IDLE,PROCESSING,50034.0,
EV000588,828379,PROCESSING_COMPLETED,S02,U000022,0,PROCESSING,,33303.0,
EV000589,828379,UNIT_ARRIVED,S03,U000022,2,,,,
EV000590,829494,PROCESSING_COMPLETED,S15,U000004,0,PROCESSING,,43427.0,
EV000591,829494,UNIT_ARRIVED,S16,U000004,1,,,,
EV000592,829494,PROCESSING_STARTED,S16,U000004,0,STARVED,PROCESSING,39761.0,
EV000593,831165,PROCESSING_COMPLETED,S07,U000015,1,PROCESSING,,43535.0,
EV000594,831165,UNIT_ARRIVED,S08,U000015,3,,,,
EV000595,831165,PROCESSING_STARTED,S07,U000016,0,IDLE,PROCESSING,34244.0,
EV000596,831502,PROCESSING_COMPLETED,S10,U000009,1,PROCESSING,,59395.0,
EV000597,831502,UNIT_ARRIVED,S11,U000009,1,,,,
EV000598,831502,PROCESSING_STARTED,S11,U000009,0,STARVED,PROCESSING,31421.0,
EV000599,831502,PROCESSING_STARTED,S10,U000010,0,IDLE,PROCESSING,49642.0,
EV000600,833787,PROCESSING_COMPLETED,S03,U000020,2,PROCESSING,,37416.0,
EV000601,833787,UNIT_ARRIVED,S04,U000020,1,,,,
EV000602,833787,PROCESSING_STARTED,S03,U000021,1,IDLE,PROCESSING,35642.0,
EV000603,834500,PROCESSING_COMPLETED,S18,U000002,0,PROCESSING,,63987.0,
EV000604,834500,UNIT_ARRIVED,S19,U000002,1,,,,
EV000605,834500,PROCESSING_STARTED,S19,U000002,0,STARVED,PROCESSING,36873.0,
EV000606,834743,PROCESSING_COMPLETED,S01,U000023,0,PROCESSING,,39667.0,
EV000607,834743,UNIT_ARRIVED,S02,U000023,1,,,,
EV000608,834743,PROCESSING_STARTED,S02,U000023,0,STARVED,PROCESSING,36938.0,
EV000609,834743,PROCESSING_STARTED,S01,U000024,0,IDLE,PROCESSING,37809.0,
EV000610,839073,PROCESSING_COMPLETED,S12,U000008,0,PROCESSING,,30494.0,
EV000611,839073,UNIT_ARRIVED,S13,U000008,2,,,,
EV000612,839123,PROCESSING_COMPLETED,S04,U000019,1,PROCESSING,,39481.0,
EV000613,839123,UNIT_ARRIVED,S05,U000019,1,,,,
EV000614,839123,PROCESSING_STARTED,S04,U000020,0,IDLE,PROCESSING,36498.0,
EV000615,840260,PROCESSING_COMPLETED,S14,U000005,0,PROCESSING,,54193.0,
EV000616,840260,UNIT_ARRIVED,S15,U000005,1,,,,
EV000617,840260,PROCESSING_STARTED,S15,U000005,0,STARVED,PROCESSING,47388.0,
EV000618,843107,PROCESSING_COMPLETED,S13,U000006,2,PROCESSING,,61522.0,
EV000619,843107,UNIT_ARRIVED,S14,U000006,1,,,,
EV000620,843107,PROCESSING_STARTED,S14,U000006,0,STARVED,PROCESSING,44205.0,
EV000621,843107,PROCESSING_STARTED,S13,U000007,1,IDLE,PROCESSING,57760.0,
EV000622,850377,PROCESSING_COMPLETED,S20,U000001,0,PROCESSING,,41869.0,
EV000623,850377,UNIT_ARRIVED,S21,U000001,1,,,,
EV000624,850377,PROCESSING_STARTED,S21,U000001,0,IDLE,PROCESSING,52760.0,
EV000625,857214,PROCESSING_COMPLETED,S06,U000017,0,PROCESSING,,40956.0,
EV000626,857214,UNIT_ARRIVED,S07,U000017,1,,,,
EV000627,857947,PROCESSING_COMPLETED,S05,U000018,1,PROCESSING,,41689.0,
EV000628,857947,UNIT_ARRIVED,S06,U000018,1,,,,
EV000629,857947,PROCESSING_STARTED,S06,U000018,0,STARVED,PROCESSING,31919.0,
EV000630,857947,PROCESSING_STARTED,S05,U000019,0,IDLE,PROCESSING,38042.0,
EV000631,860911,PROCESSING_COMPLETED,S09,U000011,0,PROCESSING,,41941.0,
EV000632,860911,UNIT_ARRIVED,S10,U000011,1,,,,
EV000633,861142,PROCESSING_COMPLETED,S17,U000003,0,PROCESSING,,46052.0,
EV000634,861142,UNIT_ARRIVED,S18,U000003,1,,,,
EV000635,861142,PROCESSING_STARTED,S18,U000003,0,STARVED,PROCESSING,52385.0,
EV000636,862923,PROCESSING_COMPLETED,S11,U000009,0,PROCESSING,,31421.0,
EV000637,862923,UNIT_ARRIVED,S12,U000009,1,,,,
EV000638,862923,PROCESSING_STARTED,S12,U000009,0,STARVED,PROCESSING,37579.0,
EV000639,865409,PROCESSING_COMPLETED,S07,U000016,1,PROCESSING,,34244.0,
EV000640,865409,UNIT_ARRIVED,S08,U000016,4,,,,
EV000641,865409,PROCESSING_STARTED,S07,U000017,0,IDLE,PROCESSING,36448.0,
EV000642,869004,PROCESSING_COMPLETED,S08,U000012,4,PROCESSING,,50034.0,
EV000643,869004,UNIT_ARRIVED,S09,U000012,1,,,,
EV000644,869004,PROCESSING_STARTED,S09,U000012,0,STARVED,PROCESSING,42070.0,
EV000645,869004,PROCESSING_STARTED,S08,U000013,3,IDLE,PROCESSING,58719.0,
EV000646,869255,PROCESSING_COMPLETED,S16,U000004,0,PROCESSING,,39761.0,
EV000647,869255,UNIT_ARRIVED,S17,U000004,1,,,,
EV000648,869255,PROCESSING_STARTED,S17,U000004,0,STARVED,PROCESSING,57663.0,
EV000649,869429,PROCESSING_COMPLETED,S03,U000021,1,PROCESSING,,35642.0,
EV000650,869429,UNIT_ARRIVED,S04,U000021,1,,,,
EV000651,869429,PROCESSING_STARTED,S03,U000022,0,IDLE,PROCESSING,34745.0,
EV000652,871373,PROCESSING_COMPLETED,S19,U000002,0,PROCESSING,,36873.0,
EV000653,871373,UNIT_ARRIVED,S20,U000002,1,,,,
EV000654,871373,PROCESSING_STARTED,S20,U000002,0,STARVED,PROCESSING,46800.0,
EV000655,871681,PROCESSING_COMPLETED,S02,U000023,0,PROCESSING,,36938.0,
EV000656,871681,UNIT_ARRIVED,S03,U000023,1,,,,
EV000657,872552,PROCESSING_COMPLETED,S01,U000024,0,PROCESSING,,37809.0,
EV000658,872552,UNIT_ARRIVED,S02,U000024,1,,,,
EV000659,872552,PROCESSING_STARTED,S02,U000024,0,STARVED,PROCESSING,31135.0,
EV000660,872552,PROCESSING_STARTED,S01,U000025,0,IDLE,PROCESSING,38233.0,
EV000661,875621,PROCESSING_COMPLETED,S04,U000020,1,PROCESSING,,36498.0,
EV000662,875621,UNIT_ARRIVED,S05,U000020,1,,,,
EV000663,875621,PROCESSING_STARTED,S04,U000021,0,IDLE,PROCESSING,39549.0,
EV000664,881144,PROCESSING_COMPLETED,S10,U000010,1,PROCESSING,,49642.0,
EV000665,881144,UNIT_ARRIVED,S11,U000010,1,,,,
EV000666,881144,PROCESSING_STARTED,S11,U000010,0,STARVED,PROCESSING,31814.0,
EV000667,881144,PROCESSING_STARTED,S10,U000011,0,IDLE,PROCESSING,40312.0,
EV000668,887312,PROCESSING_COMPLETED,S14,U000006,0,PROCESSING,,44205.0,
EV000669,887312,UNIT_ARRIVED,S15,U000006,1,,,,
EV000670,887648,PROCESSING_COMPLETED,S15,U000005,1,PROCESSING,,47388.0,
EV000671,887648,UNIT_ARRIVED,S16,U000005,1,,,,
EV000672,887648,PROCESSING_STARTED,S16,U000005,0,STARVED,PROCESSING,33756.0,
EV000673,887648,PROCESSING_STARTED,S15,U000006,0,IDLE,PROCESSING,34622.0,
EV000674,889866,PROCESSING_COMPLETED,S06,U000018,0,PROCESSING,,31919.0,
EV000675,889866,UNIT_ARRIVED,S07,U000018,1,,,,
EV000676,895989,PROCESSING_COMPLETED,S05,U000019,1,PROCESSING,,38042.0,
EV000677,895989,UNIT_ARRIVED,S06,U000019,1,,,,
EV000678,895989,PROCESSING_STARTED,S06,U000019,0,STARVED,PROCESSING,32176.0,
EV000679,895989,PROCESSING_STARTED,S05,U000020,0,IDLE,PROCESSING,38031.0,
EV000680,900502,PROCESSING_COMPLETED,S12,U000009,0,PROCESSING,,37579.0,
EV000681,900502,UNIT_ARRIVED,S13,U000009,2,,,,
EV000682,900867,PROCESSING_COMPLETED,S13,U000007,2,PROCESSING,,57760.0,
EV000683,900867,UNIT_ARRIVED,S14,U000007,1,,,,
EV000684,900867,PROCESSING_STARTED,S14,U000007,0,STARVED,PROCESSING,30280.0,
EV000685,900867,PROCESSING_STARTED,S13,U000008,1,IDLE,PROCESSING,50624.0,
EV000686,901857,PROCESSING_COMPLETED,S07,U000017,1,PROCESSING,,36448.0,
EV000687,901857,UNIT_ARRIVED,S08,U000017,4,,,,
EV000688,901857,PROCESSING_STARTED,S07,U000018,0,IDLE,PROCESSING,46345.0,
EV000689,903137,PROCESSING_COMPLETED,S21,U000001,0,PROCESSING,,52760.0,
EV000690,903137,UNIT_ARRIVED,S22,U000001,1,,,,
EV000691,903137,PROCESSING_STARTED,S22,U000001,0,IDLE,PROCESSING,43328.0,
EV000692,903687,PROCESSING_COMPLETED,S02,U000024,0,PROCESSING,,31135.0,
EV000693,903687,UNIT_ARRIVED,S03,U000024,2,,,,
EV000694,904174,PROCESSING_COMPLETED,S03,U000022,2,PROCESSING,,34745.0,
EV000695,904174,UNIT_ARRIVED,S04,U000022,1,,,,
EV000696,904174,PROCESSING_STARTED,S03,U000023,1,IDLE,PROCESSING,31862.0,
EV000697,910785,PROCESSING_COMPLETED,S01,U000025,0,PROCESSING,,38233.0,
EV000698,910785,UNIT_ARRIVED,S02,U000025,1,,,,
EV000699,910785,PROCESSING_STARTED,S02,U000025,0,STARVED,PROCESSING,33820.0,
EV000700,910785,PROCESSING_STARTED,S01,U000026,0,IDLE,PROCESSING,36032.0,
EV000701,911074,PROCESSING_COMPLETED,S09,U000012,0,PROCESSING,,42070.0,
EV000702,911074,UNIT_ARRIVED,S10,U000012,1,,,,
EV000703,912958,PROCESSING_COMPLETED,S11,U000010,0,PROCESSING,,31814.0,
EV000704,912958,UNIT_ARRIVED,S12,U000010,1,,,,
EV000705,912958,PROCESSING_STARTED,S12,U000010,0,STARVED,PROCESSING,42719.0,
EV000706,913527,PROCESSING_COMPLETED,S18,U000003,0,PROCESSING,,52385.0,
EV000707,913527,UNIT_ARRIVED,S19,U000003,1,,,,
EV000708,913527,PROCESSING_STARTED,S19,U000003,0,STARVED,PROCESSING,38338.0,
EV000709,915170,PROCESSING_COMPLETED,S04,U000021,1,PROCESSING,,39549.0,
EV000710,915170,UNIT_ARRIVED,S05,U000021,1,,,,
EV000711,915170,PROCESSING_STARTED,S04,U000022,0,IDLE,PROCESSING,32649.0,
EV000712,918173,PROCESSING_COMPLETED,S20,U000002,0,PROCESSING,,46800.0,
EV000713,918173,UNIT_ARRIVED,S21,U000002,1,,,,
EV000714,918173,PROCESSING_STARTED,S21,U000002,0,STARVED,PROCESSING,53681.0,
EV000715,921404,PROCESSING_COMPLETED,S16,U000005,0,PROCESSING,,33756.0,
EV000716,921404,UNIT_ARRIVED,S17,U000005,1,,,,
EV000717,921456,PROCESSING_COMPLETED,S10,U000011,1,PROCESSING,,40312.0,
EV000718,921456,UNIT_ARRIVED,S11,U000011,1,,,,
EV000719,921456,PROCESSING_STARTED,S11,U000011,0,STARVED,PROCESSING,29477.0,
EV000720,921456,PROCESSING_STARTED,S10,U000012,0,IDLE,PROCESSING,43558.0,
EV000721,922270,PROCESSING_COMPLETED,S15,U000006,0,PROCESSING,,34622.0,
EV000722,922270,UNIT_ARRIVED,S16,U000006,1,,,,
EV000723,922270,PROCESSING_STARTED,S16,U000006,0,STARVED,PROCESSING,33991.0,
EV000724,926918,PROCESSING_COMPLETED,S17,U000004,1,PROCESSING,,57663.0,
EV000725,926918,UNIT_ARRIVED,S18,U000004,1,,,,
EV000726,926918,PROCESSING_STARTED,S18,U000004,0,STARVED,PROCESSING,54064.0,
EV000727,926918,PROCESSING_STARTED,S17,U000005,0,IDLE,PROCESSING,45265.0,
EV000728,927723,PROCESSING_COMPLETED,S08,U000013,4,PROCESSING,,58719.0,
EV000729,927723,UNIT_ARRIVED,S09,U000013,1,,,,
EV000730,927723,PROCESSING_STARTED,S09,U000013,0,STARVED,PROCESSING,39641.0,
EV000731,927723,PROCESSING_STARTED,S08,U000014,3,IDLE,PROCESSING,45762.0,
EV000732,928165,PROCESSING_COMPLETED,S06,U000019,0,PROCESSING,,32176.0,
EV000733,928165,UNIT_ARRIVED,S07,U000019,1,,,,
EV000734,931147,PROCESSING_COMPLETED,S14,U000007,0,PROCESSING,,30280.0,
EV000735,931147,UNIT_ARRIVED,S15,U000007,1,,,,
EV000736,931147,PROCESSING_STARTED,S15,U000007,0,STARVED,PROCESSING,35593.0,
EV000737,934020,PROCESSING_COMPLETED,S05,U000020,1,PROCESSING,,38031.0,
EV000738,934020,UNIT_ARRIVED,S06,U000020,1,,,,
EV000739,934020,PROCESSING_STARTED,S06,U000020,0,STARVED,PROCESSING,30718.0,
EV000740,934020,PROCESSING_STARTED,S05,U000021,0,IDLE,PROCESSING,42483.0,
EV000741,936036,PROCESSING_COMPLETED,S03,U000023,1,PROCESSING,,31862.0,
EV000742,936036,UNIT_ARRIVED,S04,U000023,1,,,,
EV000743,936036,PROCESSING_STARTED,S03,U000024,0,IDLE,PROCESSING,41067.0,
EV000744,944605,PROCESSING_COMPLETED,S02,U000025,0,PROCESSING,,33820.0,
EV000745,944605,UNIT_ARRIVED,S03,U000025,1,,,,
EV000746,946465,PROCESSING_COMPLETED,S22,U000001,0,PROCESSING,,43328.0,
EV000747,946465,UNIT_ARRIVED,S23,U000001,1,,,,
EV000748,946465,PROCESSING_STARTED,S23,U000001,0,IDLE,PROCESSING,38318.0,
EV000749,946817,PROCESSING_COMPLETED,S01,U000026,0,PROCESSING,,36032.0,
EV000750,946817,UNIT_ARRIVED,S02,U000026,1,,,,
EV000751,946817,PROCESSING_STARTED,S02,U000026,0,STARVED,PROCESSING,36813.0,
EV000752,946817,PROCESSING_STARTED,S01,U000027,0,IDLE,PROCESSING,32849.0,
EV000753,947819,PROCESSING_COMPLETED,S04,U000022,1,PROCESSING,,32649.0,
EV000754,947819,UNIT_ARRIVED,S05,U000022,1,,,,
EV000755,947819,PROCESSING_STARTED,S04,U000023,0,IDLE,PROCESSING,36827.0,
EV000756,948202,PROCESSING_COMPLETED,S07,U000018,1,PROCESSING,,46345.0,
EV000757,948202,UNIT_ARRIVED,S08,U000018,4,,,,
EV000758,948202,PROCESSING_STARTED,S07,U000019,0,IDLE,PROCESSING,33410.0,
EV000759,950933,PROCESSING_COMPLETED,S11,U000011,0,PROCESSING,,29477.0,
EV000760,950933,UNIT_ARRIVED,S12,U000011,1,,,,
EV000761,951491,PROCESSING_COMPLETED,S13,U000008,1,PROCESSING,,50624.0,
EV000762,951491,UNIT_ARRIVED,S14,U000008,1,,,,
EV000763,951491,PROCESSING_STARTED,S14,U000008,0,STARVED,PROCESSING,39365.0,
EV000764,951491,PROCESSING_STARTED,S13,U000009,0,IDLE,PROCESSING,81600.0,
EV000765,951865,PROCESSING_COMPLETED,S19,U000003,0,PROCESSING,,38338.0,
EV000766,951865,UNIT_ARRIVED,S20,U000003,1,,,,
EV000767,951865,PROCESSING_STARTED,S20,U000003,0,STARVED,PROCESSING,35697.0,
EV000768,955677,PROCESSING_COMPLETED,S12,U000010,1,PROCESSING,,42719.0,
EV000769,955677,UNIT_ARRIVED,S13,U000010,1,,,,
EV000770,955677,PROCESSING_STARTED,S12,U000011,0,IDLE,PROCESSING,38827.0,
EV000771,956261,PROCESSING_COMPLETED,S16,U000006,0,PROCESSING,,33991.0,
EV000772,956261,UNIT_ARRIVED,S17,U000006,1,,,,
EV000773,964738,PROCESSING_COMPLETED,S06,U000020,0,PROCESSING,,30718.0,
EV000774,964738,UNIT_ARRIVED,S07,U000020,1,,,,
EV000775,965014,PROCESSING_COMPLETED,S10,U000012,0,PROCESSING,,43558.0,
EV000776,965014,UNIT_ARRIVED,S11,U000012,1,,,,
EV000777,965014,PROCESSING_STARTED,S11,U000012,0,STARVED,PROCESSING,31073.0,
EV000778,966740,PROCESSING_COMPLETED,S15,U000007,0,PROCESSING,,35593.0,
EV000779,966740,UNIT_ARRIVED,S16,U000007,1,,,,
EV000780,966740,PROCESSING_STARTED,S16,U000007,0,STARVED,PROCESSING,37979.0,
EV000781,967364,PROCESSING_COMPLETED,S09,U000013,0,PROCESSING,,39641.0,
EV000782,967364,UNIT_ARRIVED,S10,U000013,1,,,,
EV000783,967364,PROCESSING_STARTED,S10,U000013,0,STARVED,PROCESSING,56045.0,
EV000784,971854,PROCESSING_COMPLETED,S21,U000002,0,PROCESSING,,53681.0,
EV000785,971854,UNIT_ARRIVED,S22,U000002,1,,,,
EV000786,971854,PROCESSING_STARTED,S22,U000002,0,STARVED,PROCESSING,39000.0,
EV000787,972183,PROCESSING_COMPLETED,S17,U000005,1,PROCESSING,,45265.0,
EV000788,972183,UNIT_ARRIVED,S18,U000005,1,,,,
EV000789,972183,PROCESSING_STARTED,S17,U000006,0,IDLE,PROCESSING,58106.0,
EV000790,973485,PROCESSING_COMPLETED,S08,U000014,4,PROCESSING,,45762.0,
EV000791,973485,UNIT_ARRIVED,S09,U000014,1,,,,
EV000792,973485,PROCESSING_STARTED,S09,U000014,0,STARVED,PROCESSING,33721.0,
EV000793,973485,PROCESSING_STARTED,S08,U000015,3,IDLE,PROCESSING,53300.0,
EV000794,976503,PROCESSING_COMPLETED,S05,U000021,1,PROCESSING,,42483.0,
EV000795,976503,UNIT_ARRIVED,S06,U000021,1,,,,
EV000796,976503,PROCESSING_STARTED,S06,U000021,0,STARVED,PROCESSING,37616.0,
EV000797,976503,PROCESSING_STARTED,S05,U000022,0,IDLE,PROCESSING,35027.0,
EV000798,977103,PROCESSING_COMPLETED,S03,U000024,1,PROCESSING,,41067.0,
EV000799,977103,UNIT_ARRIVED,S04,U000024,1,,,,
EV000800,977103,PROCESSING_STARTED,S03,U000025,0,IDLE,PROCESSING,35297.0,
EV000801,979666,PROCESSING_COMPLETED,S01,U000027,0,PROCESSING,,32849.0,
EV000802,979666,UNIT_ARRIVED,S02,U000027,1,,,,
EV000803,979666,PROCESSING_STARTED,S01,U000028,0,IDLE,PROCESSING,32788.0,
EV000804,980982,PROCESSING_COMPLETED,S18,U000004,1,PROCESSING,,54064.0,
EV000805,980982,UNIT_ARRIVED,S19,U000004,1,,,,
EV000806,980982,PROCESSING_STARTED,S19,U000004,0,STARVED,PROCESSING,37619.0,
EV000807,980982,PROCESSING_STARTED,S18,U000005,0,IDLE,PROCESSING,65984.0,
EV000808,981612,PROCESSING_COMPLETED,S07,U000019,1,PROCESSING,,33410.0,
EV000809,981612,UNIT_ARRIVED,S08,U000019,4,,,,
EV000810,981612,PROCESSING_STARTED,S07,U000020,0,IDLE,PROCESSING,40297.0,
EV000811,983630,PROCESSING_COMPLETED,S02,U000026,1,PROCESSING,,36813.0,
EV000812,983630,UNIT_ARRIVED,S03,U000026,1,,,,
EV000813,983630,PROCESSING_STARTED,S02,U000027,0,IDLE,PROCESSING,31969.0,
EV000814,984646,PROCESSING_COMPLETED,S04,U000023,1,PROCESSING,,36827.0,
EV000815,984646,UNIT_ARRIVED,S05,U000023,1,,,,
EV000816,984646,PROCESSING_STARTED,S04,U000024,0,IDLE,PROCESSING,38760.0,
EV000817,984783,PROCESSING_COMPLETED,S23,U000001,0,PROCESSING,,38318.0,
EV000818,984783,UNIT_ARRIVED,S24,U000001,1,,,,
EV000819,984783,PROCESSING_STARTED,S24,U000001,0,IDLE,PROCESSING,48163.0,
EV000820,987562,PROCESSING_COMPLETED,S20,U000003,0,PROCESSING,,35697.0,
EV000821,987562,UNIT_ARRIVED,S21,U000003,1,,,,
EV000822,987562,PROCESSING_STARTED,S21,U000003,0,STARVED,PROCESSING,54939.0,
EV000823,990856,PROCESSING_COMPLETED,S14,U000008,0,PROCESSING,,39365.0,
EV000824,990856,UNIT_ARRIVED,S15,U000008,1,,,,
EV000825,990856,PROCESSING_STARTED,S15,U000008,0,STARVED,PROCESSING,38335.0,
EV000826,994504,PROCESSING_COMPLETED,S12,U000011,0,PROCESSING,,38827.0,
EV000827,994504,UNIT_ARRIVED,S13,U000011,2,,,,
EV000828,996087,PROCESSING_COMPLETED,S11,U000012,0,PROCESSING,,31073.0,
EV000829,996087,UNIT_ARRIVED,S12,U000012,1,,,,
EV000830,996087,PROCESSING_STARTED,S12,U000012,0,STARVED,PROCESSING,47105.0,
EV000831,1004719,PROCESSING_COMPLETED,S16,U000007,0,PROCESSING,,37979.0,
EV000832,1004719,UNIT_ARRIVED,S17,U000007,1,,,,
EV000833,1007206,PROCESSING_COMPLETED,S09,U000014,0,PROCESSING,,33721.0,
EV000834,1007206,UNIT_ARRIVED,S10,U000014,1,,,,
EV000835,1010854,PROCESSING_COMPLETED,S22,U000002,0,PROCESSING,,39000.0,
EV000836,1010854,UNIT_ARRIVED,S23,U000002,1,,,,
EV000837,1010854,PROCESSING_STARTED,S23,U000002,0,STARVED,PROCESSING,41443.0,
EV000838,1011530,PROCESSING_COMPLETED,S05,U000022,1,PROCESSING,,35027.0,
EV000839,1011530,UNIT_ARRIVED,S06,U000022,1,,,,
EV000840,1011530,PROCESSING_STARTED,S05,U000023,0,IDLE,PROCESSING,37709.0,
EV000841,1012400,PROCESSING_COMPLETED,S03,U000025,1,PROCESSING,,35297.0,
EV000842,1012400,UNIT_ARRIVED,S04,U000025,1,,,,
EV000843,1012400,PROCESSING_STARTED,S03,U000026,0,IDLE,PROCESSING,39184.0,
EV000844,1012454,PROCESSING_COMPLETED,S01,U000028,0,PROCESSING,,32788.0,
EV000845,1012454,UNIT_ARRIVED,S02,U000028,1,,,,
EV000846,1012454,PROCESSING_STARTED,S01,U000029,0,IDLE,PROCESSING,37079.0,
EV000847,1014119,PROCESSING_COMPLETED,S06,U000021,1,PROCESSING,,37616.0,
EV000848,1014119,UNIT_ARRIVED,S07,U000021,1,,,,
EV000849,1014119,PROCESSING_STARTED,S06,U000022,0,IDLE,PROCESSING,35325.0,
EV000850,1015599,PROCESSING_COMPLETED,S02,U000027,1,PROCESSING,,31969.0,
EV000851,1015599,UNIT_ARRIVED,S03,U000027,1,,,,
EV000852,1015599,PROCESSING_STARTED,S02,U000028,0,IDLE,PROCESSING,35136.0,
EV000853,1018601,PROCESSING_COMPLETED,S19,U000004,0,PROCESSING,,37619.0,
EV000854,1018601,UNIT_ARRIVED,S20,U000004,1,,,,
EV000855,1018601,PROCESSING_STARTED,S20,U000004,0,STARVED,PROCESSING,40458.0,
EV000856,1021909,PROCESSING_COMPLETED,S07,U000020,1,PROCESSING,,40297.0,
EV000857,1021909,UNIT_ARRIVED,S08,U000020,5,,,,
EV000858,1021909,PROCESSING_STARTED,S07,U000021,0,IDLE,PROCESSING,37400.0,
EV000859,1023406,PROCESSING_COMPLETED,S04,U000024,1,PROCESSING,,38760.0,
EV000860,1023406,UNIT_ARRIVED,S05,U000024,1,,,,
EV000861,1023406,PROCESSING_STARTED,S04,U000025,0,IDLE,PROCESSING,34955.0,
EV000862,1023409,PROCESSING_COMPLETED,S10,U000013,1,PROCESSING,,56045.0,
EV000863,1023409,UNIT_ARRIVED,S11,U000013,1,,,,
EV000864,1023409,PROCESSING_STARTED,S11,U000013,0,STARVED,PROCESSING,38432.0,
EV000865,1023409,PROCESSING_STARTED,S10,U000014,0,IDLE,PROCESSING,47281.0,
EV000866,1026785,PROCESSING_COMPLETED,S08,U000015,5,PROCESSING,,53300.0,
EV000867,1026785,UNIT_ARRIVED,S09,U000015,1,,,,
EV000868,1026785,PROCESSING_STARTED,S09,U000015,0,STARVED,PROCESSING,34131.0,
EV000869,1026785,PROCESSING_STARTED,S08,U000016,4,IDLE,PROCESSING,62217.0,
EV000870,1029191,PROCESSING_COMPLETED,S15,U000008,0,PROCESSING,,38335.0,
EV000871,1029191,UNIT_ARRIVED,S16,U000008,1,,,,
EV000872,1029191,PROCESSING_STARTED,S16,U000008,0,STARVED,PROCESSING,33660.0,
EV000873,1030289,PROCESSING_COMPLETED,S17,U000006,1,PROCESSING,,58106.0,
EV000874,1030289,UNIT_ARRIVED,S18,U000006,1,,,,
EV000875,1030289,PROCESSING_STARTED,S17,U000007,0,IDLE,PROCESSING,52168.0,
EV000876,1032946,PROCESSING_COMPLETED,S24,U000001,0,PROCESSING,,48163.0,
EV000877,1032946,UNIT_ARRIVED,S25,U000001,1,,,,
EV000878,1032946,PROCESSING_STARTED,S25,U000001,0,IDLE,PROCESSING,31634.0,
EV000879,1033091,PROCESSING_COMPLETED,S13,U000009,2,PROCESSING,,81600.0,
EV000880,1033091,UNIT_ARRIVED,S14,U000009,1,,,,
EV000881,1033091,PROCESSING_STARTED,S14,U000009,0,STARVED,PROCESSING,39939.0,
EV000882,1033091,PROCESSING_STARTED,S13,U000010,1,IDLE,PROCESSING,67391.0,
EV000883,1042501,PROCESSING_COMPLETED,S21,U000003,0,PROCESSING,,54939.0,
EV000884,1042501,UNIT_ARRIVED,S22,U000003,1,,,,
EV000885,1042501,PROCESSING_STARTED,S22,U000003,0,STARVED,PROCESSING,34083.0,
EV000886,1043192,PROCESSING_COMPLETED,S12,U000012,0,PROCESSING,,47105.0,
EV000887,1043192,UNIT_ARRIVED,S13,U000012,2,,,,
EV000888,1046966,PROCESSING_COMPLETED,S18,U000005,1,PROCESSING,,65984.0,
EV000889,1046966,UNIT_ARRIVED,S19,U000005,1,,,,
EV000890,1046966,PROCESSING_STARTED,S19,U000005,0,STARVED,PROCESSING,39917.0,
EV000891,1046966,PROCESSING_STARTED,S18,U000006,0,IDLE,PROCESSING,46264.0,
EV000892,1049239,PROCESSING_COMPLETED,S05,U000023,1,PROCESSING,,37709.0,
EV000893,1049239,UNIT_ARRIVED,S06,U000023,1,,,,
EV000894,1049239,PROCESSING_STARTED,S05,U000024,0,IDLE,PROCESSING,33368.0,
EV000895,1049444,PROCESSING_COMPLETED,S06,U000022,1,PROCESSING,,35325.0,
EV000896,1049444,UNIT_ARRIVED,S07,U000022,1,,,,
EV000897,1049444,PROCESSING_STARTED,S06,U000023,0,IDLE,PROCESSING,36980.0,
EV000898,1049533,PROCESSING_COMPLETED,S01,U000029,0,PROCESSING,,37079.0,
EV000899,1049533,UNIT_ARRIVED,S02,U000029,1,,,,
EV000900,1049533,PROCESSING_STARTED,S01,U000030,0,IDLE,PROCESSING,39005.0,
EV000901,1050735,PROCESSING_COMPLETED,S02,U000028,1,PROCESSING,,35136.0,
EV000902,1050735,UNIT_ARRIVED,S03,U000028,2,,,,
EV000903,1050735,PROCESSING_STARTED,S02,U000029,0,IDLE,PROCESSING,35018.0,
EV000904,1051584,PROCESSING_COMPLETED,S03,U000026,2,PROCESSING,,39184.0,
EV000905,1051584,UNIT_ARRIVED,S04,U000026,1,,,,
EV000906,1051584,PROCESSING_STARTED,S03,U000027,1,IDLE,PROCESSING,29968.0,
EV000907,1052297,PROCESSING_COMPLETED,S23,U000002,0,PROCESSING,,41443.0,
EV000908,1052297,UNIT_ARRIVED,S24,U000002,1,,,,
EV000909,1052297,PROCESSING_STARTED,S24,U000002,0,STARVED,PROCESSING,44921.0,
EV000910,1058361,PROCESSING_COMPLETED,S04,U000025,1,PROCESSING,,34955.0,
EV000911,1058361,UNIT_ARRIVED,S05,U000025,1,,,,
EV000912,1058361,PROCESSING_STARTED,S04,U000026,0,IDLE,PROCESSING,29874.0,
EV000913,1059059,PROCESSING_COMPLETED,S20,U000004,0,PROCESSING,,40458.0,
EV000914,1059059,UNIT_ARRIVED,S21,U000004,1,,,,
EV000915,1059059,PROCESSING_STARTED,S21,U000004,0,STARVED,PROCESSING,49601.0,
EV000916,1059309,PROCESSING_COMPLETED,S07,U000021,1,PROCESSING,,37400.0,
EV000917,1059309,UNIT_ARRIVED,S08,U000021,5,,,,
EV000918,1059309,PROCESSING_STARTED,S07,U000022,0,IDLE,PROCESSING,37302.0,
EV000919,1060916,PROCESSING_COMPLETED,S09,U000015,0,PROCESSING,,34131.0,
EV000920,1060916,UNIT_ARRIVED,S10,U000015,1,,,,
EV000921,1061841,PROCESSING_COMPLETED,S11,U000013,0,PROCESSING,,38432.0,
EV000922,1061841,UNIT_ARRIVED,S12,U000013,1,,,,
EV000923,1061841,PROCESSING_STARTED,S12,U000013,0,STARVED,PROCESSING,51070.0,
EV000924,1062851,PROCESSING_COMPLETED,S16,U000008,0,PROCESSING,,33660.0,
EV000925,1062851,UNIT_ARRIVED,S17,U000008,1,,,,
EV000926,1064580,PROCESSING_COMPLETED,S25,U000001,0,PROCESSING,,31634.0,
EV000927,1064580,UNIT_ARRIVED,S26,U000001,1,,,,
EV000928,1064580,PROCESSING_STARTED,S26,U000001,0,IDLE,PROCESSING,40859.0,
EV000929,1070690,PROCESSING_COMPLETED,S10,U000014,1,PROCESSING,,47281.0,
EV000930,1070690,UNIT_ARRIVED,S11,U000014,1,,,,
EV000931,1070690,PROCESSING_STARTED,S11,U000014,0,STARVED,PROCESSING,32303.0,
EV000932,1070690,PROCESSING_STARTED,S10,U000015,0,IDLE,PROCESSING,46966.0,
EV000933,1073030,PROCESSING_COMPLETED,S14,U000009,0,PROCESSING,,39939.0,
EV000934,1073030,UNIT_ARRIVED,S15,U000009,1,,,,
EV000935,1073030,PROCESSING_STARTED,S15,U000009,0,STARVED,PROCESSING,31782.0,
EV000936,1076584,PROCESSING_COMPLETED,S22,U000003,0,PROCESSING,,34083.0,
EV000937,1076584,UNIT_ARRIVED,S23,U000003,1,,,,
EV000938,1076584,PROCESSING_STARTED,S23,U000003,0,STARVED,PROCESSING,40415.0,
EV000939,1081552,PROCESSING_COMPLETED,S03,U000027,1,PROCESSING,,29968.0,
EV000940,1081552,UNIT_ARRIVED,S04,U000027,1,,,,
EV000941,1081552,PROCESSING_STARTED,S03,U000028,0,IDLE,PROCESSING,36256.0,
EV000942,1082457,PROCESSING_COMPLETED,S17,U000007,1,PROCESSING,,52168.0,
EV000943,1082457,UNIT_ARRIVED,S18,U000007,1,,,,
EV000944,1082457,PROCESSING_STARTED,S17,U000008,0,IDLE,PROCESSING,56477.0,
EV000945,1082607,PROCESSING_COMPLETED,S05,U000024,1,PROCESSING,,33368.0,
EV000946,1082607,UNIT_ARRIVED,S06,U000024,1,,,,
EV000947,1082607,PROCESSING_STARTED,S05,U000025,0,IDLE,PROCESSING,35576.0,
EV000948,1085753,PROCESSING_COMPLETED,S02,U000029,0,PROCESSING,,35018.0,
EV000949,1085753,UNIT_ARRIVED,S03,U000029,1,,,,
EV000950,1086424,PROCESSING_COMPLETED,S06,U000023,1,PROCESSING,,36980.0,
EV000951,1086424,UNIT_ARRIVED,S07,U000023,1,,,,
EV000952,1086424,PROCESSING_STARTED,S06,U000024,0,IDLE,PROCESSING,33245.0,
EV000953,1086883,PROCESSING_COMPLETED,S19,U000005,0,PROCESSING,,39917.0,
EV000954,1086883,UNIT_ARRIVED,S20,U000005,1,,,,
EV000955,1086883,PROCESSING_STARTED,S20,U000005,0,STARVED,PROCESSING,36945.0,
EV000956,1088235,PROCESSING_COMPLETED,S04,U000026,1,PROCESSING,,29874.0,
EV000957,1088235,UNIT_ARRIVED,S05,U000026,1,,,,
EV000958,1088235,PROCESSING_STARTED,S04,U000027,0,IDLE,PROCESSING,32068.0,
EV000959,1088538,PROCESSING_COMPLETED,S01,U000030,0,PROCESSING,,39005.0,
EV000960,1088538,UNIT_ARRIVED,S02,U000030,1,,,,
EV000961,1088538,PROCESSING_STARTED,S02,U000030,0,STARVED,PROCESSING,33805.0,
EV000962,1088538,PROCESSING_STARTED,S01,U000031,0,IDLE,PROCESSING,43408.0,
EV000963,1089002,PROCESSING_COMPLETED,S08,U000016,5,PROCESSING,,62217.0,
EV000964,1089002,UNIT_ARRIVED,S09,U000016,1,,,,
EV000965,1089002,PROCESSING_STARTED,S09,U000016,0,STARVED,PROCESSING,39839.0,
EV000966,1089002,PROCESSING_STARTED,S08,U000017,4,IDLE,PROCESSING,64644.0,
EV000967,1093230,PROCESSING_COMPLETED,S18,U000006,1,PROCESSING,,46264.0,
EV000968,1093230,UNIT_ARRIVED,S19,U000006,1,,,,
EV000969,1093230,PROCESSING_STARTED,S19,U000006,0,STARVED,PROCESSING,39762.0,
EV000970,1093230,PROCESSING_STARTED,S18,U000007,0,IDLE,PROCESSING,40216.0,
EV000971,1096611,PROCESSING_COMPLETED,S07,U000022,1,PROCESSING,,37302.0,
EV000972,1096611,UNIT_ARRIVED,S08,U000022,5,,,,
EV000973,1096611,PROCESSING_STARTED,S07,U000023,0,IDLE,PROCESSING,37041.0,
EV000974,1097218,PROCESSING_COMPLETED,S24,U000002,0,PROCESSING,,44921.0,
EV000975,1097218,UNIT_ARRIVED,S25,U000002,1,,,,
EV000976,1097218,PROCESSING_STARTED,S25,U000002,0,STARVED,PROCESSING,35838.0,
EV000977,1100482,PROCESSING_COMPLETED,S13,U000010,2,PROCESSING,,67391.0,
EV000978,1100482,UNIT_ARRIVED,S14,U000010,1,,,,
EV000979,1100482,PROCESSING_STARTED,S14,U000010,0,STARVED,PROCESSING,41791.0,
EV000980,1100482,PROCESSING_STARTED,S13,U000011,1,IDLE,PROCESSING,44117.0,
EV000981,1102993,PROCESSING_COMPLETED,S11,U000014,0,PROCESSING,,32303.0,
EV000982,1102993,UNIT_ARRIVED,S12,U000014,1,,,,
EV000983,1104812,PROCESSING_COMPLETED,S15,U000009,0,PROCESSING,,31782.0,
EV000984,1104812,UNIT_ARRIVED,S16,U000009,1,,,,
EV000985,1104812,PROCESSING_STARTED,S16,U000009,0,STARVED,PROCESSING,35182.0,
EV000986,1105439,PROCESSING_COMPLETED,S26,U000001,0,PROCESSING,,40859.0,
EV000987,1105439,UNIT_ARRIVED,S27,U000001,1,,,,
EV000988,1105439,PROCESSING_STARTED,S27,U000001,0,IDLE,PROCESSING,41482.0,
EV000989,1108660,PROCESSING_COMPLETED,S21,U000004,0,PROCESSING,,49601.0,
EV000990,1108660,UNIT_ARRIVED,S22,U000004,1,,,,
EV000991,1108660,PROCESSING_STARTED,S22,U000004,0,STARVED,PROCESSING,38433.0,
EV000992,1112911,PROCESSING_COMPLETED,S12,U000013,1,PROCESSING,,51070.0,
EV000993,1112911,UNIT_ARRIVED,S13,U000013,2,,,,
EV000994,1112911,PROCESSING_STARTED,S12,U000014,0,IDLE,PROCESSING,39816.0,
EV000995,1116999,PROCESSING_COMPLETED,S23,U000003,0,PROCESSING,,40415.0,
EV000996,1116999,UNIT_ARRIVED,S24,U000003,1,,,,
EV000997,1116999,PROCESSING_STARTED,S24,U000003,0,STARVED,PROCESSING,44104.0,
EV000998,1117656,PROCESSING_COMPLETED,S10,U000015,0,PROCESSING,,46966.0,
EV000999,1117656,UNIT_ARRIVED,S11,U000015,1,,,,
EV001000,1117656,PROCESSING_STARTED,S11,U000015,0,STARVED,PROCESSING,39323.0,
EV001001,1117808,PROCESSING_COMPLETED,S03,U000028,1,PROCESSING,,36256.0,
EV001002,1117808,UNIT_ARRIVED,S04,U000028,1,,,,
EV001003,1117808,PROCESSING_STARTED,S03,U000029,0,IDLE,PROCESSING,34122.0,
EV001004,1118183,PROCESSING_COMPLETED,S05,U000025,1,PROCESSING,,35576.0,
EV001005,1118183,UNIT_ARRIVED,S06,U000025,1,,,,
EV001006,1118183,PROCESSING_STARTED,S05,U000026,0,IDLE,PROCESSING,39024.0,
EV001007,1119669,PROCESSING_COMPLETED,S06,U000024,1,PROCESSING,,33245.0,
EV001008,1119669,UNIT_ARRIVED,S07,U000024,1,,,,
EV001009,1119669,PROCESSING_STARTED,S06,U000025,0,IDLE,PROCESSING,31033.0,
EV001010,1120303,PROCESSING_COMPLETED,S04,U000027,1,PROCESSING,,32068.0,
EV001011,1120303,UNIT_ARRIVED,S05,U000027,1,,,,
EV001012,1120303,PROCESSING_STARTED,S04,U000028,0,IDLE,PROCESSING,41252.0,
EV001013,1122343,PROCESSING_COMPLETED,S02,U000030,0,PROCESSING,,33805.0,
EV001014,1122343,UNIT_ARRIVED,S03,U000030,1,,,,
EV001015,1123828,PROCESSING_COMPLETED,S20,U000005,0,PROCESSING,,36945.0,
EV001016,1123828,UNIT_ARRIVED,S21,U000005,1,,,,
EV001017,1123828,PROCESSING_STARTED,S21,U000005,0,STARVED,PROCESSING,40328.0,
EV001018,1128841,PROCESSING_COMPLETED,S09,U000016,0,PROCESSING,,39839.0,
EV001019,1128841,UNIT_ARRIVED,S10,U000016,1,,,,
EV001020,1128841,PROCESSING_STARTED,S10,U000016,0,STARVED,PROCESSING,52501.0,
EV001021,1131946,PROCESSING_COMPLETED,S01,U000031,0,PROCESSING,,43408.0,
EV001022,1131946,UNIT_ARRIVED,S02,U000031,1,,,,
EV001023,1131946,PROCESSING_STARTED,S02,U000031,0,STARVED,PROCESSING,38399.0,
EV001024,1131946,PROCESSING_STARTED,S01,U000032,0,IDLE,PROCESSING,34933.0,
EV001025,1132992,PROCESSING_COMPLETED,S19,U000006,0,PROCESSING,,39762.0,
EV001026,1132992,UNIT_ARRIVED,S20,U000006,1,,,,
EV001027,1132992,PROCESSING_STARTED,S20,U000006,0,STARVED,PROCESSING,41402.0,
EV001028,1133056,PROCESSING_COMPLETED,S25,U000002,0,PROCESSING,,35838.0,
EV001029,1133056,UNIT_ARRIVED,S26,U000002,1,,,,
EV001030,1133056,PROCESSING_STARTED,S26,U000002,0,STARVED,PROCESSING,36909.0,
EV001031,1133446,PROCESSING_COMPLETED,S18,U000007,0,PROCESSING,,40216.0,
EV001032,1133446,UNIT_ARRIVED,S19,U000007,1,,,,
EV001033,1133446,PROCESSING_STARTED,S19,U000007,0,STARVED,PROCESSING,42258.0,
EV001034,1133652,PROCESSING_COMPLETED,S07,U000023,1,PROCESSING,,37041.0,
EV001035,1133652,UNIT_ARRIVED,S08,U000023,6,,,,
EV001036,1133652,PROCESSING_STARTED,S07,U000024,0,IDLE,PROCESSING,46821.0,
EV001037,1138934,PROCESSING_COMPLETED,S17,U000008,0,PROCESSING,,56477.0,
EV001038,1138934,UNIT_ARRIVED,S18,U000008,1,,,,
EV001039,1138934,PROCESSING_STARTED,S18,U000008,0,STARVED,PROCESSING,71045.0,
EV001040,1139994,PROCESSING_COMPLETED,S16,U000009,0,PROCESSING,,35182.0,
EV001041,1139994,UNIT_ARRIVED,S17,U000009,1,,,,
EV001042,1139994,PROCESSING_STARTED,S17,U000009,0,STARVED,PROCESSING,58131.0,
EV001043,1142273,PROCESSING_COMPLETED,S14,U000010,0,PROCESSING,,41791.0,
EV001044,1142273,UNIT_ARRIVED,S15,U000010,1,,,,
EV001045,1142273,PROCESSING_STARTED,S15,U000010,0,STARVED,PROCESSING,46120.0,
EV001046,1144599,PROCESSING_COMPLETED,S13,U000011,2,PROCESSING,,44117.0,
EV001047,1144599,UNIT_ARRIVED,S14,U000011,1,,,,
EV001048,1144599,PROCESSING_STARTED,S14,U000011,0,STARVED,PROCESSING,38331.0,
EV001049,1144599,PROCESSING_STARTED,S13,U000012,1,IDLE,PROCESSING,58753.0,
EV001050,1146921,PROCESSING_COMPLETED,S27,U000001,0,PROCESSING,,41482.0,
EV001051,1146921,UNIT_ARRIVED,S28,U000001,1,,,,
EV001052,1146921,PROCESSING_STARTED,S28,U000001,0,IDLE,PROCESSING,41588.0,
EV001053,1147093,PROCESSING_COMPLETED,S22,U000004,0,PROCESSING,,38433.0,
EV001054,1147093,UNIT_ARRIVED,S23,U000004,1,,,,
EV001055,1147093,PROCESSING_STARTED,S23,U000004,0,STARVED,PROCESSING,42300.0,
EV001056,1150702,PROCESSING_COMPLETED,S06,U000025,0,PROCESSING,,31033.0,
EV001057,1150702,UNIT_ARRIVED,S07,U000025,1,,,,
EV001058,1151930,PROCESSING_COMPLETED,S03,U000029,1,PROCESSING,,34122.0,
EV001059,1151930,UNIT_ARRIVED,S04,U000029,1,,,,
EV001060,1151930,PROCESSING_STARTED,S03,U000030,0,IDLE,PROCESSING,36042.0,
EV001061,1152727,PROCESSING_COMPLETED,S12,U000014,0,PROCESSING,,39816.0,
EV001062,1152727,UNIT_ARRIVED,S13,U000014,2,,,,
EV001063,1153646,PROCESSING_COMPLETED,S08,U000017,6,PROCESSING,,64644.0,
EV001064,1153646,UNIT_ARRIVED,S09,U000017,1,,,,
EV001065,1153646,PROCESSING_STARTED,S09,U000017,0,STARVED,PROCESSING,30496.0,
EV001066,1153646,PROCESSING_STARTED,S08,U000018,5,IDLE,PROCESSING,62242.0,
EV001067,1156979,PROCESSING_COMPLETED,S11,U000015,0,PROCESSING,,39323.0,
EV001068,1156979,UNIT_ARRIVED,S12,U000015,1,,,,
EV001069,1156979,PROCESSING_STARTED,S12,U000015,0,STARVED,PROCESSING,43779.0,
EV001070,1157207,PROCESSING_COMPLETED,S05,U000026,1,PROCESSING,,39024.0,
EV001071,1157207,UNIT_ARRIVED,S06,U000026,1,,,,
EV001072,1157207,PROCESSING_STARTED,S06,U000026,0,STARVED,PROCESSING,37126.0,
EV001073,1157207,PROCESSING_STARTED,S05,U000027,0,IDLE,PROCESSING,32502.0,
EV001074,1161103,PROCESSING_COMPLETED,S24,U000003,0,PROCESSING,,44104.0,
EV001075,1161103,UNIT_ARRIVED,S25,U000003,1,,,,
EV001076,1161103,PROCESSING_STARTED,S25,U000003,0,STARVED,PROCESSING,41480.0,
EV001077,1161555,PROCESSING_COMPLETED,S04,U000028,1,PROCESSING,,41252.0,
EV001078,1161555,UNIT_ARRIVED,S05,U000028,1,,,,
EV001079,1161555,PROCESSING_STARTED,S04,U000029,0,IDLE,PROCESSING,32776.0,
EV001080,1164156,PROCESSING_COMPLETED,S21,U000005,0,PROCESSING,,40328.0,
EV001081,1164156,UNIT_ARRIVED,S22,U000005,1,,,,
EV001082,1164156,PROCESSING_STARTED,S22,U000005,0,STARVED,PROCESSING,35082.0,
EV001083,1166879,PROCESSING_COMPLETED,S01,U000032,0,PROCESSING,,34933.0,
EV001084,1166879,UNIT_ARRIVED,S02,U000032,1,,,,
EV001085,1166879,PROCESSING_STARTED,S01,U000033,0,IDLE,PROCESSING,33950.0,
EV001086,1169965,PROCESSING_COMPLETED,S26,U000002,0,PROCESSING,,36909.0,
EV001087,1169965,UNIT_ARRIVED,S27,U000002,1,,,,
EV001088,1169965,PROCESSING_STARTED,S27,U000002,0,STARVED,PROCESSING,36681.0,
EV001089,1170345,PROCESSING_COMPLETED,S02,U000031,1,PROCESSING,,38399.0,
EV001090,1170345,UNIT_ARRIVED,S03,U000031,1,,,,
EV001091,1170345,PROCESSING_STARTED,S02,U000032,0,IDLE,PROCESSING,32314.0,
EV001092,1174394,PROCESSING_COMPLETED,S20,U000006,0,PROCESSING,,41402.0,
EV001093,1174394,UNIT_ARRIVED,S21,U000006,1,,,,
EV001094,1174394,PROCESSING_STARTED,S21,U000006,0,STARVED,PROCESSING,48057.0,
EV001095,1175704,PROCESSING_COMPLETED,S19,U000007,0,PROCESSING,,42258.0,
EV001096,1175704,UNIT_ARRIVED,S20,U000007,1,,,,
EV001097,1175704,PROCESSING_STARTED,S20,U000007,0,STARVED,PROCESSING,41000.0,
EV001098,1180473,PROCESSING_COMPLETED,S07,U000024,1,PROCESSING,,46821.0,
EV001099,1180473,UNIT_ARRIVED,S08,U000024,6,,,,
EV001100,1180473,PROCESSING_STARTED,S07,U000025,0,IDLE,PROCESSING,47444.0,
EV001101,1181342,PROCESSING_COMPLETED,S10,U000016,0,PROCESSING,,52501.0,
EV001102,1181342,UNIT_ARRIVED,S11,U000016,1,,,,
EV001103,1181342,PROCESSING_STARTED,S11,U000016,0,STARVED,PROCESSING,31627.0,
EV001104,1182930,PROCESSING_COMPLETED,S14,U000011,0,PROCESSING,,38331.0,
EV001105,1182930,UNIT_ARRIVED,S15,U000011,1,,,,
EV001106,1184142,PROCESSING_COMPLETED,S09,U000017,0,PROCESSING,,30496.0,
EV001107,1184142,UNIT_ARRIVED,S10,U000017,1,,,,
EV001108,1184142,PROCESSING_STARTED,S10,U000017,0,STARVED,PROCESSING,51024.0,
EV001109,1187972,PROCESSING_COMPLETED,S03,U000030,1,PROCESSING,,36042.0,
EV001110,1187972,UNIT_ARRIVED,S04,U000030,1,,,,
EV001111,1187972,PROCESSING_STARTED,S03,U000031,0,IDLE,PROCESSING,30663.0,
EV001112,1188393,PROCESSING_COMPLETED,S15,U000010,1,PROCESSING,,46120.0,
EV001113,1188393,UNIT_ARRIVED,S16,U000010,1,,,,
EV001114,1188393,PROCESSING_STARTED,S16,U000010,0,STARVED,PROCESSING,30641.0,
EV001115,1188393,PROCESSING_STARTED,S15,U000011,0,IDLE,PROCESSING,34281.0,
EV001116,1188509,PROCESSING_COMPLETED,S28,U000001,0,PROCESSING,,41588.0,
EV001117,1188509,UNIT_ARRIVED,S29,U000001,1,,,,
EV001118,1188509,PROCESSING_STARTED,S29,U000001,0,IDLE,PROCESSING,39848.0,
EV001119,1189393,PROCESSING_COMPLETED,S23,U000004,0,PROCESSING,,42300.0,
EV001120,1189393,UNIT_ARRIVED,S24,U000004,1,,,,
EV001121,1189393,PROCESSING_STARTED,S24,U000004,0,STARVED,PROCESSING,48528.0,
EV001122,1189709,PROCESSING_COMPLETED,S05,U000027,1,PROCESSING,,32502.0,
EV001123,1189709,UNIT_ARRIVED,S06,U000027,1,,,,
EV001124,1189709,PROCESSING_STARTED,S05,U000028,0,IDLE,PROCESSING,38385.0,
EV001125,1194331,PROCESSING_COMPLETED,S04,U000029,1,PROCESSING,,32776.0,
EV001126,1194331,UNIT_ARRIVED,S05,U000029,1,,,,
EV001127,1194331,PROCESSING_STARTED,S04,U000030,0,IDLE,PROCESSING,34960.0,
EV001128,1194333,PROCESSING_COMPLETED,S06,U000026,1,PROCESSING,,37126.0,
EV001129,1194333,UNIT_ARRIVED,S07,U000026,1,,,,
EV001130,1194333,PROCESSING_STARTED,S06,U000027,0,IDLE,PROCESSING,32375.0,
EV001131,1198125,PROCESSING_COMPLETED,S17,U000009,0,PROCESSING,,58131.0,
EV001132,1198125,UNIT_ARRIVED,S18,U000009,1,,,,
EV001133,1199238,PROCESSING_COMPLETED,S22,U000005,0,PROCESSING,,35082.0,
EV001134,1199238,UNIT_ARRIVED,S23,U000005,1,,,,
EV001135,1199238,PROCESSING_STARTED,S23,U000005,0,STARVED,PROCESSING,46718.0,
EV001136,1200758,PROCESSING_COMPLETED,S12,U000015,0,PROCESSING,,43779.0,
EV001137,1200758,UNIT_ARRIVED,S13,U000015,3,,,,
EV001138,1200829,PROCESSING_COMPLETED,S01,U000033,0,PROCESSING,,33950.0,
EV001139,1200829,UNIT_ARRIVED,S02,U000033,1,,,,
EV001140,1200829,PROCESSING_STARTED,S01,U000034,0,IDLE,PROCESSING,36578.0,
EV001141,1202583,PROCESSING_COMPLETED,S25,U000003,0,PROCESSING,,41480.0,
EV001142,1202583,UNIT_ARRIVED,S26,U000003,1,,,,
EV001143,1202583,PROCESSING_STARTED,S26,U000003,0,STARVED,PROCESSING,33556.0,
EV001144,1202659,PROCESSING_COMPLETED,S02,U000032,1,PROCESSING,,32314.0,
EV001145,1202659,UNIT_ARRIVED,S03,U000032,1,,,,
EV001146,1202659,PROCESSING_STARTED,S02,U000033,0,IDLE,PROCESSING,32398.0,
EV001147,1203352,PROCESSING_COMPLETED,S13,U000012,3,PROCESSING,,58753.0,
EV001148,1203352,UNIT_ARRIVED,S14,U000012,1,,,,
EV001149,1203352,PROCESSING_STARTED,S14,U000012,0,STARVED,PROCESSING,42157.0,
EV001150,1203352,PROCESSING_STARTED,S13,U000013,2,IDLE,PROCESSING,57659.0,
EV001151,1206646,PROCESSING_COMPLETED,S27,U000002,0,PROCESSING,,36681.0,
EV001152,1206646,UNIT_ARRIVED,S28,U000002,1,,,,
EV001153,1206646,PROCESSING_STARTED,S28,U000002,0,STARVED,PROCESSING,43690.0,
EV001154,1209979,PROCESSING_COMPLETED,S18,U000008,1,PROCESSING,,71045.0,
EV001155,1209979,UNIT_ARRIVED,S19,U000008,1,,,,
EV001156,1209979,PROCESSING_STARTED,S19,U000008,0,STARVED,PROCESSING,34887.0,
EV001157,1209979,PROCESSING_STARTED,S18,U000009,0,IDLE,PROCESSING,53283.0,
EV001158,1212969,PROCESSING_COMPLETED,S11,U000016,0,PROCESSING,,31627.0,
EV001159,1212969,UNIT_ARRIVED,S12,U000016,1,,,,
EV001160,1212969,PROCESSING_STARTED,S12,U000016,0,STARVED,PROCESSING,32900.0,
EV001161,1215888,PROCESSING_COMPLETED,S08,U000018,6,PROCESSING,,62242.0,
EV001162,1215888,UNIT_ARRIVED,S09,U000018,1,,,,
EV001163,1215888,PROCESSING_STARTED,S09,U000018,0,STARVED,PROCESSING,33645.0,
EV001164,1215888,PROCESSING_STARTED,S08,U000019,5,IDLE,PROCESSING,56717.0,
EV001165,1216704,PROCESSING_COMPLETED,S20,U000007,0,PROCESSING,,41000.0,
EV001166,1216704,UNIT_ARRIVED,S21,U000007,1,,,,
EV001167,1218635,PROCESSING_COMPLETED,S03,U000031,1,PROCESSING,,30663.0,
EV001168,1218635,UNIT_ARRIVED,S04,U000031,1,,,,
EV001169,1218635,PROCESSING_STARTED,S03,U000032,0,IDLE,PROCESSING,33979.0,
EV001170,1219034,PROCESSING_COMPLETED,S16,U000010,0,PROCESSING,,30641.0,
EV001171,1219034,UNIT_ARRIVED,S17,U000010,1,,,,
EV001172,1219034,PROCESSING_STARTED,S17,U000010,0,STARVED,PROCESSING,52002.0,
EV001173,1222451,PROCESSING_COMPLETED,S21,U000006,1,PROCESSING,,48057.0,
EV001174,1222451,UNIT_ARRIVED,S22,U000006,1,,,,
EV001175,1222451,PROCESSING_STARTED,S22,U000006,0,STARVED,PROCESSING,39536.0,
EV001176,1222451,PROCESSING_STARTED,S21,U000007,0,IDLE,PROCESSING,47945.0,
EV001177,1222674,PROCESSING_COMPLETED,S15,U000011,0,PROCESSING,,34281.0,
EV001178,1222674,UNIT_ARRIVED,S16,U000011,1,,,,
EV001179,1222674,PROCESSING_STARTED,S16,U000011,0,STARVED,PROCESSING,31641.0,
EV001180,1226708,PROCESSING_COMPLETED,S06,U000027,0,PROCESSING,,32375.0,
EV001181,1226708,UNIT_ARRIVED,S07,U000027,2,,,,
EV001182,1227917,PROCESSING_COMPLETED,S07,U000025,2,PROCESSING,,47444.0,
EV001183,1227917,UNIT_ARRIVED,S08,U000025,6,,,,
EV001184,1227917,PROCESSING_STARTED,S07,U000026,1,IDLE,PROCESSING,38255.0,
EV001185,1228094,PROCESSING_COMPLETED,S05,U000028,1,PROCESSING,,38385.0,
EV001186,1228094,UNIT_ARRIVED,S06,U000028,1,,,,
EV001187,1228094,PROCESSING_STARTED,S06,U000028,0,STARVED,PROCESSING,36250.0,
EV001188,1228094,PROCESSING_STARTED,S05,U000029,0,IDLE,PROCESSING,41259.0,
EV001189,1228357,PROCESSING_COMPLETED,S29,U000001,0,PROCESSING,,39848.0,
EV001190,1228357,UNIT_ARRIVED,S30,U000001,1,,,,
EV001191,1228357,PROCESSING_STARTED,S30,U000001,0,IDLE,PROCESSING,41572.0,
EV001192,1229291,PROCESSING_COMPLETED,S04,U000030,1,PROCESSING,,34960.0,
EV001193,1229291,UNIT_ARRIVED,S05,U000030,1,,,,
EV001194,1229291,PROCESSING_STARTED,S04,U000031,0,IDLE,PROCESSING,43079.0,
EV001195,1235057,PROCESSING_COMPLETED,S02,U000033,0,PROCESSING,,32398.0,
EV001196,1235057,UNIT_ARRIVED,S03,U000033,1,,,,
EV001197,1235166,PROCESSING_COMPLETED,S10,U000017,0,PROCESSING,,51024.0,
EV001198,1235166,UNIT_ARRIVED,S11,U000017,1,,,,
EV001199,1235166,PROCESSING_STARTED,S11,U000017,0,STARVED,PROCESSING,33411.0,
EV001200,1236139,PROCESSING_COMPLETED,S26,U000003,0,PROCESSING,,33556.0,
EV001201,1236139,UNIT_ARRIVED,S27,U000003,1,,,,
EV001202,1236139,PROCESSING_STARTED,S27,U000003,0,STARVED,PROCESSING,31505.0,
EV001203,1237407,PROCESSING_COMPLETED,S01,U000034,0,PROCESSING,,36578.0,
EV001204,1237407,UNIT_ARRIVED,S02,U000034,1,,,,
EV001205,1237407,PROCESSING_STARTED,S02,U000034,0,STARVED,PROCESSING,37432.0,
EV001206,1237407,PROCESSING_STARTED,S01,U000035,0,IDLE,PROCESSING,37355.0,
EV001207,1237921,PROCESSING_COMPLETED,S24,U000004,0,PROCESSING,,48528.0,
EV001208,1237921,UNIT_ARRIVED,S25,U000004,1,,,,
EV001209,1237921,PROCESSING_STARTED,S25,U000004,0,STARVED,PROCESSING,39201.0,
EV001210,1244866,PROCESSING_COMPLETED,S19,U000008,0,PROCESSING,,34887.0,
EV001211,1244866,UNIT_ARRIVED,S20,U000008,1,,,,
EV001212,1244866,PROCESSING_STARTED,S20,U000008,0,STARVED,PROCESSING,36377.0,
EV001213,1245509,PROCESSING_COMPLETED,S14,U000012,0,PROCESSING,,42157.0,
EV001214,1245509,UNIT_ARRIVED,S15,U000012,1,,,,
EV001215,1245509,PROCESSING_STARTED,S15,U000012,0,STARVED,PROCESSING,43915.0,
EV001216,1245869,PROCESSING_COMPLETED,S12,U000016,0,PROCESSING,,32900.0,
EV001217,1245869,UNIT_ARRIVED,S13,U000016,3,,,,
EV001218,1245956,PROCESSING_COMPLETED,S23,U000005,0,PROCESSING,,46718.0,
EV001219,1245956,UNIT_ARRIVED,S24,U000005,1,,,,
EV001220,1245956,PROCESSING_STARTED,S24,U000005,0,STARVED,PROCESSING,64187.0,
EV001221,1249533,PROCESSING_COMPLETED,S09,U000018,0,PROCESSING,,33645.0,
EV001222,1249533,UNIT_ARRIVED,S10,U000018,1,,,,
EV001223,1249533,PROCESSING_STARTED,S10,U000018,0,STARVED,PROCESSING,45987.0,
EV001224,1250336,PROCESSING_COMPLETED,S28,U000002,0,PROCESSING,,43690.0,
EV001225,1250336,UNIT_ARRIVED,S29,U000002,1,,,,
EV001226,1250336,PROCESSING_STARTED,S29,U000002,0,STARVED,PROCESSING,43913.0,
EV001227,1252614,PROCESSING_COMPLETED,S03,U000032,1,PROCESSING,,33979.0,
EV001228,1252614,UNIT_ARRIVED,S04,U000032,1,,,,
EV001229,1252614,PROCESSING_STARTED,S03,U000033,0,IDLE,PROCESSING,33134.0,
EV001230,1254315,PROCESSING_COMPLETED,S16,U000011,0,PROCESSING,,31641.0,
EV001231,1254315,UNIT_ARRIVED,S17,U000011,1,,,,
EV001232,1261011,PROCESSING_COMPLETED,S13,U000013,3,PROCESSING,,57659.0,
EV001233,1261011,UNIT_ARRIVED,S14,U000013,1,,,,
EV001234,1261011,PROCESSING_STARTED,S14,U000013,0,STARVED,PROCESSING,44720.0,
EV001235,1261011,PROCESSING_STARTED,S13,U000014,2,IDLE,PROCESSING,46548.0,
EV001236,1261987,PROCESSING_COMPLETED,S22,U000006,0,PROCESSING,,39536.0,
EV001237,1261987,UNIT_ARRIVED,S23,U000006,1,,,,
EV001238,1261987,PROCESSING_STARTED,S23,U000006,0,STARVED,PROCESSING,28271.0,
EV001239,1263262,PROCESSING_COMPLETED,S18,U000009,0,PROCESSING,,53283.0,
EV001240,1263262,UNIT_ARRIVED,S19,U000009,1,,,,
EV001241,1263262,PROCESSING_STARTED,S19,U000009,0,STARVED,PROCESSING,34242.0,
EV001242,1264344,PROCESSING_COMPLETED,S06,U000028,0,PROCESSING,,36250.0,
EV001243,1264344,UNIT_ARRIVED,S07,U000028,2,,,,
EV001244,1266172,PROCESSING_COMPLETED,S07,U000026,2,PROCESSING,,38255.0,
EV001245,1266172,UNIT_ARRIVED,S08,U000026,7,,,,
EV001246,1266172,PROCESSING_STARTED,S07,U000027,1,IDLE,PROCESSING,43511.0,
EV001247,1267644,PROCESSING_COMPLETED,S27,U000003,0,PROCESSING,,31505.0,
EV001248,1267644,UNIT_ARRIVED,S28,U000003,1,,,,
EV001249,1267644,PROCESSING_STARTED,S28,U000003,0,STARVED,PROCESSING,35367.0,
EV001250,1268577,PROCESSING_COMPLETED,S11,U000017,0,PROCESSING,,33411.0,
EV001251,1268577,UNIT_ARRIVED,S12,U000017,1,,,,
EV001252,1268577,PROCESSING_STARTED,S12,U000017,0,STARVED,PROCESSING,40814.0,
EV001253,1269353,PROCESSING_COMPLETED,S05,U000029,1,PROCESSING,,41259.0,
EV001254,1269353,UNIT_ARRIVED,S06,U000029,1,,,,
EV001255,1269353,PROCESSING_STARTED,S06,U000029,0,STARVED,PROCESSING,34089.0,
EV001256,1269353,PROCESSING_STARTED,S05,U000030,0,IDLE,PROCESSING,39910.0,
EV001257,1269929,PROCESSING_COMPLETED,S30,U000001,0,PROCESSING,,41572.0,
EV001258,1269929,UNIT_ARRIVED,S31,U000001,1,,,,
EV001259,1269929,PROCESSING_STARTED,S31,U000001,0,IDLE,PROCESSING,48097.0,
EV001260,1270396,PROCESSING_COMPLETED,S21,U000007,0,PROCESSING,,47945.0,
EV001261,1270396,UNIT_ARRIVED,S22,U000007,1,,,,
EV001262,1270396,PROCESSING_STARTED,S22,U000007,0,STARVED,PROCESSING,33316.0,
EV001263,1271036,PROCESSING_COMPLETED,S17,U000010,1,PROCESSING,,52002.0,
EV001264,1271036,UNIT_ARRIVED,S18,U000010,1,,,,
EV001265,1271036,PROCESSING_STARTED,S18,U000010,0,STARVED,PROCESSING,45063.0,
EV001266,1271036,PROCESSING_STARTED,S17,U000011,0,IDLE,PROCESSING,45071.0,
EV001267,1272370,PROCESSING_COMPLETED,S04,U000031,1,PROCESSING,,43079.0,
EV001268,1272370,UNIT_ARRIVED,S05,U000031,1,,,,
EV001269,1272370,PROCESSING_STARTED,S04,U000032,0,IDLE,PROCESSING,42470.0,
EV001270,1272605,PROCESSING_COMPLETED,S08,U000019,7,PROCESSING,,56717.0,
EV001271,1272605,UNIT_ARRIVED,S09,U000019,1,,,,
EV001272,1272605,PROCESSING_STARTED,S09,U000019,0,STARVED,PROCESSING,37428.0,
EV001273,1272605,PROCESSING_STARTED,S08,U000020,6,IDLE,PROCESSING,47599.0,
EV001274,1274762,PROCESSING_COMPLETED,S01,U000035,0,PROCESSING,,37355.0,
EV001275,1274762,UNIT_ARRIVED,S02,U000035,1,,,,
EV001276,1274762,PROCESSING_STARTED,S01,U000036,0,IDLE,PROCESSING,44931.0,
EV001277,1274839,PROCESSING_COMPLETED,S02,U000034,1,PROCESSING,,37432.0,
EV001278,1274839,UNIT_ARRIVED,S03,U000034,1,,,,
EV001279,1274839,PROCESSING_STARTED,S02,U000035,0,IDLE,PROCESSING,30385.0,
EV001280,1277122,PROCESSING_COMPLETED,S25,U000004,0,PROCESSING,,39201.0,
EV001281,1277122,UNIT_ARRIVED,S26,U000004,1,,,,
EV001282,1277122,PROCESSING_STARTED,S26,U000004,0,STARVED,PROCESSING,36593.0,
EV001283,1281243,PROCESSING_COMPLETED,S20,U000008,0,PROCESSING,,36377.0,
EV001284,1281243,UNIT_ARRIVED,S21,U000008,1,,,,
EV001285,1281243,PROCESSING_STARTED,S21,U000008,0,STARVED,PROCESSING,39494.0,
EV001286,1285748,PROCESSING_COMPLETED,S03,U000033,1,PROCESSING,,33134.0,
EV001287,1285748,UNIT_ARRIVED,S04,U000033,1,,,,
EV001288,1285748,PROCESSING_STARTED,S03,U000034,0,IDLE,PROCESSING,31041.0,
EV001289,1289424,PROCESSING_COMPLETED,S15,U000012,0,PROCESSING,,43915.0,
EV001290,1289424,UNIT_ARRIVED,S16,U000012,1,,,,
EV001291,1289424,PROCESSING_STARTED,S16,U000012,0,STARVED,PROCESSING,29725.0,
EV001292,1290258,PROCESSING_COMPLETED,S23,U000006,0,PROCESSING,,28271.0,
EV001293,1290258,UNIT_ARRIVED,S24,U000006,1,,,,
EV001294,1294249,PROCESSING_COMPLETED,S29,U000002,0,PROCESSING,,43913.0,
EV001295,1294249,UNIT_ARRIVED,S30,U000002,1,,,,
EV001296,1294249,PROCESSING_STARTED,S30,U000002,0,STARVED,PROCESSING,51227.0,
EV001297,1295520,PROCESSING_COMPLETED,S10,U000018,0,PROCESSING,,45987.0,
EV001298,1295520,UNIT_ARRIVED,S11,U000018,1,,,,
EV001299,1295520,PROCESSING_STARTED,S11,U000018,0,STARVED,PROCESSING,31824.0,
EV001300,1297504,PROCESSING_COMPLETED,S19,U000009,0,PROCESSING,,34242.0,
EV001301,1297504,UNIT_ARRIVED,S20,U000009,1,,,,
EV001302,1297504,PROCESSING_STARTED,S20,U000009,0,STARVED,PROCESSING,34782.0,
EV001303,1303011,PROCESSING_COMPLETED,S28,U000003,0,PROCESSING,,35367.0,
EV001304,1303011,UNIT_ARRIVED,S29,U000003,1,,,,
EV001305,1303011,PROCESSING_STARTED,S29,U000003,0,STARVED,PROCESSING,48752.0,
EV001306,1303442,PROCESSING_COMPLETED,S06,U000029,0,PROCESSING,,34089.0,
EV001307,1303442,UNIT_ARRIVED,S07,U000029,2,,,,
EV001308,1303712,PROCESSING_COMPLETED,S22,U000007,0,PROCESSING,,33316.0,
EV001309,1303712,UNIT_ARRIVED,S23,U000007,1,,,,
EV001310,1303712,PROCESSING_STARTED,S23,U000007,0,STARVED,PROCESSING,35915.0,
EV001311,1305224,PROCESSING_COMPLETED,S02,U000035,0,PROCESSING,,30385.0,
EV001312,1305224,UNIT_ARRIVED,S03,U000035,1,,,,
EV001313,1305731,PROCESSING_COMPLETED,S14,U000013,0,PROCESSING,,44720.0,
EV001314,1305731,UNIT_ARRIVED,S15,U000013,1,,,,
EV001315,1305731,PROCESSING_STARTED,S15,U000013,0,STARVED,PROCESSING,40132.0,
EV001316,1307559,PROCESSING_COMPLETED,S13,U000014,2,PROCESSING,,46548.0,
EV001317,1307559,UNIT_ARRIVED,S14,U000014,1,,,,
EV001318,1307559,PROCESSING_STARTED,S14,U000014,0,STARVED,PROCESSING,33096.0,
EV001319,1307559,PROCESSING_STARTED,S13,U000015,1,IDLE,PROCESSING,60049.0,
EV001320,1309263,PROCESSING_COMPLETED,S05,U000030,1,PROCESSING,,39910.0,
EV001321,1309263,UNIT_ARRIVED,S06,U000030,1,,,,
EV001322,1309263,PROCESSING_STARTED,S06,U000030,0,STARVED,PROCESSING,32636.0,
EV001323,1309263,PROCESSING_STARTED,S05,U000031,0,IDLE,PROCESSING,38035.0,
EV001324,1309391,PROCESSING_COMPLETED,S12,U000017,0,PROCESSING,,40814.0,
EV001325,1309391,UNIT_ARRIVED,S13,U000017,2,,,,
EV001326,1309683,PROCESSING_COMPLETED,S07,U000027,2,PROCESSING,,43511.0,
EV001327,1309683,UNIT_ARRIVED,S08,U000027,7,,,,
EV001328,1309683,PROCESSING_STARTED,S07,U000028,1,IDLE,PROCESSING,48640.0,
EV001329,1310033,PROCESSING_COMPLETED,S09,U000019,0,PROCESSING,,37428.0,
EV001330,1310033,UNIT_ARRIVED,S10,U000019,1,,,,
EV001331,1310033,PROCESSING_STARTED,S10,U000019,0,STARVED,PROCESSING,56117.0,
EV001332,1310143,PROCESSING_COMPLETED,S24,U000005,1,PROCESSING,,64187.0,
EV001333,1310143,UNIT_ARRIVED,S25,U000005,1,,,,
EV001334,1310143,PROCESSING_STARTED,S25,U000005,0,STARVED,PROCESSING,44519.0,
EV001335,1310143,PROCESSING_STARTED,S24,U000006,0,IDLE,PROCESSING,53022.0,
EV001336,1313715,PROCESSING_COMPLETED,S26,U000004,0,PROCESSING,,36593.0,
EV001337,1313715,UNIT_ARRIVED,S27,U000004,1,,,,
EV001338,1313715,PROCESSING_STARTED,S27,U000004,0,STARVED,PROCESSING,39208.0,
EV001339,1314840,PROCESSING_COMPLETED,S04,U000032,1,PROCESSING,,42470.0,
EV001340,1314840,UNIT_ARRIVED,S05,U000032,1,,,,
EV001341,1314840,PROCESSING_STARTED,S04,U000033,0,IDLE,PROCESSING,40793.0,
EV001342,1316099,PROCESSING_COMPLETED,S18,U000010,0,PROCESSING,,45063.0,
EV001343,1316099,UNIT_ARRIVED,S19,U000010,1,,,,
EV001344,1316099,PROCESSING_STARTED,S19,U000010,0,STARVED,PROCESSING,32791.0,
EV001345,1316107,PROCESSING_COMPLETED,S17,U000011,0,PROCESSING,,45071.0,
EV001346,1316107,UNIT_ARRIVED,S18,U000011,1,,,,
EV001347,1316107,PROCESSING_STARTED,S18,U000011,0,STARVED,PROCESSING,48993.0,
EV001348,1316789,PROCESSING_COMPLETED,S03,U000034,1,PROCESSING,,31041.0,
EV001349,1316789,UNIT_ARRIVED,S04,U000034,1,,,,
EV001350,1316789,PROCESSING_STARTED,S03,U000035,0,IDLE,PROCESSING,34002.0,
EV001351,1318026,PROCESSING_COMPLETED,S31,U000001,0,PROCESSING,,48097.0,
EV001352,1318026,UNIT_ARRIVED,S32,U000001,1,,,,
EV001353,1318026,PROCESSING_STARTED,S32,U000001,0,IDLE,PROCESSING,31083.0,
EV001354,1319149,PROCESSING_COMPLETED,S16,U000012,0,PROCESSING,,29725.0,
EV001355,1319149,UNIT_ARRIVED,S17,U000012,1,,,,
EV001356,1319149,PROCESSING_STARTED,S17,U000012,0,STARVED,PROCESSING,48370.0,
EV001357,1319693,PROCESSING_COMPLETED,S01,U000036,0,PROCESSING,,44931.0,
EV001358,1319693,UNIT_ARRIVED,S02,U000036,1,,,,
EV001359,1319693,PROCESSING_STARTED,S02,U000036,0,STARVED,PROCESSING,30219.0,
EV001360,1319693,PROCESSING_STARTED,S01,U000037,0,IDLE,PROCESSING,39822.0,
EV001361,1320204,PROCESSING_COMPLETED,S08,U000020,7,PROCESSING,,47599.0,
EV001362,1320204,UNIT_ARRIVED,S09,U000020,1,,,,
EV001363,1320204,PROCESSING_STARTED,S09,U000020,0,STARVED,PROCESSING,41779.0,
EV001364,1320204,PROCESSING_STARTED,S08,U000021,6,IDLE,PROCESSING,55113.0,
EV001365,1320737,PROCESSING_COMPLETED,S21,U000008,0,PROCESSING,,39494.0,
EV001366,1320737,UNIT_ARRIVED,S22,U000008,1,,,,
EV001367,1320737,PROCESSING_STARTED,S22,U000008,0,STARVED,PROCESSING,33442.0,
EV001368,1327344,PROCESSING_COMPLETED,S11,U000018,0,PROCESSING,,31824.0,
EV001369,1327344,UNIT_ARRIVED,S12,U000018,1,,,,
EV001370,1327344,PROCESSING_STARTED,S12,U000018,0,STARVED,PROCESSING,43632.0,
EV001371,1332286,PROCESSING_COMPLETED,S20,U000009,0,PROCESSING,,34782.0,
EV001372,1332286,UNIT_ARRIVED,S21,U000009,1,,,,
EV001373,1332286,PROCESSING_STARTED,S21,U000009,0,STARVED,PROCESSING,56666.0,
EV001374,1339627,PROCESSING_COMPLETED,S23,U000007,0,PROCESSING,,35915.0,
EV001375,1339627,UNIT_ARRIVED,S24,U000007,1,,,,
EV001376,1340655,PROCESSING_COMPLETED,S14,U000014,0,PROCESSING,,33096.0,
EV001377,1340655,UNIT_ARRIVED,S15,U000014,1,,,,
EV001378,1341899,PROCESSING_COMPLETED,S06,U000030,0,PROCESSING,,32636.0,
EV001379,1341899,UNIT_ARRIVED,S07,U000030,2,,,,
EV001380,1345476,PROCESSING_COMPLETED,S30,U000002,0,PROCESSING,,51227.0,
EV001381,1345476,UNIT_ARRIVED,S31,U000002,1,,,,
EV001382,1345476,PROCESSING_STARTED,S31,U000002,0,STARVED,PROCESSING,45499.0,
EV001383,1345863,PROCESSING_COMPLETED,S15,U000013,1,PROCESSING,,40132.0,
EV001384,1345863,UNIT_ARRIVED,S16,U000013,1,,,,
EV001385,1345863,PROCESSING_STARTED,S16,U000013,0,STARVED,PROCESSING,36932.0,
EV001386,1345863,PROCESSING_STARTED,S15,U000014,0,IDLE,PROCESSING,33254.0,
EV001387,1347298,PROCESSING_COMPLETED,S05,U000031,1,PROCESSING,,38035.0,
EV001388,1347298,UNIT_ARRIVED,S06,U000031,1,,,,
EV001389,1347298,PROCESSING_STARTED,S06,U000031,0,STARVED,PROCESSING,33806.0,
EV001390,1347298,PROCESSING_STARTED,S05,U000032,0,IDLE,PROCESSING,41720.0,
EV001391,1348890,PROCESSING_COMPLETED,S19,U000010,0,PROCESSING,,32791.0,
EV001392,1348890,UNIT_ARRIVED,S20,U000010,1,,,,
EV001393,1348890,PROCESSING_STARTED,S20,U000010,0,STARVED,PROCESSING,40881.0,
EV001394,1349109,PROCESSING_COMPLETED,S32,U000001,0,PROCESSING,,31083.0,
EV001395,1349912,PROCESSING_COMPLETED,S02,U000036,0,PROCESSING,,30219.0,
EV001396,1349912,UNIT_ARRIVED,S03,U000036,1,,,,
EV001397,1350791,PROCESSING_COMPLETED,S03,U000035,1,PROCESSING,,34002.0,
EV001398,1350791,UNIT_ARRIVED,S04,U000035,2,,,,
EV001399,1350791,PROCESSING_STARTED,S03,U000036,0,IDLE,PROCESSING,29419.0,
EV001400,1351763,PROCESSING_COMPLETED,S29,U000003,0,PROCESSING,,48752.0,
EV001401,1351763,UNIT_ARRIVED,S30,U000003,1,,,,
EV001402,1351763,PROCESSING_STARTED,S30,U000003,0,STARVED,PROCESSING,51471.0,
EV001403,1352923,PROCESSING_COMPLETED,S27,U000004,0,PROCESSING,,39208.0,
EV001404,1352923,UNIT_ARRIVED,S28,U000004,1,,,,
EV001405,1352923,PROCESSING_STARTED,S28,U000004,0,STARVED,PROCESSING,48286.0,
EV001406,1354179,PROCESSING_COMPLETED,S22,U000008,0,PROCESSING,,33442.0,
EV001407,1354179,UNIT_ARRIVED,S23,U000008,1,,,,
EV001408,1354179,PROCESSING_STARTED,S23,U000008,0,STARVED,PROCESSING,45511.0,
EV001409,1354662,PROCESSING_COMPLETED,S25,U000005,0,PROCESSING,,44519.0,
EV001410,1354662,UNIT_ARRIVED,S26,U000005,1,,,,
EV001411,1354662,PROCESSING_STARTED,S26,U000005,0,STARVED,PROCESSING,42032.0,
EV001412,1355633,PROCESSING_COMPLETED,S04,U000033,2,PROCESSING,,40793.0,
EV001413,1355633,UNIT_ARRIVED,S05,U000033,1,,,,
EV001414,1355633,PROCESSING_STARTED,S04,U000034,1,IDLE,PROCESSING,33199.0,
EV001415,1358323,PROCESSING_COMPLETED,S07,U000028,2,PROCESSING,,48640.0,
EV001416,1358323,UNIT_ARRIVED,S08,U000028,7,,,,
EV001417,1358323,PROCESSING_STARTED,S07,U000029,1,IDLE,PROCESSING,45672.0,
EV001418,1359515,PROCESSING_COMPLETED,S01,U000037,0,PROCESSING,,39822.0,
EV001419,1359515,UNIT_ARRIVED,S02,U000037,1,,,,
EV001420,1359515,PROCESSING_STARTED,S02,U000037,0,STARVED,PROCESSING,27841.0,
EV001421,1359515,PROCESSING_STARTED,S01,U000038,0,IDLE,PROCESSING,33791.0,
EV001422,1361983,PROCESSING_COMPLETED,S09,U000020,0,PROCESSING,,41779.0,
EV001423,1361983,UNIT_ARRIVED,S10,U000020,1,,,,
EV001424,1363165,PROCESSING_COMPLETED,S24,U000006,1,PROCESSING,,53022.0,
EV001425,1363165,UNIT_ARRIVED,S25,U000006,1,,,,
EV001426,1363165,PROCESSING_STARTED,S25,U000006,0,STARVED,PROCESSING,32809.0,
EV001427,1363165,PROCESSING_STARTED,S24,U000007,0,IDLE,PROCESSING,54535.0,
EV001428,1365100,PROCESSING_COMPLETED,S18,U000011,0,PROCESSING,,48993.0,
EV001429,1365100,UNIT_ARRIVED,S19,U000011,1,,,,
EV001430,1365100,PROCESSING_STARTED,S19,U000011,0,STARVED,PROCESSING,34818.0,
EV001431,1366150,PROCESSING_COMPLETED,S10,U000019,1,PROCESSING,,56117.0,
EV001432,1366150,UNIT_ARRIVED,S11,U000019,1,,,,
EV001433,1366150,PROCESSING_STARTED,S11,U000019,0,STARVED,PROCESSING,32677.0,
EV001434,1366150,PROCESSING_STARTED,S10,U000020,0,IDLE,PROCESSING,41842.0,
EV001435,1367519,PROCESSING_COMPLETED,S17,U000012,0,PROCESSING,,48370.0,
EV001436,1367519,UNIT_ARRIVED,S18,U000012,1,,,,
EV001437,1367519,PROCESSING_STARTED,S18,U000012,0,STARVED,PROCESSING,65870.0,
EV001438,1367608,PROCESSING_COMPLETED,S13,U000015,2,PROCESSING,,60049.0,
EV001439,1367608,UNIT_ARRIVED,S14,U000015,1,,,,
EV001440,1367608,PROCESSING_STARTED,S14,U000015,0,STARVED,PROCESSING,41753.0,
EV001441,1367608,PROCESSING_STARTED,S13,U000016,1,IDLE,PROCESSING,58816.0,
EV001442,1370976,PROCESSING_COMPLETED,S12,U000018,0,PROCESSING,,43632.0,
EV001443,1370976,UNIT_ARRIVED,S13,U000018,2,,,,
EV001444,1375317,PROCESSING_COMPLETED,S08,U000021,7,PROCESSING,,55113.0,
EV001445,1375317,UNIT_ARRIVED,S09,U000021,1,,,,
EV001446,1375317,PROCESSING_STARTED,S09,U000021,0,STARVED,PROCESSING,43521.0,
EV001447,1375317,PROCESSING_STARTED,S08,U000022,6,IDLE,PROCESSING,57853.0,
EV001448,1379117,PROCESSING_COMPLETED,S15,U000014,0,PROCESSING,,33254.0,
EV001449,1379117,UNIT_ARRIVED,S16,U000014,1,,,,
EV001450,1380210,PROCESSING_COMPLETED,S03,U000036,0,PROCESSING,,29419.0,
EV001451,1380210,UNIT_ARRIVED,S04,U000036,2,,,,
EV001452,1381104,PROCESSING_COMPLETED,S06,U000031,0,PROCESSING,,33806.0,
EV001453,1381104,UNIT_ARRIVED,S07,U000031,2,,,,
EV001454,1382795,PROCESSING_COMPLETED,S16,U000013,1,PROCESSING,,36932.0,
EV001455,1382795,UNIT_ARRIVED,S17,U000013,1,,,,
EV001456,1382795,PROCESSING_STARTED,S17,U000013,0,STARVED,PROCESSING,38640.0,
EV001457,1382795,PROCESSING_STARTED,S16,U000014,0,IDLE,PROCESSING,41692.0,
EV001458,1387356,PROCESSING_COMPLETED,S02,U000037,0,PROCESSING,,27841.0,
EV001459,1387356,UNIT_ARRIVED,S03,U000037,1,,,,
EV001460,1387356,PROCESSING_STARTED,S03,U000037,0,STARVED,PROCESSING,39029.0,
EV001461,1388832,PROCESSING_COMPLETED,S04,U000034,2,PROCESSING,,33199.0,
EV001462,1388832,UNIT_ARRIVED,S05,U000034,2,,,,
EV001463,1388832,PROCESSING_STARTED,S04,U000035,1,IDLE,PROCESSING,38483.0,
EV001464,1388952,PROCESSING_COMPLETED,S21,U000009,0,PROCESSING,,56666.0,
EV001465,1388952,UNIT_ARRIVED,S22,U000009,1,,,,
EV001466,1388952,PROCESSING_STARTED,S22,U000009,0,STARVED,PROCESSING,38455.0,
EV001467,1389018,PROCESSING_COMPLETED,S05,U000032,2,PROCESSING,,41720.0,
EV001468,1389018,UNIT_ARRIVED,S06,U000032,1,,,,
EV001469,1389018,PROCESSING_STARTED,S06,U000032,0,STARVED,PROCESSING,31529.0,
EV001470,1389018,PROCESSING_STARTED,S05,U000033,1,IDLE,PROCESSING,32372.0,
EV001471,1389771,PROCESSING_COMPLETED,S20,U000010,0,PROCESSING,,40881.0,
EV001472,1389771,UNIT_ARRIVED,S21,U000010,1,,,,
EV001473,1389771,PROCESSING_STARTED,S21,U000010,0,STARVED,PROCESSING,53480.0,
EV001474,1390975,PROCESSING_COMPLETED,S31,U000002,0,PROCESSING,,45499.0,
EV001475,1390975,UNIT_ARRIVED,S32,U000002,1,,,,
EV001476,1390975,PROCESSING_STARTED,S32,U000002,0,STARVED,PROCESSING,29267.0,
EV001477,1393306,PROCESSING_COMPLETED,S01,U000038,0,PROCESSING,,33791.0,
EV001478,1393306,UNIT_ARRIVED,S02,U000038,1,,,,
EV001479,1393306,PROCESSING_STARTED,S02,U000038,0,STARVED,PROCESSING,31118.0,
EV001480,1393306,PROCESSING_STARTED,S01,U000039,0,IDLE,PROCESSING,30586.0,
EV001481,1395974,PROCESSING_COMPLETED,S25,U000006,0,PROCESSING,,32809.0,
EV001482,1395974,UNIT_ARRIVED,S26,U000006,1,,,,
EV001483,1396694,PROCESSING_COMPLETED,S26,U000005,1,PROCESSING,,42032.0,
EV001484,1396694,UNIT_ARRIVED,S27,U000005,1,,,,
EV001485,1396694,PROCESSING_STARTED,S27,U000005,0,STARVED,PROCESSING,36500.0,
EV001486,1396694,PROCESSING_STARTED,S26,U000006,0,IDLE,PROCESSING,32336.0,
EV001487,1398827,PROCESSING_COMPLETED,S11,U000019,0,PROCESSING,,32677.0,
EV001488,1398827,UNIT_ARRIVED,S12,U000019,1,,,,
EV001489,1398827,PROCESSING_STARTED,S12,U000019,0,STARVED,PROCESSING,36140.0,
EV001490,1399690,PROCESSING_COMPLETED,S23,U000008,0,PROCESSING,,45511.0,
EV001491,1399690,UNIT_ARRIVED,S24,U000008,1,,,,
EV001492,1399918,PROCESSING_COMPLETED,S19,U000011,0,PROCESSING,,34818.0,
EV001493,1399918,UNIT_ARRIVED,S20,U000011,1,,,,
EV001494,1399918,PROCESSING_STARTED,S20,U000011,0,STARVED,PROCESSING,38376.0,
EV001495,1401209,PROCESSING_COMPLETED,S28,U000004,0,PROCESSING,,48286.0,
EV001496,1401209,UNIT_ARRIVED,S29,U000004,1,,,,
EV001497,1401209,PROCESSING_STARTED,S29,U000004,0,STARVED,PROCESSING,44717.0,
EV001498,1403234,PROCESSING_COMPLETED,S30,U000003,0,PROCESSING,,51471.0,
EV001499,1403234,UNIT_ARRIVED,S31,U000003,1,,,,
EV001500,1403234,PROCESSING_STARTED,S31,U000003,0,STARVED,PROCESSING,56490.0,
EV001501,1403995,PROCESSING_COMPLETED,S07,U000029,2,PROCESSING,,45672.0,
EV001502,1403995,UNIT_ARRIVED,S08,U000029,7,,,,
EV001503,1403995,PROCESSING_STARTED,S07,U000030,1,IDLE,PROCESSING,40223.0,
EV001504,1407992,PROCESSING_COMPLETED,S10,U000020,0,PROCESSING,,41842.0,
EV001505,1407992,UNIT_ARRIVED,S11,U000020,1,,,,
EV001506,1407992,PROCESSING_STARTED,S11,U000020,0,STARVED,PROCESSING,29132.0,
EV001507,1409361,PROCESSING_COMPLETED,S14,U000015,0,PROCESSING,,41753.0,
EV001508,1409361,UNIT_ARRIVED,S15,U000015,1,,,,
EV001509,1409361,PROCESSING_STARTED,S15,U000015,0,STARVED,PROCESSING,39984.0,
EV001510,1417700,PROCESSING_COMPLETED,S24,U000007,1,PROCESSING,,54535.0,
EV001511,1417700,UNIT_ARRIVED,S25,U000007,1,,,,
EV001512,1417700,PROCESSING_STARTED,S25,U000007,0,STARVED,PROCESSING,38263.0,
EV001513,1417700,PROCESSING_STARTED,S24,U000008,0,IDLE,PROCESSING,53921.0,
EV001514,1418838,PROCESSING_COMPLETED,S09,U000021,0,PROCESSING,,43521.0,
EV001515,1418838,UNIT_ARRIVED,S10,U000021,1,,,,
EV001516,1418838,PROCESSING_STARTED,S10,U000021,0,STARVED,PROCESSING,47640.0,
EV001517,1420242,PROCESSING_COMPLETED,S32,U000002,0,PROCESSING,,29267.0,
EV001518,1420547,PROCESSING_COMPLETED,S06,U000032,0,PROCESSING,,31529.0,
EV001519,1420547,UNIT_ARRIVED,S07,U000032,2,,,,
EV001520,1421390,PROCESSING_COMPLETED,S05,U000033,1,PROCESSING,,32372.0,
EV001521,1421390,UNIT_ARRIVED,S06,U000033,1,,,,
EV001522,1421390,PROCESSING_STARTED,S06,U000033,0,STARVED,PROCESSING,28556.0,
EV001523,1421390,PROCESSING_STARTED,S05,U000034,0,IDLE,PROCESSING,34474.0,
EV001524,1421435,PROCESSING_COMPLETED,S17,U000013,0,PROCESSING,,38640.0,
EV001525,1421435,UNIT_ARRIVED,S18,U000013,1,,,,
EV001526,1423892,PROCESSING_COMPLETED,S01,U000039,0,PROCESSING,,30586.0,
EV001527,1423892,UNIT_ARRIVED,S02,U000039,1,,,,
EV001528,1423892,PROCESSING_STARTED,S01,U000040,0,IDLE,PROCESSING,36699.0,
EV001529,1424424,PROCESSING_COMPLETED,S02,U000038,1,PROCESSING,,31118.0,
EV001530,1424424,UNIT_ARRIVED,S03,U000038,1,,,,
EV001531,1424424,PROCESSING_STARTED,S02,U000039,0,IDLE,PROCESSING,37778.0,
EV001532,1424487,PROCESSING_COMPLETED,S16,U000014,0,PROCESSING,,41692.0,
EV001533,1424487,UNIT_ARRIVED,S17,U000014,1,,,,
EV001534,1424487,PROCESSING_STARTED,S17,U000014,0,STARVED,PROCESSING,49982.0,
EV001535,1426385,PROCESSING_COMPLETED,S03,U000037,1,PROCESSING,,39029.0,
EV001536,1426385,UNIT_ARRIVED,S04,U000037,2,,,,
EV001537,1426385,PROCESSING_STARTED,S03,U000038,0,IDLE,PROCESSING,37505.0,
EV001538,1426424,PROCESSING_COMPLETED,S13,U000016,2,PROCESSING,,58816.0,
EV001539,1426424,UNIT_ARRIVED,S14,U000016,1,,,,
EV001540,1426424,PROCESSING_STARTED,S14,U000016,0,STARVED,PROCESSING,32082.0,
EV001541,1426424,PROCESSING_STARTED,S13,U000017,1,IDLE,PROCESSING,56727.0,
EV001542,1427315,PROCESSING_COMPLETED,S04,U000035,2,PROCESSING,,38483.0,
EV001543,1427315,UNIT_ARRIVED,S05,U000035,1,,,,
EV001544,1427315,PROCESSING_STARTED,S04,U000036,1,IDLE,PROCESSING,38459.0,
EV001545,1427407,PROCESSING_COMPLETED,S22,U000009,0,PROCESSING,,38455.0,
EV001546,1427407,UNIT_ARRIVED,S23,U000009,1,,,,
EV001547,1427407,PROCESSING_STARTED,S23,U000009,0,STARVED,PROCESSING,38783.0,
EV001548,1429030,PROCESSING_COMPLETED,S26,U000006,0,PROCESSING,,32336.0,
EV001549,1429030,UNIT_ARRIVED,S27,U000006,1,,,,
EV001550,1433170,PROCESSING_COMPLETED,S08,U000022,7,PROCESSING,,57853.0,
EV001551,1433170,UNIT_ARRIVED,S09,U000022,1,,,,
EV001552,1433170,PROCESSING_STARTED,S09,U000022,0,STARVED,PROCESSING,38686.0,
EV001553,1433170,PROCESSING_STARTED,S08,U000023,6,IDLE,PROCESSING,55636.0,
EV001554,1433194,PROCESSING_COMPLETED,S27,U000005,1,PROCESSING,,36500.0,
EV001555,1433194,UNIT_ARRIVED,S28,U000005,1,,,,
EV001556,1433194,PROCESSING_STARTED,S28,U000005,0,STARVED,PROCESSING,43606.0,
EV001557,1433194,PROCESSING_STARTED,S27,U000006,0,IDLE,PROCESSING,32386.0,
EV001558,1433389,PROCESSING_COMPLETED,S18,U000012,1,PROCESSING,,65870.0,
EV001559,1433389,UNIT_ARRIVED,S19,U000012,1,,,,
EV001560,1433389,PROCESSING_STARTED,S19,U000012,0,STARVED,PROCESSING,33592.0,
EV001561,1433389,PROCESSING_STARTED,S18,U000013,0,IDLE,PROCESSING,61944.0,
EV001562,1434967,PROCESSING_COMPLETED,S12,U000019,0,PROCESSING,,36140.0,
EV001563,1434967,UNIT_ARRIVED,S13,U000019,2,,,,
EV001564,1437124,PROCESSING_COMPLETED,S11,U000020,0,PROCESSING,,29132.0,
EV001565,1437124,UNIT_ARRIVED,S12,U000020,1,,,,
EV001566,1437124,PROCESSING_STARTED,S12,U000020,0,STARVED,PROCESSING,34182.0,
EV001567,1438294,PROCESSING_COMPLETED,S20,U000011,0,PROCESSING,,38376.0,
EV001568,1438294,UNIT_ARRIVED,S21,U000011,1,,,,
EV001569,1443251,PROCESSING_COMPLETED,S21,U000010,1,PROCESSING,,53480.0,
EV001570,1443251,UNIT_ARRIVED,S22,U000010,1,,,,
EV001571,1443251,PROCESSING_STARTED,S22,U000010,0,STARVED,PROCESSING,40584.0,
EV001572,1443251,PROCESSING_STARTED,S21,U000011,0,IDLE,PROCESSING,55642.0,
EV001573,1444218,PROCESSING_COMPLETED,S07,U000030,2,PROCESSING,,40223.0,
EV001574,1444218,UNIT_ARRIVED,S08,U000030,7,,,,
EV001575,1444218,PROCESSING_STARTED,S07,U000031,1,IDLE,PROCESSING,57204.0,
EV001576,1445926,PROCESSING_COMPLETED,S29,U000004,0,PROCESSING,,44717.0,
EV001577,1445926,UNIT_ARRIVED,S30,U000004,1,,,,
EV001578,1445926,PROCESSING_STARTED,S30,U000004,0,STARVED,PROCESSING,41372.0,
EV001579,1449345,PROCESSING_COMPLETED,S15,U000015,0,PROCESSING,,39984.0,
EV001580,1449345,UNIT_ARRIVED,S16,U000015,1,,,,
EV001581,1449345,PROCESSING_STARTED,S16,U000015,0,STARVED,PROCESSING,32523.0,
EV001582,1449946,PROCESSING_COMPLETED,S06,U000033,0,PROCESSING,,28556.0,
EV001583,1449946,UNIT_ARRIVED,S07,U000033,2,,,,
EV001584,1455864,PROCESSING_COMPLETED,S05,U000034,1,PROCESSING,,34474.0,
EV001585,1455864,UNIT_ARRIVED,S06,U000034,1,,,,
EV001586,1455864,PROCESSING_STARTED,S06,U000034,0,STARVED,PROCESSING,35004.0,
EV001587,1455864,PROCESSING_STARTED,S05,U000035,0,IDLE,PROCESSING,35662.0,
EV001588,1455963,PROCESSING_COMPLETED,S25,U000007,0,PROCESSING,,38263.0,
EV001589,1455963,UNIT_ARRIVED,S26,U000007,1,,,,
EV001590,1455963,PROCESSING_STARTED,S26,U000007,0,STARVED,PROCESSING,33153.0,
EV001591,1458506,PROCESSING_COMPLETED,S14,U000016,0,PROCESSING,,32082.0,
EV001592,1458506,UNIT_ARRIVED,S15,U000016,1,,,,
EV001593,1458506,PROCESSING_STARTED,S15,U000016,0,STARVED,PROCESSING,32611.0,
EV001594,1459724,PROCESSING_COMPLETED,S31,U000003,0,PROCESSING,,56490.0,
EV001595,1459724,UNIT_ARRIVED,S32,U000003,1,,,,
EV001596,1459724,PROCESSING_STARTED,S32,U000003,0,STARVED,PROCESSING,33972.0,
EV001597,1460591,PROCESSING_COMPLETED,S01,U000040,0,PROCESSING,,36699.0,
EV001598,1460591,UNIT_ARRIVED,S02,U000040,1,,,,
EV001599,1460591,PROCESSING_STARTED,S01,U000041,0,IDLE,PROCESSING,37200.0,
EV001600,1462202,PROCESSING_COMPLETED,S02,U000039,1,PROCESSING,,37778.0,
EV001601,1462202,UNIT_ARRIVED,S03,U000039,1,,,,
EV001602,1462202,PROCESSING_STARTED,S02,U000040,0,IDLE,PROCESSING,34249.0,
EV001603,1463890,PROCESSING_COMPLETED,S03,U000038,1,PROCESSING,,37505.0,
EV001604,1463890,UNIT_ARRIVED,S04,U000038,2,,,,
EV001605,1463890,PROCESSING_STARTED,S03,U000039,0,IDLE,PROCESSING,33572.0,
EV001606,1465580,PROCESSING_COMPLETED,S27,U000006,0,PROCESSING,,32386.0,
EV001607,1465580,UNIT_ARRIVED,S28,U000006,1,,,,
EV001608,1465774,PROCESSING_COMPLETED,S04,U000036,2,PROCESSING,,38459.0,
EV001609,1465774,UNIT_ARRIVED,S05,U000036,1,,,,
EV001610,1465774,PROCESSING_STARTED,S04,U000037,1,IDLE,PROCESSING,34248.0,
EV001611,1466190,PROCESSING_COMPLETED,S23,U000009,0,PROCESSING,,38783.0,
EV001612,1466190,UNIT_ARRIVED,S24,U000009,1,,,,
EV001613,1466478,PROCESSING_COMPLETED,S10,U000021,0,PROCESSING,,47640.0,
EV001614,1466478,UNIT_ARRIVED,S11,U000021,1,,,,
EV001615,1466478,PROCESSING_STARTED,S11,U000021,0,STARVED,PROCESSING,39401.0,
EV001616,1466981,PROCESSING_COMPLETED,S19,U000012,0,PROCESSING,,33592.0,
EV001617,1466981,UNIT_ARRIVED,S20,U000012,1,,,,
EV001618,1466981,PROCESSING_STARTED,S20,U000012,0,STARVED,PROCESSING,37506.0,
EV001619,1471306,PROCESSING_COMPLETED,S12,U000020,0,PROCESSING,,34182.0,
EV001620,1471306,UNIT_ARRIVED,S13,U000020,3,,,,
EV001621,1471621,PROCESSING_COMPLETED,S24,U000008,1,PROCESSING,,53921.0,
EV001622,1471621,UNIT_ARRIVED,S25,U000008,1,,,,
EV001623,1471621,PROCESSING_STARTED,S25,U000008,0,STARVED,PROCESSING,37143.0,
EV001624,1471621,PROCESSING_STARTED,S24,U000009,0,IDLE,PROCESSING,55808.0,
EV001625,1471856,PROCESSING_COMPLETED,S09,U000022,0,PROCESSING,,38686.0,
EV001626,1471856,UNIT_ARRIVED,S10,U000022,1,,,,
EV001627,1471856,PROCESSING_STARTED,S10,U000022,0,STARVED,PROCESSING,47927.0,
EV001628,1474469,PROCESSING_COMPLETED,S17,U000014,0,PROCESSING,,49982.0,
EV001629,1474469,UNIT_ARRIVED,S18,U000014,1,,,,
EV001630,1476800,PROCESSING_COMPLETED,S28,U000005,1,PROCESSING,,43606.0,
EV001631,1476800,UNIT_ARRIVED,S29,U000005,1,,,,
EV001632,1476800,PROCESSING_STARTED,S29,U000005,0,STARVED,PROCESSING,39029.0,
EV001633,1476800,PROCESSING_STARTED,S28,U000006,0,IDLE,PROCESSING,42673.0,
EV001634,1481868,PROCESSING_COMPLETED,S16,U000015,0,PROCESSING,,32523.0,
EV001635,1481868,UNIT_ARRIVED,S17,U000015,1,,,,
EV001636,1481868,PROCESSING_STARTED,S17,U000015,0,STARVED,PROCESSING,47745.0,
EV001637,1483151,PROCESSING_COMPLETED,S13,U000017,3,PROCESSING,,56727.0,
EV001638,1483151,UNIT_ARRIVED,S14,U000017,1,,,,
EV001639,1483151,PROCESSING_STARTED,S14,U000017,0,STARVED,PROCESSING,47597.0,
EV001640,1483151,PROCESSING_STARTED,S13,U000018,2,IDLE,PROCESSING,47922.0,
EV001641,1483835,PROCESSING_COMPLETED,S22,U000010,0,PROCESSING,,40584.0,
EV001642,1483835,UNIT_ARRIVED,S23,U000010,1,,,,
EV001643,1483835,PROCESSING_STARTED,S23,U000010,0,STARVED,PROCESSING,37795.0,
EV001644,1487298,PROCESSING_COMPLETED,S30,U000004,0,PROCESSING,,41372.0,
EV001645,1487298,UNIT_ARRIVED,S31,U000004,1,,,,
EV001646,1487298,PROCESSING_STARTED,S31,U000004,0,STARVED,PROCESSING,44007.0,
EV001647,1488806,PROCESSING_COMPLETED,S08,U000023,7,PROCESSING,,55636.0,
EV001648,1488806,UNIT_ARRIVED,S09,U000023,1,,,,
EV001649,1488806,PROCESSING_STARTED,S09,U000023,0,STARVED,PROCESSING,43260.0,
EV001650,1488806,PROCESSING_STARTED,S08,U000024,6,IDLE,PROCESSING,56916.0,
EV001651,1489116,PROCESSING_COMPLETED,S26,U000007,0,PROCESSING,,33153.0,
EV001652,1489116,UNIT_ARRIVED,S27,U000007,1,,,,
EV001653,1489116,PROCESSING_STARTED,S27,U000007,0,STARVED,PROCESSING,43545.0,
EV001654,1490868,PROCESSING_COMPLETED,S06,U000034,0,PROCESSING,,35004.0,
EV001655,1490868,UNIT_ARRIVED,S07,U000034,3,,,,
EV001656,1491117,PROCESSING_COMPLETED,S15,U000016,0,PROCESSING,,32611.0,
EV001657,1491117,UNIT_ARRIVED,S16,U000016,1,,,,
EV001658,1491117,PROCESSING_STARTED,S16,U000016,0,STARVED,PROCESSING,41113.0,
EV001659,1491526,PROCESSING_COMPLETED,S05,U000035,1,PROCESSING,,35662.0,
EV001660,1491526,UNIT_ARRIVED,S06,U000035,1,,,,
EV001661,1491526,PROCESSING_STARTED,S06,U000035,0,STARVED,PROCESSING,39928.0,
EV001662,1491526,PROCESSING_STARTED,S05,U000036,0,IDLE,PROCESSING,38747.0,
EV001663,1493696,PROCESSING_COMPLETED,S32,U000003,0,PROCESSING,,33972.0,
EV001664,1495333,PROCESSING_COMPLETED,S18,U000013,1,PROCESSING,,61944.0,
EV001665,1495333,UNIT_ARRIVED,S19,U000013,1,,,,
EV001666,1495333,PROCESSING_STARTED,S19,U000013,0,STARVED,PROCESSING,42591.0,
EV001667,1495333,PROCESSING_STARTED,S18,U000014,0,IDLE,PROCESSING,54934.0,
EV001668,1496451,PROCESSING_COMPLETED,S02,U000040,0,PROCESSING,,34249.0,
EV001669,1496451,UNIT_ARRIVED,S03,U000040,1,,,,
EV001670,1497462,PROCESSING_COMPLETED,S03,U000039,1,PROCESSING,,33572.0,
EV001671,1497462,UNIT_ARRIVED,S04,U000039,2,,,,
EV001672,1497462,PROCESSING_STARTED,S03,U000040,0,IDLE,PROCESSING,35238.0,
EV001673,1497791,PROCESSING_COMPLETED,S01,U000041,0,PROCESSING,,37200.0,
EV001674,1497791,UNIT_ARRIVED,S02,U000041,1,,,,
EV001675,1497791,PROCESSING_STARTED,S02,U000041,0,STARVED,PROCESSING,39269.0,
EV001676,1497791,PROCESSING_STARTED,S01,U000042,0,IDLE,PROCESSING,38317.0,
EV001677,1498893,PROCESSING_COMPLETED,S21,U000011,0,PROCESSING,,55642.0,
EV001678,1498893,UNIT_ARRIVED,S22,U000011,1,,,,
EV001679,1498893,PROCESSING_STARTED,S22,U000011,0,STARVED,PROCESSING,42992.0,
EV001680,1500022,PROCESSING_COMPLETED,S04,U000037,2,PROCESSING,,34248.0,
EV001681,1500022,UNIT_ARRIVED,S05,U000037,1,,,,
EV001682,1500022,PROCESSING_STARTED,S04,U000038,1,IDLE,PROCESSING,37472.0,
EV001683,1501422,PROCESSING_COMPLETED,S07,U000031,3,PROCESSING,,57204.0,
EV001684,1501422,UNIT_ARRIVED,S08,U000031,7,,,,
EV001685,1501422,PROCESSING_STARTED,S07,U000032,2,IDLE,PROCESSING,45064.0,
EV001686,1504487,PROCESSING_COMPLETED,S20,U000012,0,PROCESSING,,37506.0,
EV001687,1504487,UNIT_ARRIVED,S21,U000012,1,,,,
EV001688,1504487,PROCESSING_STARTED,S21,U000012,0,STARVED,PROCESSING,52409.0,
EV001689,1505879,PROCESSING_COMPLETED,S11,U000021,0,PROCESSING,,39401.0,
EV001690,1505879,UNIT_ARRIVED,S12,U000021,1,,,,
EV001691,1505879,PROCESSING_STARTED,S12,U000021,0,STARVED,PROCESSING,39154.0,
EV001692,1508764,PROCESSING_COMPLETED,S25,U000008,0,PROCESSING,,37143.0,
EV001693,1508764,UNIT_ARRIVED,S26,U000008,1,,,,
EV001694,1508764,PROCESSING_STARTED,S26,U000008,0,STARVED,PROCESSING,36973.0,
EV001695,1515829,PROCESSING_COMPLETED,S29,U000005,0,PROCESSING,,39029.0,
EV001696,1515829,UNIT_ARRIVED,S30,U000005,1,,,,
EV001697,1515829,PROCESSING_STARTED,S30,U000005,0,STARVED,PROCESSING,47879.0,
EV001698,1519473,PROCESSING_COMPLETED,S28,U000006,0,PROCESSING,,42673.0,
EV001699,1519473,UNIT_ARRIVED,S29,U000006,1,,,,
EV001700,1519473,PROCESSING_STARTED,S29,U000006,0,STARVED,PROCESSING,44306.0,
EV001701,1519783,PROCESSING_COMPLETED,S10,U000022,0,PROCESSING,,47927.0,
EV001702,1519783,UNIT_ARRIVED,S11,U000022,1,,,,
EV001703,1519783,PROCESSING_STARTED,S11,U000022,0,STARVED,PROCESSING,32887.0,
EV001704,1521630,PROCESSING_COMPLETED,S23,U000010,0,PROCESSING,,37795.0,
EV001705,1521630,UNIT_ARRIVED,S24,U000010,1,,,,
EV001706,1527429,PROCESSING_COMPLETED,S24,U000009,1,PROCESSING,,55808.0,
EV001707,1527429,UNIT_ARRIVED,S25,U000009,1,,,,
EV001708,1527429,PROCESSING_STARTED,S25,U000009,0,STARVED,PROCESSING,36818.0,
EV001709,1527429,PROCESSING_STARTED,S24,U000010,0,IDLE,PROCESSING,50656.0,
EV001710,1529613,PROCESSING_COMPLETED,S17,U000015,0,PROCESSING,,47745.0,
EV001711,1529613,UNIT_ARRIVED,S18,U000015,1,,,,
EV001712,1530273,PROCESSING_COMPLETED,S05,U000036,1,PROCESSING,,38747.0,
EV001713,1530273,UNIT_ARRIVED,S06,U000036,1,,,,
EV001714,1530273,PROCESSING_STARTED,S05,U000037,0,IDLE,PROCESSING,33318.0,
EV001715,1530748,PROCESSING_COMPLETED,S14,U000017,0,PROCESSING,,47597.0,
EV001716,1530748,UNIT_ARRIVED,S15,U000017,1,,,,
EV001717,1530748,PROCESSING_STARTED,S15,U000017,0,STARVED,PROCESSING,46265.0,
EV001718,1531073,PROCESSING_COMPLETED,S13,U000018,2,PROCESSING,,47922.0,
EV001719,1531073,UNIT_ARRIVED,S14,U000018,1,,,,
EV001720,1531073,PROCESSING_STARTED,S14,U000018,0,STARVED,PROCESSING,30309.0,
EV001721,1531073,PROCESSING_STARTED,S13,U000019,1,IDLE,PROCESSING,65775.0,
EV001722,1531305,PROCESSING_COMPLETED,S31,U000004,0,PROCESSING,,44007.0,
EV001723,1531305,UNIT_ARRIVED,S32,U000004,1,,,,
EV001724,1531305,PROCESSING_STARTED,S32,U000004,0,STARVED,PROCESSING,31293.0,
EV001725,1531454,PROCESSING_COMPLETED,S06,U000035,1,PROCESSING,,39928.0,
EV001726,1531454,UNIT_ARRIVED,S07,U000035,3,,,,
EV001727,1531454,PROCESSING_STARTED,S06,U000036,0,IDLE,PROCESSING,34370.0,
EV001728,1532066,PROCESSING_COMPLETED,S09,U000023,0,PROCESSING,,43260.0,
EV001729,1532066,UNIT_ARRIVED,S10,U000023,1,,,,
EV001730,1532066,PROCESSING_STARTED,S10,U000023,0,STARVED,PROCESSING,48076.0,
EV001731,1532230,PROCESSING_COMPLETED,S16,U000016,0,PROCESSING,,41113.0,
EV001732,1532230,UNIT_ARRIVED,S17,U000016,1,,,,
EV001733,1532230,PROCESSING_STARTED,S17,U000016,0,STARVED,PROCESSING,44213.0,
EV001734,1532661,PROCESSING_COMPLETED,S27,U000007,0,PROCESSING,,43545.0,
EV001735,1532661,UNIT_ARRIVED,S28,U000007,1,,,,
EV001736,1532661,PROCESSING_STARTED,S28,U000007,0,STARVED,PROCESSING,40672.0,
EV001737,1532700,PROCESSING_COMPLETED,S03,U000040,0,PROCESSING,,35238.0,
EV001738,1532700,UNIT_ARRIVED,S04,U000040,2,,,,
EV001739,1536108,PROCESSING_COMPLETED,S01,U000042,0,PROCESSING,,38317.0,
EV001740,1536108,UNIT_ARRIVED,S02,U000042,1,,,,
EV001741,1536108,PROCESSING_STARTED,S01,U000043,0,IDLE,PROCESSING,36443.0,
EV001742,1537060,PROCESSING_COMPLETED,S02,U000041,1,PROCESSING,,39269.0,
EV001743,1537060,UNIT_ARRIVED,S03,U000041,1,,,,
EV001744,1537060,PROCESSING_STARTED,S03,U000041,0,STARVED,PROCESSING,38742.0,
EV001745,1537060,PROCESSING_STARTED,S02,U000042,0,IDLE,PROCESSING,36665.0,
EV001746,1537494,PROCESSING_COMPLETED,S04,U000038,2,PROCESSING,,37472.0,
EV001747,1537494,UNIT_ARRIVED,S05,U000038,1,,,,
EV001748,1537494,PROCESSING_STARTED,S04,U000039,1,IDLE,PROCESSING,47033.0,
EV001749,1537924,PROCESSING_COMPLETED,S19,U000013,0,PROCESSING,,42591.0,
EV001750,1537924,UNIT_ARRIVED,S20,U000013,1,,,,
EV001751,1537924,PROCESSING_STARTED,S20,U000013,0,STARVED,PROCESSING,38796.0,
EV001752,1541885,PROCESSING_COMPLETED,S22,U000011,0,PROCESSING,,42992.0,
EV001753,1541885,UNIT_ARRIVED,S23,U000011,1,,,,
EV001754,1541885,PROCESSING_STARTED,S23,U000011,0,STARVED,PROCESSING,45502.0,
EV001755,1545033,PROCESSING_COMPLETED,S12,U000021,0,PROCESSING,,39154.0,
EV001756,1545033,UNIT_ARRIVED,S13,U000021,2,,,,
EV001757,1545722,PROCESSING_COMPLETED,S08,U000024,7,PROCESSING,,56916.0,
EV001758,1545722,UNIT_ARRIVED,S09,U000024,1,,,,
EV001759,1545722,PROCESSING_STARTED,S09,U000024,0,STARVED,PROCESSING,35675.0,
EV001760,1545722,PROCESSING_STARTED,S08,U000025,6,IDLE,PROCESSING,56321.0,
EV001761,1545737,PROCESSING_COMPLETED,S26,U000008,0,PROCESSING,,36973.0,
EV001762,1545737,UNIT_ARRIVED,S27,U000008,1,,,,
EV001763,1545737,PROCESSING_STARTED,S27,U000008,0,STARVED,PROCESSING,41824.0,
EV001764,1546486,PROCESSING_COMPLETED,S07,U000032,3,PROCESSING,,45064.0,
EV001765,1546486,UNIT_ARRIVED,S08,U000032,7,,,,
EV001766,1546486,PROCESSING_STARTED,S07,U000033,2,IDLE,PROCESSING,39373.0,
EV001767,1550267,PROCESSING_COMPLETED,S18,U000014,1,PROCESSING,,54934.0,
EV001768,1550267,UNIT_ARRIVED,S19,U000014,1,,,,
EV001769,1550267,PROCESSING_STARTED,S19,U000014,0,STARVED,PROCESSING,40247.0,
EV001770,1550267,PROCESSING_STARTED,S18,U000015,0,IDLE,PROCESSING,52598.0,
EV001771,1552670,PROCESSING_COMPLETED,S11,U000022,0,PROCESSING,,32887.0,
EV001772,1552670,UNIT_ARRIVED,S12,U000022,1,,,,
EV001773,1552670,PROCESSING_STARTED,S12,U000022,0,STARVED,PROCESSING,55947.0,
EV001774,1556896,PROCESSING_COMPLETED,S21,U000012,0,PROCESSING,,52409.0,
EV001775,1556896,UNIT_ARRIVED,S22,U000012,1,,,,
EV001776,1556896,PROCESSING_STARTED,S22,U000012,0,STARVED,PROCESSING,33223.0,
EV001777,1561382,PROCESSING_COMPLETED,S14,U000018,0,PROCESSING,,30309.0,
EV001778,1561382,UNIT_ARRIVED,S15,U000018,1,,,,
EV001779,1562598,PROCESSING_COMPLETED,S32,U000004,0,PROCESSING,,31293.0,
EV001780,1563591,PROCESSING_COMPLETED,S05,U000037,1,PROCESSING,,33318.0,
EV001781,1563591,UNIT_ARRIVED,S06,U000037,1,,,,
EV001782,1563591,PROCESSING_STARTED,S05,U000038,0,IDLE,PROCESSING,39263.0,
EV001783,1563708,PROCESSING_COMPLETED,S30,U000005,0,PROCESSING,,47879.0,
EV001784,1563708,UNIT_ARRIVED,S31,U000005,1,,,,
EV001785,1563708,PROCESSING_STARTED,S31,U000005,0,STARVED,PROCESSING,55721.0,
EV001786,1563779,PROCESSING_COMPLETED,S29,U000006,0,PROCESSING,,44306.0,
EV001787,1563779,UNIT_ARRIVED,S30,U000006,1,,,,
EV001788,1563779,PROCESSING_STARTED,S30,U000006,0,STARVED,PROCESSING,40386.0,
EV001789,1564247,PROCESSING_COMPLETED,S25,U000009,0,PROCESSING,,36818.0,
EV001790,1564247,UNIT_ARRIVED,S26,U000009,1,,,,
EV001791,1564247,PROCESSING_STARTED,S26,U000009,0,STARVED,PROCESSING,27262.0,
EV001792,1565824,PROCESSING_COMPLETED,S06,U000036,1,PROCESSING,,34370.0,
EV001793,1565824,UNIT_ARRIVED,S07,U000036,3,,,,
EV001794,1565824,PROCESSING_STARTED,S06,U000037,0,IDLE,PROCESSING,32558.0,
EV001795,1572551,PROCESSING_COMPLETED,S01,U000043,0,PROCESSING,,36443.0,
EV001796,1572551,UNIT_ARRIVED,S02,U000043,1,,,,
EV001797,1572551,PROCESSING_STARTED,S01,U000044,0,IDLE,PROCESSING,38616.0,
EV001798,1573333,PROCESSING_COMPLETED,S28,U000007,0,PROCESSING,,40672.0,
EV001799,1573333,UNIT_ARRIVED,S29,U000007,1,,,,
EV001800,1573333,PROCESSING_STARTED,S29,U000007,0,STARVED,PROCESSING,39084.0,
EV001801,1573725,PROCESSING_COMPLETED,S02,U000042,1,PROCESSING,,36665.0,
EV001802,1573725,UNIT_ARRIVED,S03,U000042,1,,,,
EV001803,1573725,PROCESSING_STARTED,S02,U000043,0,IDLE,PROCESSING,30504.0,
EV001804,1575802,PROCESSING_COMPLETED,S03,U000041,1,PROCESSING,,38742.0,
EV001805,1575802,UNIT_ARRIVED,S04,U000041,2,,,,
EV001806,1575802,PROCESSING_STARTED,S03,U000042,0,IDLE,PROCESSING,40014.0,
EV001807,1576443,PROCESSING_COMPLETED,S17,U000016,0,PROCESSING,,44213.0,
EV001808,1576443,UNIT_ARRIVED,S18,U000016,1,,,,
EV001809,1576720,PROCESSING_COMPLETED,S20,U000013,0,PROCESSING,,38796.0,
EV001810,1576720,UNIT_ARRIVED,S21,U000013,1,,,,
EV001811,1576720,PROCESSING_STARTED,S21,U000013,0,STARVED,PROCESSING,47016.0,
EV001812,1577013,PROCESSING_COMPLETED,S15,U000017,1,PROCESSING,,46265.0,
EV001813,1577013,UNIT_ARRIVED,S16,U000017,1,,,,
EV001814,1577013,PROCESSING_STARTED,S16,U000017,0,STARVED,PROCESSING,34627.0,
EV001815,1577013,PROCESSING_STARTED,S15,U000018,0,IDLE,PROCESSING,42347.0,
EV001816,1578085,PROCESSING_COMPLETED,S24,U000010,0,PROCESSING,,50656.0,
EV001817,1578085,UNIT_ARRIVED,S25,U000010,1,,,,
EV001818,1578085,PROCESSING_STARTED,S25,U000010,0,STARVED,PROCESSING,37489.0,
EV001819,1580142,PROCESSING_COMPLETED,S10,U000023,0,PROCESSING,,48076.0,
EV001820,1580142,UNIT_ARRIVED,S11,U000023,1,,,,
EV001821,1580142,PROCESSING_STARTED,S11,U000023,0,STARVED,PROCESSING,38221.0,
EV001822,1581397,PROCESSING_COMPLETED,S09,U000024,0,PROCESSING,,35675.0,
EV001823,1581397,UNIT_ARRIVED,S10,U000024,1,,,,
EV001824,1581397,PROCESSING_STARTED,S10,U000024,0,STARVED,PROCESSING,43832.0,
EV001825,1584527,PROCESSING_COMPLETED,S04,U000039,2,PROCESSING,,47033.0,
EV001826,1584527,UNIT_ARRIVED,S05,U000039,1,,,,
EV001827,1584527,PROCESSING_STARTED,S04,U000040,1,IDLE,PROCESSING,34683.0,
EV001828,1585859,PROCESSING_COMPLETED,S07,U000033,3,PROCESSING,,39373.0,
EV001829,1585859,UNIT_ARRIVED,S08,U000033,8,,,,
EV001830,1585859,PROCESSING_STARTED,S07,U000034,2,IDLE,PROCESSING,38094.0,
EV001831,1587387,PROCESSING_COMPLETED,S23,U000011,0,PROCESSING,,45502.0,
EV001832,1587387,UNIT_ARRIVED,S24,U000011,1,,,,
EV001833,1587387,PROCESSING_STARTED,S24,U000011,0,STARVED,PROCESSING,62341.0,
EV001834,1587561,PROCESSING_COMPLETED,S27,U000008,0,PROCESSING,,41824.0,
EV001835,1587561,UNIT_ARRIVED,S28,U000008,1,,,,
EV001836,1587561,PROCESSING_STARTED,S28,U000008,0,STARVED,PROCESSING,49947.0,
EV001837,1590119,PROCESSING_COMPLETED,S22,U000012,0,PROCESSING,,33223.0,
EV001838,1590119,UNIT_ARRIVED,S23,U000012,1,,,,
EV001839,1590119,PROCESSING_STARTED,S23,U000012,0,STARVED,PROCESSING,39900.0,
EV001840,1590514,PROCESSING_COMPLETED,S19,U000014,0,PROCESSING,,40247.0,
EV001841,1590514,UNIT_ARRIVED,S20,U000014,1,,,,
EV001842,1590514,PROCESSING_STARTED,S20,U000014,0,STARVED,PROCESSING,38731.0,
EV001843,1591509,PROCESSING_COMPLETED,S26,U000009,0,PROCESSING,,27262.0,
EV001844,1591509,UNIT_ARRIVED,S27,U000009,1,,,,
EV001845,1591509,PROCESSING_STARTED,S27,U000009,0,STARVED,PROCESSING,37102.0,
EV001846,1596848,PROCESSING_COMPLETED,S13,U000019,2,PROCESSING,,65775.0,
EV001847,1596848,UNIT_ARRIVED,S14,U000019,1,,,,
EV001848,1596848,PROCESSING_STARTED,S14,U000019,0,STARVED,PROCESSING,41468.0,
EV001849,1596848,PROCESSING_STARTED,S13,U000020,1,IDLE,PROCESSING,50200.0,
EV001850,1598382,PROCESSING_COMPLETED,S06,U000037,0,PROCESSING,,32558.0,
EV001851,1598382,UNIT_ARRIVED,S07,U000037,3,,,,
EV001852,1602043,PROCESSING_COMPLETED,S08,U000025,8,PROCESSING,,56321.0,
EV001853,1602043,UNIT_ARRIVED,S09,U000025,1,,,,
EV001854,1602043,PROCESSING_STARTED,S09,U000025,0,STARVED,PROCESSING,34099.0,
EV001855,1602043,PROCESSING_STARTED,S08,U000026,7,IDLE,PROCESSING,70109.0,
EV001856,1602854,PROCESSING_COMPLETED,S05,U000038,1,PROCESSING,,39263.0,
EV001857,1602854,UNIT_ARRIVED,S06,U000038,1,,,,
EV001858,1602854,PROCESSING_STARTED,S06,U000038,0,STARVED,PROCESSING,31048.0,
EV001859,1602854,PROCESSING_STARTED,S05,U000039,0,IDLE,PROCESSING,36467.0,
EV001860,1602865,PROCESSING_COMPLETED,S18,U000015,1,PROCESSING,,52598.0,
EV001861,1602865,UNIT_ARRIVED,S19,U000015,1,,,,
EV001862,1602865,PROCESSING_STARTED,S19,U000015,0,STARVED,PROCESSING,37314.0,
EV001863,1602865,PROCESSING_STARTED,S18,U000016,0,IDLE,PROCESSING,73254.0,
EV001864,1604165,PROCESSING_COMPLETED,S30,U000006,0,PROCESSING,,40386.0,
EV001865,1604165,UNIT_ARRIVED,S31,U000006,1,,,,
EV001866,1604229,PROCESSING_COMPLETED,S02,U000043,0,PROCESSING,,30504.0,
EV001867,1604229,UNIT_ARRIVED,S03,U000043,1,,,,
EV001868,1608617,PROCESSING_COMPLETED,S12,U000022,0,PROCESSING,,55947.0,
EV001869,1608617,UNIT_ARRIVED,S13,U000022,2,,,,
EV001870,1611167,PROCESSING_COMPLETED,S01,U000044,0,PROCESSING,,38616.0,
EV001871,1611167,UNIT_ARRIVED,S02,U000044,1,,,,
EV001872,1611167,PROCESSING_STARTED,S02,U000044,0,STARVED,PROCESSING,28004.0,
EV001873,1611167,PROCESSING_STARTED,S01,U000045,0,IDLE,PROCESSING,32326.0,
EV001874,1611640,PROCESSING_COMPLETED,S16,U000017,0,PROCESSING,,34627.0,
EV001875,1611640,UNIT_ARRIVED,S17,U000017,1,,,,
EV001876,1611640,PROCESSING_STARTED,S17,U000017,0,STARVED,PROCESSING,59443.0,
EV001877,1612417,PROCESSING_COMPLETED,S29,U000007,0,PROCESSING,,39084.0,
EV001878,1612417,UNIT_ARRIVED,S30,U000007,1,,,,
EV001879,1612417,PROCESSING_STARTED,S30,U000007,0,STARVED,PROCESSING,45604.0,
EV001880,1615574,PROCESSING_COMPLETED,S25,U000010,0,PROCESSING,,37489.0,
EV001881,1615574,UNIT_ARRIVED,S26,U000010,1,,,,
EV001882,1615574,PROCESSING_STARTED,S26,U000010,0,STARVED,PROCESSING,36542.0,
EV001883,1615816,PROCESSING_COMPLETED,S03,U000042,1,PROCESSING,,40014.0,
EV001884,1615816,UNIT_ARRIVED,S04,U000042,2,,,,
EV001885,1615816,PROCESSING_STARTED,S03,U000043,0,IDLE,PROCESSING,33693.0,
EV001886,1618363,PROCESSING_COMPLETED,S11,U000023,0,PROCESSING,,38221.0,
EV001887,1618363,UNIT_ARRIVED,S12,U000023,1,,,,
EV001888,1618363,PROCESSING_STARTED,S12,U000023,0,STARVED,PROCESSING,45295.0,
EV001889,1619210,PROCESSING_COMPLETED,S04,U000040,2,PROCESSING,,34683.0,
EV001890,1619210,UNIT_ARRIVED,S05,U000040,1,,,,
EV001891,1619210,PROCESSING_STARTED,S04,U000041,1,IDLE,PROCESSING,44130.0,
EV001892,1619360,PROCESSING_COMPLETED,S15,U000018,0,PROCESSING,,42347.0,
EV001893,1619360,UNIT_ARRIVED,S16,U000018,1,,,,
EV001894,1619360,PROCESSING_STARTED,S16,U000018,0,STARVED,PROCESSING,34562.0,
EV001895,1619429,PROCESSING_COMPLETED,S31,U000005,1,PROCESSING,,55721.0,
EV001896,1619429,UNIT_ARRIVED,S32,U000005,1,,,,
EV001897,1619429,PROCESSING_STARTED,S32,U000005,0,STARVED,PROCESSING,28633.0,
EV001898,1619429,PROCESSING_STARTED,S31,U000006,0,IDLE,PROCESSING,45418.0,
EV001899,1623736,PROCESSING_COMPLETED,S21,U000013,0,PROCESSING,,47016.0,
EV001900,1623736,UNIT_ARRIVED,S22,U000013,1,,,,
EV001901,1623736,PROCESSING_STARTED,S22,U000013,0,STARVED,PROCESSING,38667.0,
EV001902,1623953,PROCESSING_COMPLETED,S07,U000034,3,PROCESSING,,38094.0,
EV001903,1623953,UNIT_ARRIVED,S08,U000034,8,,,,
EV001904,1623953,PROCESSING_STARTED,S07,U000035,2,IDLE,PROCESSING,44282.0,
EV001905,1625229,PROCESSING_COMPLETED,S10,U000024,0,PROCESSING,,43832.0,
EV001906,1625229,UNIT_ARRIVED,S11,U000024,1,,,,
EV001907,1625229,PROCESSING_STARTED,S11,U000024,0,STARVED,PROCESSING,36295.0,
EV001908,1628611,PROCESSING_COMPLETED,S27,U000009,0,PROCESSING,,37102.0,
EV001909,1628611,UNIT_ARRIVED,S28,U000009,1,,,,
EV001910,1629245,PROCESSING_COMPLETED,S20,U000014,0,PROCESSING,,38731.0,
EV001911,1629245,UNIT_ARRIVED,S21,U000014,1,,,,
EV001912,1629245,PROCESSING_STARTED,S21,U000014,0,STARVED,PROCESSING,49019.0,
EV001913,1630019,PROCESSING_COMPLETED,S23,U000012,0,PROCESSING,,39900.0,
EV001914,1630019,UNIT_ARRIVED,S24,U000012,1,,,,
EV001915,1633902,PROCESSING_COMPLETED,S06,U000038,0,PROCESSING,,31048.0,
EV001916,1633902,UNIT_ARRIVED,S07,U000038,3,,,,
EV001917,1636142,PROCESSING_COMPLETED,S09,U000025,0,PROCESSING,,34099.0,
EV001918,1636142,UNIT_ARRIVED,S10,U000025,1,,,,
EV001919,1636142,PROCESSING_STARTED,S10,U000025,0,STARVED,PROCESSING,36843.0,
EV001920,1637508,PROCESSING_COMPLETED,S28,U000008,1,PROCESSING,,49947.0,
EV001921,1637508,UNIT_ARRIVED,S29,U000008,1,,,,
EV001922,1637508,PROCESSING_STARTED,S29,U000008,0,STARVED,PROCESSING,49661.0,
EV001923,1637508,PROCESSING_STARTED,S28,U000009,0,IDLE,PROCESSING,40242.0,
EV001924,1638316,PROCESSING_COMPLETED,S14,U000019,0,PROCESSING,,41468.0,
EV001925,1638316,UNIT_ARRIVED,S15,U000019,1,,,,
EV001926,1638316,PROCESSING_STARTED,S15,U000019,0,STARVED,PROCESSING,43301.0,
EV001927,1639171,PROCESSING_COMPLETED,S02,U000044,0,PROCESSING,,28004.0,
EV001928,1639171,UNIT_ARRIVED,S03,U000044,1,,,,
EV001929,1639321,PROCESSING_COMPLETED,S05,U000039,1,PROCESSING,,36467.0,
EV001930,1639321,UNIT_ARRIVED,S06,U000039,1,,,,
EV001931,1639321,PROCESSING_STARTED,S06,U000039,0,STARVED,PROCESSING,39839.0,
EV001932,1639321,PROCESSING_STARTED,S05,U000040,0,IDLE,PROCESSING,39718.0,
EV001933,1640179,PROCESSING_COMPLETED,S19,U000015,0,PROCESSING,,37314.0,
EV001934,1640179,UNIT_ARRIVED,S20,U000015,1,,,,
EV001935,1640179,PROCESSING_STARTED,S20,U000015,0,STARVED,PROCESSING,48995.0,
EV001936,1643493,PROCESSING_COMPLETED,S01,U000045,0,PROCESSING,,32326.0,
EV001937,1643493,UNIT_ARRIVED,S02,U000045,1,,,,
EV001938,1643493,PROCESSING_STARTED,S02,U000045,0,STARVED,PROCESSING,37628.0,
EV001939,1643493,PROCESSING_STARTED,S01,U000046,0,IDLE,PROCESSING,40391.0,
EV001940,1647048,PROCESSING_COMPLETED,S13,U000020,2,PROCESSING,,50200.0,
EV001941,1647048,UNIT_ARRIVED,S14,U000020,1,,,,
EV001942,1647048,PROCESSING_STARTED,S14,U000020,0,STARVED,PROCESSING,34146.0,
EV001943,1647048,PROCESSING_STARTED,S13,U000021,1,IDLE,PROCESSING,55662.0,
EV001944,1648062,PROCESSING_COMPLETED,S32,U000005,0,PROCESSING,,28633.0,
EV001945,1649509,PROCESSING_COMPLETED,S03,U000043,1,PROCESSING,,33693.0,
EV001946,1649509,UNIT_ARRIVED,S04,U000043,2,,,,
EV001947,1649509,PROCESSING_STARTED,S03,U000044,0,IDLE,PROCESSING,34824.0,
EV001948,1649728,PROCESSING_COMPLETED,S24,U000011,1,PROCESSING,,62341.0,
EV001949,1649728,UNIT_ARRIVED,S25,U000011,1,,,,
EV001950,1649728,PROCESSING_STARTED,S25,U000011,0,STARVED,PROCESSING,37851.0,
EV001951,1649728,PROCESSING_STARTED,S24,U000012,0,IDLE,PROCESSING,51213.0,
EV001952,1652116,PROCESSING_COMPLETED,S26,U000010,0,PROCESSING,,36542.0,
EV001953,1652116,UNIT_ARRIVED,S27,U000010,1,,,,
EV001954,1652116,PROCESSING_STARTED,S27,U000010,0,STARVED,PROCESSING,34187.0,
EV001955,1653922,PROCESSING_COMPLETED,S16,U000018,0,PROCESSING,,34562.0,
EV001956,1653922,UNIT_ARRIVED,S17,U000018,1,,,,
EV001957,1658021,PROCESSING_COMPLETED,S30,U000007,0,PROCESSING,,45604.0,
EV001958,1658021,UNIT_ARRIVED,S31,U000007,1,,,,
EV001959,1661524,PROCESSING_COMPLETED,S11,U000024,0,PROCESSING,,36295.0,
EV001960,1661524,UNIT_ARRIVED,S12,U000024,1,,,,
EV001961,1662403,PROCESSING_COMPLETED,S22,U000013,0,PROCESSING,,38667.0,
EV001962,1662403,UNIT_ARRIVED,S23,U000013,1,,,,
EV001963,1662403,PROCESSING_STARTED,S23,U000013,0,STARVED,PROCESSING,44504.0,
EV001964,1663340,PROCESSING_COMPLETED,S04,U000041,2,PROCESSING,,44130.0,
EV001965,1663340,UNIT_ARRIVED,S05,U000041,1,,,,
EV001966,1663340,PROCESSING_STARTED,S04,U000042,1,IDLE,PROCESSING,37154.0,
EV001967,1663658,PROCESSING_COMPLETED,S12,U000023,1,PROCESSING,,45295.0,
EV001968,1663658,UNIT_ARRIVED,S13,U000023,2,,,,
EV001969,1663658,PROCESSING_STARTED,S12,U000024,0,IDLE,PROCESSING,39576.0,
EV001970,1664847,PROCESSING_COMPLETED,S31,U000006,1,PROCESSING,,45418.0,
EV001971,1664847,UNIT_ARRIVED,S32,U000006,1,,,,
EV001972,1664847,PROCESSING_STARTED,S32,U000006,0,STARVED,PROCESSING,29444.0,
EV001973,1664847,PROCESSING_STARTED,S31,U000007,0,IDLE,PROCESSING,57970.0,
EV001974,1668235,PROCESSING_COMPLETED,S07,U000035,3,PROCESSING,,44282.0,
EV001975,1671083,PROCESSING_COMPLETED,S17,U000017,1,PROCESSING,,59443.0,
EV001976,1671083,UNIT_ARRIVED,S18,U000017,1,,,,
EV001977,1671083,PROCESSING_STARTED,S17,U000018,0,IDLE,PROCESSING,47920.0,
EV001978,1672152,PROCESSING_COMPLETED,S08,U000026,8,PROCESSING,,70109.0,
EV001979,1672152,UNIT_ARRIVED,S09,U000026,1,,,,
EV001980,1672152,PROCESSING_STARTED,S09,U000026,0,STARVED,PROCESSING,35884.0,
EV001981,1672152,UNIT_ARRIVED,S08,U000035,8,,,,
EV001982,1672152,PROCESSING_STARTED,S07,U000036,2,IDLE,PROCESSING,38041.0,
EV001983,1672152,PROCESSING_STARTED,S08,U000027,8,IDLE,PROCESSING,47708.0,
EV001984,1672985,PROCESSING_COMPLETED,S10,U000025,0,PROCESSING,,36843.0,
EV001985,1672985,UNIT_ARRIVED,S11,U000025,1,,,,
EV001986,1672985,PROCESSING_STARTED,S11,U000025,0,STARVED,PROCESSING,29737.0,
EV001987,1676119,PROCESSING_COMPLETED,S18,U000016,1,PROCESSING,,73254.0,
EV001988,1676119,UNIT_ARRIVED,S19,U000016,1,,,,
EV001989,1676119,PROCESSING_STARTED,S19,U000016,0,STARVED,PROCESSING,38538.0,
EV001990,1676119,PROCESSING_STARTED,S18,U000017,0,IDLE,PROCESSING,37400.0,
EV001991,1677750,PROCESSING_COMPLETED,S28,U000009,0,PROCESSING,,40242.0,
EV001992,1677750,UNIT_ARRIVED,S29,U000009,1,,,,
EV001993,1678264,PROCESSING_COMPLETED,S21,U000014,0,PROCESSING,,49019.0,
EV001994,1678264,UNIT_ARRIVED,S22,U000014,1,,,,
EV001995,1678264,PROCESSING_STARTED,S22,U000014,0,STARVED,PROCESSING,41698.0,
EV001996,1679039,PROCESSING_COMPLETED,S05,U000040,1,PROCESSING,,39718.0,
EV001997,1679039,UNIT_ARRIVED,S06,U000040,1,,,,
EV001998,1679039,PROCESSING_STARTED,S05,U000041,0,IDLE,PROCESSING,40455.0,
EV001999,1679160,PROCESSING_COMPLETED,S06,U000039,1,PROCESSING,,39839.0,
EV002000,1679160,UNIT_ARRIVED,S07,U000039,3,,,,
EV002001,1679160,PROCESSING_STARTED,S06,U000040,0,IDLE,PROCESSING,34080.0,
EV002002,1681121,PROCESSING_COMPLETED,S02,U000045,0,PROCESSING,,37628.0,
EV002003,1681121,UNIT_ARRIVED,S03,U000045,1,,,,
EV002004,1681194,PROCESSING_COMPLETED,S14,U000020,0,PROCESSING,,34146.0,
EV002005,1681194,UNIT_ARRIVED,S15,U000020,1,,,,
EV002006,1681617,PROCESSING_COMPLETED,S15,U000019,1,PROCESSING,,43301.0,
EV002007,1681617,UNIT_ARRIVED,S16,U000019,1,,,,
EV002008,1681617,PROCESSING_STARTED,S16,U000019,0,STARVED,PROCESSING,39647.0,
EV002009,1681617,PROCESSING_STARTED,S15,U000020,0,IDLE,PROCESSING,40636.0,
EV002010,1683884,PROCESSING_COMPLETED,S01,U000046,0,PROCESSING,,40391.0,
EV002011,1683884,UNIT_ARRIVED,S02,U000046,1,,,,
EV002012,1683884,PROCESSING_STARTED,S02,U000046,0,STARVED,PROCESSING,36231.0,
EV002013,1683884,PROCESSING_STARTED,S01,U000047,0,IDLE,PROCESSING,34576.0,
EV002014,1684333,PROCESSING_COMPLETED,S03,U000044,1,PROCESSING,,34824.0,
EV002015,1684333,UNIT_ARRIVED,S04,U000044,2,,,,
EV002016,1684333,PROCESSING_STARTED,S03,U000045,0,IDLE,PROCESSING,34457.0,
EV002017,1686303,PROCESSING_COMPLETED,S27,U000010,0,PROCESSING,,34187.0,
EV002018,1686303,UNIT_ARRIVED,S28,U000010,1,,,,
EV002019,1686303,PROCESSING_STARTED,S28,U000010,0,STARVED,PROCESSING,35529.0,
EV002020,1687169,PROCESSING_COMPLETED,S29,U000008,1,PROCESSING,,49661.0,
EV002021,1687169,UNIT_ARRIVED,S30,U000008,1,,,,
EV002022,1687169,PROCESSING_STARTED,S30,U000008,0,STARVED,PROCESSING,46189.0,
EV002023,1687169,PROCESSING_STARTED,S29,U000009,0,IDLE,PROCESSING,42570.0,
EV002024,1687579,PROCESSING_COMPLETED,S25,U000011,0,PROCESSING,,37851.0,
EV002025,1687579,UNIT_ARRIVED,S26,U000011,1,,,,
EV002026,1687579,PROCESSING_STARTED,S26,U000011,0,STARVED,PROCESSING,39384.0,
EV002027,1689174,PROCESSING_COMPLETED,S20,U000015,0,PROCESSING,,48995.0,
EV002028,1689174,UNIT_ARRIVED,S21,U000015,1,,,,
EV002029,1689174,PROCESSING_STARTED,S21,U000015,0,STARVED,PROCESSING,67355.0,
EV002030,1694291,PROCESSING_COMPLETED,S32,U000006,0,PROCESSING,,29444.0,
EV002031,1700494,PROCESSING_COMPLETED,S04,U000042,2,PROCESSING,,37154.0,
EV002032,1700494,UNIT_ARRIVED,S05,U000042,1,,,,
EV002033,1700494,PROCESSING_STARTED,S04,U000043,1,IDLE,PROCESSING,41545.0,
EV002034,1700941,PROCESSING_COMPLETED,S24,U000012,0,PROCESSING,,51213.0,
EV002035,1700941,UNIT_ARRIVED,S25,U000012,1,,,,
EV002036,1700941,PROCESSING_STARTED,S25,U000012,0,STARVED,PROCESSING,38423.0,
EV002037,1702710,PROCESSING_COMPLETED,S13,U000021,2,PROCESSING,,55662.0,
EV002038,1702710,UNIT_ARRIVED,S14,U000021,1,,,,
EV002039,1702710,PROCESSING_STARTED,S14,U000021,0,STARVED,PROCESSING,38980.0,
EV002040,1702710,PROCESSING_STARTED,S13,U000022,1,IDLE,PROCESSING,53236.0,
EV002041,1702722,PROCESSING_COMPLETED,S11,U000025,0,PROCESSING,,29737.0,
EV002042,1702722,UNIT_ARRIVED,S12,U000025,1,,,,
EV002043,1703234,PROCESSING_COMPLETED,S12,U000024,1,PROCESSING,,39576.0,
EV002044,1703234,UNIT_ARRIVED,S13,U000024,2,,,,
EV002045,1703234,PROCESSING_STARTED,S12,U000025,0,IDLE,PROCESSING,43287.0,
EV002046,1706907,PROCESSING_COMPLETED,S23,U000013,0,PROCESSING,,44504.0,
EV002047,1706907,UNIT_ARRIVED,S24,U000013,1,,,,
EV002048,1706907,PROCESSING_STARTED,S24,U000013,0,STARVED,PROCESSING,57650.0,
EV002049,1708036,PROCESSING_COMPLETED,S09,U000026,0,PROCESSING,,35884.0,
EV002050,1708036,UNIT_ARRIVED,S10,U000026,1,,,,
EV002051,1708036,PROCESSING_STARTED,S10,U000026,0,STARVED,PROCESSING,45157.0,
EV002052,1710193,PROCESSING_COMPLETED,S07,U000036,3,PROCESSING,,38041.0,
EV002053,1713240,PROCESSING_COMPLETED,S06,U000040,0,PROCESSING,,34080.0,
EV002054,1713240,UNIT_ARRIVED,S07,U000040,4,,,,
EV002055,1713519,PROCESSING_COMPLETED,S18,U000017,0,PROCESSING,,37400.0,
EV002056,1713519,UNIT_ARRIVED,S19,U000017,1,,,,
EV002057,1714657,PROCESSING_COMPLETED,S19,U000016,1,PROCESSING,,38538.0,
EV002058,1714657,UNIT_ARRIVED,S20,U000016,1,,,,
EV002059,1714657,PROCESSING_STARTED,S20,U000016,0,STARVED,PROCESSING,45548.0,
EV002060,1714657,PROCESSING_STARTED,S19,U000017,0,IDLE,PROCESSING,38831.0,
EV002061,1718460,PROCESSING_COMPLETED,S01,U000047,0,PROCESSING,,34576.0,
EV002062,1718460,UNIT_ARRIVED,S02,U000047,1,,,,
EV002063,1718460,PROCESSING_STARTED,S01,U000048,0,IDLE,PROCESSING,34819.0,
EV002064,1718790,PROCESSING_COMPLETED,S03,U000045,0,PROCESSING,,34457.0,
EV002065,1718790,UNIT_ARRIVED,S04,U000045,2,,,,
EV002066,1719003,PROCESSING_COMPLETED,S17,U000018,0,PROCESSING,,47920.0,
EV002067,1719003,UNIT_ARRIVED,S18,U000018,1,,,,
EV002068,1719003,PROCESSING_STARTED,S18,U000018,0,STARVED,PROCESSING,54074.0,
EV002069,1719494,PROCESSING_COMPLETED,S05,U000041,1,PROCESSING,,40455.0,
EV002070,1719494,UNIT_ARRIVED,S06,U000041,1,,,,
EV002071,1719494,PROCESSING_STARTED,S06,U000041,0,STARVED,PROCESSING,39432.0,
EV002072,1719494,PROCESSING_STARTED,S05,U000042,0,IDLE,PROCESSING,52199.0,
EV002073,1719860,PROCESSING_COMPLETED,S08,U000027,8,PROCESSING,,47708.0,
EV002074,1719860,UNIT_ARRIVED,S09,U000027,1,,,,
EV002075,1719860,PROCESSING_STARTED,S09,U000027,0,STARVED,PROCESSING,42759.0,
EV002076,1719860,UNIT_ARRIVED,S08,U000036,8,,,,
EV002077,1719860,PROCESSING_STARTED,S07,U000037,3,IDLE,PROCESSING,32262.0,
EV002078,1719860,PROCESSING_STARTED,S08,U000028,8,IDLE,PROCESSING,48032.0,
EV002079,1719962,PROCESSING_COMPLETED,S22,U000014,0,PROCESSING,,41698.0,
EV002080,1719962,UNIT_ARRIVED,S23,U000014,1,,,,
EV002081,1719962,PROCESSING_STARTED,S23,U000014,0,STARVED,PROCESSING,41682.0,
EV002082,1720115,PROCESSING_COMPLETED,S02,U000046,1,PROCESSING,,36231.0,
EV002083,1720115,UNIT_ARRIVED,S03,U000046,1,,,,
EV002084,1720115,PROCESSING_STARTED,S03,U000046,0,STARVED,PROCESSING,47334.0,
EV002085,1720115,PROCESSING_STARTED,S02,U000047,0,IDLE,PROCESSING,36376.0,
EV002086,1721264,PROCESSING_COMPLETED,S16,U000019,0,PROCESSING,,39647.0,
EV002087,1721264,UNIT_ARRIVED,S17,U000019,1,,,,
EV002088,1721264,PROCESSING_STARTED,S17,U000019,0,STARVED,PROCESSING,56545.0,
EV002089,1721832,PROCESSING_COMPLETED,S28,U000010,0,PROCESSING,,35529.0,
EV002090,1721832,UNIT_ARRIVED,S29,U000010,1,,,,
EV002091,1722253,PROCESSING_COMPLETED,S15,U000020,0,PROCESSING,,40636.0,
EV002092,1722253,UNIT_ARRIVED,S16,U000020,1,,,,
EV002093,1722253,PROCESSING_STARTED,S16,U000020,0,STARVED,PROCESSING,33085.0,
EV002094,1722817,PROCESSING_COMPLETED,S31,U000007,0,PROCESSING,,57970.0,
EV002095,1722817,UNIT_ARRIVED,S32,U000007,1,,,,
EV002096,1722817,PROCESSING_STARTED,S32,U000007,0,STARVED,PROCESSING,30693.0,
EV002097,1726963,PROCESSING_COMPLETED,S26,U000011,0,PROCESSING,,39384.0,
EV002098,1726963,UNIT_ARRIVED,S27,U000011,1,,,,
EV002099,1726963,PROCESSING_STARTED,S27,U000011,0,STARVED,PROCESSING,31005.0,
EV002100,1729739,PROCESSING_COMPLETED,S29,U000009,1,PROCESSING,,42570.0,
EV002101,1729739,UNIT_ARRIVED,S30,U000009,1,,,,
EV002102,1729739,PROCESSING_STARTED,S29,U000010,0,IDLE,PROCESSING,46356.0,
EV002103,1733358,PROCESSING_COMPLETED,S30,U000008,1,PROCESSING,,46189.0,
EV002104,1733358,UNIT_ARRIVED,S31,U000008,1,,,,
EV002105,1733358,PROCESSING_STARTED,S31,U000008,0,STARVED,PROCESSING,51641.0,
EV002106,1733358,PROCESSING_STARTED,S30,U000009,0,IDLE,PROCESSING,44096.0,
EV002107,1739364,PROCESSING_COMPLETED,S25,U000012,0,PROCESSING,,38423.0,
EV002108,1739364,UNIT_ARRIVED,S26,U000012,1,,,,
EV002109,1739364,PROCESSING_STARTED,S26,U000012,0,STARVED,PROCESSING,34681.0,
EV002110,1741690,PROCESSING_COMPLETED,S14,U000021,0,PROCESSING,,38980.0,
EV002111,1741690,UNIT_ARRIVED,S15,U000021,1,,,,
EV002112,1741690,PROCESSING_STARTED,S15,U000021,0,STARVED,PROCESSING,45151.0,
EV002113,1742039,PROCESSING_COMPLETED,S04,U000043,2,PROCESSING,,41545.0,
EV002114,1742039,UNIT_ARRIVED,S05,U000043,1,,,,
EV002115,1742039,PROCESSING_STARTED,S04,U000044,1,IDLE,PROCESSING,39677.0,
EV002116,1746521,PROCESSING_COMPLETED,S12,U000025,0,PROCESSING,,43287.0,
EV002117,1746521,UNIT_ARRIVED,S13,U000025,3,,,,
EV002118,1752122,PROCESSING_COMPLETED,S07,U000037,3,PROCESSING,,32262.0,
EV002119,1753193,PROCESSING_COMPLETED,S10,U000026,0,PROCESSING,,45157.0,
EV002120,1753193,UNIT_ARRIVED,S11,U000026,1,,,,
EV002121,1753193,PROCESSING_STARTED,S11,U000026,0,STARVED,PROCESSING,34672.0,
EV002122,1753279,PROCESSING_COMPLETED,S01,U000048,0,PROCESSING,,34819.0,
EV002123,1753279,UNIT_ARRIVED,S02,U000048,1,,,,
EV002124,1753279,PROCESSING_STARTED,S01,U000049,0,IDLE,PROCESSING,37058.0,
EV002125,1753488,PROCESSING_COMPLETED,S19,U000017,0,PROCESSING,,38831.0,
EV002126,1753488,UNIT_ARRIVED,S20,U000017,1,,,,
EV002127,1753510,PROCESSING_COMPLETED,S32,U000007,0,PROCESSING,,30693.0,
EV002128,1755338,PROCESSING_COMPLETED,S16,U000020,0,PROCESSING,,33085.0,
EV002129,1755338,UNIT_ARRIVED,S17,U000020,1,,,,
EV002130,1755946,PROCESSING_COMPLETED,S13,U000022,3,PROCESSING,,53236.0,
EV002131,1755946,UNIT_ARRIVED,S14,U000022,1,,,,
EV002132,1755946,PROCESSING_STARTED,S14,U000022,0,STARVED,PROCESSING,39546.0,
EV002133,1755946,PROCESSING_STARTED,S13,U000023,2,IDLE,PROCESSING,61225.0,
EV002134,1756491,PROCESSING_COMPLETED,S02,U000047,1,PROCESSING,,36376.0,
EV002135,1756491,UNIT_ARRIVED,S03,U000047,1,,,,
EV002136,1756491,PROCESSING_STARTED,S02,U000048,0,IDLE,PROCESSING,28204.0,
EV002137,1756529,PROCESSING_COMPLETED,S21,U000015,0,PROCESSING,,67355.0,
EV002138,1756529,UNIT_ARRIVED,S22,U000015,1,,,,
EV002139,1756529,PROCESSING_STARTED,S22,U000015,0,STARVED,PROCESSING,39946.0,
EV002140,1757968,PROCESSING_COMPLETED,S27,U000011,0,PROCESSING,,31005.0,
EV002141,1757968,UNIT_ARRIVED,S28,U000011,1,,,,
EV002142,1757968,PROCESSING_STARTED,S28,U000011,0,STARVED,PROCESSING,45314.0,
EV002143,1758926,PROCESSING_COMPLETED,S06,U000041,0,PROCESSING,,39432.0,
EV002144,1758926,UNIT_ARRIVED,S07,U000041,4,,,,
EV002145,1760205,PROCESSING_COMPLETED,S20,U000016,1,PROCESSING,,45548.0,
EV002146,1760205,UNIT_ARRIVED,S21,U000016,1,,,,
EV002147,1760205,PROCESSING_STARTED,S21,U000016,0,STARVED,PROCESSING,47685.0,
EV002148,1760205,PROCESSING_STARTED,S20,U000017,0,IDLE,PROCESSING,37679.0,
EV002149,1761644,PROCESSING_COMPLETED,S23,U000014,0,PROCESSING,,41682.0,
EV002150,1761644,UNIT_ARRIVED,S24,U000014,1,,,,
EV002151,1762619,PROCESSING_COMPLETED,S09,U000027,0,PROCESSING,,42759.0,
EV002152,1762619,UNIT_ARRIVED,S10,U000027,1,,,,
EV002153,1762619,PROCESSING_STARTED,S10,U000027,0,STARVED,PROCESSING,55548.0,
EV002154,1764557,PROCESSING_COMPLETED,S24,U000013,1,PROCESSING,,57650.0,
EV002155,1764557,UNIT_ARRIVED,S25,U000013,1,,,,
EV002156,1764557,PROCESSING_STARTED,S25,U000013,0,STARVED,PROCESSING,34621.0,
EV002157,1764557,PROCESSING_STARTED,S24,U000014,0,IDLE,PROCESSING,50649.0,
EV002158,1767449,PROCESSING_COMPLETED,S03,U000046,1,PROCESSING,,47334.0,
EV002159,1767449,UNIT_ARRIVED,S04,U000046,2,,,,
EV002160,1767449,PROCESSING_STARTED,S03,U000047,0,IDLE,PROCESSING,31557.0,
EV002161,1767892,PROCESSING_COMPLETED,S08,U000028,8,PROCESSING,,48032.0,
EV002162,1767892,UNIT_ARRIVED,S09,U000028,1,,,,
EV002163,1767892,PROCESSING_STARTED,S09,U000028,0,STARVED,PROCESSING,41850.0,
EV002164,1767892,UNIT_ARRIVED,S08,U000037,8,,,,
EV002165,1767892,PROCESSING_STARTED,S07,U000038,3,IDLE,PROCESSING,38346.0,
EV002166,1767892,PROCESSING_STARTED,S08,U000029,8,IDLE,PROCESSING,54309.0,
EV002167,1771693,PROCESSING_COMPLETED,S05,U000042,1,PROCESSING,,52199.0,
EV002168,1771693,UNIT_ARRIVED,S06,U000042,1,,,,
EV002169,1771693,PROCESSING_STARTED,S06,U000042,0,STARVED,PROCESSING,46417.0,
EV002170,1771693,PROCESSING_STARTED,S05,U000043,0,IDLE,PROCESSING,36084.0,
EV002171,1773077,PROCESSING_COMPLETED,S18,U000018,0,PROCESSING,,54074.0,
EV002172,1773077,UNIT_ARRIVED,S19,U000018,1,,,,
EV002173,1773077,PROCESSING_STARTED,S19,U000018,0,STARVED,PROCESSING,37757.0,
EV002174,1774045,PROCESSING_COMPLETED,S26,U000012,0,PROCESSING,,34681.0,
EV002175,1774045,UNIT_ARRIVED,S27,U000012,1,,,,
EV002176,1774045,PROCESSING_STARTED,S27,U000012,0,STARVED,PROCESSING,39110.0,
EV002177,1776095,PROCESSING_COMPLETED,S29,U000010,0,PROCESSING,,46356.0,
EV002178,1776095,UNIT_ARRIVED,S30,U000010,1,,,,
EV002179,1777454,PROCESSING_COMPLETED,S30,U000009,1,PROCESSING,,44096.0,
EV002180,1777454,UNIT_ARRIVED,S31,U000009,1,,,,
EV002181,1777454,PROCESSING_STARTED,S30,U000010,0,IDLE,PROCESSING,41981.0,
EV002182,1777809,PROCESSING_COMPLETED,S17,U000019,1,PROCESSING,,56545.0,
EV002183,1777809,UNIT_ARRIVED,S18,U000019,1,,,,
EV002184,1777809,PROCESSING_STARTED,S18,U000019,0,STARVED,PROCESSING,46096.0,
EV002185,1777809,PROCESSING_STARTED,S17,U000020,0,IDLE,PROCESSING,44683.0,
EV002186,1781716,PROCESSING_COMPLETED,S04,U000044,2,PROCESSING,,39677.0,
EV002187,1781716,UNIT_ARRIVED,S05,U000044,1,,,,
EV002188,1781716,PROCESSING_STARTED,S04,U000045,1,IDLE,PROCESSING,37952.0,
EV002189,1784695,PROCESSING_COMPLETED,S02,U000048,0,PROCESSING,,28204.0,
EV002190,1784695,UNIT_ARRIVED,S03,U000048,1,,,,
EV002191,1784999,PROCESSING_COMPLETED,S31,U000008,1,PROCESSING,,51641.0,
EV002192,1784999,UNIT_ARRIVED,S32,U000008,1,,,,
EV002193,1784999,PROCESSING_STARTED,S32,U000008,0,STARVED,PROCESSING,30159.0,
EV002194,1784999,PROCESSING_STARTED,S31,U000009,0,IDLE,PROCESSING,56913.0,
EV002195,1786841,PROCESSING_COMPLETED,S15,U000021,0,PROCESSING,,45151.0,
EV002196,1786841,UNIT_ARRIVED,S16,U000021,1,,,,
EV002197,1786841,PROCESSING_STARTED,S16,U000021,0,STARVED,PROCESSING,36673.0,
EV002198,1787865,PROCESSING_COMPLETED,S11,U000026,0,PROCESSING,,34672.0,
EV002199,1787865,UNIT_ARRIVED,S12,U000026,1,,,,
EV002200,1787865,PROCESSING_STARTED,S12,U000026,0,STARVED,PROCESSING,42944.0,
EV002201,1790337,PROCESSING_COMPLETED,S01,U000049,0,PROCESSING,,37058.0,
EV002202,1790337,UNIT_ARRIVED,S02,U000049,1,,,,
EV002203,1790337,PROCESSING_STARTED,S02,U000049,0,STARVED,PROCESSING,36110.0,
EV002204,1790337,PROCESSING_STARTED,S01,U000050,0,IDLE,PROCESSING,36573.0,
EV002205,1795492,PROCESSING_COMPLETED,S14,U000022,0,PROCESSING,,39546.0,
EV002206,1795492,UNIT_ARRIVED,S15,U000022,1,,,,
EV002207,1795492,PROCESSING_STARTED,S15,U000022,0,STARVED,PROCESSING,46034.0,
EV002208,1796475,PROCESSING_COMPLETED,S22,U000015,0,PROCESSING,,39946.0,
EV002209,1796475,UNIT_ARRIVED,S23,U000015,1,,,,
EV002210,1796475,PROCESSING_STARTED,S23,U000015,0,STARVED,PROCESSING,39363.0,
EV002211,1797884,PROCESSING_COMPLETED,S20,U000017,0,PROCESSING,,37679.0,
EV002212,1797884,UNIT_ARRIVED,S21,U000017,1,,,,
EV002213,1799006,PROCESSING_COMPLETED,S03,U000047,1,PROCESSING,,31557.0,
EV002214,1799006,UNIT_ARRIVED,S04,U000047,2,,,,
EV002215,1799006,PROCESSING_STARTED,S03,U000048,0,IDLE,PROCESSING,43009.0,
EV002216,1799178,PROCESSING_COMPLETED,S25,U000013,0,PROCESSING,,34621.0,
EV002217,1799178,UNIT_ARRIVED,S26,U000013,1,,,,
EV002218,1799178,PROCESSING_STARTED,S26,U000013,0,STARVED,PROCESSING,35527.0,
EV002219,1803282,PROCESSING_COMPLETED,S28,U000011,0,PROCESSING,,45314.0,
EV002220,1803282,UNIT_ARRIVED,S29,U000011,1,,,,
EV002221,1803282,PROCESSING_STARTED,S29,U000011,0,STARVED,PROCESSING,47164.0,
EV002222,1806238,PROCESSING_COMPLETED,S07,U000038,3,PROCESSING,,38346.0,
EV002223,1807777,PROCESSING_COMPLETED,S05,U000043,1,PROCESSING,,36084.0,
EV002224,1807777,UNIT_ARRIVED,S06,U000043,1,,,,
EV002225,1807777,PROCESSING_STARTED,S05,U000044,0,IDLE,PROCESSING,37599.0,
EV002226,1807890,PROCESSING_COMPLETED,S21,U000016,1,PROCESSING,,47685.0,
EV002227,1807890,UNIT_ARRIVED,S22,U000016,1,,,,
EV002228,1807890,PROCESSING_STARTED,S22,U000016,0,STARVED,PROCESSING,36670.0,
EV002229,1807890,PROCESSING_STARTED,S21,U000017,0,IDLE,PROCESSING,48220.0,
EV002230,1809742,PROCESSING_COMPLETED,S09,U000028,0,PROCESSING,,41850.0,
EV002231,1809742,UNIT_ARRIVED,S10,U000028,1,,,,
EV002232,1810834,PROCESSING_COMPLETED,S19,U000018,0,PROCESSING,,37757.0,
EV002233,1810834,UNIT_ARRIVED,S20,U000018,1,,,,
EV002234,1810834,PROCESSING_STARTED,S20,U000018,0,STARVED,PROCESSING,34518.0,
EV002235,1813155,PROCESSING_COMPLETED,S27,U000012,0,PROCESSING,,39110.0,
EV002236,1813155,UNIT_ARRIVED,S28,U000012,1,,,,
EV002237,1813155,PROCESSING_STARTED,S28,U000012,0,STARVED,PROCESSING,49546.0,
EV002238,1815158,PROCESSING_COMPLETED,S32,U000008,0,PROCESSING,,30159.0,
EV002239,1815206,PROCESSING_COMPLETED,S24,U000014,0,PROCESSING,,50649.0,
EV002240,1815206,UNIT_ARRIVED,S25,U000014,1,,,,
EV002241,1815206,PROCESSING_STARTED,S25,U000014,0,STARVED,PROCESSING,37066.0,
EV002242,1817171,PROCESSING_COMPLETED,S13,U000023,2,PROCESSING,,61225.0,
EV002243,1817171,UNIT_ARRIVED,S14,U000023,1,,,,
EV002244,1817171,PROCESSING_STARTED,S14,U000023,0,STARVED,PROCESSING,37790.0,
EV002245,1817171,PROCESSING_STARTED,S13,U000024,1,IDLE,PROCESSING,60134.0,
EV002246,1818110,PROCESSING_COMPLETED,S06,U000042,1,PROCESSING,,46417.0,
EV002247,1818110,UNIT_ARRIVED,S07,U000042,4,,,,
EV002248,1818110,PROCESSING_STARTED,S06,U000043,0,IDLE,PROCESSING,33258.0,
EV002249,1818167,PROCESSING_COMPLETED,S10,U000027,1,PROCESSING,,55548.0,
EV002250,1818167,UNIT_ARRIVED,S11,U000027,1,,,,
EV002251,1818167,PROCESSING_STARTED,S11,U000027,0,STARVED,PROCESSING,38967.0,
EV002252,1818167,PROCESSING_STARTED,S10,U000028,0,IDLE,PROCESSING,50032.0,
EV002253,1819435,PROCESSING_COMPLETED,S30,U000010,0,PROCESSING,,41981.0,
EV002254,1819435,UNIT_ARRIVED,S31,U000010,1,,,,
EV002255,1819668,PROCESSING_COMPLETED,S04,U000045,2,PROCESSING,,37952.0,
EV002256,1819668,UNIT_ARRIVED,S05,U000045,1,,,,
EV002257,1819668,PROCESSING_STARTED,S04,U000046,1,IDLE,PROCESSING,41881.0,
EV002258,1822201,PROCESSING_COMPLETED,S08,U000029,8,PROCESSING,,54309.0,
EV002259,1822201,UNIT_ARRIVED,S09,U000029,1,,,,
EV002260,1822201,PROCESSING_STARTED,S09,U000029,0,STARVED,PROCESSING,38619.0,
EV002261,1822201,UNIT_ARRIVED,S08,U000038,8,,,,
EV002262,1822201,PROCESSING_STARTED,S07,U000039,3,IDLE,PROCESSING,52311.0,
EV002263,1822201,PROCESSING_STARTED,S08,U000030,8,IDLE,PROCESSING,48542.0,
EV002264,1822492,PROCESSING_COMPLETED,S17,U000020,0,PROCESSING,,44683.0,
EV002265,1822492,UNIT_ARRIVED,S18,U000020,1,,,,
EV002266,1823514,PROCESSING_COMPLETED,S16,U000021,0,PROCESSING,,36673.0,
EV002267,1823514,UNIT_ARRIVED,S17,U000021,1,,,,
EV002268,1823514,PROCESSING_STARTED,S17,U000021,0,STARVED,PROCESSING,47251.0,
EV002269,1823905,PROCESSING_COMPLETED,S18,U000019,1,PROCESSING,,46096.0,
EV002270,1823905,UNIT_ARRIVED,S19,U000019,1,,,,
EV002271,1823905,PROCESSING_STARTED,S19,U000019,0,STARVED,PROCESSING,38029.0,
EV002272,1823905,PROCESSING_STARTED,S18,U000020,0,IDLE,PROCESSING,49889.0,
EV002273,1826447,PROCESSING_COMPLETED,S02,U000049,0,PROCESSING,,36110.0,
EV002274,1826447,UNIT_ARRIVED,S03,U000049,1,,,,
EV002275,1826910,PROCESSING_COMPLETED,S01,U000050,0,PROCESSING,,36573.0,
EV002276,1826910,UNIT_ARRIVED,S02,U000050,1,,,,
EV002277,1826910,PROCESSING_STARTED,S02,U000050,0,STARVED,PROCESSING,33894.0,
EV002278,1826910,PROCESSING_STARTED,S01,U000051,0,IDLE,PROCESSING,34144.0,
EV002279,1830809,PROCESSING_COMPLETED,S12,U000026,0,PROCESSING,,42944.0,
EV002280,1830809,UNIT_ARRIVED,S13,U000026,2,,,,
EV002281,1834705,PROCESSING_COMPLETED,S26,U000013,0,PROCESSING,,35527.0,
EV002282,1834705,UNIT_ARRIVED,S27,U000013,1,,,,
EV002283,1834705,PROCESSING_STARTED,S27,U000013,0,STARVED,PROCESSING,45087.0,
EV002284,1835838,PROCESSING_COMPLETED,S23,U000015,0,PROCESSING,,39363.0,
EV002285,1835838,UNIT_ARRIVED,S24,U000015,1,,,,
EV002286,1835838,PROCESSING_STARTED,S24,U000015,0,STARVED,PROCESSING,61602.0,
EV002287,1841526,PROCESSING_COMPLETED,S15,U000022,0,PROCESSING,,46034.0,
EV002288,1841526,UNIT_ARRIVED,S16,U000022,1,,,,
EV002289,1841526,PROCESSING_STARTED,S16,U000022,0,STARVED,PROCESSING,33250.0,
EV002290,1841912,PROCESSING_COMPLETED,S31,U000009,1,PROCESSING,,56913.0,
EV002291,1841912,UNIT_ARRIVED,S32,U000009,1,,,,
EV002292,1841912,PROCESSING_STARTED,S32,U000009,0,STARVED,PROCESSING,39249.0,
EV002293,1841912,PROCESSING_STARTED,S31,U000010,0,IDLE,PROCESSING,47707.0,
EV002294,1842015,PROCESSING_COMPLETED,S03,U000048,1,PROCESSING,,43009.0,
EV002295,1842015,UNIT_ARRIVED,S04,U000048,2,,,,
EV002296,1842015,PROCESSING_STARTED,S03,U000049,0,IDLE,PROCESSING,37311.0,
EV002297,1844560,PROCESSING_COMPLETED,S22,U000016,0,PROCESSING,,36670.0,
EV002298,1844560,UNIT_ARRIVED,S23,U000016,1,,,,
EV002299,1844560,PROCESSING_STARTED,S23,U000016,0,STARVED,PROCESSING,31683.0,
EV002300,1845352,PROCESSING_COMPLETED,S20,U000018,0,PROCESSING,,34518.0,
EV002301,1845352,UNIT_ARRIVED,S21,U000018,1,,,,
EV002302,1845376,PROCESSING_COMPLETED,S05,U000044,1,PROCESSING,,37599.0,
EV002303,1845376,UNIT_ARRIVED,S06,U000044,1,,,,
EV002304,1845376,PROCESSING_STARTED,S05,U000045,0,IDLE,PROCESSING,47918.0,
EV002305,1850446,PROCESSING_COMPLETED,S29,U000011,0,PROCESSING,,47164.0,
EV002306,1850446,UNIT_ARRIVED,S30,U000011,1,,,,
EV002307,1850446,PROCESSING_STARTED,S30,U000011,0,STARVED,PROCESSING,54902.0,
EV002308,1851368,PROCESSING_COMPLETED,S06,U000043,1,PROCESSING,,33258.0,
EV002309,1851368,UNIT_ARRIVED,S07,U000043,4,,,,
EV002310,1851368,PROCESSING_STARTED,S06,U000044,0,IDLE,PROCESSING,32317.0,
EV002311,1852272,PROCESSING_COMPLETED,S25,U000014,0,PROCESSING,,37066.0,
EV002312,1852272,UNIT_ARRIVED,S26,U000014,1,,,,
EV002313,1852272,PROCESSING_STARTED,S26,U000014,0,STARVED,PROCESSING,33354.0,
EV002314,1854961,PROCESSING_COMPLETED,S14,U000023,0,PROCESSING,,37790.0,
EV002315,1854961,UNIT_ARRIVED,S15,U000023,1,,,,
EV002316,1854961,PROCESSING_STARTED,S15,U000023,0,STARVED,PROCESSING,38891.0,
EV002317,1856110,PROCESSING_COMPLETED,S21,U000017,1,PROCESSING,,48220.0,
EV002318,1856110,UNIT_ARRIVED,S22,U000017,1,,,,
EV002319,1856110,PROCESSING_STARTED,S22,U000017,0,STARVED,PROCESSING,38528.0,
EV002320,1856110,PROCESSING_STARTED,S21,U000018,0,IDLE,PROCESSING,44588.0,
EV002321,1857134,PROCESSING_COMPLETED,S11,U000027,0,PROCESSING,,38967.0,
EV002322,1857134,UNIT_ARRIVED,S12,U000027,1,,,,
EV002323,1857134,PROCESSING_STARTED,S12,U000027,0,STARVED,PROCESSING,35921.0,
EV002324,1860804,PROCESSING_COMPLETED,S02,U000050,0,PROCESSING,,33894.0,
EV002325,1860804,UNIT_ARRIVED,S03,U000050,1,,,,
EV002326,1860820,PROCESSING_COMPLETED,S09,U000029,0,PROCESSING,,38619.0,
EV002327,1860820,UNIT_ARRIVED,S10,U000029,1,,,,
EV002328,1861054,PROCESSING_COMPLETED,S01,U000051,0,PROCESSING,,34144.0,
EV002329,1861054,UNIT_ARRIVED,S02,U000051,1,,,,
EV002330,1861054,PROCESSING_STARTED,S02,U000051,0,STARVED,PROCESSING,33418.0,
EV002331,1861054,PROCESSING_STARTED,S01,U000052,0,IDLE,PROCESSING,36790.0,
EV002332,1861549,PROCESSING_COMPLETED,S04,U000046,2,PROCESSING,,41881.0,
EV002333,1861549,UNIT_ARRIVED,S05,U000046,1,,,,
EV002334,1861549,PROCESSING_STARTED,S04,U000047,1,IDLE,PROCESSING,37741.0,
EV002335,1861934,PROCESSING_COMPLETED,S19,U000019,0,PROCESSING,,38029.0,
EV002336,1861934,UNIT_ARRIVED,S20,U000019,1,,,,
EV002337,1861934,PROCESSING_STARTED,S20,U000019,0,STARVED,PROCESSING,43762.0,
EV002338,1862701,PROCESSING_COMPLETED,S28,U000012,0,PROCESSING,,49546.0,
EV002339,1862701,UNIT_ARRIVED,S29,U000012,1,,,,
EV002340,1862701,PROCESSING_STARTED,S29,U000012,0,STARVED,PROCESSING,38192.0,
EV002341,1868199,PROCESSING_COMPLETED,S10,U000028,1,PROCESSING,,50032.0,
EV002342,1868199,UNIT_ARRIVED,S11,U000028,1,,,,
EV002343,1868199,PROCESSING_STARTED,S11,U000028,0,STARVED,PROCESSING,32965.0,
EV002344,1868199,PROCESSING_STARTED,S10,U000029,0,IDLE,PROCESSING,45935.0,
EV002345,1870743,PROCESSING_COMPLETED,S08,U000030,8,PROCESSING,,48542.0,
EV002346,1870743,UNIT_ARRIVED,S09,U000030,1,,,,
EV002347,1870743,PROCESSING_STARTED,S09,U000030,0,STARVED,PROCESSING,33736.0,
EV002348,1870743,PROCESSING_STARTED,S08,U000031,7,IDLE,PROCESSING,53068.0,
EV002349,1870765,PROCESSING_COMPLETED,S17,U000021,0,PROCESSING,,47251.0,
EV002350,1870765,UNIT_ARRIVED,S18,U000021,1,,,,
EV002351,1873794,PROCESSING_COMPLETED,S18,U000020,1,PROCESSING,,49889.0,
EV002352,1873794,UNIT_ARRIVED,S19,U000020,1,,,,
EV002353,1873794,PROCESSING_STARTED,S19,U000020,0,STARVED,PROCESSING,40180.0,
EV002354,1873794,PROCESSING_STARTED,S18,U000021,0,IDLE,PROCESSING,42621.0,
EV002355,1874512,PROCESSING_COMPLETED,S07,U000039,4,PROCESSING,,52311.0,
EV002356,1874512,UNIT_ARRIVED,S08,U000039,8,,,,
EV002357,1874512,PROCESSING_STARTED,S07,U000040,3,IDLE,PROCESSING,34629.0,
EV002358,1874776,PROCESSING_COMPLETED,S16,U000022,0,PROCESSING,,33250.0,
EV002359,1874776,UNIT_ARRIVED,S17,U000022,1,,,,
EV002360,1874776,PROCESSING_STARTED,S17,U000022,0,STARVED,PROCESSING,50250.0,
EV002361,1876243,PROCESSING_COMPLETED,S23,U000016,0,PROCESSING,,31683.0,
EV002362,1876243,UNIT_ARRIVED,S24,U000016,1,,,,
EV002363,1877305,PROCESSING_COMPLETED,S13,U000024,2,PROCESSING,,60134.0,
EV002364,1877305,UNIT_ARRIVED,S14,U000024,1,,,,
EV002365,1877305,PROCESSING_STARTED,S14,U000024,0,STARVED,PROCESSING,40322.0,
EV002366,1877305,PROCESSING_STARTED,S13,U000025,1,IDLE,PROCESSING,48458.0,
EV002367,1879326,PROCESSING_COMPLETED,S03,U000049,1,PROCESSING,,37311.0,
EV002368,1879326,UNIT_ARRIVED,S04,U000049,2,,,,
EV002369,1879326,PROCESSING_STARTED,S03,U000050,0,IDLE,PROCESSING,41567.0,
EV002370,1879792,PROCESSING_COMPLETED,S27,U000013,0,PROCESSING,,45087.0,
EV002371,1879792,UNIT_ARRIVED,S28,U000013,1,,,,
EV002372,1879792,PROCESSING_STARTED,S28,U000013,0,STARVED,PROCESSING,36763.0,
EV002373,1881161,PROCESSING_COMPLETED,S32,U000009,0,PROCESSING,,39249.0,
EV002374,1883685,PROCESSING_COMPLETED,S06,U000044,0,PROCESSING,,32317.0,
EV002375,1883685,UNIT_ARRIVED,S07,U000044,4,,,,
EV002376,1885626,PROCESSING_COMPLETED,S26,U000014,0,PROCESSING,,33354.0,
EV002377,1885626,UNIT_ARRIVED,S27,U000014,1,,,,
EV002378,1885626,PROCESSING_STARTED,S27,U000014,0,STARVED,PROCESSING,40054.0,
EV002379,1889619,PROCESSING_COMPLETED,S31,U000010,0,PROCESSING,,47707.0,
EV002380,1889619,UNIT_ARRIVED,S32,U000010,1,,,,
EV002381,1889619,PROCESSING_STARTED,S32,U000010,0,STARVED,PROCESSING,38609.0,
EV002382,1893055,PROCESSING_COMPLETED,S12,U000027,0,PROCESSING,,35921.0,
EV002383,1893055,UNIT_ARRIVED,S13,U000027,2,,,,
EV002384,1893294,PROCESSING_COMPLETED,S05,U000045,1,PROCESSING,,47918.0,
EV002385,1893294,UNIT_ARRIVED,S06,U000045,1,,,,
EV002386,1893294,PROCESSING_STARTED,S06,U000045,0,STARVED,PROCESSING,40921.0,
EV002387,1893294,PROCESSING_STARTED,S05,U000046,0,IDLE,PROCESSING,43838.0,
EV002388,1893852,PROCESSING_COMPLETED,S15,U000023,0,PROCESSING,,38891.0,
EV002389,1893852,UNIT_ARRIVED,S16,U000023,1,,,,
EV002390,1893852,PROCESSING_STARTED,S16,U000023,0,STARVED,PROCESSING,32785.0,
EV002391,1894472,PROCESSING_COMPLETED,S02,U000051,0,PROCESSING,,33418.0,
EV002392,1894472,UNIT_ARRIVED,S03,U000051,1,,,,
EV002393,1894638,PROCESSING_COMPLETED,S22,U000017,0,PROCESSING,,38528.0,
EV002394,1894638,UNIT_ARRIVED,S23,U000017,1,,,,
EV002395,1894638,PROCESSING_STARTED,S23,U000017,0,STARVED,PROCESSING,44794.0,
EV002396,1897440,PROCESSING_COMPLETED,S24,U000015,1,PROCESSING,,61602.0,
EV002397,1897440,UNIT_ARRIVED,S25,U000015,1,,,,
EV002398,1897440,PROCESSING_STARTED,S25,U000015,0,STARVED,PROCESSING,38915.0,
EV002399,1897440,PROCESSING_STARTED,S24,U000016,0,IDLE,PROCESSING,51988.0,
EV002400,1897844,PROCESSING_COMPLETED,S01,U000052,0,PROCESSING,,36790.0,
EV002401,1897844,UNIT_ARRIVED,S02,U000052,1,,,,
EV002402,1897844,PROCESSING_STARTED,S02,U000052,0,STARVED,PROCESSING,36045.0,
EV002403,1897844,PROCESSING_STARTED,S01,U000053,0,IDLE,PROCESSING,38849.0,
EV002404,1899290,PROCESSING_COMPLETED,S04,U000047,2,PROCESSING,,37741.0,
EV002405,1899290,UNIT_ARRIVED,S05,U000047,1,,,,
EV002406,1899290,PROCESSING_STARTED,S04,U000048,1,IDLE,PROCESSING,34646.0,
EV002407,1900698,PROCESSING_COMPLETED,S21,U000018,0,PROCESSING,,44588.0,
EV002408,1900698,UNIT_ARRIVED,S22,U000018,1,,,,
EV002409,1900698,PROCESSING_STARTED,S22,U000018,0,STARVED,PROCESSING,38492.0,
EV002410,1900893,PROCESSING_COMPLETED,S29,U000012,0,PROCESSING,,38192.0,
EV002411,1900893,UNIT_ARRIVED,S30,U000012,1,,,,
EV002412,1901164,PROCESSING_COMPLETED,S11,U000028,0,PROCESSING,,32965.0,
EV002413,1901164,UNIT_ARRIVED,S12,U000028,1,,,,
EV002414,1901164,PROCESSING_STARTED,S12,U000028,0,STARVED,PROCESSING,36285.0,
EV002415,1904479,PROCESSING_COMPLETED,S09,U000030,0,PROCESSING,,33736.0,
EV002416,1904479,UNIT_ARRIVED,S10,U000030,1,,,,
EV002417,1905348,PROCESSING_COMPLETED,S30,U000011,1,PROCESSING,,54902.0,
EV002418,1905348,UNIT_ARRIVED,S31,U000011,1,,,,
EV002419,1905348,PROCESSING_STARTED,S31,U000011,0,STARVED,PROCESSING,47746.0,
EV002420,1905348,PROCESSING_STARTED,S30,U000012,0,IDLE,PROCESSING,54287.0,
EV002421,1905696,PROCESSING_COMPLETED,S20,U000019,0,PROCESSING,,43762.0,
EV002422,1905696,UNIT_ARRIVED,S21,U000019,1,,,,
EV002423,1905696,PROCESSING_STARTED,S21,U000019,0,STARVED,PROCESSING,49087.0,
EV002424,1909141,PROCESSING_COMPLETED,S07,U000040,4,PROCESSING,,34629.0,
EV002425,1913974,PROCESSING_COMPLETED,S19,U000020,0,PROCESSING,,40180.0,
EV002426,1913974,UNIT_ARRIVED,S20,U000020,1,,,,
EV002427,1913974,PROCESSING_STARTED,S20,U000020,0,STARVED,PROCESSING,43992.0,
EV002428,1914134,PROCESSING_COMPLETED,S10,U000029,1,PROCESSING,,45935.0,
EV002429,1914134,UNIT_ARRIVED,S11,U000029,1,,,,
EV002430,1914134,PROCESSING_STARTED,S11,U000029,0,STARVED,PROCESSING,32368.0,
EV002431,1914134,PROCESSING_STARTED,S10,U000030,0,IDLE,PROCESSING,46386.0,
EV002432,1916415,PROCESSING_COMPLETED,S18,U000021,0,PROCESSING,,42621.0,
EV002433,1916415,UNIT_ARRIVED,S19,U000021,1,,,,
EV002434,1916415,PROCESSING_STARTED,S19,U000021,0,STARVED,PROCESSING,39162.0,
EV002435,1916555,PROCESSING_COMPLETED,S28,U000013,0,PROCESSING,,36763.0,
EV002436,1916555,UNIT_ARRIVED,S29,U000013,1,,,,
EV002437,1916555,PROCESSING_STARTED,S29,U000013,0,STARVED,PROCESSING,37633.0,
EV002438,1917627,PROCESSING_COMPLETED,S14,U000024,0,PROCESSING,,40322.0,
EV002439,1917627,UNIT_ARRIVED,S15,U000024,1,,,,
EV002440,1917627,PROCESSING_STARTED,S15,U000024,0,STARVED,PROCESSING,31823.0,
EV002441,1920893,PROCESSING_COMPLETED,S03,U000050,1,PROCESSING,,41567.0,
EV002442,1920893,UNIT_ARRIVED,S04,U000050,2,,,,
EV002443,1920893,PROCESSING_STARTED,S03,U000051,0,IDLE,PROCESSING,39302.0,
EV002444,1923811,PROCESSING_COMPLETED,S08,U000031,8,PROCESSING,,53068.0,
EV002445,1923811,UNIT_ARRIVED,S09,U000031,1,,,,
EV002446,1923811,PROCESSING_STARTED,S09,U000031,0,STARVED,PROCESSING,38588.0,
EV002447,1923811,UNIT_ARRIVED,S08,U000040,8,,,,
EV002448,1923811,PROCESSING_STARTED,S07,U000041,3,IDLE,PROCESSING,36010.0,
EV002449,1923811,PROCESSING_STARTED,S08,U000032,8,IDLE,PROCESSING,35244.0,
EV002450,1925026,PROCESSING_COMPLETED,S17,U000022,0,PROCESSING,,50250.0,
EV002451,1925026,UNIT_ARRIVED,S18,U000022,1,,,,
EV002452,1925026,PROCESSING_STARTED,S18,U000022,0,STARVED,PROCESSING,34250.0,
EV002453,1925680,PROCESSING_COMPLETED,S27,U000014,0,PROCESSING,,40054.0,
EV002454,1925680,UNIT_ARRIVED,S28,U000014,1,,,,
EV002455,1925680,PROCESSING_STARTED,S28,U000014,0,STARVED,PROCESSING,41675.0,
EV002456,1925763,PROCESSING_COMPLETED,S13,U000025,2,PROCESSING,,48458.0,
EV002457,1925763,UNIT_ARRIVED,S14,U000025,1,,,,
EV002458,1925763,PROCESSING_STARTED,S14,U000025,0,STARVED,PROCESSING,42013.0,
EV002459,1925763,PROCESSING_STARTED,S13,U000026,1,IDLE,PROCESSING,70191.0,
EV002460,1926637,PROCESSING_COMPLETED,S16,U000023,0,PROCESSING,,32785.0,
EV002461,1926637,UNIT_ARRIVED,S17,U000023,1,,,,
EV002462,1926637,PROCESSING_STARTED,S17,U000023,0,STARVED,PROCESSING,40920.0,
EV002463,1928228,PROCESSING_COMPLETED,S32,U000010,0,PROCESSING,,38609.0,
EV002464,1933889,PROCESSING_COMPLETED,S02,U000052,0,PROCESSING,,36045.0,
EV002465,1933889,UNIT_ARRIVED,S03,U000052,1,,,,
EV002466,1933936,PROCESSING_COMPLETED,S04,U000048,2,PROCESSING,,34646.0,
EV002467,1933936,UNIT_ARRIVED,S05,U000048,2,,,,
EV002468,1933936,PROCESSING_STARTED,S04,U000049,1,IDLE,PROCESSING,46730.0,
EV002469,1934215,PROCESSING_COMPLETED,S06,U000045,0,PROCESSING,,40921.0,
EV002470,1934215,UNIT_ARRIVED,S07,U000045,4,,,,
EV002471,1936355,PROCESSING_COMPLETED,S25,U000015,0,PROCESSING,,38915.0,
EV002472,1936355,UNIT_ARRIVED,S26,U000015,1,,,,
EV002473,1936355,PROCESSING_STARTED,S26,U000015,0,STARVED,PROCESSING,32792.0,
EV002474,1936693,PROCESSING_COMPLETED,S01,U000053,0,PROCESSING,,38849.0,
EV002475,1936693,UNIT_ARRIVED,S02,U000053,1,,,,
EV002476,1936693,PROCESSING_STARTED,S02,U000053,0,STARVED,PROCESSING,31112.0,
EV002477,1936693,PROCESSING_STARTED,S01,U000054,0,IDLE,PROCESSING,38154.0,
EV002478,1937132,PROCESSING_COMPLETED,S05,U000046,2,PROCESSING,,43838.0,
EV002479,1937132,UNIT_ARRIVED,S06,U000046,1,,,,
EV002480,1937132,PROCESSING_STARTED,S06,U000046,0,STARVED,PROCESSING,29241.0,
EV002481,1937132,PROCESSING_STARTED,S05,U000047,1,IDLE,PROCESSING,38348.0,
EV002482,1937449,PROCESSING_COMPLETED,S12,U000028,0,PROCESSING,,36285.0,
EV002483,1937449,UNIT_ARRIVED,S13,U000028,2,,,,
EV002484,1939190,PROCESSING_COMPLETED,S22,U000018,0,PROCESSING,,38492.0,
EV002485,1939190,UNIT_ARRIVED,S23,U000018,1,,,,
EV002486,1939432,PROCESSING_COMPLETED,S23,U000017,1,PROCESSING,,44794.0,
EV002487,1939432,UNIT_ARRIVED,S24,U000017,1,,,,
EV002488,1939432,PROCESSING_STARTED,S23,U000018,0,IDLE,PROCESSING,39453.0,
EV002489,1946502,PROCESSING_COMPLETED,S11,U000029,0,PROCESSING,,32368.0,
EV002490,1946502,UNIT_ARRIVED,S12,U000029,1,,,,
EV002491,1946502,PROCESSING_STARTED,S12,U000029,0,STARVED,PROCESSING,39776.0,
EV002492,1949428,PROCESSING_COMPLETED,S24,U000016,1,PROCESSING,,51988.0,
EV002493,1949428,UNIT_ARRIVED,S25,U000016,1,,,,
EV002494,1949428,PROCESSING_STARTED,S25,U000016,0,STARVED,PROCESSING,37997.0,
EV002495,1949428,PROCESSING_STARTED,S24,U000017,0,IDLE,PROCESSING,64582.0,
EV002496,1949450,PROCESSING_COMPLETED,S15,U000024,0,PROCESSING,,31823.0,
EV002497,1949450,UNIT_ARRIVED,S16,U000024,1,,,,
EV002498,1949450,PROCESSING_STARTED,S16,U000024,0,STARVED,PROCESSING,43671.0,
EV002499,1953094,PROCESSING_COMPLETED,S31,U000011,0,PROCESSING,,47746.0,
EV002500,1953094,UNIT_ARRIVED,S32,U000011,1,,,,
